coverage	chromosome	position	alt_allele	ref_allele	vaf
50..100	12	8359638	A	C	0.0299999993294477
50..100	12	8359639	G	A	0.0299999993294477
100..300	10	33263768	G	A	0.2290000021457672
100..300	10	94842866	G	A	0.2230000048875808
100..300	11	58203566	A	T	0.0219999998807907
100..300	19	33204693	T	C	0.0450000017881393
100..300	19	34741463	C	G	0.0399999991059303
100..300	19	34741467	G	A	0.0399999991059303
100..300	19	54221873	G	A	0.1659999936819076
100..300	2	214767532	G	A	0.2199999988079071
100..300	2	233682324	G	T	0.2450000047683715
100..300	20	2432480	T	C	0.19200000166893
100..300	5	41061614	G	A	0.1809999942779541
100..300	6	27146682	A	G	0.0320000015199184
100..300	6	32741424	A	G	0.0570000000298023
100..300	9	101623430	G	A	0.2440000027418136
100..300	9	127912324	G	C	0.0320000015199184
≥300	22	42150811	T	C	0.0149999996647238
≥300	22	42150820	T	C	0.0149999996647238
≥300	5	141151599	A	G	0.0179999992251396
≥300	5	141151601	T	C	0.0179999992251396
