coverage	chromosome	position	alt_allele	ref_allele	vaf
50..100	10	62217252	GA	G	0.1022730022668838
50..100	19	1495278	T	C	0.17705999314785
50..100	19	11133511	TTATA	T	0.0417905002832412
50..100	2	152558721	G	T	0.0562971010804176
50..100	2	152558730	TC	T	0.0562971010804176
50..100	2	185800236	A	C	0.1469700038433075
50..100	21	20425224	A	C	0.0531915016472339
50..100	22	24749504	G	A	0.1803990006446838
50..100	3	105541674	A	G	0.1986429989337921
50..100	6	29929240	A	C	0.0659765973687172
100..300	1	16030002	G	C	0.048581201583147
100..300	1	21703628	G	A	0.1304930001497268
100..300	1	101772262	T	C	0.2006780058145523
100..300	1	156738452	G	C	0.0549594983458519
100..300	1	186057342	C	T	0.1636169999837875
100..300	1	236484250	A	C	0.0506757013499736
100..300	10	1199953	T	A	0.0494579002261161
100..300	10	25023760	G	A	0.1472900062799453
100..300	10	69209048	GT	G	0.0382679998874664
100..300	11	26565586	C	T	0.1986069977283477
100..300	11	123943782	G	A	0.1358399987220764
100..300	12	124935828	G	T	0.0752741023898124
100..300	12	124935828	T	TA	0.0752741023898124
100..300	15	30005618	C	G	0.1604519933462143
100..300	15	63660954	G	A	0.1330599933862686
100..300	17	10795437	A	T	0.1204439997673034
100..300	17	73236668	C	T	0.0440342985093593
100..300	18	6985508	A	G	0.0617535002529621
100..300	18	33224794	C	A	0.0593206994235515
100..300	2	217427435	G	C	0.1136030033230781
100..300	20	63569223	A	G	0.0647633969783783
100..300	22	16858151	A	G	0.0849359035491943
100..300	3	122662076	C	G	0.1387750059366226
100..300	3	122961294	G	A	0.1281549930572509
100..300	3	123947055	G	T	0.1207920014858245
100..300	4	129003822	A	C	0.1332910060882568
100..300	5	41061613	T	C	0.0435849986970424
100..300	6	29890476	A	G	0.05078149959445
100..300	6	29926629	A	C	0.0335922986268997
100..300	6	89693121	G	C	0.0554452016949653
100..300	6	147359223	G	A	0.1355960071086883
100..300	7	43942742	A	G	0.0739544034004211
100..300	7	47873982	A	G	0.0458725988864898
100..300	7	87550285	G	A	0.149614006280899
100..300	8	30843082	C	T	0.1604519933462143
≥300	17	40978955	G	A	0.0458725988864898
≥300	6	29926630	A	G	0.0335922986268997
