coverage;chromosome;position;alt_allele;ref_allele;vaf;Coverage
1..10;1;120810433;T;G;0.1267060041427612;1
1..10;1;248295269;A;T;0.391061007976532;1
1..10;19;22665226;C;G;0.2262769937515258;5
1..10;5;141201647;A;C;0.3344259858131408;1
10..30;12;8177532;C;T;0.315555989742279;15
10..30;19;5866713;A;G;0.2387100011110305;15
10..30;19;22653909;C;T;0.2341769933700561;10
10..30;19;35372324;T;G;0.3216780126094818;25
10..30;2;108751521;G;A;0.167382001876831;25
10..30;2;129980756;A;C;0.262499988079071;10
10..30;3;198157341;T;C;0.2258059978485107;25
30..50;10;38392035;T;G;0.1700679957866668;40
30..50;10;79870424;T;C;0.8064519762992859;40
30..50;14;73575485;G;A;0.179309993982315;45
30..50;15;43607955;T;C;0.2129629999399185;35
30..50;16;71129790;G;A;0.1367519944906234;30
30..50;16;74391401;T;C;0.2217739969491958;35
30..50;19;15794719;A;C;0.25;45
30..50;19;41121963;A;G;0.3776220083236694;45
30..50;2;161507419;A;G;0.6111109852790833;40
30..50;3;57227919;C;G;0.1805559992790222;45
30..50;4;69214515;G;A;0.413792997598648;30
30..50;4;189957383;AT;A;0.2307689934968948;45
30..50;6;24976946;C;A;0.226950004696846;35
30..50;6;26406027;A;G;0.1795919984579086;30
30..50;7;67238341;A;G;0.6014490127563477;40
30..50;7;102787442;T;C;0.2352939993143081;30
30..50;7;103098415;C;T;0.2152319997549057;30
50..100;1;1738405;C;CCA;0.1557790040969848;70
50..100;1;3426240;T;G;0.1666669994592666;80
50..100;1;6213146;T;C;0.2815530002117157;90
50..100;1;6634514;A;G;0.1875;95
50..100;1;7623970;A;G;0.2678569853305816;95
50..100;1;12097231;C;T;0.5876290202140808;95
50..100;1;16033642;T;C;0.1323529928922653;85
50..100;1;22506250;T;A;0.3899999856948852;95
50..100;1;22955424;T;G;0.2750000059604645;95
50..100;1;27967201;A;G;0.3291139900684356;70
50..100;1;29159499;T;C;0.2155169993638992;95
50..100;1;38708945;A;G;0.2530120015144348;70
50..100;1;38859391;C;T;0.2897199988365173;90
50..100;1;45206294;G;A;0.1546390056610107;70
50..100;1;46934295;A;G;0.2488259971141815;80
50..100;1;47144621;T;C;0.292818009853363;90
50..100;1;52842993;G;C;0.2440939992666244;95
50..100;1;61914626;A;G;0.25;90
50..100;1;62038496;T;G;0.2314050048589706;95
50..100;1;63843594;C;A;0.2752290070056915;95
50..100;1;65218865;C;G;0.2251659929752349;85
50..100;1;66976592;T;C;0.2053570002317428;90
50..100;1;78119402;C;T;0.3645829856395721;90
50..100;1;78629896;C;T;1.2711900472640991;95
50..100;1;87168246;G;A;0.1666669994592666;95
50..100;1;107441476;G;A;0.8311690092086792;90
50..100;1;110040713;A;G;0.2156859934329986;80
50..100;1;114433602;C;A;0.3010750114917755;80
50..100;1;119853675;T;C;0.4430379867553711;80
50..100;1;119931555;T;C;0.3263159990310669;85
50..100;1;120542069;C;CA;0.2748540043830871;80
50..100;1;151524900;A;G;0.2857140004634857;95
50..100;1;154607982;A;C;0.1209679991006851;90
50..100;1;155357300;A;G;0.2446810007095337;70
50..100;1;161595591;G;A;0.1904760003089904;90
50..100;1;171392752;T;C;0.1570249944925308;95
50..100;1;180155153;C;G;0.1355929970741272;80
50..100;1;181049044;G;C;0.2794120013713836;95
50..100;1;185271342;G;A;0.3457939922809601;90
50..100;1;196788262;T;C;0.2608700096607208;70
50..100;1;197428956;G;A;0.3018870055675506;90
50..100;1;198256348;A;G;0.1818179935216903;75
50..100;1;200873213;C;T;0.1472869962453842;95
50..100;1;201009251;C;G;0.2336450070142746;95
50..100;1;204151824;T;G;0.3936170041561126;80
50..100;1;205992708;A;G;0.2803739905357361;95
50..100;1;212052002;A;G;;90
50..100;1;212895062;C;T;0.4285709857940674;90
50..100;1;216046439;G;A;0.2952379882335663;95
50..100;1;223995906;C;T;0.6888890266418457;95
50..100;1;227430982;A;G;0.1983470022678375;95
50..100;1;228316969;T;C;0.2826089859008789;80
50..100;1;230921501;T;A;0.2527469992637634;70
50..100;1;232402488;G;T;0.1782180070877075;80
50..100;1;235231195;T;TA;0.1978020071983337;75
50..100;1;235677195;T;G;0.1951220035552978;95
50..100;1;237456749;C;T;0.8428570032119751;90
50..100;1;237589774;A;AT;0.6172839999198914;95
50..100;1;240093522;A;C;0.2125979959964752;95
50..100;10;5813205;A;G;0.1630430072546005;70
50..100;10;5915389;T;C;0.2075469940900802;90
50..100;10;12198692;G;GT;0.324999988079071;75
50..100;10;13796604;G;A;0.1747570037841797;75
50..100;10;14840061;A;AT;0.3000000119209289;95
50..100;10;16933079;A;G;0.2826089859008789;85
50..100;10;17323170;G;A;0.3425930142402649;95
50..100;10;24851482;C;G;0.1315789967775344;90
50..100;10;27028849;C;T;0.2413789927959442;95
50..100;10;27092420;C;T;0.2192980051040649;90
50..100;10;28120685;G;C;0.1652169972658157;90
50..100;10;28436788;T;C;0.2321429997682571;90
50..100;10;30340207;A;G;0.1485150009393692;80
50..100;10;30380949;C;G;0.2454549968242645;90
50..100;10;30857686;C;T;0.2129629999399185;85
50..100;10;32456320;C;A;0.3030300140380859;90
50..100;10;42149361;G;A;0.1237619966268539;90
50..100;10;45374265;G;C;0.2150540053844452;70
50..100;10;45374447;G;A;0.1702129989862442;75
50..100;10;45854864;T;C;0.3020829856395721;50
50..100;10;68674752;G;C;0.2336450070142746;90
50..100;10;68749117;C;T;0.3300969898700714;90
50..100;10;69162403;C;T;0.4239130020141601;85
50..100;10;70114163;T;C;0.1954019963741302;75
50..100;10;79611942;T;C;0.5486109852790833;80
50..100;10;79683469;C;CA;0.3000000119209289;95
50..100;10;79683910;G;A;0.1678829938173294;95
50..100;10;79684673;G;A;0.1754390001296997;90
50..100;10;79684734;G;A;0.196721002459526;85
50..100;10;79684824;G;C;0.1923079937696457;80
50..100;10;79684842;T;A;0.2068970054388046;70
50..100;10;79685317;A;G;0.2476190030574798;85
50..100;10;80025118;A;G;0.1666669994592666;70
50..100;10;80025128;T;A;0.1696429997682571;70
50..100;10;86942633;A;G;0.2072069942951202;90
50..100;10;94355078;A;G;0.2258059978485107;75
50..100;10;100947740;T;C;0.2528739869594574;80
50..100;10;103139440;G;C;0.2403849959373474;85
50..100;10;103348698;C;T;0.1927710026502609;65
50..100;10;112394904;G;GT;0.2087910026311874;95
50..100;10;113633160;A;T;0.2894740104675293;95
50..100;10;113884281;A;G;0.3176470100879669;70
50..100;10;133467829;T;C;0.280701994895935;95
50..100;11;280464;G;C;0.1653539985418319;85
50..100;11;3973969;C;T;0.1308410018682479;85
50..100;11;6603387;C;T;0.2566370069980621;95
50..100;11;23101058;C;T;0.2439019978046417;65
50..100;11;26711376;G;A;0.5238100290298462;80
50..100;11;33057899;T;G;0.2142859995365142;75
50..100;11;33583339;T;C;0.1636359989643097;90
50..100;11;43943019;T;C;0.2947370111942291;80
50..100;11;58291949;G;A;0.3974359929561615;75
50..100;11;58358147;C;T;0.2285709977149963;95
50..100;11;60069624;T;C;0.2230769991874694;95
50..100;11;62331471;TGAC;T;23.0;85
50..100;11;62602683;A;G;0.1739130020141601;75
50..100;11;68015477;T;G;0.40659299492836;90
50..100;11;69072929;C;T;0.1965810060501098;95
50..100;11;69072944;G;C;0.2090909928083419;90
50..100;11;74355292;G;A;0.3571430146694183;75
50..100;11;85916065;C;T;0.2192980051040649;95
50..100;11;94593599;C;G;0.2413789927959442;90
50..100;11;95795550;T;C;0.2840909957885742;75
50..100;11;101583461;A;G;0.1968500018119812;90
50..100;11;123491882;A;T;0.3457939922809601;95
50..100;11;126021267;G;A;0.2761900126934051;90
50..100;11;131661121;G;T;0.5425530076026917;95
50..100;12;6509705;T;C;0.1698109954595565;80
50..100;12;7929771;C;T;0.2444439977407455;60
50..100;12;8229550;A;G;0.7962960004806519;85
50..100;12;8359511;T;TG;0.2765960097312927;85
50..100;12;9429195;C;T;0.2000000029802322;90
50..100;12;9429202;T;C;0.1818179935216903;75
50..100;12;26602613;T;C;0.699999988079071;90
50..100;12;30726042;C;G;0.2935779988765716;90
50..100;12;31103995;A;G;0.2596679925918579;85
50..100;12;41027840;G;A;0.1860470026731491;95
50..100;12;42374844;GT;G;0.2957749962806701;85
50..100;12;42374844;G;GT;0.0563380010426044;85
50..100;12;52250612;C;A;0.2370370030403137;95
50..100;12;52250628;G;A;0.2384620010852813;90
50..100;12;52471659;C;T;0.236842006444931;65
50..100;12;55412003;A;C;0.2843599915504455;95
50..100;12;61880246;T;C;0.2941179871559143;85
50..100;12;68731733;T;G;0.3258430063724518;80
50..100;12;68731734;T;G;0.3258430063724518;80
50..100;12;69597953;G;A;0.2376240044832229;90
50..100;12;69796628;C;A;0.2692309916019439;85
50..100;12;76600031;G;A;0.2673270106315613;85
50..100;12;81216923;A;G;0.1739130020141601;75
50..100;12;95867108;C;T;0.514706015586853;70
50..100;12;101363752;A;G;0.2444439977407455;80
50..100;12;101964115;T;G;0.1652169972658157;85
50..100;12;102101071;C;T;0.2647059857845306;90
50..100;12;109193746;T;C;0.3725489974021911;90
50..100;12;118246543;C;G;0.181101992726326;70
50..100;12;120694088;T;C;0.1809519976377487;90
50..100;12;122263552;G;A;0.1686750054359436;65
50..100;12;125136873;G;A;0.2421050071716308;90
50..100;13;19048653;T;G;0.3260869979858398;80
50..100;13;19366648;G;A;0.2276419997215271;90
50..100;13;19670820;CT;C;2.400000095367432;85
50..100;13;21530702;T;G;0.257425993680954;95
50..100;13;23891578;G;A;0.1494249999523162;85
50..100;13;24500352;T;C;0.256410002708435;90
50..100;13;24709356;T;C;0.422679990530014;85
50..100;13;27017670;G;A;0.7027029991149902;85
50..100;13;41604196;C;A;0.2586210072040558;90
50..100;13;49567140;T;C;0.4523810148239136;85
50..100;13;52642900;A;C;0.2222220003604889;80
50..100;13;53409132;A;C;0.2523359954357147;95
50..100;13;67902265;C;T;0.7538459897041321;85
50..100;13;72795504;G;A;0.2844829857349396;95
50..100;13;76992289;T;C;0.1388889998197555;70
50..100;13;77260492;C;A;0.3240740001201629;90
50..100;13;89361962;A;T;0.3483150005340576;85
50..100;13;98385833;T;C;0.9154930114746094;95
50..100;13;109782884;T;C;0.2000000029802322;90
50..100;14;19975713;G;C;0.3081400096416473;65
50..100;14;21301034;A;C;0.2212390005588531;90
50..100;14;23079574;AGAACGT;A;0.1084339991211891;85
50..100;14;70457733;T;C;0.1444869935512542;80
50..100;14;74919827;TGG;T;0.1976740062236786;85
50..100;14;90278328;A;G;0.6179770231246948;95
50..100;14;92142990;C;T;0.1909089982509613;95
50..100;14;96295486;C;T;0.2118639945983886;90
50..100;14;99174568;A;G;0.2295079976320266;90
50..100;14;103102392;G;A;0.132530003786087;55
50..100;14;103457138;G;A;0.1896550059318542;90
50..100;15;22727158;C;G;0.684211015701294;70
50..100;15;23121326;T;A;0.6760560274124146;75
50..100;15;26772389;A;G;0.2162159979343414;85
50..100;15;43210328;T;C;0.2268909960985183;95
50..100;15;43729303;C;G;0.3142859935760498;95
50..100;15;45433057;G;C;0.274509996175766;80
50..100;15;50402109;G;A;0.6486489772796631;70
50..100;15;51893961;C;A;0.1489360034465789;75
50..100;15;53716692;G;GA;0.2727270126342773;90
50..100;15;54338354;TTGTC;T;0.2181819975376129;90
50..100;15;59671289;G;A;0.2000000029802322;95
50..100;15;59678099;A;C;0.269663006067276;85
50..100;15;63660954;G;A;1.097219944000244;95
50..100;15;64864886;TC;T;0.319148987531662;90
50..100;15;66349079;C;T;0.2033900022506714;85
50..100;15;72230997;T;C;0.2417580038309097;75
50..100;15;75843853;T;C;0.1566269993782043;60
50..100;15;77916965;C;T;0.1879699975252151;85
50..100;15;79896865;G;C;0.1367519944906234;75
50..100;15;80162403;C;T;0.2242989987134933;95
50..100;15;85262059;C;A;0.1696970015764236;70
50..100;15;85262288;A;G;0.1851850003004074;85
50..100;15;89263479;T;C;0.3619050085544586;90
50..100;15;90887387;A;G;0.5;95
50..100;15;94384008;C;T;0.2621360123157501;85
50..100;15;100472918;A;G;0.1944440007209777;85
50..100;15;101562774;G;A;0.132652997970581;75
50..100;16;657748;T;C;0.2019229978322982;80
50..100;16;770888;C;T;0.1583330035209655;85
50..100;16;770944;A;T;0.1450379937887191;90
50..100;16;11254849;G;C;0.1949149966239929;85
50..100;16;11765485;G;A;0.5222219824790955;95
50..100;16;20427877;A;G;0.1599999964237213;90
50..100;16;20429698;A;G;0.1929820030927658;95
50..100;16;29613347;A;C;0.1899439990520477;80
50..100;16;35173663;A;G;0.2523359954357147;90
50..100;16;54933184;A;C;0.1923079937696457;70
50..100;16;55820456;A;G;0.1627909988164901;60
50..100;16;55871764;T;C;0.2181819975376129;90
50..100;16;57469301;T;C;0.1851850003004074;90
50..100;16;57753536;A;G;0.1709399968385696;95
50..100;16;70219929;C;T;0.1463409960269928;90
50..100;16;81159828;C;G;0.5;95
50..100;16;81859103;A;T;0.2018350064754486;80
50..100;16;82170181;G;C;0.1875;85
50..100;16;87755258;A;G;0.2100840061903;95
50..100;16;90095444;G;A;0.2000000029802322;80
50..100;17;13496299;T;A;0.2164179980754852;65
50..100;17;31994548;G;T;0.2285709977149963;85
50..100;17;34626239;A;G;0.2252250015735626;95
50..100;17;35554715;G;A;0.1393440067768097;95
50..100;17;41249750;A;G;0.2198140025138855;85
50..100;17;47391476;T;A;0.3733330070972442;65
50..100;17;47943332;T;C;0.2568809986114502;85
50..100;17;50397140;A;G;0.4239130020141601;95
50..100;17;58360940;A;G;0.319148987531662;85
50..100;17;63438051;T;G;0.2232140004634857;90
50..100;17;66029213;G;A;0.3628320097923279;95
50..100;17;67215926;T;C;0.3461540043354034;95
50..100;17;74328510;GC;G;0.2941179871559143;90
50..100;17;76385601;T;C;0.1711709946393966;80
50..100;17;78399553;T;C;0.3168320059776306;95
50..100;17;81442408;G;A;0.1404960006475448;85
50..100;17;82037614;CTT;C;0.2526319921016693;70
50..100;18;6980524;C;T;0.5851060152053833;95
50..100;18;6985632;T;C;0.2962960004806518;95
50..100;18;14524967;C;T;0.2264149934053421;60
50..100;18;31524601;A;C;0.2755100131034851;95
50..100;18;32470393;T;C;0.1730770021677017;70
50..100;18;44708512;T;A;0.1875;90
50..100;18;52923870;G;T;0.4059410095214844;95
50..100;18;61957742;A;G;0.2682929933071136;70
50..100;18;62143330;G;A;0.1304350048303604;70
50..100;18;63954571;C;G;0.2843140065670013;85
50..100;18;74081919;GT;G;0.25;90
50..100;18;79378068;C;T;0.1574070006608963;90
50..100;19;797517;C;G;0.1428570002317428;70
50..100;19;860852;C;G;0.3523809909820556;95
50..100;19;991968;C;T;0.1272729933261871;70
50..100;19;2291060;T;C;0.1386860013008117;95
50..100;19;6737505;T;C;0.252032995223999;90
50..100;19;7788897;T;C;0.2608700096607208;85
50..100;19;7927167;C;A;0.2956520020961761;95
50..100;19;7933848;T;A;0.2413789927959442;95
50..100;19;7943599;T;C;0.1315789967775344;80
50..100;19;14061967;T;C;0.1858409941196441;80
50..100;19;14917370;G;A;0.5833330154418945;90
50..100;19;15110039;A;G;0.1612900048494339;85
50..100;19;15611919;T;G;0.2272730022668838;50
50..100;19;15611928;T;C;0.218868002295494;70
50..100;19;15664400;C;T;0.2173909991979599;85
50..100;19;15794695;C;T;0.2789700031280517;60
50..100;19;16509491;T;C;0.2300889939069748;95
50..100;19;19537537;C;G;0.1983470022678375;85
50..100;19;22602332;C;T;0.1491229981184005;95
50..100;19;34545276;C;A;0.1954890042543411;50
50..100;19;34545351;T;A;0.1757580041885376;55
50..100;19;34684687;A;G;0.2279410064220428;85
50..100;19;39247938;A;G;0.25;90
50..100;19;40826211;C;T;0.161417007446289;65
50..100;19;40826266;T;C;0.7431190013885498;50
50..100;19;41061601;G;A;0.2879999876022339;75
50..100;19;43417909;G;A;0.1519999951124191;95
50..100;19;45901321;G;A;0.2096769958734512;95
50..100;19;45940628;A;C;0.1720429956912994;80
50..100;19;49054276;T;C;0.1969110071659088;65
50..100;19;49108062;T;C;0.2153850048780441;85
50..100;19;51019030;T;C;0.4000000059604645;90
50..100;19;54537051;T;C;0.280701994895935;95
50..100;2;10819258;G;A;0.3425930142402649;95
50..100;2;11177719;CT;C;0.2111109942197799;80
50..100;2;11177719;C;CT;0.0;80
50..100;2;15618169;C;T;0.2342340052127838;90
50..100;2;17515852;A;T;0.3953489959239959;90
50..100;2;21028042;A;G;0.5287359952926636;95
50..100;2;23926569;A;G;0.2020200043916702;80
50..100;2;28906552;G;A;0.2017540037631988;85
50..100;2;29023178;C;T;0.1981980055570602;90
50..100;2;46612338;C;T;0.1797749996185302;65
50..100;2;48646443;T;C;0.2000000029802322;80
50..100;2;49167566;G;T;0.337348997592926;70
50..100;2;55881747;C;T;0.9714289903640748;95
50..100;2;60735220;G;A;0.1941750049591064;95
50..100;2;61420766;G;A;0.3000000119209289;80
50..100;2;62146472;G;C;0.1897229999303817;80
50..100;2;68024002;A;G;0.2476190030574798;90
50..100;2;86492028;C;A;0.378946989774704;95
50..100;2;86790317;A;G;0.2795700132846832;90
50..100;2;88112086;T;A;0.2136750072240829;95
50..100;2;96023242;T;C;0.2937059998512268;60
50..100;2;106122379;G;A;0.1545449942350387;80
50..100;2;108736086;A;G;0.1693120002746582;95
50..100;2;108791752;A;G;0.2342340052127838;90
50..100;2;112077299;C;T;0.2285709977149963;85
50..100;2;127840887;T;C;0.2040819972753524;90
50..100;2;131329774;T;G;0.2733809947967529;60
50..100;2;151576372;A;G;0.2149530053138733;90
50..100;2;152626743;C;T;0.3734939992427826;80
50..100;2;157628563;T;G;0.321738988161087;90
50..100;2;159904571;G;T;0.1888889968395233;60
50..100;2;161983248;T;C;0.2249999940395355;95
50..100;2;164722071;G;A;0.2526319921016693;80
50..100;2;170716430;A;G;0.2249999940395355;95
50..100;2;172427985;T;C;0.1709399968385696;90
50..100;2;173297772;A;G;0.1785710006952285;95
50..100;2;181549631;C;T;0.3762379884719848;85
50..100;2;182983386;C;T;0.1557379961013794;95
50..100;2;189083970;A;G;0.2436970025300979;95
50..100;2;201085443;CT;C;0.2000000029802322;90
50..100;2;201085443;C;CT;0.0736842006444931;90
50..100;2;201141373;A;G;0.1904760003089904;95
50..100;2;201812569;T;A;0.2884620130062103;85
50..100;2;227057605;G;A;0.3578949868679046;85
50..100;2;230990963;T;C;0.4225350022315979;60
50..100;2;231000554;T;G;0.2410710006952285;95
50..100;2;233182513;A;G;0.4000000059604645;75
50..100;2;233955144;A;G;0.2912620007991791;90
50..100;2;237363239;TA;T;0.1681420058012008;90
50..100;2;240561091;C;T;0.2000000029802322;70
50..100;2;241217672;T;C;0.25;90
50..100;2;241676113;T;TG;0.2033900022506714;90
50..100;20;1240394;C;T;0.2347829937934875;85
50..100;20;9389859;GT;G;0.3402059972286224;95
50..100;20;33965289;T;C;0.5517240166664124;90
50..100;20;44115947;C;G;0.1666669994592666;60
50..100;20;45304381;T;G;0.1428570002317428;95
50..100;20;48632651;C;T;0.5301200151443481;95
50..100;20;62323449;T;C;0.3723399937152862;90
50..100;20;63701289;C;T;;95
50..100;21;13527649;A;G;0.2568309903144836;90
50..100;21;20425096;C;G;0.675000011920929;95
50..100;21;31060653;T;A;1.399999976158142;90
50..100;21;36994952;G;C;0.2543860077857971;95
50..100;22;20702143;G;C;0.221121996641159;65
50..100;22;23189844;T;C;0.2758620083332062;75
50..100;22;23311693;A;G;0.2962960004806518;90
50..100;22;23313032;A;G;0.1910829991102218;65
50..100;22;23894632;C;T;0.1299999952316284;80
50..100;22;24749504;G;A;1.080649971961975;90
50..100;22;46721008;A;G;0.2871290147304535;90
50..100;22;50525807;A;G;0.215827003121376;95
50..100;22;50776757;T;C;0.2321429997682571;75
50..100;3;5187958;T;C;0.1785710006952285;85
50..100;3;8994326;G;T;0.1749999970197677;95
50..100;3;17878019;T;C;0.2820509970188141;75
50..100;3;22990618;A;G;0.2831859886646271;90
50..100;3;32635240;A;G;0.2758620083332062;75
50..100;3;32635250;T;C;0.2783510088920593;85
50..100;3;42739824;A;G;0.2142859995365142;95
50..100;3;49228311;T;C;0.318583995103836;90
50..100;3;49357401;A;G;0.4161489903926849;80
50..100;3;61742465;T;C;0.2477059960365295;70
50..100;3;69009632;T;C;0.2666670083999634;70
50..100;3;69077344;C;T;0.5494509935379028;85
50..100;3;90257406;G;GC;0.1443299949169159;80
50..100;3;98782284;G;A;0.25;90
50..100;3;100813666;A;T;0.3039219975471496;85
50..100;3;102462287;G;A;0.3333329856395721;90
50..100;3;113400570;G;A;0.5238100290298462;75
50..100;3;114159736;G;A;0.1573030054569244;75
50..100;3;114232449;G;C;1.2000000476837158;95
50..100;3;121781852;T;C;0.1578949987888336;85
50..100;3;122627023;T;C;0.2427179962396621;90
50..100;3;128153626;A;C;0.1864410042762756;75
50..100;3;128463231;A;G;0.2680410146713257;90
50..100;3;128487017;C;G;0.1382109969854354;90
50..100;3;132600517;C;A;0.2515720129013061;70
50..100;3;142359917;T;C;0.194690003991127;80
50..100;3;149145364;G;A;0.3775509893894195;90
50..100;3;170708167;C;G;1.04544997215271;95
50..100;3;191382772;A;C;0.2592589855194092;90
50..100;3;193618850;C;T;0.25;90
50..100;3;194666571;T;C;0.7594940066337585;95
50..100;3;194670140;GA;G;0.6835439801216125;95
50..100;3;194687975;G;A;0.1290320008993148;65
50..100;4;4248128;A;G;0.189189001917839;85
50..100;4;4248182;T;C;0.2032520025968551;90
50..100;4;8088301;T;C;0.710843026638031;95
50..100;4;25407216;A;G;0.3177570104598999;90
50..100;4;41644634;C;G;0.2307689934968948;80
50..100;4;54276524;G;C;0.1964289993047714;95
50..100;4;55605266;G;A;0.3361339867115021;95
50..100;4;73445127;G;A;0.3877550065517425;85
50..100;4;75655880;T;C;0.6279069781303406;90
50..100;4;75782851;C;T;0.2240000069141388;95
50..100;4;76369408;A;G;0.2272730022668838;95
50..100;4;78499710;C;T;0.8676469922065735;90
50..100;4;86025531;A;T;0.2980769872665405;85
50..100;4;97972286;G;A;0.4698800146579742;80
50..100;4;105474024;A;G;0.2608700096607208;80
50..100;4;118506802;G;C;0.1451610028743744;80
50..100;4;129204151;C;T;0.7627120018005371;65
50..100;4;140443425;C;CTTAT;0.2886599898338318;75
50..100;4;143997521;G;T;0.2882879972457886;95
50..100;4;153555772;C;T;0.320387989282608;95
50..100;4;155785260;T;C;0.2989690005779266;85
50..100;4;155785330;A;G;1.2031199932098389;90
50..100;4;170069224;T;C;0.4356440007686615;90
50..100;4;176192613;C;A;0.6351349949836731;85
50..100;4;176216837;T;C;0.2192980051040649;95
50..100;4;184678335;A;G;0.1407410055398941;95
50..100;4;184712990;C;T;0.1730770021677017;85
50..100;4;184713017;C;CA;0.1969700008630752;65
50..100;4;184734038;C;G;0.245614007115364;90
50..100;4;186599883;A;C;0.2784810066223144;80
50..100;5;421311;C;A;0.1893939971923828;90
50..100;5;17202543;C;A;0.1651380062103271;85
50..100;5;36142487;A;T;0.2291669994592666;80
50..100;5;61332584;T;G;0.1985819935798645;85
50..100;5;61332587;T;G;0.1985819935798645;85
50..100;5;64977191;A;G;0.1739130020141601;95
50..100;5;66596766;T;C;0.1459850072860717;95
50..100;5;79236835;T;C;0.2752290070056915;90
50..100;5;80072225;T;TAGA;0.2906979918479919;85
50..100;5;96786556;G;T;0.2800000011920929;90
50..100;5;102388768;T;C;0.2522520124912262;90
50..100;5;103009842;C;A;0.4761900007724762;80
50..100;5;110640887;A;G;0.2649570107460022;95
50..100;5;113515266;A;G;0.6627910137176514;90
50..100;5;129027137;G;A;0.353534996509552;95
50..100;5;140862537;A;C;0.1530610024929046;95
50..100;5;143332610;G;GT;0.1607140004634857;90
50..100;5;146458877;A;G;0.6621620059013367;95
50..100;5;147923204;A;G;0.2765960097312927;85
50..100;5;148107114;A;C;0.2380950003862381;85
50..100;5;148108804;T;C;0.3052630126476288;85
50..100;5;150152269;G;A;0.2527469992637634;75
50..100;5;177404176;TC;T;0.0099999997764825;95
50..100;5;177404176;T;TC;0.2800000011920929;95
50..100;6;576902;C;T;0.2327589988708496;95
50..100;6;13591903;T;C;0.2783510088920593;90
50..100;6;18258285;A;G;0.2079209983348846;90
50..100;6;20758577;GT;G;0.1012659966945648;95
50..100;6;20758577;G;GT;0.5063289999961853;95
50..100;6;27457865;C;G;0.2747249901294708;75
50..100;6;28392882;C;G;0.3600000143051147;95
50..100;6;29750742;G;T;0.2272730022668838;95
50..100;6;29803334;T;C;0.3199999928474426;95
50..100;6;29929190;T;C;0.1962620019912719;90
50..100;6;29929222;T;C;0.2173909991979599;85
50..100;6;29929240;A;C;1.3055599927902222;85
50..100;6;31055726;C;G;0.1775700002908706;85
50..100;6;32326164;C;G;0.1574070006608963;80
50..100;6;32661352;C;T;0.5217390060424805;80
50..100;6;32661378;A;C;0.7303370237350464;90
50..100;6;32662186;T;C;1.1351399421691897;80
50..100;6;33185751;T;C;0.1523810029029846;75
50..100;6;35140004;A;G;0.3113209903240204;90
50..100;6;38803320;C;T;0.4000000059604645;80
50..100;6;39883903;G;A;0.2307689934968948;90
50..100;6;41198416;C;G;0.4257430136203766;95
50..100;6;41198417;C;T;0.4257430136203766;95
50..100;6;49517553;A;C;0.3274340033531189;95
50..100;6;56562133;T;C;0.3444440066814422;80
50..100;6;72622393;T;C;0.1460669934749603;70
50..100;6;87472986;C;G;0.2043009996414184;70
50..100;6;87511385;C;T;0.5373129844665527;90
50..100;6;109227634;G;A;0.1826920062303543;95
50..100;6;124282232;G;A;0.1487600058317184;90
50..100;6;130215860;A;G;0.3367350101470947;95
50..100;6;131709826;C;G;0.1489360034465789;60
50..100;6;131819939;CT;C;0.5;95
50..100;6;131819939;C;CT;0.1111110001802444;95
50..100;6;138920195;G;A;0.1682240068912506;85
50..100;6;152456684;A;G;0.1979169994592666;80
50..100;6;152488392;T;A;0.1960780024528503;75
50..100;6;152995191;G;A;0.2524270117282867;65
50..100;6;163415344;T;C;0.1559630036354065;80
50..100;6;167315287;A;G;0.25;95
50..100;7;31554894;T;C;0.2764230072498321;95
50..100;7;32817273;TG;T;0.3809520006179809;70
50..100;7;36452603;T;C;0.2857140004634857;80
50..100;7;43973248;A;G;0.5207369923591614;50
50..100;7;45917456;C;G;0.1525419950485229;95
50..100;7;48221272;G;T;0.3452380001544952;75
50..100;7;48594699;A;C;0.2413789927959442;95
50..100;7;72949377;C;G;0.2028300017118454;65
50..100;7;77571075;T;A;0.5116279721260071;80
50..100;7;90232643;A;G;0.3529410064220428;80
50..100;7;90372182;C;G;0.2100840061903;95
50..100;7;99916794;C;A;0.2280700057744979;95
50..100;7;100352383;T;C;0.2142859995365142;85
50..100;7;101163167;G;C;0.1583330035209655;85
50..100;7;104669162;A;G;0.2488040030002594;50
50..100;7;122681621;A;C;0.3014349937438965;90
50..100;7;125034885;G;A;0.2596150040626526;90
50..100;7;128477173;A;G;0.4728260040283203;75
50..100;7;135643362;T;C;0.5977010130882263;95
50..100;7;138702053;A;C;0.163792997598648;90
50..100;7;141778508;C;T;0.1899999976158142;80
50..100;7;142175794;A;C;0.2000000029802322;95
50..100;7;142535861;A;G;0.2477059960365295;95
50..100;7;142602301;G;A;0.3854170143604278;85
50..100;7;158133657;G;T;0.3295449912548065;85
50..100;8;413192;A;G;0.5596330165863037;70
50..100;8;431344;G;C;0.2522520124912262;90
50..100;8;3754048;C;G;0.2727270126342773;85
50..100;8;14237690;C;T;0.2117650061845779;75
50..100;8;17210065;T;C;0.1792449951171875;80
50..100;8;22048261;C;G;0.2477879971265792;95
50..100;8;22591668;T;C;0.2083330005407333;95
50..100;8;23303265;G;C;0.1732279956340789;95
50..100;8;25468214;C;T;0.3918919861316681;70
50..100;8;27397808;T;C;0.3604649901390075;85
50..100;8;27565545;C;G;0.2736839950084686;75
50..100;8;27651636;A;G;0.6818180084228516;95
50..100;8;38438225;C;T;0.1574070006608963;90
50..100;8;38459331;T;C;0.1926610022783279;90
50..100;8;38838478;C;T;0.5204079747200012;90
50..100;8;39606304;C;T;0.2777779996395111;85
50..100;8;58603197;A;G;0.7538459897041321;80
50..100;8;62747076;A;G;0.2991450130939483;95
50..100;8;66468293;C;T;0.2033900022506714;95
50..100;8;81443386;G;A;0.3636359870433807;75
50..100;8;93726401;A;G;0.2162159979343414;95
50..100;8;94148874;A;G;0.2053570002317428;95
50..100;8;97644738;T;G;0.1607140004634857;85
50..100;8;112287046;G;A;0.2037039995193481;90
50..100;8;131940480;AT;A;0.534483015537262;70
50..100;8;131940480;A;AT;0.0689655020833015;70
50..100;8;140522588;C;T;0.3296700119972229;80
50..100;8;141449759;A;G;0.245614007115364;95
50..100;8;143727098;T;C;0.1565220057964325;75
50..100;9;846952;C;G;0.1869159936904907;90
50..100;9;2096774;A;G;0.2131150066852569;95
50..100;9;4662369;C;A;0.3294120132923126;60
50..100;9;4662394;G;A;0.122807003557682;70
50..100;9;19063110;C;T;0.5725190043449402;90
50..100;9;19341047;G;A;0.2149530053138733;80
50..100;9;21029331;C;T;0.1940300017595291;95
50..100;9;26978261;G;A;0.3673470020294189;85
50..100;9;72432145;G;C;0.7826089859008789;80
50..100;9;92512056;G;A;0.1792449951171875;85
50..100;9;92616071;A;G;0.2688170075416565;85
50..100;9;111707847;G;A;0.3548389971256256;85
50..100;9;122092932;T;C;0.1379310041666031;75
50..100;9;123015648;C;T;0.2018350064754486;85
50..100;9;125056019;T;C;0.4230769872665405;75
50..100;9;131009433;G;T;0.1555559933185577;70
50..100;9;131479407;A;G;0.1681420058012008;95
50..100;9;136011699;A;G;0.3120000064373016;90
50..100;9;136290477;G;A;0.1875;80
50..100;9;136969325;A;G;0.2365590035915374;80
50..100;9;137048977;A;G;0.2180449962615966;90
100..300;1;948519;G;T;0.2090909928083419;170
100..300;1;979034;C;CGAA;0.1626980006694793;220
100..300;1;1014228;A;G;0.1954019963741302;220
100..300;1;1354896;G;C;0.1689189970493316;115
100..300;1;1487901;A;G;0.2217569947242736;190
100..300;1;1628409;A;C;0.1818179935216903;155
100..300;1;1704891;A;G;0.2083330005407333;205
100..300;1;1756657;T;C;0.1572329998016357;125
100..300;1;2405838;T;C;0.3400000035762787;135
100..300;1;2408634;G;C;0.1162789985537529;195
100..300;1;2491175;A;G;0.2349400073289871;145
100..300;1;2502455;A;G;0.2236019968986511;115
100..300;1;2502461;T;C;0.1614910066127777;110
100..300;1;2512975;A;G;0.1835110038518905;295
100..300;1;2521130;C;T;0.2193550020456314;265
100..300;1;2562891;A;G;0.2140920013189315;295
100..300;1;2596694;C;T;0.5646259784698486;150
100..300;1;3021701;T;C;0.1707320064306259;160
100..300;1;3021843;C;CAGA;0.2137400060892105;240
100..300;1;3022005;T;C;0.2229509949684143;265
100..300;1;3022360;G;T;0.2034479975700378;245
100..300;1;3412095;T;C;0.1704179942607879;260
100..300;1;3412820;T;C;0.171875;100
100..300;1;3507824;A;G;0.2285709977149963;145
100..300;1;3595370;G;A;0.2906979918479919;150
100..300;1;3632268;C;G;0.2318840026855468;175
100..300;1;3752608;T;C;0.222580999135971;245
100..300;1;3763492;A;G;0.2238270044326782;245
100..300;1;3787146;A;G;0.2452829927206039;275
100..300;1;3836572;T;A;0.5;185
100..300;1;3844915;T;C;0.585798978805542;185
100..300;1;3883678;G;A;0.5248619914054871;185
100..300;1;4711993;C;T;0.1428570002317428;130
100..300;1;6051661;T;C;0.2466669976711273;245
100..300;1;6051697;A;G;0.1864410042762756;235
100..300;1;6124032;G;A;0.5377359986305237;200
100..300;1;6128486;A;G;0.3955219984054565;120
100..300;1;6136809;G;A;0.5828570127487183;185
100..300;1;6136883;G;A;0.5655739903450012;125
100..300;1;6144162;G;C;0.2695040106773376;115
100..300;1;6149303;C;T;0.5170069932937622;290
100..300;1;6151123;A;G;0.5971220135688782;150
100..300;1;6155676;G;C;0.1681420058012008;175
100..300;1;6209280;G;A;0.1722220033407211;130
100..300;1;6581288;A;G;0.1757580041885376;135
100..300;1;6599445;A;G;0.1813949942588806;175
100..300;1;6633037;G;A;0.269430011510849;170
100..300;1;7460069;T;C;0.3028570115566253;155
100..300;1;7622177;C;T;0.1755319982767105;150
100..300;1;7622429;C;T;0.1724140048027038;100
100..300;1;7622680;G;A;0.1631579995155334;155
100..300;1;7622713;C;T;0.1989800035953521;165
100..300;1;7622734;G;T;0.2102559953927993;165
100..300;1;7622819;C;T;0.2372879981994629;160
100..300;1;7624261;A;G;0.2965520024299621;130
100..300;1;7624353;C;T;0.3312099874019623;150
100..300;1;7677739;G;A;0.2405059933662414;130
100..300;1;8330324;C;G;0.2038459926843643;215
100..300;1;8335500;T;G;0.1869689971208572;285
100..300;1;8365840;C;T;0.1745280027389526;165
100..300;1;8949347;T;C;0.251937985420227;225
100..300;1;8949385;C;A;0.288792997598648;200
100..300;1;8951478;A;G;0.1594199985265731;165
100..300;1;8951527;G;T;0.1853449940681457;185
100..300;1;8951663;T;G;0.1774190068244934;160
100..300;1;9004779;A;G;0.1813469976186752;145
100..300;1;9105626;A;G;0.1644739955663681;225
100..300;1;9245386;C;A;0.1945530027151107;205
100..300;1;9246974;A;G;0.1705880016088485;130
100..300;1;9247079;C;T;0.1920530050992965;125
100..300;1;9263851;A;G;0.1419139951467514;250
100..300;1;9264154;T;C;0.1896550059318542;285
100..300;1;9264512;C;T;0.1934520006179809;280
100..300;1;9264611;G;A;0.2185630053281784;280
100..300;1;9735980;T;C;0.1641789972782135;160
100..300;1;9744661;A;G;0.1850219964981079;190
100..300;1;10130826;T;A;0.7293230295181274;145
100..300;1;10258594;G;C;0.2960889935493469;160
100..300;1;10268280;T;C;0.1764709949493408;120
100..300;1;10375266;A;C;0.1675129979848861;155
100..300;1;10399722;A;G;0.1643839925527572;110
100..300;1;10400428;C;T;0.1622810065746307;170
100..300;1;10413139;T;C;0.2446350008249282;195
100..300;1;10419621;A;G;0.2484849989414215;145
100..300;1;10506158;G;A;0.6918240189552307;175
100..300;1;10645053;A;G;0.2489449977874755;205
100..300;1;10648085;G;A;0.1881919950246811;225
100..300;1;10653708;C;T;0.3489579856395721;180
100..300;1;10660544;A;G;0.2134149968624115;140
100..300;1;11046878;A;G;0.3333329856395721;175
100..300;1;11711931;G;A;0.1483049988746643;170
100..300;1;11775499;T;C;0.1675679981708526;145
100..300;1;11776613;A;C;0.2896549999713897;130
100..300;1;11778705;A;G;0.2275860011577606;115
100..300;1;11778784;G;A;0.2021860033273697;150
100..300;1;11778952;T;C;0.1896550059318542;140
100..300;1;11778977;A;G;0.1793480068445205;145
100..300;1;11779866;T;C;0.1792829930782318;195
100..300;1;11788011;C;G;0.2047780007123947;245
100..300;1;11794419;G;T;0.2520000040531158;200
100..300;1;11794839;A;G;0.248756006360054;170
100..300;1;11803000;A;G;0.2173909991979599;275
100..300;1;11816605;A;G;0.223021999001503;110
100..300;1;11838802;A;G;0.209524005651474;280
100..300;1;11838976;T;G;0.1382489949464798;180
100..300;1;12022869;G;A;0.5730990171432495;180
100..300;1;12244637;G;A;0.3387100100517273;115
100..300;1;12578936;T;C;0.2881360054016113;160
100..300;1;12838814;G;C;0.2777779996395111;140
100..300;1;13390590;A;C;0.1946309953927993;255
100..300;1;15112737;GC;G;0.3180080056190491;280
100..300;1;15171336;C;T;0.3046880066394806;120
100..300;1;15219581;A;G;0.1844259947538375;200
100..300;1;15289643;A;G;0.1804510056972503;110
100..300;1;15324566;G;A;0.2222220003604889;120
100..300;1;15329448;A;G;0.1724140048027038;155
100..300;1;15341780;A;G;0.1741569936275482;145
100..300;1;15487341;C;T;0.2126249969005584;245
100..300;1;15731994;T;C;0.1801799982786178;170
100..300;1;15770398;T;C;0.5808820128440857;145
100..300;1;15807492;C;T;0.2167630046606063;275
100..300;1;15807577;T;C;0.2370820045471191;275
100..300;1;15939409;A;T;0.1701029986143112;150
100..300;1;15993321;G;A;0.1917099952697754;155
100..300;1;16028095;T;A;0.239436998963356;170
100..300;1;16030002;G;C;0.2810460031032562;210
100..300;1;16030027;G;A;0.1623619943857193;215
100..300;1;16030036;A;G;0.1532569974660873;210
100..300;1;16030038;C;T;0.1532569974660873;210
100..300;1;16030652;T;C;0.2295919954776764;105
100..300;1;16049015;A;G;0.2992959916591644;255
100..300;1;16051504;T;C;0.2249999940395355;220
100..300;1;16051505;G;A;0.2249999940395355;225
100..300;1;16051720;T;C;0.2270530015230178;165
100..300;1;16051836;C;G;0.2352939993143081;115
100..300;1;16052230;T;A;0.1976280063390731;205
100..300;1;16062085;A;C;0.2810460031032562;105
100..300;1;16148628;T;C;0.2295079976320266;260
100..300;1;16148631;T;C;0.2295079976320266;265
100..300;1;16398835;A;G;0.2867130041122436;120
100..300;1;16409637;C;T;0.4150939881801605;160
100..300;1;16486571;T;C;0.225490003824234;160
100..300;1;16938395;G;T;0.2008929997682571;165
100..300;1;16956078;A;G;0.1420910060405731;275
100..300;1;16966076;A;G;0.1593630015850067;195
100..300;1;16986097;A;G;0.224138006567955;195
100..300;1;17229013;T;G;0.2158589959144592;185
100..300;1;17618439;T;C;0.2956990003585815;155
100..300;1;19081800;GC;G;0.2559239864349365;195
100..300;1;19173066;C;T;0.2139039933681488;165
100..300;1;19240387;T;C;0.1268659979104995;200
100..300;1;19345272;A;T;0.1818179935216903;135
100..300;1;19814480;T;G;0.2601160109043121;150
100..300;1;19814790;T;C;0.2423080056905746;220
100..300;1;19897659;A;G;0.2138729989528656;145
100..300;1;20175177;A;G;0.2476190030574798;170
100..300;1;20330331;G;A;0.2686569988727569;165
100..300;1;20336445;G;A;0.2594340145587921;175
100..300;1;20354225;A;G;0.2884620130062103;145
100..300;1;20500723;T;C;0.1888889968395233;150
100..300;1;20664780;A;G;0.3837209939956665;170
100..300;1;20686070;T;C;0.2274249941110611;235
100..300;1;20698408;T;C;0.2586210072040558;145
100..300;1;21411461;C;T;0.2758620083332062;100
100..300;1;21473431;A;G;0.2869569957256317;290
100..300;1;21575943;T;G;0.256197988986969;110
100..300;1;21608940;T;G;0.1582279950380325;110
100..300;1;21614062;T;C;0.2395830005407333;150
100..300;1;21617327;A;G;0.1992190033197403;210
100..300;1;21619037;T;C;0.1390980035066604;195
100..300;1;21782877;A;G;0.2747249901294708;135
100..300;1;21887634;G;A;0.607142984867096;240
100..300;1;22009812;T;C;0.5040649771690369;235
100..300;1;22009815;A;G;0.5040649771690369;230
100..300;1;22509184;G;A;0.3285709917545318;180
100..300;1;22526222;C;G;0.2578949928283691;160
100..300;1;22589260;C;T;0.4503549933433532;275
100..300;1;22593601;G;C;0.4623120129108429;200
100..300;1;22597292;A;G;0.5511810183525085;135
100..300;1;22597871;A;G;0.4561400115489959;120
100..300;1;22600821;G;A;0.5023040175437927;235
100..300;1;22882432;A;G;0.2650600075721741;135
100..300;1;23441703;A;G;0.2580649852752685;135
100..300;1;23793137;T;C;0.2242989987134933;185
100..300;1;24061927;G;A;0.2047239989042282;110
100..300;1;24066181;C;T;0.2300609946250915;280
100..300;1;24067073;T;C;0.17289699614048;165
100..300;1;24068321;G;A;0.1300310045480728;245
100..300;1;24082675;T;C;0.234375;165
100..300;1;24089643;T;C;0.1732670068740844;155
100..300;1;24331573;G;C;0.1955559998750686;185
100..300;1;24342177;G;C;0.224138006567955;190
100..300;1;24354425;T;C;0.1583009958267212;195
100..300;1;24379839;A;C;0.3082709908485412;125
100..300;1;24442126;A;G;0.1892859935760498;225
100..300;1;25228228;A;G;0.1683669984340667;155
100..300;1;26161528;A;G;0.2033900022506714;145
100..300;1;26275079;G;A;0.1818179935216903;125
100..300;1;26343910;A;G;0.2133760005235672;270
100..300;1;26354172;T;C;0.313167005777359;250
100..300;1;26354328;T;C;0.2319280058145523;290
100..300;1;26367754;C;T;0.1641789972782135;155
100..300;1;26367769;C;T;0.141414001584053;150
100..300;1;26460136;A;G;0.2840909957885742;145
100..300;1;26519704;T;C;0.1845020055770874;230
100..300;1;26952030;A;G;0.1888539940118789;275
100..300;1;26952062;A;G;0.1846590042114257;295
100..300;1;27349634;T;C;0.167832002043724;100
100..300;1;27360975;T;G;0.2777779996395111;135
100..300;1;27382648;G;A;0.1666669994592666;165
100..300;1;27882794;G;A;0.6666669845581055;265
100..300;1;27882851;C;T;0.6933959722518921;255
100..300;1;27882855;G;A;0.6933959722518921;255
100..300;1;28228915;A;G;0.1596239954233169;165
100..300;1;28236165;G;A;0.2213740050792694;110
100..300;1;28237741;G;A;0.286884993314743;110
100..300;1;28237768;G;A;0.2469879984855651;140
100..300;1;30716054;G;A;0.3011580109596252;225
100..300;1;30874552;T;C;0.1868129968643188;230
100..300;1;30878666;A;G;0.1831679940223693;155
100..300;1;30953968;G;A;0.5983610153198242;145
100..300;1;31423761;T;C;0.1776320040225982;240
100..300;1;31691408;T;G;0.336897999048233;175
100..300;1;31692773;C;T;0.5315790176391602;205
100..300;1;31698605;G;T;0.7583330273628235;140
100..300;1;31699894;T;G;0.4566929936408996;265
100..300;1;31728046;C;T;0.5365849733352661;255
100..300;1;31731046;G;C;0.2355210036039352;235
100..300;1;31741980;G;T;0.2125599980354309;185
100..300;1;31756312;A;G;0.2533940076828003;205
100..300;1;32091885;G;A;0.2040819972753524;240
100..300;1;32207307;G;T;0.2177419960498809;210
100..300;1;32214950;T;C;0.235954999923706;145
100..300;1;32217361;A;C;0.3719010055065155;115
100..300;1;32229218;G;A;0.3387100100517273;115
100..300;1;32231027;C;A;0.2222220003604889;155
100..300;1;32944092;A;G;0.1818179935216903;180
100..300;1;33559328;C;T;0.6050959825515747;165
100..300;1;33559430;G;A;0.6792449951171875;185
100..300;1;34794601;A;G;0.1651919931173324;285
100..300;1;34884972;C;CT;0.1581629961729049;155
100..300;1;35901980;T;C;0.1558440029621124;180
100..300;1;36178099;G;GAGA;0.1223400011658668;290
100..300;1;36319669;T;C;0.1951220035552978;115
100..300;1;36341880;T;C;0.1466670036315918;165
100..300;1;37554146;T;C;0.1727270036935806;260
100..300;1;37557715;T;C;0.3466669917106628;200
100..300;1;37708311;T;TTTC;0.1846150010824203;155
100..300;1;37718644;C;T;0.236842006444931;140
100..300;1;37719975;A;G;0.2319390028715133;205
100..300;1;37720051;T;C;0.2215909957885742;140
100..300;1;37720534;G;C;0.2077919989824295;125
100..300;1;37721775;G;A;0.1974519938230514;125
100..300;1;37721781;A;G;0.1986750066280365;120
100..300;1;37723025;C;T;0.1832060068845749;110
100..300;1;37723068;T;C;0.1747570037841797;160
100..300;1;37723096;T;C;0.1882849931716919;185
100..300;1;37723115;G;A;0.2046329975128173;205
100..300;1;37984238;C;T;0.1810699999332428;180
100..300;1;37997832;T;C;0.1833329945802688;195
100..300;1;38709824;T;C;0.2265190035104751;155
100..300;1;38710557;A;G;0.2466669976711273;140
100..300;1;38864727;A;G;0.2532469928264618;125
100..300;1;38873777;T;C;0.25;120
100..300;1;38874610;T;C;0.2355770021677017;170
100..300;1;38875190;G;A;0.2526319921016693;170
100..300;1;38886599;T;G;0.211008995771408;175
100..300;1;39387318;C;T;0.2433860003948211;175
100..300;1;39523127;A;G;0.2408760040998459;215
100..300;1;39525802;C;A;0.2596150040626526;180
100..300;1;39525803;A;G;0.2596150040626526;175
100..300;1;39753023;A;G;0.1450980007648468;190
100..300;1;40239755;G;C;0.2274679988622665;210
100..300;1;40240054;T;A;0.1612900048494339;135
100..300;1;41510546;A;G;0.1704040020704269;175
100..300;1;41510674;C;T;0.1297300010919571;135
100..300;1;41510858;T;C;0.1799309998750686;235
100..300;1;41524790;A;G;0.2333330065011978;170
100..300;1;41580076;C;T;0.2601630091667175;225
100..300;1;41581537;G;C;0.3006989955902099;265
100..300;1;41584695;T;C;0.1985020041465759;205
100..300;1;43605020;G;A;0.8854169845581055;135
100..300;1;43824858;G;A;0.2315790057182312;160
100..300;1;44137834;T;C;0.2957749962806701;120
100..300;1;44739926;C;T;0.1848340034484863;165
100..300;1;44753223;T;A;0.2548080086708069;175
100..300;1;44759326;C;A;0.1753250062465667;115
100..300;1;44760412;A;G;0.2037740051746368;215
100..300;1;44775613;G;C;0.1782609969377517;185
100..300;1;44780570;A;T;0.2198279947042465;200
100..300;1;44780661;C;T;0.2474749982357025;175
100..300;1;44803661;G;A;0.2000000029802322;155
100..300;1;44804352;C;G;0.1700399965047836;200
100..300;1;44826236;A;G;0.2102999985218048;180
100..300;1;44827194;A;G;0.2655600011348724;225
100..300;1;44827846;G;A;0.6119400262832642;160
100..300;1;44828080;C;T;0.2249999940395355;200
100..300;1;44841834;A;G;0.4634149968624115;125
100..300;1;44958709;G;A;0.2515720129013061;130
100..300;1;44958837;C;G;0.2936510145664215;110
100..300;1;44978366;A;G;0.2023350000381469;195
100..300;1;44988221;C;A;0.1682240068912506;185
100..300;1;45003483;T;C;0.1960780024528503;115
100..300;1;45003504;T;A;0.1741569936275482;125
100..300;1;45003914;A;G;0.338346004486084;135
100..300;1;45014037;G;A;0.1673309952020645;190
100..300;1;45628355;G;A;0.6666669845581055;170
100..300;1;45629600;C;T;0.4250000119209289;155
100..300;1;45729703;C;T;0.6956520080566406;130
100..300;1;46194623;C;T;0.6933330297470093;185
100..300;1;46341925;A;G;0.794871985912323;190
100..300;1;46405089;A;C;0.4715909957885742;170
100..300;1;46511045;T;C;0.4199999868869781;240
100..300;1;46614993;T;C;0.3743320107460022;170
100..300;1;46615007;A;G;0.3592230081558227;185
100..300;1;46615069;T;C;0.3415839970111847;170
100..300;1;46815074;G;GAT;0.6111109852790833;205
100..300;1;46815187;A;G;0.6097559928894043;215
100..300;1;46815212;T;C;0.635358989238739;200
100..300;1;46817100;T;C;0.6815289855003357;170
100..300;1;46900378;T;G;0.2373739928007125;145
100..300;1;47030150;T;C;0.2094590067863464;125
100..300;1;47142179;T;A;0.1890549957752227;145
100..300;1;47143817;C;T;0.2482009977102279;225
100..300;1;47148813;G;A;0.2420379966497421;125
100..300;1;47994235;T;C;0.5555559992790222;250
100..300;1;48232079;T;C;0.2645910084247589;210
100..300;1;49045752;G;A;0.3253009915351867;140
100..300;1;50405456;A;G;0.2750000059604645;110
100..300;1;51288232;A;G;0.2771739959716797;160
100..300;1;52525966;T;C;0.4502370059490204;220
100..300;1;52854602;T;G;0.1794870048761367;160
100..300;1;52904685;T;G;0.2150940001010894;210
100..300;1;52995795;A;G;0.2163009941577911;260
100..300;1;53594343;C;G;0.186721995472908;220
100..300;1;53594575;C;T;0.2580649852752685;245
100..300;1;53888985;G;T;0.2374099940061569;115
100..300;1;54104589;C;T;0.1907510012388229;145
100..300;1;54139645;TGG;T;;250
100..300;1;54701169;T;C;0.2754240036010742;195
100..300;1;54716627;A;T;0.1773580014705658;210
100..300;1;54758458;C;T;0.1747969985008239;200
100..300;1;54759078;A;C;0.2391300052404403;205
100..300;1;55072879;G;T;0.3032259941101074;135
100..300;1;56536941;A;G;0.281480997800827;120
100..300;1;56536955;T;C;0.2531650066375732;140
100..300;1;56692378;A;G;0.1711229979991912;150
100..300;1;56744022;C;T;0.3407410085201263;125
100..300;1;56753866;A;C;0.2845529913902282;105
100..300;1;58048279;A;C;0.2025859951972961;200
100..300;1;58048418;G;A;0.3057850003242492;225
100..300;1;58506159;A;G;0.3509930074214935;135
100..300;1;58534040;A;G;0.3032790124416351;115
100..300;1;58576509;T;G;0.2692309916019439;235
100..300;1;58576716;G;C;0.1084010004997253;275
100..300;1;61766458;C;T;0.4529910087585449;115
100..300;1;61990342;A;G;0.1525419950485229;140
100..300;1;62266749;C;T;0.2554349899291992;145
100..300;1;63843422;A;G;0.2519690096378326;120
100..300;1;64632626;A;G;0.3439149856567383;165
100..300;1;64691437;G;C;0.2407409995794296;235
100..300;1;64845531;C;G;0.1563639938831329;215
100..300;1;64855567;A;G;0.2265619933605194;210
100..300;1;64869412;C;T;0.2863639891147613;185
100..300;1;65092410;A;G;0.1653539985418319;105
100..300;1;66676992;C;T;0.2727270126342773;115
100..300;1;66682013;T;C;0.2040819972753524;195
100..300;1;66777341;A;C;0.2020729929208755;150
100..300;1;67278569;C;T;0.2406419962644577;165
100..300;1;68482597;C;A;0.2543349862098694;135
100..300;1;68494666;C;T;0.3121019899845123;115
100..300;1;69919618;T;C;0.232364997267723;215
100..300;1;74199809;A;G;0.3035709857940674;195
100..300;1;74205390;T;C;0.1915889978408813;185
100..300;1;74706968;C;T;0.4307689964771271;125
100..300;1;75732751;C;T;0.3571430146694183;115
100..300;1;75733100;A;G;0.1397850066423416;150
100..300;1;75744069;A;G;0.1881189942359924;255
100..300;1;75744107;C;T;0.2149839997291565;265
100..300;1;75744250;C;T;0.265625;280
100..300;1;75744604;T;C;0.2840000092983246;220
100..300;1;75744792;T;C;0.2204719930887222;115
100..300;1;75761337;G;A;0.1729730069637298;150
100..300;1;76700455;G;A;0.2210880070924759;255
100..300;1;77293893;G;A;0.2825109958648681;185
100..300;1;77926761;A;G;0.2146890014410019;150
100..300;1;78492806;T;C;0.2612240016460418;215
100..300;1;79055238;C;T;0.1724140048027038;195
100..300;1;79521225;A;C;0.2840909957885742;165
100..300;1;79521816;C;T;0.3465349972248077;100
100..300;1;81427141;T;C;0.2786070108413696;175
100..300;1;81501781;TCAGCAGCAG;T;0.1628659963607788;275
100..300;1;81721749;T;C;0.2283950001001358;140
100..300;1;86022231;A;C;0.3066670000553131;120
100..300;1;86046853;T;C;0.328357994556427;120
100..300;1;86428558;T;C;0.3133330047130584;135
100..300;1;88771873;T;C;0.2076919972896576;105
100..300;1;88807604;A;G;0.218542993068695;125
100..300;1;89186388;C;T;0.2704080045223236;160
100..300;1;89186389;T;C;0.2704080045223236;160
100..300;1;89186395;T;A;0.2452829927206039;165
100..300;1;89186404;T;C;0.1990520060062408;165
100..300;1;89186405;G;C;0.1990520060062408;165
100..300;1;89186407;G;T;0.1990520060062408;165
100..300;1;89186411;A;G;0.1990520060062408;170
100..300;1;89186414;T;C;0.1990520060062408;170
100..300;1;89186419;T;A;0.25;170
100..300;1;91319330;A;G;0.7610620260238647;125
100..300;1;91394244;G;A;0.7111110091209412;160
100..300;1;91720100;T;C;0.3165139853954315;205
100..300;1;93582928;G;C;0.1911109983921051;190
100..300;1;94001103;G;A;0.2469139993190765;140
100..300;1;94005598;T;C;0.3196719884872436;120
100..300;1;94008289;C;T;0.3532339930534363;175
100..300;1;94008308;T;C;0.3480660021305084;155
100..300;1;94008772;C;T;0.211678996682167;110
100..300;1;94047009;T;C;0.2659569978713989;240
100..300;1;94078720;A;G;0.2954550087451935;115
100..300;1;96679606;G;T;0.2206899970769882;125
100..300;1;97515865;T;C;0.3208959996700287;120
100..300;1;98695628;A;C;0.2208590060472488;130
100..300;1;98953091;C;G;0.2327039986848831;135
100..300;1;101772262;T;C;1.3703700304031372;120
100..300;1;107057296;T;C;0.1746580004692077;240
100..300;1;107505351;T;C;0.2727270126342773;200
100..300;1;107537323;A;G;0.1847130060195922;120
100..300;1;108722407;T;G;0.281369000673294;225
100..300;1;108823664;T;C;0.1657139956951141;135
100..300;1;108834448;A;C;0.2151159942150116;135
100..300;1;108851942;C;T;0.2811389863491058;250
100..300;1;108922543;A;ACTT;0.1379310041666031;120
100..300;1;108937356;T;G;0.2894740104675293;170
100..300;1;109267922;A;C;0.1973679959774017;185
100..300;1;109295231;A;G;0.2208839952945709;195
100..300;1;109297116;A;C;0.2171950042247772;180
100..300;1;109737079;T;C;0.2163739949464798;130
100..300;1;110039158;G;T;0.3289470076560974;135
100..300;1;110602039;G;A;0.1794870048761367;180
100..300;1;111184247;A;G;0.3928569853305816;130
100..300;1;111198700;A;G;0.2205130010843277;155
100..300;1;111241360;A;C;0.3263159990310669;105
100..300;1;111241360;T;C;0.3894740045070648;105
100..300;1;111648905;G;T;0.176828995347023;135
100..300;1;111755960;G;A;0.3370789885520935;155
100..300;1;111766709;C;T;0.3422459959983825;170
100..300;1;112520503;G;A;0.1950210034847259;200
100..300;1;112540817;T;C;0.2682929933071136;105
100..300;1;112597961;C;T;0.3030300140380859;105
100..300;1;112694059;T;C;0.3309859931468963;130
100..300;1;112694549;G;A;0.2489449977874755;200
100..300;1;112696760;A;G;0.2656829953193664;230
100..300;1;112698430;C;T;0.1895159929990768;200
100..300;1;112700356;T;G;0.1576579958200454;175
100..300;1;112700426;T;C;0.1660079956054687;205
100..300;1;112710229;C;CTTG;0.2212390005588531;190
100..300;1;114137918;T;C;0.2801559865474701;220
100..300;1;114857263;G;C;0.1862069964408874;115
100..300;1;115058907;G;C;0.3118279874324798;165
100..300;1;115663802;A;G;0.2740209996700287;255
100..300;1;115705205;C;T;0.2072539925575256;150
100..300;1;115791113;C;T;0.84375;120
100..300;1;115857214;T;C;0.2953369915485382;190
100..300;1;115857708;G;C;0.1355929970741272;185
100..300;1;116714075;C;A;0.6636360287666321;130
100..300;1;116768525;A;C;0.2159090042114257;220
100..300;1;117011799;G;A;0.1412640064954757;210
100..300;1;117101436;G;A;0.3346610069274902;215
100..300;1;117994519;C;T;0.3533329963684082;130
100..300;1;119033195;G;C;0.2492009997367859;270
100..300;1;119085233;T;C;0.8098589777946472;185
100..300;1;119085331;C;T;0.31147500872612;180
100..300;1;119126639;A;C;0.7906979918479919;115
100..300;1;119219552;A;G;0.2360250055789947;150
100..300;1;119422310;C;T;0.241007000207901;240
100..300;1;119438989;T;C;0.2945739924907684;115
100..300;1;119445799;T;C;0.2294120043516159;155
100..300;1;119445889;A;G;0.3000000119209289;115
100..300;1;119446065;A;G;0.3396230041980743;140
100..300;1;119514535;T;C;0.2886179983615875;200
100..300;1;119605239;A;G;0.325967013835907;155
100..300;1;119623830;C;G;0.1564889997243881;210
100..300;1;119894128;C;T;0.2491579949855804;260
100..300;1;119895095;A;G;0.2956520020961761;220
100..300;1;119895261;G;A;0.2773439884185791;225
100..300;1;119915381;T;A;0.1666669994592666;140
100..300;1;119929234;T;C;0.2315790057182312;165
100..300;1;119935375;A;C;0.2099449932575225;155
100..300;1;145873965;T;C;0.1366460025310516;145
100..300;1;145899155;A;G;0.846153974533081;165
100..300;1;145927267;A;T;0.6823530197143555;120
100..300;1;149900352;C;G;0.2876110076904297;205
100..300;1;149933386;A;G;0.3089430034160614;105
100..300;1;150473343;G;A;0.2608700096607208;125
100..300;1;150510879;T;C;0.2339449971914291;190
100..300;1;150512511;A;G;0.2006919980049133;235
100..300;1;150553930;T;C;0.1960780024528503;225
100..300;1;150559900;A;G;0.1886789947748184;220
100..300;1;150755063;A;G;0.2407409995794296;220
100..300;1;150836413;G;C;0.1916670054197311;195
100..300;1;150967881;T;G;0.2000000029802322;155
100..300;1;150967882;T;C;0.2000000029802322;160
100..300;1;150968905;T;C;0.196721002459526;160
100..300;1;150987874;C;A;0.1921399980783462;180
100..300;1;151132600;A;G;0.1914889961481094;220
100..300;1;151162103;TA;T;0.3703700006008148;105
100..300;1;151291201;GACA;G;0.2095810025930404;155
100..300;1;151365227;T;C;0.2863439917564392;185
100..300;1;152110849;T;A;0.224264994263649;240
100..300;1;152350656;T;G;0.2232560068368911;175
100..300;1;152358764;A;G;0.4085370004177093;150
100..300;1;152409586;T;C;0.2575759887695312;125
100..300;1;152409644;T;C;0.21875;185
100..300;1;152719598;C;G;0.2723740041255951;225
100..300;1;152719996;C;A;0.289902001619339;285
100..300;1;152720112;G;A;0.3111110031604767;245
100..300;1;152737689;T;G;0.7475730180740356;245
100..300;1;152759960;C;G;0.6217389702796936;265
100..300;1;152760825;A;T;0.6046509742736816;255
100..300;1;152972118;T;C;0.269430011510849;175
100..300;1;153003019;A;G;0.3144649863243103;150
100..300;1;153032333;C;T;0.2602739930152893;195
100..300;1;153032372;C;T;0.244837999343872;295
100..300;1;153418150;A;G;0.2126979976892471;255
100..300;1;153458959;G;T;0.2436710000038147;250
100..300;1;153537414;C;T;0.2171950042247772;175
100..300;1;153615864;T;C;0.1570249944925308;180
100..300;1;154414549;C;T;0.2044200003147125;165
100..300;1;154429203;A;G;0.1590909957885742;150
100..300;1;154572175;T;G;0.2281550019979477;155
100..300;1;154772331;G;C;0.188072994351387;180
100..300;1;154772376;G;A;0.189872995018959;135
100..300;1;154965759;C;G;0.2383420020341873;170
100..300;1;154966186;C;T;0.3457449972629547;185
100..300;1;155023444;A;G;0.2000000029802322;160
100..300;1;155060832;A;G;0.2871789932250976;165
100..300;1;155134074;G;A;0.1559139937162399;145
100..300;1;155177242;A;G;0.2189349979162216;135
100..300;1;155208991;A;T;0.1700679957866668;115
100..300;1;155216938;T;C;0.245178997516632;275
100..300;1;155321462;T;C;0.2083330005407333;165
100..300;1;155752120;T;C;0.235043004155159;130
100..300;1;155763567;A;G;0.2515339851379394;145
100..300;1;156134501;A;G;0.2613640129566192;145
100..300;1;156137743;T;C;0.3076919913291931;155
100..300;1;156158429;C;T;0.2718450129032135;185
100..300;1;156232382;G;A;0.5777779817581177;140
100..300;1;156236330;A;G;0.1862349957227707;195
100..300;1;156294857;T;C;0.2471590042114257;285
100..300;1;156344706;T;C;0.2283460050821304;105
100..300;1;156377340;A;G;0.1660899966955185;220
100..300;1;156530336;C;T;0.6796119809150696;125
100..300;1;156548587;A;G;0.5609760284423828;180
100..300;1;156736767;C;A;;185
100..300;1;156736767;G;A;;185
100..300;1;156738452;G;C;0.2820509970188141;155
100..300;1;156815190;C;T;0.4827589988708496;200
100..300;1;156815825;A;G;0.5637249946594238;210
100..300;1;156815987;A;G;0.7028570175170898;210
100..300;1;156876441;A;G;0.2177779972553253;185
100..300;1;156903935;A;G;0.205714002251625;290
100..300;1;156908005;A;C;0.2679739892482757;255
100..300;1;156908739;C;T;0.1392409950494766;290
100..300;1;156908945;C;T;0.1986750066280365;130
100..300;1;156909740;T;C;0.2585029900074005;120
100..300;1;156909788;T;C;0.2573840022087097;185
100..300;1;156913204;C;G;0.239668995141983;195
100..300;1;156913423;A;C;0.2099130004644394;275
100..300;1;156914792;T;C;0.2356320023536682;140
100..300;1;156920880;C;T;0.1867700070142746;205
100..300;1;156932430;A;G;0.17153300344944;200
100..300;1;156932489;G;T;0.1845639944076538;230
100..300;1;156937239;T;C;0.2043800055980682;120
100..300;1;156939903;A;G;0.405593991279602;135
100..300;1;156969275;A;G;0.2165610045194625;130
100..300;1;157059407;G;A;0.2156859934329986;255
100..300;1;157587911;A;G;0.6754390001296997;130
100..300;1;157589332;T;C;0.6066349744796753;220
100..300;1;157630127;G;A;0.8903229832649231;200
100..300;1;157630147;A;T;0.942445993423462;185
100..300;1;158578998;G;A;0.2919709980487823;240
100..300;1;158607377;T;A;0.2297299951314926;130
100..300;1;158674315;A;T;0.5955060124397278;105
100..300;1;158765805;T;C;0.892857015132904;150
100..300;1;158765901;C;T;0.7357140183448792;170
100..300;1;158765950;G;A;0.7320259809494019;180
100..300;1;158766102;G;A;0.8192769885063171;210
100..300;1;158766655;T;C;0.8972600102424622;185
100..300;1;159016687;C;G;0.2222220003604889;175
100..300;1;159032587;A;C;0.3556489944458008;225
100..300;1;159032599;A;T;0.3503940105438232;240
100..300;1;159440550;A;T;0.2653850018978119;225
100..300;1;159535311;A;G;0.2080540060997009;250
100..300;1;159806576;A;G;0.2526319921016693;150
100..300;1;159809120;A;G;0.2523359954357147;260
100..300;1;159809193;C;T;0.2521739900112152;200
100..300;1;159815623;T;C;0.2732239961624145;165
100..300;1;159815635;G;A;0.2742860019207001;155
100..300;1;159884461;C;T;0.3024689853191376;135
100..300;1;160130411;G;C;0.238888993859291;165
100..300;1;160166560;A;G;0.209524005651474;250
100..300;1;160425147;C;A;0.2959640026092529;205
100..300;1;160425213;A;G;0.224831998348236;245
100..300;1;160816880;G;A;0.2769230008125305;115
100..300;1;161000299;T;C;0.1496060043573379;190
100..300;1;161099046;C;A;0.1885710060596466;145
100..300;1;161160911;T;C;0.2254099994897842;215
100..300;1;161166434;A;C;0.232364997267723;195
100..300;1;161193247;C;T;0.2085109949111938;185
100..300;1;161193843;T;C;0.204254999756813;195
100..300;1;161198214;T;C;0.1569969952106475;235
100..300;1;161379107;A;T;0.1849710047245025;155
100..300;1;161506414;T;C;0.2115940004587173;265
100..300;1;161506415;G;A;0.2115940004587173;265
100..300;1;161509809;A;G;0.2345679998397827;145
100..300;1;161510859;G;A;0.2404370009899139;150
100..300;1;161548543;T;A;0.2093019932508468;285
100..300;1;161711990;G;A;0.3443399965763092;195
100..300;1;161727282;C;G;0.1546390056610107;225
100..300;1;161727359;T;G;0.1694439947605133;280
100..300;1;161781951;G;A;0.2879999876022339;110
100..300;1;162343945;T;C;0.2193879932165146;150
100..300;1;162365466;T;C;0.2077919989824295;190
100..300;1;162374312;T;C;0.2403849959373474;185
100..300;1;162397281;T;C;0.6153849959373474;120
100..300;1;162445636;T;C;0.1987950056791305;130
100..300;1;164357216;C;G;0.2032520025968551;200
100..300;1;164357352;G;T;0.3630140125751495;140
100..300;1;165249442;T;C;0.2441859990358352;145
100..300;1;165428878;C;T;0.2730770111083984;225
100..300;1;165679472;T;C;0.2650600075721741;135
100..300;1;166747404;C;A;1.0975600481033323;115
100..300;1;166747856;C;G;0.7216489911079407;130
100..300;1;166747861;CAAG;C;0.6595739722251892;130
100..300;1;167126528;A;G;0.1577380001544952;285
100..300;1;167697079;C;T;0.3194440007209778;140
100..300;1;167823118;A;G;0.2283100038766861;165
100..300;1;167845792;G;A;0.2836540043354034;190
100..300;1;167856368;G;A;0.2488040030002594;175
100..300;1;167870340;A;G;0.2222220003604889;170
100..300;1;167880176;G;A;0.1785710006952285;180
100..300;1;168576626;G;A;0.2049999982118606;110
100..300;1;168714238;T;C;0.2670159935951233;155
100..300;1;168938661;A;G;0.2464790046215057;125
100..300;1;168938867;G;C;0.1875;120
100..300;1;169514323;C;T;0.3404259979724884;120
100..300;1;169542640;G;T;0.2827000021934509;220
100..300;1;169542801;C;T;0.240566000342369;190
100..300;1;169544345;T;G;0.1965070068836212;185
100..300;1;169546488;T;C;0.2303919941186905;160
100..300;1;169550656;A;G;0.2146890014410019;140
100..300;1;169552615;G;A;0.320930004119873;175
100..300;1;169617043;T;C;0.2337660044431686;125
100..300;1;170166528;T;C;0.1758790016174316;155
100..300;1;170166619;C;T;0.2595739960670471;200
100..300;1;170166624;C;T;0.2801719903945923;200
100..300;1;170369796;G;C;0.6724140048027039;135
100..300;1;170866621;A;G;0.7111110091209412;100
100..300;1;170958474;G;A;0.1497330069541931;145
100..300;1;170989888;T;C;0.2628209888935089;130
100..300;1;170989947;T;C;0.3233529925346374;145
100..300;1;170996540;C;T;0.2383719980716705;145
100..300;1;171258077;C;T;0.3201749920845032;205
100..300;1;171334697;A;G;0.2875820100307464;130
100..300;1;171339693;G;A;0.3065130114555359;245
100..300;1;171786042;A;G;0.2134830057621002;150
100..300;1;171794409;T;C;0.3566429913043976;130
100..300;1;172532503;C;T;0.2300889939069748;190
100..300;1;173503326;A;G;0.1923079937696457;120
100..300;1;173909694;C;T;0.2163009941577911;275
100..300;1;173909724;C;T;0.2125000059604644;280
100..300;1;176616321;A;G;0.1962029933929443;120
100..300;1;177954305;G;T;0.2549020051956177;160
100..300;1;178747028;A;G;0.6239320039749146;135
100..300;1;179085885;T;C;0.1778849959373474;175
100..300;1;179630866;G;A;0.256410002708435;155
100..300;1;179630907;A;G;0.2091500014066696;125
100..300;1;179652089;A;G;0.2410259991884231;160
100..300;1;179662107;A;G;0.2215189933776855;130
100..300;1;179663401;G;A;0.2708329856395721;160
100..300;1;180044100;G;T;0.3255810141563415;110
100..300;1;180084023;C;A;0.3853209912776947;105
100..300;1;180266593;T;C;0.2196529954671859;150
100..300;1;181049100;G;A;0.1493210047483444;155
100..300;1;181052347;T;C;0.2373539954423904;215
100..300;1;181055268;A;G;0.6000000238418579;180
100..300;1;182057678;C;G;0.2664229869842529;240
100..300;1;182057887;T;C;0.2723740041255951;225
100..300;1;182575446;T;C;0.1734320074319839;215
100..300;1;182602142;T;C;0.2699390053749084;145
100..300;1;183130425;A;G;0.2145590037107467;210
100..300;1;185174589;G;A;0.2021860033273697;155
100..300;1;185202737;G;A;0.2088609933853149;120
100..300;1;185226821;T;C;0.1801239997148513;135
100..300;1;185551468;A;G;0.4930559992790222;145
100..300;1;186057342;C;T;0.9117649793624878;130
100..300;1;186061909;T;C;0.93258398771286;115
100..300;1;186132407;G;A;0.2651520073413849;115
100..300;1;186144720;C;G;0.3636359870433807;110
100..300;1;186977737;G;A;0.3426569998264313;130
100..300;1;190764921;A;G;0.7669900059700012;110
100..300;1;191146508;T;C;0.256197988986969;120
100..300;1;193020464;A;G;0.3816789984703064;120
100..300;1;193181089;G;A;0.4625000059604645;170
100..300;1;196673103;A;G;0.2674899995326996;195
100..300;1;196685194;C;A;1.1875;140
100..300;1;196690107;T;C;0.8446599841117859;130
100..300;1;196831912;T;G;0.2892560064792633;175
100..300;1;196831948;T;A;0.2857140004634857;165
100..300;1;196951018;T;C;0.2863849997520447;195
100..300;1;197159596;A;G;0.3355700075626373;140
100..300;1;197927598;C;T;0.2832370102405548;150
100..300;1;198198157;C;T;0.1785710006952285;130
100..300;1;200407567;T;C;0.6395940184593201;240
100..300;1;200864089;C;T;0.189189001917839;175
100..300;1;200908722;G;T;0.2869569957256317;105
100..300;1;201077934;A;G;0.2009570002555847;165
100..300;1;201197255;A;G;0.513966977596283;170
100..300;1;201206980;A;G;0.1977189928293228;225
100..300;1;201207840;G;A;0.3206110000610351;250
100..300;1;201208118;C;T;0.2692309916019439;185
100..300;1;201208150;T;C;0.2769950032234192;195
100..300;1;201208410;T;G;0.3277310132980346;225
100..300;1;201212792;T;G;0.2093749940395355;270
100..300;1;201214235;T;C;0.1500000059604644;110
100..300;1;201214274;C;T;0.1985290050506591;110
100..300;1;201215147;T;C;0.2721520066261291;130
100..300;1;201283738;T;C;0.1703300029039383;150
100..300;1;201313445;G;A;0.2551020085811615;250
100..300;1;201361940;G;A;0.2489269971847534;190
100..300;1;201365667;T;C;0.3030300140380859;225
100..300;1;201372047;C;CAGAAG;0.5772730112075806;240
100..300;1;201386541;C;T;0.2378849983215332;210
100..300;1;202012090;G;C;0.1920289993286132;210
100..300;1;202012734;C;T;0.1546390056610107;230
100..300;1;202562613;T;C;0.6178860068321228;130
100..300;1;202605656;A;G;0.5257139801979065;180
100..300;1;203183673;C;T;0.5611109733581543;190
100..300;1;203483281;A;G;0.2419349998235702;145
100..300;1;203483592;T;C;0.2408539950847625;280
100..300;1;203502991;A;G;0.2972970008850097;130
100..300;1;203799200;C;T;0.21875;200
100..300;1;203800404;A;G;0.1465969979763031;150
100..300;1;204126092;T;C;0.2509509921073913;220
100..300;1;204162058;G;T;0.5603860020637512;210
100..300;1;204190659;C;G;0.1682689934968948;160
100..300;1;204192819;T;C;0.2746109962463379;155
100..300;1;204202932;C;G;0.1829269975423813;180
100..300;1;204202968;A;G;0.1882349997758865;190
100..300;1;204618112;A;G;0.2903229892253876;280
100..300;1;204954892;T;C;0.2775669991970062;215
100..300;1;204975313;A;G;0.2429910004138946;170
100..300;1;204975326;A;G;0.2489079982042312;185
100..300;1;204975408;G;A;0.2204300016164779;145
100..300;1;204976686;T;C;0.2478989958763122;195
100..300;1;204976806;G;A;0.2560980021953583;205
100..300;1;204979531;G;A;0.670520007610321;200
100..300;1;204997300;G;C;0.5195729732513428;290
100..300;1;205058609;A;G;0.1620550006628036;200
100..300;1;205061988;T;C;0.337348997592926;145
100..300;1;205303798;T;C;0.2287819981575012;235
100..300;1;205303855;G;C;0.2237759977579116;245
100..300;1;205339207;A;G;0.2672809958457947;185
100..300;1;205339240;T;C;0.2344319969415664;225
100..300;1;205351242;G;A;0.3357659876346588;125
100..300;1;205351341;A;G;0.1913039982318878;180
100..300;1;205420525;T;C;0.2014389932155609;110
100..300;1;205620446;T;C;0.218638002872467;240
100..300;1;206012565;G;A;0.1875;215
100..300;1;206013858;G;A;0.1666669994592666;170
100..300;1;206476722;G;A;0.2457630038261413;195
100..300;1;206477764;A;G;0.2528739869594574;210
100..300;1;206584745;T;A;0.5470089912414551;125
100..300;1;207113036;A;C;0.2112679928541183;120
100..300;1;207126725;A;G;0.2692309916019439;155
100..300;1;207480019;G;A;0.2746480107307434;120
100..300;1;207505962;G;A;0.1788080036640167;215
100..300;1;207609362;G;A;0.2372090071439743;185
100..300;1;207621975;G;A;0.296875;110
100..300;1;209611861;A;G;0.1790390014648437;190
100..300;1;209638541;G;T;0.1632650047540664;150
100..300;1;210265655;T;G;0.1241379976272583;115
100..300;1;210861363;C;T;0.3030300140380859;130
100..300;1;211663410;A;G;0.1627909988164901;100
100..300;1;212100264;A;G;0.2088609933853149;140
100..300;1;214657249;G;A;0.2647059857845306;215
100..300;1;215580012;G;T;0.2240000069141388;100
100..300;1;215671031;T;C;0.2702699899673462;195
100..300;1;216175422;T;C;0.9439250230789183;135
100..300;1;220314315;T;C;0.1866669952869415;130
100..300;1;220882121;A;G;0.1777780055999755;210
100..300;1;220884304;T;C;0.1778430044651031;275
100..300;1;220884320;A;G;0.1577460020780563;275
100..300;1;221739466;C;T;0.2341769933700561;280
100..300;1;222540161;G;C;0.1886119991540908;220
100..300;1;222660196;G;C;0.2900759875774383;120
100..300;1;223005219;C;A;0.6875;240
100..300;1;223111186;G;A;0.1950210034847259;195
100..300;1;223626980;T;A;0.291390985250473;135
100..300;1;223761612;C;G;0.2631579935550689;185
100..300;1;223766378;C;A;0.2374430000782013;175
100..300;1;223772257;A;G;0.1948049962520599;185
100..300;1;223792505;C;G;0.2261310070753097;150
100..300;1;223802264;T;C;0.2695040106773376;115
100..300;1;223821211;A;G;0.1923079937696457;175
100..300;1;223863737;T;C;0.653594970703125;195
100..300;1;223863759;G;A;0.2654869854450226;220
100..300;1;223864224;C;T;0.2819670140743255;270
100..300;1;224574664;G;C;0.2000000029802322;205
100..300;1;225340481;A;C;0.3435109853744507;115
100..300;1;225345982;G;A;0.2758620083332062;130
100..300;1;225346517;C;T;0.3933329880237579;140
100..300;1;225398572;T;G;0.1866669952869415;185
100..300;1;225838705;G;A;0.1984439939260482;205
100..300;1;225844528;T;C;0.2112679928541183;170
100..300;1;225847208;A;G;0.1965319961309433;140
100..300;1;225877491;C;G;0.1940930038690567;190
100..300;1;226164797;G;T;0.5259259939193726;135
100..300;1;226367601;G;A;0.5659340023994446;185
100..300;1;226383066;A;G;0.1863639950752258;170
100..300;1;226402257;A;G;0.702564001083374;220
100..300;1;226961502;A;G;0.2169809937477111;170
100..300;1;227434310;G;A;0.1752990037202835;200
100..300;1;228097290;T;C;0.2132699936628341;190
100..300;1;228174981;A;G;0.1856539994478225;200
100..300;1;228214807;T;C;0.2099449932575225;150
100..300;1;228219309;T;C;0.2672809958457947;205
100..300;1;228276602;T;G;0.1380600035190582;205
100..300;1;228277645;G;A;0.2286690026521682;245
100..300;1;228283678;C;G;0.1787880063056945;265
100..300;1;228307089;A;G;0.1661020070314407;225
100..300;1;228315976;G;A;0.1712539941072464;265
100..300;1;228316771;C;T;0.1475410014390945;190
100..300;1;228317967;G;C;0.3056769967079162;210
100..300;1;228317998;C;T;0.2509230077266693;225
100..300;1;228321726;G;A;0.3211680054664612;245
100..300;1;228333179;T;C;0.1840000003576278;100
100..300;1;228333272;G;C;0.1955309957265854;145
100..300;1;228337260;A;C;0.2741119861602783;165
100..300;1;228337926;A;C;0.2222220003604889;130
100..300;1;228338964;C;T;0.2077459990978241;225
100..300;1;228340711;A;G;0.1694920063018798;100
100..300;1;228340862;G;C;0.296875;105
100..300;1;228374649;C;T;0.2145330011844635;235
100..300;1;229531657;G;C;0.1877730041742324;180
100..300;1;229651283;A;G;0.25;100
100..300;1;230219692;T;C;0.1966529935598373;190
100..300;1;230249191;C;T;0.2617799937725067;165
100..300;1;230279402;A;G;0.1909389942884445;240
100..300;1;230710048;G;A;0.2058819979429245;170
100..300;1;231241060;C;G;0.2178220003843307;165
100..300;1;232319657;T;C;0.3195270001888275;150
100..300;1;232399211;C;T;0.2016810029745102;185
100..300;1;232425650;C;T;0.2172279953956604;215
100..300;1;232428551;A;T;0.2558139860630035;140
100..300;1;232439175;C;T;0.6097559928894043;220
100..300;1;232445690;A;G;0.5544040203094482;205
100..300;1;232462241;A;T;1.0581400394439695;115
100..300;1;232950710;C;T;0.1722690016031265;195
100..300;1;232986045;A;G;0.1598750054836273;250
100..300;1;232986381;T;C;0.2615379989147186;235
100..300;1;232998340;T;C;0.2523359954357147;260
100..300;1;233362280;T;C;0.1767960041761398;145
100..300;1;233905571;T;C;0.1791670024394989;200
100..300;1;234446905;C;T;0.4873420000076294;160
100..300;1;234448485;T;C;0.9051719903945924;145
100..300;1;234608504;A;G;0.2916670143604278;140
100..300;1;235160983;C;T;0.2253970056772232;270
100..300;1;235161230;A;T;0.1896550059318542;145
100..300;1;235427244;A;G;0.2156859934329986;120
100..300;1;235777150;T;C;0.230336993932724;145
100..300;1;235781994;C;T;0.3621619939804077;175
100..300;1;235809135;C;T;0.2315270006656646;175
100..300;1;235809567;C;T;0.2338709980249405;225
100..300;1;235977874;C;T;0.3859649896621704;160
100..300;1;235981651;G;A;0.1227269992232322;170
100..300;1;235990886;T;C;0.3225809931755066;115
100..300;1;235991065;T;G;0.3379310071468353;125
100..300;1;236484250;A;C;0.3762379884719848;140
100..300;1;237454457;T;C;0.7835819721221924;160
100..300;1;240329434;A;G;0.224138006567955;140
100..300;1;241548834;T;C;0.5199999809265137;100
100..300;1;241592046;T;C;0.2422910034656524;185
100..300;1;241860596;G;A;0.2016460001468658;195
100..300;1;241870961;G;A;0.3388890027999878;160
100..300;1;241872136;A;G;0.178723007440567;185
100..300;1;241993647;T;C;0.1846150010824203;100
100..300;1;243415810;A;G;0.2510460019111633;200
100..300;1;244560790;A;G;0.2272730022668838;150
100..300;1;244572556;G;A;0.267441987991333;230
100..300;1;244583848;A;G;0.298781007528305;140
100..300;1;247257119;T;C;0.2322269976139068;180
100..300;1;247491196;A;G;0.1971009969711303;285
100..300;1;247588859;C;T;0.2030459940433502;170
100..300;1;247672648;C;T;0.359375;180
100..300;1;247712306;G;C;0.2608700096607208;200
100..300;1;247723647;C;T;0.3106380105018616;220
100..300;1;247840994;G;A;0.3043479919433594;115
100..300;1;247875992;A;G;0.28125;195
100..300;1;247876149;T;C;0.2591359913349151;265
100..300;1;247991045;T;C;0.3025830090045929;240
100..300;1;248038987;C;T;0.295879989862442;240
100..300;1;248204004;A;T;0.4184400141239166;140
100..300;1;248323998;T;C;0.9869279861450196;210
100..300;1;248348762;G;T;0.5241940021514893;140
100..300;1;248348792;T;C;0.5925930142402649;180
100..300;1;248349335;T;C;0.8466259837150574;215
100..300;1;248349447;A;G;0.839743971824646;205
100..300;1;248349465;T;G;0.7755100131034851;185
100..300;1;248681658;C;T;0.2811059951782226;210
100..300;1;248682055;T;G;0.2185630053281784;275
100..300;10;864285;G;A;0.4827589988708496;125
100..300;10;988472;T;C;0.1904760003089904;165
100..300;10;1124364;G;C;0.2142859995365142;130
100..300;10;1199953;T;A;1.0526299476623535;155
100..300;10;3129953;T;C;0.2663039863109588;155
100..300;10;3147974;A;C;0.2755909860134125;115
100..300;10;3149631;T;C;0.2173909991979599;180
100..300;10;5094459;G;C;0.28125;135
100..300;10;5099417;T;C;0.2180089950561523;165
100..300;10;5107511;A;G;0.1901410073041916;105
100..300;10;5200074;T;C;0.3141030073165893;145
100..300;10;5525403;A;G;0.1763090044260025;285
100..300;10;5761405;G;A;0.295302003622055;125
100..300;10;5943662;A;C;0.2276419997215271;190
100..300;10;6021545;A;G;0.1756760030984878;185
100..300;10;6024237;G;C;0.2375690042972564;155
100..300;10;7348338;G;A;0.2352939993143081;135
100..300;10;8161339;C;T;0.1771429926156997;140
100..300;10;8161346;A;C;0.1638419926166534;140
100..300;10;8161512;T;G;0.2893399894237518;180
100..300;10;8161641;A;C;0.2777779996395111;180
100..300;10;8161722;A;T;0.27149298787117;195
100..300;10;8620212;A;G;0.325203001499176;120
100..300;10;11257772;T;A;0.2032089978456497;145
100..300;10;11463176;G;A;0.2711110115051269;210
100..300;10;11755501;A;G;0.2356690019369125;135
100..300;10;12250349;T;G;0.1698109954595565;160
100..300;10;13058204;C;T;0.2884620130062103;145
100..300;10;13058441;C;A;0.2155690044164657;150
100..300;10;13172753;C;G;0.2961170077323913;170
100..300;10;13183119;A;G;0.2101909965276718;125
100..300;10;13188934;T;C;0.1650000065565109;160
100..300;10;13192356;T;A;0.231111004948616;190
100..300;10;14843599;T;C;0.2620970010757446;230
100..300;10;14901177;G;C;0.2026139944791793;125
100..300;10;14932844;A;G;0.2100459933280944;165
100..300;10;14932906;C;T;0.2731089890003204;195
100..300;10;14934728;C;G;0.3389829993247986;155
100..300;10;14987265;G;A;0.365217000246048;105
100..300;10;14999862;A;G;0.1775359958410263;180
100..300;10;14999909;A;C;0.4845820069313049;190
100..300;10;15008689;A;G;0.7559059858322144;150
100..300;10;15008801;C;T;0.2258059978485107;100
100..300;10;15015375;A;G;0.2384109944105148;120
100..300;10;15064442;G;A;0.2074470072984695;145
100..300;10;15684089;T;C;0.18435800075531;140
100..300;10;16505059;G;A;0.3157890141010284;160
100..300;10;16520601;A;G;0.1885520070791244;220
100..300;10;16840519;C;T;0.4876540005207062;165
100..300;10;17594310;A;G;0.5169489979743958;110
100..300;10;17714597;C;T;0.238888993859291;150
100..300;10;19204380;A;G;0.3050850033760071;100
100..300;10;19387624;G;A;0.2780750095844269;160
100..300;10;19387632;A;G;0.2918919920921325;160
100..300;10;19489053;A;G;0.2598429918289184;220
100..300;10;20785795;C;T;0.2112070024013519;185
100..300;10;20831187;G;A;0.3359380066394806;115
100..300;10;23002023;T;C;0.189189001917839;150
100..300;10;23119349;T;C;0.2019229978322982;175
100..300;10;24433017;C;A;0.5844159722328186;165
100..300;10;25023760;G;A;0.9462370276451112;140
100..300;10;25024889;T;C;0.9266059994697572;155
100..300;10;26088402;T;C;0.2830190062522888;100
100..300;10;26173861;A;G;0.7163119912147522;175
100..300;10;26216893;A;G;0.4239999949932098;115
100..300;10;27014676;T;A;0.3333329856395721;110
100..300;10;27028911;T;C;0.2357140034437179;110
100..300;10;27112127;T;C;0.2517009973526001;120
100..300;10;27134815;C;T;0.3030300140380859;115
100..300;10;27145554;A;G;0.1401270031929016;115
100..300;10;27149035;C;T;0.2808220088481903;120
100..300;10;27247771;T;TTAGA;0.3292680084705353;170
100..300;10;27413240;T;C;0.2413789927959442;270
100..300;10;27413759;T;C;0.1739130020141601;210
100..300;10;27413796;G;A;0.1692309975624084;220
100..300;10;28340914;A;G;0.1408450007438659;155
100..300;10;29292511;T;C;0.3189190030097961;165
100..300;10;29458292;A;G;0.25;205
100..300;10;29465606;A;G;0.2510290145874023;190
100..300;10;29480718;A;G;0.2068970054388046;280
100..300;10;29481622;G;A;0.167382001876831;170
100..300;10;29488629;A;G;0.2211540043354034;110
100..300;10;29532160;T;C;0.5972219705581665;150
100..300;10;29532594;C;T;0.697842001914978;165
100..300;10;29533230;C;T;0.5043860077857971;250
100..300;10;29550584;G;A;0.8118810057640076;130
100..300;10;29550858;G;A;0.6499999761581421;240
100..300;10;29551109;G;A;0.527197003364563;250
100..300;10;29551235;G;A;0.4161489903926849;145
100..300;10;29554904;T;C;0.7777780294418335;205
100..300;10;30027279;C;T;0.2123550027608871;230
100..300;10;30027943;C;T;0.2229509949684143;270
100..300;10;30340297;A;G;0.124498002231121;180
100..300;10;30380438;A;G;0.2682929933071136;180
100..300;10;30845285;G;A;0.2006369978189468;255
100..300;10;32567818;C;A;0.2450329959392547;125
100..300;10;32583192;T;C;0.252032995223999;105
100..300;10;32848623;C;T;0.3030300140380859;110
100..300;10;33057769;G;C;0.2568809986114502;195
100..300;10;33180253;G;A;0.2377360016107559;220
100..300;10;33186354;T;C;0.2241989970207214;240
100..300;10;33206339;T;C;0.6355929970741272;130
100..300;10;33213312;T;C;0.2751320004463196;180
100..300;10;33221735;A;G;0.550000011920929;145
100..300;10;33221840;A;G;0.4651159942150116;160
100..300;10;33263767;T;C;40.0;135
100..300;10;36523323;T;C;0.2307689934968948;210
100..300;10;36523951;G;A;0.2672410011291504;210
100..300;10;42566985;A;G;0.1980679929256439;175
100..300;10;42785641;C;T;0.2831049859523773;185
100..300;10;42817359;T;C;0.2119210064411163;100
100..300;10;42823749;A;G;0.280254989862442;125
100..300;10;43110169;TG;T;0.3118279874324798;105
100..300;10;43387894;A;T;0.4336279928684234;115
100..300;10;43481535;C;T;0.2060610055923462;150
100..300;10;43605076;G;C;0.5979380011558533;230
100..300;10;43616358;A;G;0.702127993106842;170
100..300;10;43616797;A;G;0.5860210061073303;215
100..300;10;44293378;T;C;0.2084690034389495;250
100..300;10;44297907;A;G;0.2919709980487823;120
100..300;10;44890598;C;T;0.2008550018072128;185
100..300;10;45374300;T;C;0.1344089955091476;120
100..300;10;45458319;G;A;0.1855349987745285;255
100..300;10;45463408;C;G;0.167832002043724;235
100..300;10;45463433;C;A;0.1666669994592666;240
100..300;10;45750852;G;A;0.2289720028638839;125
100..300;10;45788964;A;G;0.2450139969587326;100
100..300;10;46012928;A;G;0.1809049993753433;155
100..300;10;46027444;C;A;0.1818179935216903;175
100..300;10;46297471;C;T;0.2410259991884231;165
100..300;10;46297485;A;G;0.2584269940853119;150
100..300;10;46298041;G;C;0.1836729943752288;145
100..300;10;48211965;C;T;0.174358993768692;150
100..300;10;48232303;T;C;0.1900829970836639;105
100..300;10;48239677;A;G;0.1464439928531646;185
100..300;10;48451601;G;A;0.2611460089683532;140
100..300;10;48455141;A;G;0.2412450015544891;205
100..300;10;48634610;T;C;0.4745759963989258;115
100..300;10;48760447;A;G;0.319148987531662;120
100..300;10;48790779;T;C;0.2978720068931579;155
100..300;10;48805357;C;T;0.2170539945363998;210
100..300;10;48813995;A;G;0.2080540060997009;115
100..300;10;48817401;T;G;0.1928250044584274;185
100..300;10;48820263;T;C;0.2348479926586151;215
100..300;10;48826788;A;G;0.2723580002784729;210
100..300;10;48830833;C;G;0.1882349997758865;200
100..300;10;48890694;C;G;0.2326530069112777;200
100..300;10;48913409;A;G;0.1387760043144226;195
100..300;10;48964066;T;C;0.3450700044631958;125
100..300;10;48976904;T;C;0.3108609914779663;235
100..300;10;48978370;T;C;0.2380950003862381;175
100..300;10;49616071;A;G;0.2370689958333969;185
100..300;10;49616573;A;G;0.1779659986495971;180
100..300;10;49752163;A;G;0.2790699899196625;145
100..300;10;50151765;C;A;0.2259889990091323;120
100..300;10;50265073;GA;G;0.1955559998750686;210
100..300;10;50265841;T;G;0.2559059858322143;225
100..300;10;50679198;A;G;0.2789860069751739;240
100..300;10;50727636;C;T;0.2322829961776733;140
100..300;10;50727946;T;C;0.2857140004634857;180
100..300;10;50809877;A;G;0.2720589935779571;115
100..300;10;52411553;T;C;0.1753250062465667;130
100..300;10;52411946;T;G;0.2857140004634857;125
100..300;10;52412414;A;G;0.2666670083999634;150
100..300;10;52412851;T;C;0.2261900007724762;125
100..300;10;52413009;A;G;0.2619050145149231;105
100..300;10;52413055;A;C;0.2129629999399185;100
100..300;10;53809212;G;T;0.175257995724678;165
100..300;10;53823145;T;G;0.2671230137348175;135
100..300;10;54132882;C;T;0.4705879986286163;145
100..300;10;55599937;T;C;0.4264709949493408;120
100..300;10;58517789;C;A;0.2962960004806518;110
100..300;10;59654253;T;G;0.2807689905166626;225
100..300;10;59654418;A;G;0.3108110129833221;205
100..300;10;60071893;G;C;0.2863849997520447;200
100..300;10;62198353;C;T;0.3216370046138763;155
100..300;10;62218221;T;C;0.2844829857349396;100
100..300;10;62399574;T;G;0.2007430046796798;225
100..300;10;63168063;G;C;0.2888889908790588;110
100..300;10;66379281;A;G;0.2277230024337768;160
100..300;10;68174164;A;G;0.1538459956645965;220
100..300;10;68174212;A;G;0.1543859988451004;225
100..300;10;68174501;G;C;0.5156790018081665;295
100..300;10;68199485;A;C;0.2231760025024414;195
100..300;10;68341660;C;G;0.2622950077056885;165
100..300;10;68414950;A;T;0.3576160073280334;140
100..300;10;68572915;A;T;0.148837000131607;180
100..300;10;68573105;T;C;0.1673150062561035;215
100..300;10;68632376;T;C;0.2233680039644241;250
100..300;10;68632380;G;A;0.2233680039644241;250
100..300;10;68632618;A;G;0.2522940039634704;190
100..300;10;68645480;A;G;0.2458329945802688;220
100..300;10;68645782;G;A;0.2266010046005249;195
100..300;10;68645784;G;A;0.2266010046005249;200
100..300;10;68885620;C;A;0.3199999928474426;195
100..300;10;68885941;T;C;0.2310229986906051;260
100..300;10;69097207;G;C;0.127358004450798;155
100..300;10;69133035;T;C;0.865979015827179;125
100..300;10;69186084;T;C;0.5588240027427673;135
100..300;10;69232908;T;C;0.6385539770126343;190
100..300;10;69250619;T;C;0.2035930007696151;135
100..300;10;70114927;A;G;0.3770489990711212;120
100..300;10;70114978;A;G;0.3004690110683441;190
100..300;10;70115110;C;T;0.2222220003604889;175
100..300;10;70121102;G;A;0.2108429968357086;135
100..300;10;70255023;A;G;0.2027650028467178;165
100..300;10;70255107;A;G;0.2481199949979782;110
100..300;10;70255817;G;T;0.1611369997262954;170
100..300;10;70566644;A;G;0.2815530002117157;175
100..300;10;70758074;A;G;0.2248799949884414;180
100..300;10;70758253;G;A;0.2234639972448349;150
100..300;10;71322806;G;A;0.1818179935216903;210
100..300;10;71675131;C;G;0.5099999904632568;210
100..300;10;71773420;G;A;0.3828119933605194;115
100..300;10;71791212;A;G;0.5515459775924683;195
100..300;10;71798371;A;G;0.2094240039587021;155
100..300;10;71799095;G;A;0.6346150040626526;115
100..300;10;71799129;A;G;0.6012269854545593;175
100..300;10;71799195;T;C;0.6230369806289673;200
100..300;10;71802987;A;G;0.5580360293388367;225
100..300;10;71810577;A;G;0.2171050012111663;115
100..300;10;71815086;A;G;0.2096219956874847;240
100..300;10;71819125;C;T;0.3459120094776153;140
100..300;10;71819460;T;C;0.2071010023355484;135
100..300;10;71851225;A;G;0.1730770021677017;200
100..300;10;72008101;A;G;0.1241379976272583;105
100..300;10;73122193;A;G;0.2463050037622451;170
100..300;10;73911598;T;G;0.1727270036935806;180
100..300;10;74655751;T;G;0.1794870048761367;180
100..300;10;77184832;A;G;0.2196529954671859;140
100..300;10;77780830;C;T;0.2462120056152343;225
100..300;10;77781211;C;T;0.1951220035552978;210
100..300;10;79300717;C;T;0.328357994556427;185
100..300;10;79557289;T;G;0.2275640070438385;180
100..300;10;79559702;T;C;0.1862750053405761;105
100..300;10;79684078;A;G;0.1645569950342178;125
100..300;10;79892150;G;A;0.3032259941101074;140
100..300;10;79946568;G;A;0.2543100118637085;195
100..300;10;80081936;T;G;0.2635659873485565;125
100..300;10;80090851;A;C;0.1947370022535324;150
100..300;10;80166110;C;T;0.1801239997148513;120
100..300;10;80363037;A;G;0.2297299951314926;170
100..300;10;80609463;A;T;0.2358970046043396;165
100..300;10;84212287;G;A;0.2560000121593475;205
100..300;10;84219183;A;G;0.2267660051584243;220
100..300;10;84219235;T;C;0.2290749996900558;195
100..300;10;84222045;G;T;0.2599999904632568;215
100..300;10;84391385;G;C;0.3577589988708496;220
100..300;10;86138972;A;G;0.2204300016164779;160
100..300;10;86706708;T;C;0.2972970008850097;195
100..300;10;86945549;G;T;0.2877359986305237;195
100..300;10;86960032;G;C;0.1791040003299713;205
100..300;10;86962641;T;A;0.1702129989862442;105
100..300;10;88673588;A;T;0.2834649980068207;110
100..300;10;88913267;A;G;0.2455359995365142;195
100..300;10;89206636;A;G;0.2432429939508438;195
100..300;10;89462530;C;A;0.2522119879722595;190
100..300;10;89593209;A;G;0.209524005651474;165
100..300;10;89611689;A;G;;100
100..300;10;89709168;G;C;0.2083330005407333;100
100..300;10;89762791;G;A;0.3583329916000366;105
100..300;10;89978799;A;C;0.2539680004119873;170
100..300;10;91054274;T;C;0.7086610198020935;150
100..300;10;92118852;G;A;0.3466669917106628;155
100..300;10;92935798;A;G;0.9069769978523254;105
100..300;10;93062929;T;C;0.4939759969711303;135
100..300;10;93209573;T;C;0.1865669935941696;110
100..300;10;93284086;G;T;0.1633989959955215;105
100..300;10;93284104;T;TC;0.1534090042114257;120
100..300;10;93284178;A;G;0.236966997385025;160
100..300;10;93402356;C;G;0.2816900014877319;115
100..300;10;93635607;G;C;0.5693429708480835;145
100..300;10;94344908;G;T;0.3401359915733337;130
100..300;10;94733301;T;C;0.2467530071735382;125
100..300;10;94842865;T;C;;190
100..300;10;94941844;C;G;0.2613640129566192;160
100..300;10;94942290;T;C;0.2957319915294647;250
100..300;10;95038992;C;T;0.4344260096549988;115
100..300;10;95067273;T;C;0.2797429859638214;275
100..300;10;95067362;TA;T;0.3023259937763214;240
100..300;10;95067421;C;T;0.9224810004234314;200
100..300;10;95184154;G;A;0.1666669994592666;105
100..300;10;95194541;G;A;0.2232140004634857;175
100..300;10;95207197;G;GT;0.3255810141563415;130
100..300;10;95238701;T;C;0.1975309997797012;130
100..300;10;95315130;C;T;0.2635140120983124;120
100..300;10;95687616;T;A;0.2000000029802322;140
100..300;10;96189816;C;A;0.2307689934968948;155
100..300;10;96609779;G;A;0.2181069999933242;185
100..300;10;96620380;C;T;0.2281879931688308;120
100..300;10;97357146;T;C;0.2065729945898056;170
100..300;10;97469742;T;C;0.2688170075416565;155
100..300;10;97616335;C;T;0.1706349998712539;190
100..300;10;97616395;G;A;0.2371789962053299;135
100..300;10;97633477;A;G;0.2037039995193481;170
100..300;10;97651033;C;T;0.1780299991369247;195
100..300;10;97679603;A;G;0.2060610055923462;140
100..300;10;98261123;T;C;0.2307689934968948;130
100..300;10;98262226;A;G;0.1824319958686828;120
100..300;10;98431163;A;G;0.2679249942302704;215
100..300;10;99235506;A;G;0.1818179935216903;155
100..300;10;99368605;A;C;0.1676650047302246;125
100..300;10;99387935;A;G;0.241007000207901;215
100..300;10;99387963;T;C;0.2295719981193542;200
100..300;10;99685834;C;A;0.1934159994125366;200
100..300;10;99691502;C;T;0.2857140004634857;150
100..300;10;99830862;T;C;0.2300889939069748;100
100..300;10;99836239;A;T;0.2540319859981537;205
100..300;10;99845793;C;G;0.2352939993143081;145
100..300;10;99847104;T;G;0.256410002708435;130
100..300;10;99850776;T;C;0.2476190030574798;175
100..300;10;99850808;A;G;0.2830190062522888;145
100..300;10;99851537;A;G;0.2916670143604278;160
100..300;10;100204555;A;G;0.189872995018959;120
100..300;10;100746313;C;G;0.4685989916324615;210
100..300;10;100973056;C;A;0.2406419962644577;170
100..300;10;100983737;A;G;0.1885959953069687;195
100..300;10;100986746;T;C;0.2041520029306411;260
100..300;10;100990864;T;C;0.1923079937696457;145
100..300;10;100990866;C;T;0.1923079937696457;145
100..300;10;100991026;A;C;0.1681029945611953;180
100..300;10;101006817;G;A;0.4819279909133911;240
100..300;10;101489279;G;A;0.3955219984054565;125
100..300;10;101521877;G;C;0.2056739926338195;120
100..300;10;101608897;C;T;0.18435800075531;140
100..300;10;102424324;A;G;0.2529410123825073;150
100..300;10;102425196;G;C;0.4818179905414581;100
100..300;10;102470028;T;C;0.4088050127029419;145
100..300;10;102471297;G;A;0.5052080154418945;185
100..300;10;102472959;A;G;0.8700000047683716;120
100..300;10;102504350;T;C;0.3865030109882355;145
100..300;10;103054405;C;T;0.2058819979429245;195
100..300;10;103076290;C;T;0.181101992726326;110
100..300;10;103089711;A;G;0.2317070066928863;205
100..300;10;103409825;G;A;0.218309998512268;115
100..300;10;103417888;T;G;0.236842006444931;220
100..300;10;103434329;T;C;0.2542369961738586;195
100..300;10;103441808;A;G;0.2925170063972473;125
100..300;10;103441820;T;C;0.2777779996395111;135
100..300;10;103444697;C;T;0.2479339987039566;110
100..300;10;103445545;C;A;0.2764709889888763;150
100..300;10;103602347;A;G;0.216606006026268;250
100..300;10;104315323;A;G;0.256756991147995;260
100..300;10;106579358;C;G;0.2687749862670898;220
100..300;10;106607262;T;C;0.2512080073356628;165
100..300;10;109877877;C;A;0.1693989932537078;155
100..300;10;110810372;C;G;0.2464790046215057;115
100..300;10;112440597;A;G;0.2435899972915649;195
100..300;10;113604826;G;A;0.2826859951019287;250
100..300;10;113634189;T;C;0.2780750095844269;150
100..300;10;113650081;T;C;0.2228920012712478;135
100..300;10;113651839;A;C;0.2777779996395111;145
100..300;10;113653034;G;A;0.3154360055923462;130
100..300;10;113654142;C;T;0.2795029878616333;135
100..300;10;113679881;C;CTT;0.1782609969377517;195
100..300;10;113729393;G;C;0.1681029945611953;180
100..300;10;113729408;A;G;0.1752990037202835;190
100..300;10;114045297;C;G;0.2982459962368011;100
100..300;10;114272760;G;A;0.155689001083374;135
100..300;10;114959739;C;T;0.1677020043134689;120
100..300;10;115727253;T;G;0.1823530048131942;130
100..300;10;116128914;T;C;0.1951220035552978;130
100..300;10;116469251;C;T;0.3108110129833221;125
100..300;10;116471793;G;A;0.1958760023117065;155
100..300;10;116591902;G;A;0.2000000029802322;190
100..300;10;116609094;C;T;0.2293580025434494;175
100..300;10;117197516;G;A;0.2154700011014938;150
100..300;10;117374457;C;G;0.2181069999933242;205
100..300;10;117374547;C;T;0.1578949987888336;260
100..300;10;119155180;A;G;0.2377620041370391;125
100..300;10;121580593;G;A;0.2157890051603317;165
100..300;10;121713659;G;A;0.25;100
100..300;10;121790176;G;T;0.2893080115318298;135
100..300;10;122085600;A;G;0.1784390062093734;225
100..300;10;122143618;A;G;0.2130430042743683;180
100..300;10;122211054;T;C;0.2420379966497421;285
100..300;10;122211207;A;T;0.2168669998645782;285
100..300;10;122454735;A;G;0.258992999792099;120
100..300;10;122456894;G;A;0.1899439990520477;140
100..300;10;122983342;A;G;0.3010199964046478;160
100..300;10;123768532;A;G;0.1525419950485229;145
100..300;10;123842505;T;C;0.3181819915771484;125
100..300;10;124489924;G;GA;0.1989800035953521;180
100..300;10;124490356;C;A;0.28125;250
100..300;10;124981787;A;G;0.3176470100879669;145
100..300;10;125026585;G;A;0.5320749878883362;275
100..300;10;125027060;T;C;0.4351460039615631;255
100..300;10;125796084;A;G;0.2816089987754822;150
100..300;10;125841756;C;T;0.2016129940748214;100
100..300;10;125988805;G;A;0.1913879960775375;185
100..300;10;127176357;T;C;0.3926700055599212;180
100..300;10;127362194;A;G;0.213929995894432;170
100..300;10;127444291;A;G;0.171642005443573;110
100..300;10;127552592;C;G;0.1985020041465759;210
100..300;10;128102594;T;C;0.1938329935073852;190
100..300;10;128103237;C;G;0.3406589925289154;265
100..300;10;128103483;T;C;0.2336069941520691;205
100..300;10;128109346;A;G;0.2478259950876236;195
100..300;10;128119296;C;T;0.2073169946670532;130
100..300;10;130068270;G;A;0.3357659876346588;120
100..300;10;130106792;T;C;0.1872150003910064;175
100..300;10;131973082;C;T;0.2355770021677017;175
100..300;10;132645884;G;A;0.2608700096607208;170
100..300;10;132833484;T;C;0.1936759948730468;205
100..300;10;132834775;T;C;0.2248519957065582;140
100..300;10;132869351;T;C;0.2304690033197403;215
100..300;10;132899672;A;G;0.2949639856815338;120
100..300;10;132922540;A;G;0.1962620019912719;175
100..300;10;132924881;G;C;0.25;160
100..300;10;133218872;G;A;0.2060610055923462;140
100..300;10;133456284;A;G;0.2019699960947036;170
100..300;10;133457333;T;TC;0.3734180033206939;160
100..300;10;133464740;C;CTGGGGTG;0.2755909860134125;135
100..300;10;133466248;T;C;0.3132529854774475;140
100..300;10;133554985;AGCTGAGACGG;A;0.2406020015478134;110
100..300;10;133555086;C;T;0.3554500043392181;180
100..300;10;133555331;T;C;0.267441987991333;145
100..300;10;133556028;C;T;0.2970300018787384;180
100..300;10;133556839;A;G;0.1875;145
100..300;10;133557129;T;C;0.1979700028896331;155
100..300;10;133557135;A;C;0.1878170073032379;155
100..300;10;133559366;G;C;0.1479289978742599;125
100..300;10;133560087;T;C;0.2535209953784942;115
100..300;11;198062;G;C;0.2185789942741394;150
100..300;11;212408;T;C;0.2253520041704177;120
100..300;11;233067;T;C;0.2265619933605194;210
100..300;11;233212;A;C;0.2880429923534393;180
100..300;11;250877;T;C;0.195945993065834;115
100..300;11;299471;T;C;0.2142859995365142;205
100..300;11;721570;T;C;0.154229000210762;150
100..300;11;801092;A;G;0.2226150035858154;230
100..300;11;823729;T;C;0.2017800062894821;285
100..300;11;830601;TGGTC;T;0.1661130040884018;240
100..300;11;870446;A;G;0.2165350019931793;185
100..300;11;900929;G;C;0.1698109954595565;120
100..300;11;1051657;A;AC;0.2027650028467178;190
100..300;11;1102586;T;C;0.5028250217437744;175
100..300;11;1104729;A;G;0.6989250183105469;105
100..300;11;1161529;T;G;0.21875;180
100..300;11;1163029;G;C;0.2105260044336319;180
100..300;11;1174639;G;C;0.2138359993696212;135
100..300;11;1176525;A;G;0.2857140004634857;240
100..300;11;1176540;T;C;0.2935479879379272;260
100..300;11;1176552;T;C;0.2724550068378448;275
100..300;11;1176567;T;C;0.256410002708435;285
100..300;11;1176633;T;C;0.2508360147476196;245
100..300;11;1176982;T;C;0.1178859993815422;175
100..300;11;1177269;C;T;0.2014130055904388;230
100..300;11;1177356;C;T;0.2629309892654419;205
100..300;11;1179112;T;C;0.1724140048027038;220
100..300;11;1181383;C;T;0.1452279984951019;180
100..300;11;1182279;G;A;0.1661890000104904;280
100..300;11;1182438;C;T;0.521569013595581;270
100..300;11;1194354;G;A;0.1931030005216598;125
100..300;11;1194472;G;A;0.3459120094776153;155
100..300;11;1195858;C;T;0.4907979965209961;165
100..300;11;1196002;C;T;0.6216220259666443;200
100..300;11;1196902;A;G;0.4972069859504699;185
100..300;11;1197482;T;C;0.1954890042543411;200
100..300;11;1197925;G;C;0.2087379992008209;160
100..300;11;1198945;T;C;0.190322995185852;255
100..300;11;1225711;G;A;0.2250799983739853;250
100..300;11;1227730;A;G;0.240566000342369;165
100..300;11;1241677;C;T;0.2463770061731338;290
100..300;11;1242293;A;G;0.2045450061559677;270
100..300;11;1486565;A;G;0.1862069964408874;120
100..300;11;1836532;T;C;0.1652169972658157;180
100..300;11;2166625;C;G;0.1230769976973533;120
100..300;11;2167008;T;C;0.185366004705429;155
100..300;11;2411622;T;C;0.1896550059318542;200
100..300;11;2420373;A;G;0.1913039982318878;190
100..300;11;2561911;G;A;0.4832209944725036;150
100..300;11;2631427;G;T;0.90625;115
100..300;11;2633443;A;G;0.7604169845581055;120
100..300;11;2662187;T;C;0.2433629930019378;190
100..300;11;2667296;A;G;0.6082469820976257;115
100..300;11;2669063;C;A;0.6982759833335876;145
100..300;11;2670270;A;G;0.3472220003604889;135
100..300;11;2671669;C;CA;0.1436779946088791;140
100..300;11;2673376;A;C;0.2025859951972961;195
100..300;11;2673812;T;C;0.2395830005407333;170
100..300;11;2677404;C;T;0.2617450058460235;135
100..300;11;2678630;G;A;0.2480619996786117;115
100..300;11;2684113;T;A;0.6021509766578674;115
100..300;11;2687789;G;A;0.3128489851951599;165
100..300;11;2689008;C;G;0.1693989932537078;155
100..300;11;2694225;A;G;0.1509429961442947;125
100..300;11;2695821;T;A;0.3296700119972229;170
100..300;11;2696450;T;C;0.3259260058403015;125
100..300;11;2698444;A;AC;0.2246380001306533;125
100..300;11;2847958;T;C;0.1993239969015121;240
100..300;11;2929328;G;A;0.4098359942436218;170
100..300;11;3002069;G;C;0.2465749979019165;180
100..300;11;3101587;G;A;0.2070710062980651;155
100..300;11;3228599;A;G;0.2029519975185394;235
100..300;11;3371581;A;G;0.25;115
100..300;11;3403658;A;G;0.2552300095558166;195
100..300;11;3413899;G;A;0.3002919852733612;290
100..300;11;3413910;A;G;0.2693409919738769;295
100..300;11;3414815;T;C;0.1850219964981079;195
100..300;11;3414865;A;G;0.2106740027666092;285
100..300;11;3415162;A;G;0.2324720025062561;235
100..300;11;3415235;T;A;0.2779459953308105;260
100..300;11;3415262;G;A;0.7130799889564514;245
100..300;11;3418199;G;C;0.2262440025806427;165
100..300;11;3418225;C;A;0.2325579971075058;185
100..300;11;3418249;A;G;0.4405589997768402;200
100..300;11;3638763;T;G;0.1973679959774017;190
100..300;11;4211488;T;C;0.2689079940319061;105
100..300;11;4475383;A;C;0.7664229869842529;175
100..300;11;4475616;T;C;0.5785120129585266;130
100..300;11;4475686;T;C;0.7070710062980652;120
100..300;11;4587032;C;A;0.2763980031013489;220
100..300;11;4594278;G;C;0.231672003865242;175
100..300;11;4640055;G;A;0.2569169998168945;230
100..300;11;4653345;A;G;0.1836729943752288;200
100..300;11;4988319;C;A;0.2242420017719268;130
100..300;11;5199902;A;G;0.242574006319046;165
100..300;11;5200415;G;C;0.6973680257797241;195
100..300;11;5323362;C;A;0.375;125
100..300;11;5343512;T;C;0.7288140058517456;135
100..300;11;5453940;C;G;0.2476640045642852;195
100..300;11;5454276;A;G;0.381642997264862;190
100..300;11;5571518;C;T;0.5114160180091858;235
100..300;11;5571579;T;C;0.4465120136737823;225
100..300;11;5571969;A;G;0.8021979928016663;220
100..300;11;5571977;A;G;0.8258429765701294;220
100..300;11;5572080;G;A;0.7686570286750793;170
100..300;11;5581208;A;T;0.5975610017776489;270
100..300;11;5581385;G;A;0.6422020196914673;260
100..300;11;5581449;C;T;0.6060609817504883;260
100..300;11;5581560;G;A;0.6233770251274109;275
100..300;11;5581698;C;G;0.4322029948234558;240
100..300;11;5581738;A;G;0.472802996635437;240
100..300;11;5698558;G;A;0.2421880066394806;120
100..300;11;5737156;T;C;0.32777801156044;170
100..300;11;5755365;G;T;0.3102039992809295;235
100..300;11;5788581;T;G;0.291139006614685;220
100..300;11;5788760;A;G;0.2702699899673462;160
100..300;11;6026826;C;T;0.320930004119873;200
100..300;11;6045978;A;C;0.2073169946670532;140
100..300;11;6108607;T;C;0.6392689943313599;245
100..300;11;6241485;A;G;0.2217569947242736;190
100..300;11;6392136;T;C;0.1847130060195922;245
100..300;11;6403380;C;T;0.2191240042448043;220
100..300;11;6509048;T;C;0.3478260040283203;155
100..300;11;6511289;T;C;0.3466669917106628;135
100..300;11;6533711;A;C;0.2307689934968948;180
100..300;11;6540040;G;A;0.1691540032625198;160
100..300;11;6563777;A;G;0.2556819915771484;150
100..300;11;6609785;T;C;0.2291669994592666;170
100..300;11;6611219;T;C;0.251255989074707;170
100..300;11;6617154;T;C;0.1832460016012191;160
100..300;11;6622745;T;C;0.2666670083999634;280
100..300;11;6623369;T;C;0.1855069994926452;280
100..300;11;6623570;C;A;0.2310609966516494;230
100..300;11;6768698;A;C;0.7782809734344482;275
100..300;11;6785265;C;T;0.6648939847946167;215
100..300;11;6785596;T;G;0.78125;235
100..300;11;6785932;G;C;0.7947369813919067;240
100..300;11;6870154;A;G;0.7355769872665405;260
100..300;11;6877264;C;T;0.5869569778442383;155
100..300;11;7314193;G;C;0.3673470020294189;135
100..300;11;7635578;A;G;0.253589004278183;170
100..300;11;7639816;T;TCTC;0.2754490077495575;160
100..300;11;7706325;C;T;0.3863640129566192;165
100..300;11;7960547;A;G;0.2367600053548813;290
100..300;11;8100544;T;C;0.1850389987230301;195
100..300;11;8110754;T;C;0.3110049962997436;190
100..300;11;8128206;G;T;0.1699029952287674;155
100..300;11;8138310;T;C;0.2825109958648681;190
100..300;11;8413530;T;C;0.2108429968357086;145
100..300;11;8413531;C;A;0.2108429968357086;150
100..300;11;8625123;G;T;0.2240660041570663;195
100..300;11;8625216;C;G;0.2322580069303512;130
100..300;11;8671858;A;G;0.6551719903945923;120
100..300;11;8671858;T;G;1.482759952545166;120
100..300;11;8685686;T;C;0.2562499940395355;130
100..300;11;8702732;C;CGAT;0.2417580038309097;160
100..300;11;8911517;A;G;0.2023809999227523;265
100..300;11;8917387;T;C;0.1901140064001083;210
100..300;11;8921395;T;C;0.2570280134677887;210
100..300;11;8925632;A;G;0.2238810062408447;245
100..300;11;8937823;A;G;0.1380369961261749;265
100..300;11;9094677;T;G;0.7637799978256226;165
100..300;11;9094811;A;G;0.240457996726036;215
100..300;11;9998332;A;G;0.2743360102176666;190
100..300;11;10534039;G;C;0.3563219904899597;150
100..300;11;10559810;T;C;0.2013889998197555;115
100..300;11;10560693;G;A;0.1914889961481094;155
100..300;11;10626155;A;G;0.5915489792823792;235
100..300;11;10764628;T;C;0.4971100091934204;175
100..300;11;11956026;C;T;0.2292989939451217;130
100..300;11;12162299;T;C;0.2067800015211105;240
100..300;11;12204399;G;T;0.7227270007133484;240
100..300;11;12208108;G;T;0.2705309987068176;175
100..300;11;12239460;C;T;0.154229000210762;145
100..300;11;12243995;G;A;0.2701149880886078;140
100..300;11;13009741;T;C;0.2327589988708496;100
100..300;11;13010299;A;G;0.1800000071525573;205
100..300;11;13010508;A;C;0.2399999946355819;105
100..300;11;13356910;T;C;0.2307689934968948;165
100..300;11;13610563;C;T;0.2352939993143081;120
100..300;11;16484260;C;T;0.2555199861526489;265
100..300;11;16484385;A;G;0.2906979918479919;235
100..300;11;16484573;T;C;0.2165610045194625;135
100..300;11;17097140;C;T;0.1981980055570602;180
100..300;11;17428382;T;C;0.1714289933443069;250
100..300;11;17430945;A;G;0.6015040278434753;140
100..300;11;17531558;A;G;0.5333330035209656;130
100..300;11;17645892;C;G;0.2357719987630844;210
100..300;11;18137446;C;T;0.1875;295
100..300;11;18189267;A;G;0.1671829968690872;265
100..300;11;18189268;A;C;0.1671829968690872;270
100..300;11;18189302;T;C;0.1800000071525573;255
100..300;11;18197131;A;G;0.2366860061883926;155
100..300;11;18197166;CT;C;0.2203390002250671;195
100..300;11;18209742;A;C;0.5517240166664124;160
100..300;11;18231557;T;C;0.2030300050973892;260
100..300;11;18283786;C;T;0.2991450130939483;100
100..300;11;18465758;G;C;0.2230480015277862;215
100..300;11;18609980;C;T;0.1626790016889572;170
100..300;11;18610142;T;C;0.2450329959392547;130
100..300;11;18742479;C;G;0.7409639954566956;195
100..300;11;19880086;A;G;0.2613070011138916;175
100..300;11;21613736;G;C;0.6938779950141907;110
100..300;11;21613749;G;T;0.7113400101661682;110
100..300;11;22859456;T;C;0.2266670018434524;110
100..300;11;23404344;C;A;0.3103449940681457;140
100..300;11;23404921;T;A;0.1835750043392181;175
100..300;11;23405684;C;T;0.2159090042114257;225
100..300;11;24738309;A;G;0.3064520061016083;110
100..300;11;26565254;A;G;1.4430400133132937;140
100..300;11;26565443;C;T;0.2805429995059967;200
100..300;11;26565586;C;T;1.0885000228881836;175
100..300;11;27093241;T;C;0.3263890147209167;130
100..300;11;27125723;A;G;0.2969430088996887;195
100..300;11;27368134;T;C;0.3103449940681457;160
100..300;11;27699390;T;C;0.2520659863948822;200
100..300;11;27773991;C;T;0.2302159965038299;105
100..300;11;29725946;G;A;0.3404259979724884;130
100..300;11;29726250;T;C;0.2233009934425354;160
100..300;11;30233638;T;C;0.203791007399559;175
100..300;11;31793331;A;G;0.1278540045022964;165
100..300;11;32683530;T;C;0.2900759875774383;110
100..300;11;33031561;T;C;0.2234040051698684;160
100..300;11;33043848;T;C;0.2175929993391037;180
100..300;11;33058950;C;T;0.2387100011110305;125
100..300;11;33076282;A;G;0.2598870098590851;165
100..300;11;33542577;C;T;0.2983610033988952;265
100..300;11;33559760;A;G;0.2546580135822296;135
100..300;11;33583414;T;C;0.1656800061464309;130
100..300;11;33618558;C;A;0.25;160
100..300;11;33645787;G;A;0.2488040030002594;180
100..300;11;33668106;A;G;0.1749999970197677;225
100..300;11;34461361;T;C;0.3584910035133362;140
100..300;11;35032270;T;A;0.2662720084190368;140
100..300;11;35204608;G;A;0.2012200057506561;130
100..300;11;35221360;A;G;0.1610739976167678;110
100..300;11;35470838;T;C;0.2411350011825561;125
100..300;11;36574050;G;A;0.3180080056190491;240
100..300;11;43523281;C;A;0.3199999928474426;115
100..300;11;44067802;A;G;0.2379029989242553;200
100..300;11;44130027;A;T;0.2516129910945892;135
100..300;11;44275396;T;C;0.2478259950876236;195
100..300;11;44309959;G;C;0.2532190084457397;195
100..300;11;44618718;G;A;0.2046779990196228;275
100..300;11;45903402;T;C;0.189189001917839;135
100..300;11;46784521;A;G;0.2180089950561523;165
100..300;11;46894628;G;T;0.2838430106639862;210
100..300;11;47448803;T;C;0.2324319928884506;155
100..300;11;48144715;C;G;0.6187499761581421;180
100..300;11;48264682;G;A;0.671642005443573;140
100..300;11;48264704;T;C;0.699999988079071;135
100..300;11;48365634;G;A;0.7536230087280273;165
100..300;11;48991502;T;C;0.7680410146713257;230
100..300;11;49057298;T;C;0.2851989865303039;230
100..300;11;49059064;C;T;0.6882349848747253;195
100..300;11;49186746;G;A;0.2814069986343384;140
100..300;11;55343762;A;C;0.0867768973112106;235
100..300;11;55367959;T;C;0.2162159979343414;190
100..300;11;55554735;G;A;0.2901790142059326;215
100..300;11;55555342;T;G;0.3037039935588836;120
100..300;11;55572176;T;C;0.2315790057182312;160
100..300;11;55572322;T;C;0.2842639982700348;190
100..300;11;55811464;A;G;0.3151519894599914;140
100..300;11;55820438;G;A;0.2847220003604889;240
100..300;11;55838826;T;G;0.2426780015230178;205
100..300;11;55839342;T;C;0.2600899934768677;210
100..300;11;55885487;G;A;0.2413789927959442;135
100..300;11;55885688;A;G;0.3178809881210327;140
100..300;11;56105668;C;T;0.2780269980430603;200
100..300;11;56232590;A;G;0.2991800010204315;230
100..300;11;56276128;G;A;0.2727270126342773;280
100..300;11;56290721;A;G;0.2621949911117553;285
100..300;11;56346099;G;A;0.2589640021324157;210
100..300;11;56346117;A;C;0.2285709977149963;230
100..300;11;56417412;A;G;0.4414060115814209;250
100..300;11;56543021;T;C;0.2737430036067962;155
100..300;11;56612658;G;C;0.3680559992790222;115
100..300;11;56664358;G;A;0.3287670016288757;210
100..300;11;56740404;C;T;0.2176470011472702;250
100..300;11;56740556;A;G;0.284848004579544;140
100..300;11;56820024;C;CA;0.9074069857597352;230
100..300;11;56989546;A;G;0.3893809914588928;210
100..300;11;57018744;T;C;0.3870970010757446;120
100..300;11;57236870;T;G;0.2156859934329986;205
100..300;11;57545996;G;C;0.1501830071210861;205
100..300;11;57576551;T;G;0.2695310115814209;225
100..300;11;58179792;G;C;0.2317879945039749;260
100..300;11;58191303;T;C;0.2222220003604889;195
100..300;11;58203723;A;G;0.2947019934654236;285
100..300;11;58203729;A;G;0.2819670140743255;285
100..300;11;58215254;T;G;0.1898310035467147;230
100..300;11;58215291;G;A;0.1689189970493316;215
100..300;11;58215360;A;T;0.1908400058746338;205
100..300;11;58215424;T;G;0.2539179921150207;265
100..300;11;58215722;G;A;0.3492060005664825;160
100..300;11;58267071;T;C;0.2156859934329986;210
100..300;11;58292610;G;A;0.3362070024013519;115
100..300;11;58358832;T;A;0.2750000059604645;145
100..300;11;58724448;T;A;0.3664599955081939;140
100..300;11;58834836;T;C;0.31147500872612;115
100..300;11;59457292;C;A;0.2312140017747879;295
100..300;11;59492373;T;C;0.2110390067100525;245
100..300;11;59855960;A;G;0.2233009934425354;165
100..300;11;59878866;C;T;0.2397260069847107;125
100..300;11;60046700;A;G;0.2580649852752685;125
100..300;11;60763791;G;A;0.1734690070152282;160
100..300;11;60842583;C;G;0.2338979989290237;260
100..300;11;61343874;G;C;0.2450979948043823;165
100..300;11;61546073;A;G;0.1589400023221969;105
100..300;11;61720218;A;G;0.2293580025434494;180
100..300;11;61771548;G;C;0.1962960064411163;225
100..300;11;61962564;A;G;0.407941997051239;280
100..300;11;62169472;T;C;0.5761899948120117;240
100..300;11;62296397;T;C;0.1785710006952285;175
100..300;11;62331301;A;G;0.1792449951171875;175
100..300;11;62567436;C;G;0.1567569971084594;135
100..300;11;62598147;G;A;0.252577006816864;170
100..300;11;62611329;C;T;0.1826349943876266;280
100..300;11;62614336;C;G;0.2304829955101013;220
100..300;11;62666426;A;G;0.1650000065565109;165
100..300;11;62666701;A;G;0.2310760021209716;225
100..300;11;62870728;A;T;0.1724140048027038;100
100..300;11;62870731;A;T;0.1724140048027038;100
100..300;11;62885307;T;C;0.1818179935216903;170
100..300;11;62909748;A;G;0.2234040051698684;155
100..300;11;62909880;A;G;0.1818179935216903;200
100..300;11;62984340;C;T;0.2352939993143081;105
100..300;11;62984439;A;C;0.1800950020551681;175
100..300;11;62984710;C;T;0.2089550048112869;110
100..300;11;63014974;T;C;0.3026320040225982;150
100..300;11;63143785;A;C;0.2715229988098144;145
100..300;11;63243732;C;A;0.4666669964790344;110
100..300;11;63290453;A;G;0.2282160073518753;205
100..300;11;63297351;C;T;0.2352939993143081;170
100..300;11;63304838;T;C;0.232804000377655;160
100..300;11;64117815;T;C;0.2881360054016113;260
100..300;11;64200298;G;C;0.1818179935216903;135
100..300;11;64210595;G;C;0.1895419955253601;135
100..300;11;64219867;T;C;0.2218649983406067;270
100..300;11;64255798;T;C;0.1532569974660873;205
100..300;11;64259167;A;G;0.2068970054388046;260
100..300;11;64271703;A;G;0.2394820004701614;235
100..300;11;64728885;T;G;0.2539680004119873;220
100..300;11;64735891;A;G;0.1836729943752288;160
100..300;11;64751590;C;T;0.1826480031013488;180
100..300;11;64792426;C;T;0.1973679959774017;195
100..300;11;65021722;C;T;0.6214290261268616;150
100..300;11;65089011;A;G;0.2045450061559677;140
100..300;11;65204815;C;G;0.2304960042238235;225
100..300;11;65214382;T;G;0.6187049746513367;155
100..300;11;65236838;T;C;0.2117120027542114;190
100..300;11;65396886;T;C;0.2980769872665405;180
100..300;11;65411339;T;C;0.2243900001049041;170
100..300;11;65552241;A;G;0.1389960050582885;205
100..300;11;65571473;G;T;0.2689389884471893;220
100..300;11;65583603;A;G;0.1766469925642013;280
100..300;11;65617256;T;C;0.1545449942350387;170
100..300;11;65619052;A;G;0.1321839988231659;135
100..300;11;65636180;A;C;0.2000000029802322;210
100..300;11;65641466;T;C;0.1875;265
100..300;11;65728100;T;C;0.2446810007095337;160
100..300;11;65779862;A;G;0.2171249985694885;265
100..300;11;65779984;A;C;0.1515150070190429;190
100..300;11;66025983;T;C;0.2817870080471039;260
100..300;11;66026326;A;G;0.1574800014495849;210
100..300;11;66059233;A;G;0.1711030006408691;220
100..300;11;66061986;A;G;0.2149119973182678;190
100..300;11;66316311;A;G;0.4981549978256225;280
100..300;11;66341562;C;T;0.6416670083999634;130
100..300;11;66510683;C;T;0.1934520006179809;255
100..300;11;66558013;C;T;0.2307689934968948;175
100..300;11;66714162;A;G;0.1582279950380325;125
100..300;11;67586108;T;C;0.1705880016088485;130
100..300;11;67647021;T;C;0.46560800075531;190
100..300;11;67796691;G;A;0.2840909957885742;170
100..300;11;67801137;G;T;0.2212390005588531;175
100..300;11;67975047;G;A;0.6090909838676453;105
100..300;11;67995753;A;G;0.3304350078105926;190
100..300;11;68022775;T;C;0.564516007900238;200
100..300;11;68410042;T;C;0.1992029994726181;195
100..300;11;68433827;T;C;0.2397260069847107;125
100..300;11;68938206;A;C;0.25;200
100..300;11;69055363;T;C;0.2349729984998703;150
100..300;11;69063896;A;G;0.25;180
100..300;11;69083998;T;G;0.1779360026121139;220
100..300;11;69086544;G;A;0.2020200043916702;230
100..300;11;69087895;A;G;0.1553030014038086;195
100..300;11;69296043;A;G;0.247525006532669;285
100..300;11;70155906;T;C;0.1696429997682571;185
100..300;11;70167400;T;C;0.1564629971981048;110
100..300;11;70187920;A;G;0.2126249969005584;230
100..300;11;70333566;T;C;0.2097900062799453;110
100..300;11;70339219;T;C;0.2264149934053421;220
100..300;11;70354423;T;C;0.2093019932508468;170
100..300;11;70407283;T;C;0.1475410014390945;140
100..300;11;70407369;T;C;0.186721995472908;190
100..300;11;72230168;G;A;0.2934359908103943;220
100..300;11;72577555;A;G;0.2135590016841888;230
100..300;11;72579585;A;G;0.2330829948186874;210
100..300;11;72704284;A;G;0.1956519931554794;150
100..300;11;73235263;A;T;0.7165349721908569;150
100..300;11;73679727;G;GAA;0.2134149968624115;140
100..300;11;73970045;T;C;0.2170210033655166;195
100..300;11;73970090;A;G;0.2150540053844452;150
100..300;11;74074281;C;T;0.2645500004291534;170
100..300;11;74138957;C;G;0.2761900126934051;100
100..300;11;74338524;G;A;0.2167489975690841;165
100..300;11;74457366;G;A;0.3000000119209289;195
100..300;11;74859203;C;G;0.2052980065345764;115
100..300;11;77142737;C;T;0.2606639862060547;170
100..300;11;77214596;T;C;0.2588239908218384;145
100..300;11;77243743;TA;T;0.1936759948730468;195
100..300;11;77243767;C;T;0.1862069964408874;225
100..300;11;77243788;A;G;0.1824100017547607;235
100..300;11;77701601;A;G;0.3187769949436188;225
100..300;11;78079609;C;G;;220
100..300;11;78114274;C;T;0.3034479916095733;125
100..300;11;78726137;A;G;0.2558139860630035;175
100..300;11;78854269;G;C;0.2355369925498962;195
100..300;11;82689586;G;A;0.267441987991333;145
100..300;11;82824921;T;C;0.2323939949274063;130
100..300;11;82853252;G;T;0.3153850138187408;115
100..300;11;82914772;A;G;0.3790319859981537;120
100..300;11;83166001;A;G;0.3173649907112121;155
100..300;11;83285943;C;A;0.1360539942979812;125
100..300;11;85919368;T;C;0.2195120006799698;165
100..300;11;86412514;G;A;0.2307689934968948;185
100..300;11;86556591;T;C;0.281915009021759;160
100..300;11;86556672;A;C;0.2270269989967346;145
100..300;11;86622392;T;A;0.3039999902248382;140
100..300;11;88175178;G;C;0.514706015586853;150
100..300;11;90135587;A;G;0.2182739973068237;160
100..300;11;90282710;G;A;0.2278479933738708;255
100..300;11;92353828;T;C;0.2146120071411132;190
100..300;11;92355011;T;C;0.2840000092983246;240
100..300;11;92840745;T;G;0.19200000166893;100
100..300;11;92890711;A;G;0.3799999952316284;195
100..300;11;92969796;A;G;0.25;110
100..300;11;93352371;G;T;0.1666669994592666;130
100..300;11;93396317;C;G;0.3716219961643219;125
100..300;11;93396318;G;A;0.3716219961643219;125
100..300;11;93408414;A;C;0.3240740001201629;100
100..300;11;93667630;T;C;0.258992999792099;120
100..300;11;93668840;G;A;0.25;115
100..300;11;93726994;C;A;0.3523809909820556;105
100..300;11;94528089;G;C;0.2587409913539886;115
100..300;11;94531877;CT;C;0.0;125
100..300;11;94531877;C;CT;0.2700729966163635;125
100..300;11;94587071;C;T;0.1764709949493408;130
100..300;11;94589186;T;A;0.2782610058784485;100
100..300;11;94589187;A;G;0.2782610058784485;100
100..300;11;94800207;T;C;0.2355560064315796;190
100..300;11;95831095;G;A;0.3214290142059326;150
100..300;11;95847762;A;G;0.2457139939069748;140
100..300;11;95923947;G;T;0.2401960045099258;170
100..300;11;100337424;G;C;0.2601160109043121;160
100..300;11;100976338;A;G;0.3333329856395721;125
100..300;11;100979471;A;G;0.2307689934968948;105
100..300;11;100992365;G;A;0.3485710024833679;165
100..300;11;100992623;A;C;0.382652997970581;180
100..300;11;101128522;C;T;0.2060090005397796;195
100..300;11;101476362;G;A;0.3090910017490387;160
100..300;11;101489019;A;G;0.2133329957723617;180
100..300;11;101915283;A;G;0.2102800011634826;170
100..300;11;102527862;T;C;0.1929820030927658;225
100..300;11;102695089;A;C;0.4108529984951019;120
100..300;11;102722517;C;T;0.224138006567955;140
100..300;11;102779223;G;A;0.361842006444931;140
100..300;11;104037228;A;G;0.2709159851074219;215
100..300;11;108173261;T;C;0.1653539985418319;105
100..300;11;108173364;A;T;0.2342340052127838;110
100..300;11;108222481;T;A;0.2227489948272705;170
100..300;11;108304735;A;G;0.1840800046920776;150
100..300;11;108509585;C;T;0.2747249901294708;165
100..300;11;108675741;G;A;0.2374999970197677;140
100..300;11;110773809;C;T;0.6222220063209534;140
100..300;11;110788295;G;A;0.6595739722251892;215
100..300;11;111911560;T;C;0.2684209942817688;170
100..300;11;111913505;T;C;0.2200649976730346;255
100..300;11;111926180;G;A;0.1588789969682693;175
100..300;11;113323446;C;A;0.3589740097522735;105
100..300;11;113396099;A;G;0.2432429939508438;155
100..300;11;113399293;C;G;0.252032995223999;225
100..300;11;113400106;A;G;0.1954549998044967;180
100..300;11;113411573;G;T;0.3030300140380859;165
100..300;11;113789854;G;A;0.2010309994220733;150
100..300;11;113979284;C;A;0.2006919980049133;225
100..300;11;113989703;G;A;0.2418030053377151;205
100..300;11;115214747;C;A;0.2408380061388015;155
100..300;11;116820918;A;C;0.1875;270
100..300;11;117195974;C;T;0.2311560064554214;170
100..300;11;117381773;C;T;0.54230797290802;270
100..300;11;117395596;G;C;0.5199999809265137;175
100..300;11;117439273;T;C;0.2922079861164093;125
100..300;11;117439306;G;A;0.2959179878234863;165
100..300;11;117465006;C;T;0.6938779950141907;170
100..300;11;117776781;T;C;0.2457630038261413;110
100..300;11;117903431;G;C;0.2692309916019439;205
100..300;11;117993348;G;A;0.323650985956192;210
100..300;11;117993398;A;G;0.1491229981184005;175
100..300;11;117994131;G;A;0.3902440071105957;145
100..300;11;118015738;T;C;0.2489629983901977;195
100..300;11;118167098;T;G;0.3243240118026733;135
100..300;11;118264079;AGCCC;A;0.3405799865722656;125
100..300;11;118339245;C;A;0.5275589823722839;130
100..300;11;118534353;G;A;0.2535209953784942;140
100..300;11;118534590;A;G;0.1818179935216903;185
100..300;11;118559804;T;C;0.1776649951934814;155
100..300;11;118600708;C;T;0.256197988986969;100
100..300;11;118601639;A;C;0.1687500029802322;130
100..300;11;119092106;A;C;0.7250000238418579;140
100..300;11;119314967;C;T;0.2552450001239776;235
100..300;11;119335120;G;A;0.1752990037202835;195
100..300;11;119345794;T;C;0.2324720025062561;225
100..300;11;120458149;C;T;0.2460729926824569;155
100..300;11;120485082;T;G;0.1883119940757751;125
100..300;11;121157872;G;C;0.1507540047168731;155
100..300;11;121362877;C;G;0.4528299868106842;210
100..300;11;122614323;A;G;0.2067669928073883;215
100..300;11;122809891;T;C;0.25;110
100..300;11;122867553;G;A;0.8354430198669434;100
100..300;11;123458932;G;A;0.2399999946355819;130
100..300;11;123460054;A;G;0.1985819935798645;120
100..300;11;123906791;T;C;2.0434799194335938;180
100..300;11;123907029;C;T;0.7957749962806702;185
100..300;11;123943116;A;G;0.5462560057640076;245
100..300;11;123943233;C;G;0.5462960004806519;235
100..300;11;123943782;G;A;0.8604649901390076;165
100..300;11;123976685;C;G;0.7107440233230591;145
100..300;11;123994598;A;G;0.7486339807510376;230
100..300;11;124009874;C;T;0.8196719884872437;155
100..300;11;124023527;G;A;0.6629210114479065;270
100..300;11;124023695;G;A;0.6291080117225647;245
100..300;11;124038366;G;C;0.6231880187988281;260
100..300;11;124038465;A;G;0.5520830154418945;245
100..300;11;124038943;G;C;0.3908450007438659;140
100..300;11;124038946;T;G;0.3908450007438659;140
100..300;11;124038949;A;G;0.3908450007438659;145
100..300;11;124137193;T;C;0.223140001296997;200
100..300;11;124481513;T;A;0.4210529923439026;105
100..300;11;124516843;C;T;0.2687500119209289;140
100..300;11;124516869;G;C;0.3048779964447021;150
100..300;11;124625017;C;T;0.2230769991874694;100
100..300;11;124872469;A;G;0.4720500111579895;165
100..300;11;124896307;T;C;0.1740739941596985;210
100..300;11;124897229;A;G;0.270141988992691;185
100..300;11;124897790;T;G;0.1886789947748184;120
100..300;11;125582418;G;A;0.1904760003089904;140
100..300;11;125609468;A;G;0.215596005320549;175
100..300;11;125609601;T;C;0.2413789927959442;120
100..300;11;125747715;G;A;0.4052290022373199;140
100..300;11;125899459;C;T;0.1568630039691925;200
100..300;11;126521402;G;T;0.5169079899787903;205
100..300;11;129442765;T;C;0.2560000121593475;205
100..300;11;129876812;T;G;0.2173909991979599;215
100..300;11;129884050;A;G;0.1534650027751922;155
100..300;11;129884773;C;T;0.2138729989528656;135
100..300;11;130032863;C;T;0.189189001917839;100
100..300;11;130032984;C;G;0.161764994263649;160
100..300;11;130120692;G;A;0.238888993859291;155
100..300;11;130427853;C;G;0.1869920045137405;105
100..300;11;130672987;T;C;0.5234379768371582;125
100..300;11;130880747;C;A;0.2024289965629577;195
100..300;11;130906629;C;T;0.2578620016574859;135
100..300;11;130906718;G;A;0.2076500058174133;140
100..300;11;130907991;A;G;0.3000000119209289;180
100..300;11;130910120;T;C;0.1165919974446296;175
100..300;11;130911780;T;C;0.3931620121002197;120
100..300;11;130914501;A;G;0.1653539985418319;220
100..300;11;130914593;G;A;0.2298389971256256;215
100..300;11;130914721;C;T;0.3073590099811554;205
100..300;11;130914752;C;G;0.2857140004634857;200
100..300;11;130914799;T;C;0.2748819887638092;195
100..300;11;130914812;T;C;0.2923080027103424;185
100..300;11;130914859;G;C;0.2751320004463196;175
100..300;11;130915310;A;G;0.2418600022792816;195
100..300;11;130915409;C;T;0.25;200
100..300;11;131180999;C;G;0.3400000035762787;130
100..300;11;131661106;C;T;0.6226419806480408;115
100..300;11;132034967;T;A;0.2662720084190368;140
100..300;11;133625661;C;G;0.2333330065011978;170
100..300;11;133909136;A;G;0.213235005736351;240
100..300;11;134168023;T;C;0.2397959977388382;160
100..300;11;134282136;A;G;0.1707320064306259;150
100..300;11;134332142;T;C;0.2222220003604889;135
100..300;11;134374737;C;T;0.2592589855194092;140
100..300;12;139036;G;C;0.5433070063591003;125
100..300;12;202783;G;A;0.5600000023841858;200
100..300;12;438517;C;T;0.1875;120
100..300;12;548238;A;G;0.2109089940786361;220
100..300;12;553672;C;T;0.1933329999446869;260
100..300;12;557777;G;A;0.1492539942264557;115
100..300;12;879728;A;G;0.1463409960269928;200
100..300;12;881746;C;A;0.6095889806747437;160
100..300;12;883063;T;C;0.3197669982910156;150
100..300;12;889199;T;G;0.4625000059604645;155
100..300;12;929812;CT;C;0.1806849986314773;260
100..300;12;1593746;T;C;0.1637630015611648;225
100..300;12;1831348;A;G;0.2235289961099624;220
100..300;12;2504904;T;G;0.2389940023422241;140
100..300;12;2585472;T;C;0.2027650028467178;165
100..300;12;2782270;A;T;0.2086959928274154;100
100..300;12;2834758;A;G;0.2804880142211914;280
100..300;12;3640708;C;T;0.2562499940395355;135
100..300;12;3673481;T;A;0.3362070024013519;220
100..300;12;3673535;T;C;0.2723399996757507;200
100..300;12;3840332;A;T;0.2508139908313751;285
100..300;12;3841016;T;G;0.2731280028820038;205
100..300;12;3841018;T;C;0.2731280028820038;205
100..300;12;3841811;C;T;0.2931030094623565;135
100..300;12;3841956;C;G;0.2087379992008209;175
100..300;12;3842028;T;C;0.2110549956560135;175
100..300;12;3842143;G;A;0.1630900055170059;180
100..300;12;4097647;C;T;0.2751089930534363;205
100..300;12;4444166;G;A;0.2461539953947067;105
100..300;12;4444217;G;A;0.2196969985961914;105
100..300;12;4627876;A;G;0.7027029991149902;135
100..300;12;4810101;G;A;0.1306309998035431;185
100..300;12;5044528;T;C;0.2249239981174469;270
100..300;12;5732567;C;A;0.2712549865245819;205
100..300;12;5967474;G;A;0.2708329856395721;120
100..300;12;5981834;G;A;0.7712420225143433;190
100..300;12;5985618;C;T;0.2551020085811615;240
100..300;12;5985679;A;G;0.7066670060157776;175
100..300;12;6029429;T;C;0.2090159952640533;200
100..300;12;6330843;C;T;0.2336450070142746;180
100..300;12;6341779;C;T;0.2397959977388382;155
100..300;12;6451407;T;G;0.1130950003862381;255
100..300;12;6453119;T;C;0.1906780004501342;195
100..300;12;6453127;T;C;0.1974789947271347;200
100..300;12;6453587;G;A;0.4644550085067749;205
100..300;12;6453644;G;A;0.3981040120124817;190
100..300;12;6453657;T;C;0.1300809979438781;185
100..300;12;6465878;T;G;0.2365590035915374;155
100..300;12;6530815;G;C;0.2146600037813186;165
100..300;12;6537154;C;T;0.185929998755455;170
100..300;12;6537943;C;T;0.2207210063934326;190
100..300;12;6601981;A;C;0.2062940001487732;240
100..300;12;6831328;A;G;0.2300889939069748;185
100..300;12;6944745;T;C;0.1993460059165954;255
100..300;12;7124640;A;T;0.2857140004634857;145
100..300;12;7814480;G;A;0.1553030014038086;125
100..300;12;8044828;G;C;0.174467995762825;190
100..300;12;8235753;G;A;0.5537629723548889;160
100..300;12;8834689;A;G;0.1923079937696457;140
100..300;12;9833319;T;G;0.3157890141010284;125
100..300;12;10112395;C;G;0.244047999382019;150
100..300;12;10160476;C;T;0.6030529737472534;145
100..300;12;10702026;A;G;0.4545449912548065;165
100..300;12;10806432;T;C;0.3085939884185791;235
100..300;12;10809516;G;A;0.2857140004634857;250
100..300;12;10986336;C;T;0.3176470100879669;245
100..300;12;11186008;A;G;0.2536230087280273;130
100..300;12;11186175;C;A;0.2830190062522888;195
100..300;12;11186377;T;C;0.3372089862823486;160
100..300;12;11870089;G;C;0.6823530197143555;220
100..300;12;11870839;A;C;0.6906470060348511;165
100..300;12;11870909;A;C;0.2738099992275238;150
100..300;12;11871007;T;C;0.6493510007858276;175
100..300;12;11872176;G;A;0.2357140034437179;130
100..300;12;11875208;C;A;0.2461539953947067;110
100..300;12;11875223;T;G;0.2713179886341095;115
100..300;12;11884147;A;G;0.2760420143604278;170
100..300;12;11884244;A;G;0.2546299993991852;190
100..300;12;11884384;G;C;0.2303660064935684;175
100..300;12;12094660;G;A;0.248756006360054;175
100..300;12;12094682;C;T;0.25;185
100..300;12;12477412;A;G;0.2697370052337646;270
100..300;12;12718165;G;T;0.1970259994268417;230
100..300;12;12827392;A;T;0.2280700057744979;135
100..300;12;12949671;A;G;0.2163120061159134;245
100..300;12;13213665;T;C;0.2022469937801361;155
100..300;12;13865843;C;G;0.2606639862060547;190
100..300;12;14457265;T;C;0.218542993068695;120
100..300;12;14806457;C;T;0.2317070066928863;220
100..300;12;14823129;G;A;0.3542859852313995;165
100..300;12;14823244;A;T;0.2406020015478134;225
100..300;12;14823483;C;CTA;0.2741119861602783;185
100..300;12;16272722;T;A;0.3708609938621521;140
100..300;12;16400156;C;T;0.3363640010356903;205
100..300;12;18290875;A;C;0.2794120013713836;115
100..300;12;18346702;T;C;0.3142859935760498;125
100..300;12;18496123;T;C;0.6347830295562744;120
100..300;12;18503291;A;G;0.3846150040626526;110
100..300;12;19456569;G;A;0.3609020113945007;140
100..300;12;19456819;G;A;0.2000000029802322;165
100..300;12;19456995;A;G;0.5723680257797241;175
100..300;12;19457018;G;A;0.5695359706878662;160
100..300;12;19457019;C;A;0.5695359706878662;160
100..300;12;19457097;C;T;0.2090159952640533;190
100..300;12;20449893;A;C;0.1901140064001083;215
100..300;12;20875274;C;G;0.2631579935550689;145
100..300;12;21178615;C;T;0.2847220003604889;125
100..300;12;24832719;A;G;0.4754100143909454;120
100..300;12;24901957;A;G;0.6267279982566833;250
100..300;12;24997578;C;T;0.2642860114574432;115
100..300;12;25023935;A;G;0.2125979959964752;105
100..300;12;25089661;G;C;0.2960529923439026;140
100..300;12;25146987;A;G;0.2611460089683532;130
100..300;12;25158555;T;G;0.2153850048780441;100
100..300;12;26224299;C;T;0.2105260044336319;120
100..300;12;26495159;T;C;0.6153849959373474;110
100..300;12;26596898;A;G;0.2127660065889358;115
100..300;12;26654022;A;G;0.2173909991979599;145
100..300;12;26656479;G;T;0.224264994263649;220
100..300;12;27082448;A;G;0.2330099940299987;165
100..300;12;27470725;A;T;0.2842639982700348;165
100..300;12;27692876;T;C;0.2672410011291504;100
100..300;12;27920239;A;T;0.3209879994392395;150
100..300;12;30715068;T;C;0.2159470021724701;245
100..300;12;30719244;A;G;0.293749988079071;135
100..300;12;30728875;C;T;0.3130080103874206;230
100..300;12;30753424;A;G;0.2763159871101379;195
100..300;12;31981130;G;A;0.2702699899673462;165
100..300;12;31982009;G;A;0.305418998003006;190
100..300;12;31983004;G;A;0.3806819915771484;175
100..300;12;31984578;G;C;0.2886599898338318;180
100..300;12;31985476;G;A;0.3351959884166717;165
100..300;12;32602325;A;G;0.2357719987630844;105
100..300;12;32986635;T;C;0.1809519976377487;175
100..300;12;38202865;A;G;0.7798169851303101;130
100..300;12;40251455;A;C;0.194594994187355;160
100..300;12;40429552;C;G;0.176923006772995;105
100..300;12;40479224;A;G;0.4557519853115082;235
100..300;12;40479853;A;G;0.3088240027427673;250
100..300;12;40479961;A;G;0.275193989276886;230
100..300;12;40480006;A;C;0.2672809958457947;210
100..300;12;42324009;T;A;0.1400000005960464;110
100..300;12;42459282;A;C;0.3093529939651489;120
100..300;12;42679110;T;C;0.2653059959411621;125
100..300;12;43375425;C;A;0.2684560120105743;125
100..300;12;43375473;C;T;0.2569440007209778;120
100..300;12;43660428;G;A;0.6377949714660645;150
100..300;12;44875501;T;C;0.1720000058412552;195
100..300;12;45023883;C;T;0.1610739976167678;115
100..300;12;45173199;A;G;0.2051279991865158;135
100..300;12;47077656;A;G;0.2793299853801727;170
100..300;12;47235585;T;G;0.161764994263649;225
100..300;12;47791665;T;C;0.1230769976973533;195
100..300;12;47844974;G;A;0.6481480002403259;185
100..300;12;47879112;G;A;0.1957670003175735;145
100..300;12;47981785;G;A;0.2993629872798919;130
100..300;12;47982508;A;G;0.190871000289917;190
100..300;12;48133403;T;C;0.2487310022115707;165
100..300;12;48169067;T;C;0.2511210143566131;195
100..300;12;48169205;A;C;0.2029699981212616;170
100..300;12;48184659;T;C;0.1724140048027038;205
100..300;12;48203092;CA;C;0.2425249963998794;270
100..300;12;48330001;T;C;0.2284640073776245;225
100..300;12;48486168;G;T;0.5887100100517273;140
100..300;12;48494811;T;C;0.5441179871559143;135
100..300;12;48525876;C;T;0.6348549723625183;280
100..300;12;48525877;A;G;0.6348549723625183;275
100..300;12;48526013;T;C;0.752577006816864;240
100..300;12;48560257;G;A;0.909677028656006;200
100..300;12;48560442;C;G;0.5600000023841858;245
100..300;12;48682028;G;T;0.1785710006952285;235
100..300;12;48783330;G;T;0.1659190058708191;175
100..300;12;48827839;A;G;0.2488480061292648;185
100..300;12;48862015;C;G;0.1739130020141601;115
100..300;12;49033325;A;G;0.2169120013713836;240
100..300;12;49297274;A;G;0.133540004491806;255
100..300;12;50073861;T;G;0.2292360067367553;265
100..300;12;50073986;A;G;0.1627909988164901;245
100..300;12;50090230;A;G;0.2171050012111663;130
100..300;12;50109486;T;C;0.2287230044603347;155
100..300;12;50350798;T;A;0.2059800028800964;255
100..300;12;50674626;A;G;0.2056739926338195;115
100..300;12;50843019;C;T;0.2041669934988021;200
100..300;12;50961020;T;C;0.2196969985961914;210
100..300;12;50999333;T;C;0.2090400010347366;145
100..300;12;51049161;A;G;0.189189001917839;180
100..300;12;51125004;G;C;0.2537310123443603;180
100..300;12;51913361;T;C;0.1840000003576278;110
100..300;12;52009214;T;C;0.1969110071659088;210
100..300;12;52229200;A;G;0.2080000042915344;195
100..300;12;52229245;C;T;0.2153850048780441;210
100..300;12;52248733;T;C;0.2127660065889358;155
100..300;12;52252398;T;C;0.2235289961099624;275
100..300;12;52258212;A;C;0.1994879990816116;290
100..300;12;52287676;A;G;0.1934430003166198;165
100..300;12;52385576;A;G;0.196721002459526;150
100..300;12;52433824;T;C;0.1570509970188141;250
100..300;12;52469307;T;G;0.2727270126342773;235
100..300;12;52469780;T;C;0.2238810062408447;170
100..300;12;52488310;G;T;0.2569169998168945;230
100..300;12;52490951;G;A;0.2522940039634704;100
100..300;12;52493127;C;T;0.273730993270874;180
100..300;12;52569995;G;A;0.1863349974155426;130
100..300;12;52573333;T;C;0.2304690033197403;210
100..300;12;52573652;A;G;0.3198379874229431;225
100..300;12;52601458;A;G;0.2803030014038086;115
100..300;12;52777217;A;G;0.1781609952449798;275
100..300;12;52808399;G;C;0.2941179871559143;170
100..300;12;52811973;C;T;0.3121019899845123;135
100..300;12;52823917;A;C;0.3058820068836212;145
100..300;12;52904991;T;A;0.225490003824234;165
100..300;12;53037514;A;T;0.2439019978046417;110
100..300;12;53058346;G;A;0.1815070062875747;225
100..300;12;53058741;C;T;0.2722769975662231;185
100..300;12;53060409;A;G;0.1460320055484771;240
100..300;12;53123768;A;G;0.2007430046796798;215
100..300;12;53315126;G;A;0.3913039863109588;155
100..300;12;53945268;A;C;0.4809159934520721;135
100..300;12;53985894;G;A;0.1895419955253601;250
100..300;12;54517642;T;C;0.3189190030097961;170
100..300;12;54802939;T;C;0.2093019932508468;190
100..300;12;55320622;CA;C;0.2882879972457886;105
100..300;12;55469614;A;G;0.2781960070133209;120
100..300;12;55575165;A;G;0.3008469939231872;215
100..300;12;55637154;T;C;0.1951220035552978;205
100..300;12;55637489;A;G;0.2424239963293075;155
100..300;12;55655138;T;C;0.25;205
100..300;12;55683815;T;A;0.3194440007209778;135
100..300;12;55683956;T;C;0.1851850003004074;205
100..300;12;55688241;C;G;0.2186229974031448;210
100..300;12;55723916;G;C;0.1921180039644241;160
100..300;12;55726805;T;C;0.2061859965324401;165
100..300;12;55819513;T;G;0.2786889970302582;105
100..300;12;55958525;A;T;0.1610489934682846;205
100..300;12;56270257;A;G;0.2101449966430664;215
100..300;12;56471554;G;A;0.2291669994592666;195
100..300;12;56686880;C;CAT;0.1560979932546615;160
100..300;12;56712876;T;A;0.3246749937534332;215
100..300;12;56714419;G;A;0.1624370068311691;150
100..300;12;56716008;G;A;0.2013649940490722;240
100..300;12;56716147;T;A;0.2399999946355819;260
100..300;12;56720316;G;A;0.236842006444931;210
100..300;12;56720523;T;A;0.2172410041093826;250
100..300;12;56739356;G;T;0.275640994310379;130
100..300;12;57243810;A;G;0.1909549981355667;160
100..300;12;57256057;T;C;0.2285709977149963;195
100..300;12;57591421;T;C;0.1446280032396316;180
100..300;12;57621711;A;G;0.1441439986228943;170
100..300;12;57718406;G;A;0.2268040031194687;170
100..300;12;57732451;A;C;0.284848004579544;135
100..300;12;58244544;T;C;0.2608700096607208;100
100..300;12;58244565;T;C;0.2619050145149231;105
100..300;12;59779575;T;A;0.4285709857940674;125
100..300;12;61879443;C;G;0.5243899822235107;165
100..300;12;61880351;T;G;0.4409449994564056;135
100..300;12;63150429;G;A;0.1894740015268325;160
100..300;12;63668243;C;A;0.2510820031166076;210
100..300;12;63668272;A;G;0.2158589959144592;195
100..300;12;63668285;C;T;0.2314810007810592;190
100..300;12;63871944;T;C;0.3684209883213043;110
100..300;12;64830394;G;A;0.196721002459526;100
100..300;12;65120486;C;T;0.2944439947605133;150
100..300;12;65169932;T;C;0.1805559992790222;105
100..300;12;66302630;T;C;0.2352939993143081;170
100..300;12;66305115;C;T;0.2758620083332062;150
100..300;12;66517991;T;G;0.223021999001503;115
100..300;12;67658398;T;G;0.1830990016460418;235
100..300;12;68223439;T;C;0.4899330139160156;140
100..300;12;68689025;A;G;0.2406020015478134;110
100..300;12;68690761;G;A;0.2062499970197677;125
100..300;12;68706628;T;C;0.2416110038757324;135
100..300;12;68721918;A;G;0.2847679853439331;130
100..300;12;69957904;A;C;0.2123290002346038;110
100..300;12;70534836;A;G;0.2479999959468841;110
100..300;12;70559497;C;T;0.3082999885082245;210
100..300;12;70590115;C;A;0.3295449912548065;235
100..300;12;70590239;T;C;0.3037970066070556;145
100..300;12;70594507;G;A;0.2173909991979599;130
100..300;12;70596274;C;T;0.8252429962158203;130
100..300;12;70920322;T;C;0.5213680267333984;115
100..300;12;74292636;C;T;0.6370970010757446;145
100..300;12;75207663;A;G;0.1720000058412552;185
100..300;12;75298975;T;A;0.25;105
100..300;12;75506808;G;A;0.3184710144996643;130
100..300;12;76060186;A;G;0.612500011920929;175
100..300;12;77029847;A;G;0.1755319982767105;155
100..300;12;78177134;C;G;0.3867920041084289;110
100..300;12;80588318;G;A;0.2686569988727569;120
100..300;12;85038262;A;T;0.1824319958686828;110
100..300;12;88080353;T;C;0.2579190135002136;185
100..300;12;89523260;A;G;0.2849999964237213;190
100..300;12;89635124;C;T;0.4632349908351898;135
100..300;12;94521827;C;T;0.2138729989528656;145
100..300;12;95512827;A;C;0.1467390060424804;130
100..300;12;99246381;C;G;0.256756991147995;205
100..300;12;99246650;C;T;0.2873559892177582;175
100..300;12;99655061;A;T;0.2687500119209289;140
100..300;12;100578871;T;A;0.7415729761123657;110
100..300;12;100579381;C;T;0.9404760003089904;110
100..300;12;100579931;T;C;0.8061220049858093;125
100..300;12;100739970;C;A;0.7222219705581665;145
100..300;12;101069040;A;G;0.2468349933624267;140
100..300;12;101126870;CTG;C;0.1941750049591064;175
100..300;12;101158297;A;G;0.2605629861354828;115
100..300;12;101166550;A;C;0.4113479852676391;130
100..300;12;101193740;T;C;0.2122299969196319;225
100..300;12;101338877;T;C;0.2399999946355819;140
100..300;12;101632148;G;C;0.3984380066394806;115
100..300;12;101675299;G;A;0.2345129996538162;180
100..300;12;101685640;A;G;0.3247860074043274;100
100..300;12;101723811;T;C;0.2012200057506561;125
100..300;12;101764985;C;T;0.2509230077266693;240
100..300;12;101901440;C;T;0.2625699937343597;150
100..300;12;102840474;C;T;0.1824319958686828;115
100..300;12;103706839;T;C;0.161653995513916;210
100..300;12;103777964;T;C;0.2076019942760467;280
100..300;12;104251606;G;C;0.1740889996290207;195
100..300;12;104265317;T;C;0.2007430046796798;220
100..300;12;105039745;A;T;0.6611570119857788;125
100..300;12;105040689;T;C;0.6229509711265564;130
100..300;12;105820515;A;G;0.861702024936676;120
100..300;12;106015917;T;C;0.1947370022535324;155
100..300;12;106195880;G;C;0.2269939929246902;135
100..300;12;106239791;T;C;0.2191780060529709;200
100..300;12;106978499;T;C;0.2526879906654358;175
100..300;12;107642126;C;T;0.4037269949913025;140
100..300;12;107657629;A;G;0.2474920004606247;250
100..300;12;107746255;C;T;0.2000000029802322;105
100..300;12;107756981;A;C;0.2078649997711181;145
100..300;12;108292231;G;C;0.7934780120849609;235
100..300;12;108592255;T;C;0.2678569853305816;200
100..300;12;109179923;G;A;0.1989530026912689;155
100..300;12;109191652;T;C;0.1991699934005737;195
100..300;12;109199383;C;G;0.80246901512146;105
100..300;12;109199567;C;G;0.2435899972915649;130
100..300;12;109201716;A;G;0.2789469957351684;155
100..300;12;109206811;T;C;0.1957300007343292;225
100..300;12;109233933;A;C;0.6399999856948853;170
100..300;12;109415544;G;A;0.1574070006608963;155
100..300;12;109517903;C;A;0.1291870027780532;145
100..300;12;109533676;G;C;0.1709399968385696;190
100..300;12;109573424;T;G;0.195045992732048;270
100..300;12;109573425;T;C;0.195045992732048;270
100..300;12;109576074;A;G;0.1818179935216903;200
100..300;12;111162330;T;G;0.2721889913082123;145
100..300;12;112875665;T;C;0.5172410011291504;145
100..300;12;112881795;T;C;0.7407410144805908;155
100..300;12;112887824;C;T;0.528302013874054;105
100..300;12;114679532;A;G;0.16143499314785;180
100..300;12;115970733;G;A;0.3548389971256256;165
100..300;12;115991884;G;A;0.2065570056438446;255
100..300;12;116008640;T;C;0.2178989946842193;220
100..300;12;116737803;T;C;0.1330280005931854;150
100..300;12;117028062;A;G;0.2022469937801361;205
100..300;12;117280881;C;G;0.2533330023288727;125
100..300;12;118073854;A;ATGATCACCTCGGGCTGGG;0.143322005867958;285
100..300;12;120151356;G;A;0.2707180082798004;155
100..300;12;120199396;A;G;0.1808120012283325;215
100..300;12;120216281;C;G;0.1904760003089904;240
100..300;12;120224174;C;T;0.2093019932508468;235
100..300;12;120446525;T;C;0.288792997598648;215
100..300;12;120496604;T;C;0.2053570002317428;185
100..300;12;120529118;G;A;0.2226420044898986;220
100..300;12;120655818;A;AGTGC;0.5555559992790222;145
100..300;12;120783658;G;A;0.2287580072879791;130
100..300;12;120997733;G;A;0.1870229989290237;205
100..300;12;121004438;T;C;0.1855670064687729;160
100..300;12;121005080;A;G;0.2178220003843307;155
100..300;12;121016345;T;C;0.2270530015230178;170
100..300;12;121177300;A;G;0.5540540218353271;155
100..300;12;121184760;A;G;0.3773579895496368;155
100..300;12;121222984;C;T;0.5842700004577637;190
100..300;12;121228843;G;A;0.2271060049533844;225
100..300;12;121253293;A;G;0.2145749926567077;210
100..300;12;122190233;A;C;0.1393440067768097;185
100..300;12;122849895;T;C;0.1895159929990768;195
100..300;12;122976737;A;G;0.2078649997711181;150
100..300;12;122986547;A;G;0.286666989326477;135
100..300;12;123265188;A;G;0.3454549908638;145
100..300;12;123321672;T;C;0.23921599984169;215
100..300;12;123341012;T;C;0.2640450000762939;150
100..300;12;123616494;G;T;0.1965319961309433;140
100..300;12;123619502;G;A;0.2427179962396621;180
100..300;12;123620139;A;G;0.2392639964818954;135
100..300;12;123659848;G;A;0.2538459897041321;225
100..300;12;123692742;C;T;0.1736110001802444;110
100..300;12;123694870;C;T;0.2038220018148422;120
100..300;12;123696502;T;C;0.197279006242752;115
100..300;12;123853225;T;C;0.1992619931697845;210
100..300;12;124347928;A;G;0.2575759887695312;220
100..300;12;124372114;A;T;0.2198580056428909;230
100..300;12;124817558;A;G;0.1502590030431747;140
100..300;12;124935820;CT;C;0.7796609997749329;125
100..300;12;124935828;G;T;0.610168993473053;120
100..300;12;124935828;T;TA;0.610168993473053;120
100..300;12;124948072;A;G;0.1440680027008056;270
100..300;12;124954070;C;A;0.5691059827804565;135
100..300;12;124956813;C;T;0.467741996049881;255
100..300;12;124964924;A;G;0.4180789887905121;165
100..300;12;124968569;T;C;0.1865079998970031;190
100..300;12;125128293;A;G;0.2125000059604644;130
100..300;12;125350254;A;G;0.2162159979343414;225
100..300;12;126726499;C;T;0.1861200034618377;250
100..300;12;128544041;T;C;0.1783220022916793;225
100..300;12;128669441;A;G;0.2361810058355331;165
100..300;12;128794319;G;A;0.5690609812736511;185
100..300;12;128875953;A;G;0.1756100058555603;165
100..300;12;129014381;G;A;0.197279006242752;115
100..300;12;129075012;T;C;0.2346570044755935;230
100..300;12;130346361;T;C;0.1702129989862442;155
100..300;12;130354620;A;G;0.2653059959411621;210
100..300;12;131799508;A;G;0.1978020071983337;140
100..300;12;131845121;T;C;0.2365590035915374;150
100..300;12;132023844;G;A;0.2075469940900802;200
100..300;12;132029743;G;C;0.209524005651474;175
100..300;12;132037988;T;C;0.2028470039367675;230
100..300;12;132054955;AT;A;0.0833332985639572;130
100..300;12;132054955;A;AT;0.3833329975605011;130
100..300;12;132064755;G;A;0.1627119928598404;220
100..300;12;132139773;C;G;0.3306449949741363;235
100..300;12;132140150;G;C;0.25;190
100..300;12;132141339;T;C;0.2045450061559677;290
100..300;12;132197268;G;A;0.2213740050792694;110
100..300;12;132199225;T;C;0.2067310065031051;160
100..300;12;132604155;T;C;0.1547279953956604;290
100..300;12;132625629;A;G;0.2422679960727691;170
100..300;12;132632300;T;C;0.5378149747848511;130
100..300;12;132643245;C;T;0.490323007106781;150
100..300;12;132643940;C;T;0.2195120006799698;165
100..300;12;132659414;T;C;0.4615379869937897;165
100..300;12;132681251;A;C;0.21875;165
100..300;12;132728018;T;C;0.1500000059604644;115
100..300;12;132754873;C;G;0.1843750029802322;260
100..300;12;132786420;A;G;0.3859649896621704;165
100..300;12;132851656;A;G;0.473684012889862;215
100..300;12;133063073;A;G;0.2511009871959686;200
100..300;12;133151899;C;A;0.1597220003604889;110
100..300;12;133191482;G;A;0.2831859886646271;100
100..300;12;133225713;C;T;0.1919640004634857;180
100..300;12;133234294;T;C;0.2722769975662231;170
100..300;13;18946930;A;G;0.1951220035552978;135
100..300;13;19051200;A;G;0.2578119933605194;105
100..300;13;19051230;G;A;0.2399999946355819;125
100..300;13;19126502;T;C;0.3008129894733429;105
100..300;13;19173851;T;C;0.2747249901294708;170
100..300;13;19173898;T;C;0.2610290050506592;235
100..300;13;19177554;G;A;0.2307689934968948;290
100..300;13;19178398;C;CAA;0.2621360123157501;195
100..300;13;19179414;T;C;0.2321429997682571;255
100..300;13;19179435;G;A;0.2212889939546585;265
100..300;13;19369630;G;A;0.1777780055999755;135
100..300;13;19382513;C;T;0.181547999382019;255
100..300;13;19382831;C;G;0.2769230008125305;235
100..300;13;19382860;C;T;0.2883900105953216;245
100..300;13;19394878;C;T;0.2727270126342773;100
100..300;13;19394888;C;G;0.2571429908275604;115
100..300;13;19394916;C;T;0.2547770142555237;135
100..300;13;19564790;G;A;0.4540539979934692;180
100..300;13;19650247;G;A;0.2925530076026916;155
100..300;13;19661852;C;T;0.1818179935216903;130
100..300;13;19751326;T;C;0.2304150015115738;135
100..300;13;19838881;C;T;0.1948049962520599;235
100..300;13;19851771;A;C;0.1732670068740844;165
100..300;13;19851808;C;T;0.15625;155
100..300;13;20142272;T;C;0.2105260044336319;130
100..300;13;20512460;A;G;0.2976189851760864;140
100..300;13;21287727;A;G;0.5357139706611633;125
100..300;13;23134284;A;G;0.6395350098609924;100
100..300;13;23354532;T;C;0.2771080136299133;150
100..300;13;23756612;A;G;0.1764709949493408;180
100..300;13;23896900;G;T;0.1479099988937378;105
100..300;13;23896909;T;C;0.142424002289772;120
100..300;13;23941368;T;C;0.2423080056905746;210
100..300;13;23941485;A;G;0.2708329856395721;135
100..300;13;24223648;A;G;0.1904760003089904;210
100..300;13;24223775;T;C;0.2690579891204834;200
100..300;13;24321421;G;A;0.3755460083484649;110
100..300;13;24449798;T;C;0.2481199949979782;105
100..300;13;24455080;T;C;0.1813949942588806;170
100..300;13;24459089;G;A;0.2480619996786117;110
100..300;13;24459255;C;G;0.1983470022678375;100
100..300;13;24486175;G;A;0.2991069853305816;185
100..300;13;24494670;T;A;0.1401270031929016;115
100..300;13;24698732;T;C;0.5907170176506042;250
100..300;13;25267878;G;C;0.1666669994592666;220
100..300;13;25469044;C;A;0.1970259994268417;205
100..300;13;25551513;A;G;0.3291929960250854;150
100..300;13;25570758;T;C;0.3195270001888275;145
100..300;13;25699265;A;C;0.2236839979887008;250
100..300;13;26213977;G;A;0.2270530015230178;185
100..300;13;26676686;C;T;0.2215909957885742;145
100..300;13;26680030;C;T;0.2222220003604889;150
100..300;13;27253824;C;T;0.2111800014972686;130
100..300;13;27273029;T;C;0.202796995639801;130
100..300;13;27569092;G;A;0.3284670114517212;130
100..300;13;27988468;G;T;0.2292989939451217;130
100..300;13;28037245;G;T;0.3636359870433807;155
100..300;13;28049622;T;C;0.2254340052604675;155
100..300;13;28107818;G;C;0.1959999948740005;200
100..300;13;29306932;A;C;0.1647060066461563;125
100..300;13;29535802;A;G;0.3392859995365143;105
100..300;13;30646969;T;C;0.3358210027217865;125
100..300;13;30921021;A;G;0.2408380061388015;160
100..300;13;31778577;G;A;0.161764994263649;105
100..300;13;31933289;C;T;0.3706290125846863;130
100..300;13;32101959;T;C;0.215827003121376;105
100..300;13;32135016;C;A;0.3401359915733337;145
100..300;13;32173517;A;C;0.3007520139217376;120
100..300;13;32202016;C;T;0.257310003042221;140
100..300;13;32202479;A;T;0.2184469997882843;165
100..300;13;32310634;C;T;0.699999988079071;155
100..300;13;32311517;C;T;0.5306119918823242;165
100..300;13;32337751;G;A;0.3082709908485412;125
100..300;13;32355095;G;A;0.1735849976539611;210
100..300;13;32362509;C;T;0.8021979928016663;115
100..300;13;33054001;G;T;0.4919790029525757;205
100..300;13;33054056;C;G;0.526881992816925;215
100..300;13;33054102;A;G;0.4791670143604278;210
100..300;13;33126237;G;T;0.5259739756584167;160
100..300;13;33129519;C;T;0.6213020086288452;200
100..300;13;33129928;C;T;0.4961830079555511;285
100..300;13;35646242;A;C;0.2237759977579116;120
100..300;13;35810894;T;G;0.2627120018005371;195
100..300;13;35822894;G;C;0.3032790124416351;110
100..300;13;35827701;G;A;0.1813949942588806;165
100..300;13;35827772;C;T;0.6363639831542969;115
100..300;13;36170663;A;G;0.229436993598938;200
100..300;13;38690553;C;T;0.2261310070753097;175
100..300;13;38968394;C;A;0.3304350078105926;100
100..300;13;38976527;T;G;0.3496930003166199;155
100..300;13;39012206;C;G;0.2817679941654205;155
100..300;13;39013029;G;A;0.2721090018749237;260
100..300;13;39013540;G;A;0.3148939907550812;220
100..300;13;39013728;C;A;0.2791669964790344;210
100..300;13;39013752;C;T;0.2727270126342773;205
100..300;13;39655754;A;G;0.1347150057554245;140
100..300;13;39655820;A;T;0.1944440007209777;175
100..300;13;39656157;C;T;0.1229050010442733;130
100..300;13;40621274;A;G;0.6237620115280151;110
100..300;13;40799118;A;G;0.1911260038614273;240
100..300;13;40805136;T;C;0.2105260044336319;180
100..300;13;40941235;T;C;0.1953119933605194;210
100..300;13;41611560;C;T;0.2387100011110305;130
100..300;13;42070444;T;A;0.3285019993782043;195
100..300;13;42127581;G;A;0.3513509929180145;135
100..300;13;42129546;C;T;1.15516996383667;105
100..300;13;42155305;T;C;0.2429379969835281;150
100..300;13;42895075;A;G;0.6444439888000488;100
100..300;13;43029735;T;C;0.625;120
100..300;13;43968535;T;C;0.1956519931554794;100
100..300;13;44434011;C;T;0.2289720028638839;165
100..300;13;44575309;C;T;0.2125439941883087;245
100..300;13;45436334;C;A;0.160193994641304;175
100..300;13;45436541;T;C;0.1553400009870529;245
100..300;13;46098735;T;A;0.2300889939069748;190
100..300;13;46098739;A;C;0.2300889939069748;200
100..300;13;46098786;C;G;0.2269230037927627;205
100..300;13;46257136;T;A;0.3260070085525512;245
100..300;13;46259015;C;A;0.1695909947156906;125
100..300;13;46259032;T;C;0.1639340072870254;130
100..300;13;46834899;A;G;0.2905029952526092;150
100..300;13;48317100;G;A;0.2960529923439026;135
100..300;13;49464073;T;C;0.2222220003604889;175
100..300;13;49506691;T;G;0.186147004365921;175
100..300;13;49541661;G;A;0.375;105
100..300;13;49551486;T;C;0.638297975063324;110
100..300;13;49559963;C;T;0.5144510269165039;165
100..300;13;49560014;G;A;0.5425530076026917;180
100..300;13;49567226;A;G;0.5472970008850098;145
100..300;13;49892325;G;A;0.3220970034599304;195
100..300;13;51162055;G;A;0.1932770013809204;105
100..300;13;51799678;C;G;0.5566040277481079;110
100..300;13;51865994;G;A;0.3055559992790222;205
100..300;13;51908474;A;G;0.134670004248619;125
100..300;13;51908600;G;A;0.167043000459671;215
100..300;13;51934843;T;C;0.1845490038394928;190
100..300;13;51966733;A;G;0.1868689954280853;160
100..300;13;51970669;G;C;0.3093219995498657;215
100..300;13;51974004;C;A;0.2423080056905746;235
100..300;13;52135802;C;A;0.295181006193161;140
100..300;13;52643358;G;A;0.2252960056066513;175
100..300;13;52848418;G;A;0.1761659979820251;155
100..300;13;53028942;C;T;0.2429579943418502;230
100..300;13;53408998;C;G;0.1758240014314651;160
100..300;13;53409016;A;G;0.1853930056095123;155
100..300;13;53409021;T;C;0.1864410042762756;150
100..300;13;58528741;C;T;0.3263599872589111;225
100..300;13;58530676;G;C;0.224599003791809;285
100..300;13;59666695;T;C;0.3103449940681457;235
100..300;13;59666827;T;C;0.2606059908866882;150
100..300;13;60637743;G;T;0.2946859896183014;185
100..300;13;70924120;A;G;0.2311560064554214;175
100..300;13;70924211;T;G;0.3296700119972229;165
100..300;13;72755220;A;G;0.2307689934968948;145
100..300;13;72775221;C;G;0.2177419960498809;100
100..300;13;75326374;A;G;0.2222220003604889;205
100..300;13;75341125;C;A;0.2420379966497421;125
100..300;13;76259548;G;A;0.3118810057640075;165
100..300;13;76957226;T;C;0.3095239996910095;225
100..300;13;76987124;C;T;0.2596150040626526;100
100..300;13;77000848;G;A;0.375;110
100..300;13;77059507;A;G;0.3664120137691498;110
100..300;13;77604415;A;G;0.1493510007858276;110
100..300;13;80337376;A;G;0.1928569972515106;235
100..300;13;89361587;C;G;0.2582780122756958;135
100..300;13;89362235;A;C;0.2193550020456314;130
100..300;13;89991965;T;G;0.1521739959716797;115
100..300;13;89992074;A;G;0.2573530077934265;125
100..300;13;89992657;A;G;0.281480997800827;130
100..300;13;90230483;A;G;0.1231879964470863;105
100..300;13;90231129;G;C;0.2336959987878799;160
100..300;13;90231615;A;C;0.1224490031599998;110
100..300;13;94382495;A;G;0.3162789940834045;185
100..300;13;94711792;G;C;0.1336030066013336;185
100..300;13;94758442;G;C;0.2736839950084686;180
100..300;13;95587551;A;G;0.2289160043001175;145
100..300;13;97992999;G;A;0.3007520139217376;125
100..300;13;98390136;C;T;0.4415580034255981;155
100..300;13;98395734;A;G;0.699999988079071;250
100..300;13;98395772;C;T;0.6975610256195068;245
100..300;13;98640887;T;G;0.1619430035352707;200
100..300;13;98884963;T;G;0.8691589832305908;130
100..300;13;98888141;G;A;0.8111109733581543;115
100..300;13;98902308;T;C;0.1656800061464309;140
100..300;13;98914181;A;G;0.828125;170
100..300;13;98923314;A;G;0.2553189992904663;150
100..300;13;100635086;T;C;0.619047999382019;220
100..300;13;100636738;T;C;0.6967210173606873;140
100..300;13;100670368;C;G;0.5155280232429504;155
100..300;13;101067948;G;T;0.5932199954986572;125
100..300;13;105489886;T;C;0.2533330023288727;125
100..300;13;106663811;C;T;0.6629210114479065;105
100..300;13;106714750;ACTGCTGCTG;A;4.090909957885742;190
100..300;13;108844465;C;T;0.2666670083999634;120
100..300;13;109783567;A;G;0.2086959928274154;175
100..300;13;110161362;A;G;0.4921880066394806;130
100..300;13;110198495;G;A;0.4438199996948242;180
100..300;13;110206722;C;G;0.6949149966239929;140
100..300;13;110450371;T;C;0.173333004117012;225
100..300;13;110469273;T;C;0.517441987991333;170
100..300;13;110480209;T;C;0.3636359870433807;105
100..300;13;110503432;A;G;0.2769230008125305;165
100..300;13;110508071;T;C;0.1828909963369369;270
100..300;13;110687754;A;T;0.1652889996767044;100
100..300;13;110937240;C;G;0.690322995185852;195
100..300;13;110937681;G;A;0.6744189858436584;150
100..300;13;110938918;A;G;0.7219250202178955;225
100..300;13;112819284;C;CAT;0.2808220088481903;130
100..300;13;113066162;T;C;0.236842006444931;150
100..300;13;113325565;A;G;0.1970800012350082;115
100..300;13;113799443;C;T;0.2154469937086105;195
100..300;13;113839885;A;G;0.2587409913539886;130
100..300;14;19827468;G;C;0.1569229960441589;275
100..300;14;19936577;A;G;0.2155690044164657;140
100..300;14;19936608;G;A;0.234375;110
100..300;14;19975784;G;A;0.2592589855194092;120
100..300;14;19975853;T;A;0.2081629931926727;195
100..300;14;19975867;G;T;0.1975809931755066;205
100..300;14;19976034;C;A;0.448648989200592;185
100..300;14;19976282;A;C;0.218542993068695;135
100..300;14;19976429;C;T;0.3173649907112121;140
100..300;14;19976448;G;C;0.3312880098819732;135
100..300;14;20002693;C;CT;0.3179920017719269;260
100..300;14;20060091;T;G;0.2361110001802444;130
100..300;14;20060162;G;A;0.25;150
100..300;14;20060203;G;A;;150
100..300;14;20060289;T;TCATAGATTTGCTCACTGAC;0.2830190062522888;170
100..300;14;20060523;C;T;0.2863849997520447;190
100..300;14;20197631;A;T;0.5898879766464233;200
100..300;14;20197681;A;G;0.5691490173339844;210
100..300;14;20224436;C;G;0.204254999756813;200
100..300;14;20229430;T;C;0.328357994556427;130
100..300;14;20383654;C;G;0.2333330065011978;155
100..300;14;21087322;A;G;0.2429910004138946;185
100..300;14;21162664;T;C;0.251255989074707;165
100..300;14;21317631;A;G;0.2774569988250732;160
100..300;14;21499294;A;G;0.2448980063199997;135
100..300;14;21525364;G;A;0.2482270002365112;240
100..300;14;21570079;T;G;0.2327589988708496;210
100..300;14;21602747;T;G;0.2059929966926574;220
100..300;14;21602793;A;G;0.1782609969377517;185
100..300;14;21665635;G;A;0.2624430060386657;205
100..300;14;22086736;C;T;0.3237409889698028;135
100..300;14;22105548;A;T;0.5192310214042664;130
100..300;14;22105548;TA;T;0.5192310214042664;130
100..300;14;22455296;T;C;0.2014929950237274;105
100..300;14;22469569;T;A;0.1722220033407211;140
100..300;14;22478914;T;C;0.2105260044336319;130
100..300;14;22545118;G;C;0.1686049997806549;130
100..300;14;22634064;G;A;0.3296299874782562;250
100..300;14;22634135;T;C;0.3079850077629089;245
100..300;14;22634450;T;C;0.3254719972610473;260
100..300;14;22771119;A;T;0.2019869983196258;240
100..300;14;22771504;TAGC;T;0.2012200057506561;160
100..300;14;22778903;G;A;0.1666669994592666;200
100..300;14;22829926;T;G;0.4054050147533417;140
100..300;14;22842737;A;G;0.2631579935550689;105
100..300;14;22843385;A;G;0.1887760013341903;160
100..300;14;22843714;C;T;0.220657005906105;175
100..300;14;22884857;C;G;0.2006369978189468;255
100..300;14;23138037;A;C;0.2684209942817688;160
100..300;14;23307890;A;G;0.5058140158653259;180
100..300;14;23423679;G;A;0.1891030073165893;245
100..300;14;23429818;T;C;0.1710039973258972;200
100..300;14;23563818;A;G;0.3520410060882568;175
100..300;14;23750320;A;G;0.2795700132846832;170
100..300;14;24051009;C;T;0.1978610008955001;140
100..300;14;24053702;G;C;0.2578620016574859;135
100..300;14;24054385;A;G;0.3422819972038269;135
100..300;14;24074599;C;G;0.3177970051765442;205
100..300;14;24076157;C;T;0.2369479984045028;200
100..300;14;24145210;T;A;0.2683979868888855;180
100..300;14;24184317;C;G;0.1932770013809204;195
100..300;14;24213408;G;C;0.1494249999523162;135
100..300;14;24409279;A;G;0.2036200016736984;185
100..300;14;24428000;G;C;0.3161759972572326;130
100..300;14;24432227;T;C;0.243160992860794;290
100..300;14;24507368;C;T;0.3146069943904876;155
100..300;14;24631076;G;A;0.1933699995279312;140
100..300;14;24632423;C;T;0.1311479955911636;210
100..300;14;24634203;C;T;0.254826009273529;220
100..300;14;24634208;A;G;0.267441987991333;220
100..300;14;25267192;T;C;0.2059929966926574;195
100..300;14;25267262;C;G;0.2252250015735626;185
100..300;14;28264637;C;A;0.1659390032291412;195
100..300;14;28264641;A;G;0.1659390032291412;195
100..300;14;28264750;A;G;0.160642996430397;205
100..300;14;30906116;T;A;0.7058820128440857;130
100..300;14;30912145;C;T;0.5971220135688782;145
100..300;14;30956251;T;A;0.2460319995880127;100
100..300;14;31109556;T;C;0.2092200070619583;230
100..300;14;31129042;G;A;0.1809950023889541;185
100..300;14;31129221;C;T;0.2034880071878433;140
100..300;14;31150186;C;T;0.2316379994153976;150
100..300;14;32637966;G;A;0.2164179980754852;105
100..300;14;34629893;G;A;0.4110429883003235;150
100..300;14;34740374;C;G;0.4390240013599396;140
100..300;14;34740685;A;G;0.7830690145492554;135
100..300;14;34740780;A;G;0.6243659853935242;160
100..300;14;34794777;C;T;0.3406589925289154;160
100..300;14;35077167;C;T;0.3103449940681457;150
100..300;14;35404564;A;G;0.1142859980463981;135
100..300;14;35761018;G;T;0.3738319873809814;110
100..300;14;36759299;T;C;0.2178770005702972;145
100..300;14;39176061;A;T;0.2222220003604889;100
100..300;14;39234120;G;A;0.1333329975605011;155
100..300;14;39294972;C;G;0.2649010121822357;130
100..300;14;39348824;G;A;0.258899986743927;255
100..300;14;39386051;C;T;0.2714290022850036;125
100..300;14;44506307;T;C;0.1915580034255981;255
100..300;14;44934413;C;T;0.1796119958162307;170
100..300;14;47144161;T;G;0.3353660106658935;145
100..300;14;49374173;C;A;0.2526319921016693;170
100..300;14;49988369;C;T;0.2138359993696212;125
100..300;14;50330163;C;G;0.1542550027370453;140
100..300;14;50739427;T;A;0.2520659863948822;195
100..300;14;50760282;G;A;0.2469139993190765;200
100..300;14;51720254;G;A;0.1869920045137405;205
100..300;14;52015199;T;C;0.2419929951429367;240
100..300;14;52027354;A;G;0.2352939993143081;115
100..300;14;52054028;T;G;0.1833910048007965;245
100..300;14;52860450;G;A;0.1779139935970306;130
100..300;14;53991531;C;CTTCTT;0.2248519957065582;155
100..300;14;54991270;C;G;0.2418770045042038;235
100..300;14;55766351;T;G;0.2937850058078766;160
100..300;14;55766542;T;C;0.2992129921913147;230
100..300;14;55766589;T;C;0.249109998345375;250
100..300;14;56296635;T;C;0.2027650028467178;170
100..300;14;56297168;A;G;0.2214290052652359;120
100..300;14;56585793;T;G;0.4131740033626556;165
100..300;14;56609202;T;G;0.134782999753952;180
100..300;14;58004727;G;C;0.21875;180
100..300;14;58138132;C;A;0.2185789942741394;150
100..300;14;58371950;G;A;0.5447149872779846;120
100..300;14;58371983;T;C;0.4722220003604889;100
100..300;14;59475867;T;A;0.3142859935760498;135
100..300;14;59538126;T;C;0.2592589855194092;120
100..300;14;59565278;A;G;0.3617019951343536;130
100..300;14;59576605;A;G;0.2108429968357086;140
100..300;14;60509419;A;G;0.2426040023565292;145
100..300;14;61831964;G;C;0.2528089880943298;165
100..300;14;61832287;C;A;0.2424239963293075;170
100..300;14;61832298;A;G;0.2288559973239898;170
100..300;14;61996048;C;T;0.5092589855194092;115
100..300;14;62283828;T;C;0.4604319930076599;135
100..300;14;62708242;T;C;0.5909090042114258;220
100..300;14;64210033;T;C;0.1518989950418472;245
100..300;14;64442127;A;G;0.4705879986286163;220
100..300;14;64564816;T;C;0.8686869740486145;125
100..300;14;64779238;T;C;0.1301780045032501;120
100..300;14;64779244;G;A;0.1265060007572174;115
100..300;14;64779905;C;T;0.1877930015325546;170
100..300;14;64786514;C;T;0.1978020071983337;230
100..300;14;64787031;T;C;0.2509090006351471;235
100..300;14;64793509;G;T;0.2624109983444214;250
100..300;14;64795408;T;C;0.3387100100517273;170
100..300;14;64796582;T;C;0.2134830057621002;140
100..300;14;64796629;T;C;0.1938779950141906;155
100..300;14;64800751;C;T;0.2488259971141815;170
100..300;14;64804932;G;A;0.2317070066928863;145
100..300;14;65468187;C;A;0.2360250055789947;135
100..300;14;66013050;C;A;0.5627380013465881;260
100..300;14;66013479;A;G;0.2244900017976761;160
100..300;14;66013529;T;C;0.1581629961729049;145
100..300;14;66013530;C;A;0.1581629961729049;145
100..300;14;67569162;G;A;0.1641789972782135;150
100..300;14;67579885;T;C;0.270440012216568;140
100..300;14;67782782;T;C;0.2837840020656585;125
100..300;14;68887943;G;T;0.2573840022087097;215
100..300;14;69054957;A;G;0.1920530050992965;255
100..300;14;69229075;A;G;0.7241380214691162;145
100..300;14;69237836;T;G;0.7006369829177856;185
100..300;14;69527850;T;C;0.2344319969415664;215
100..300;14;69796931;T;C;0.2445259988307953;240
100..300;14;69886100;A;G;0.8368790149688721;165
100..300;14;70013498;A;T;0.7175570130348206;155
100..300;14;70167829;T;C;0.6855670213699341;220
100..300;14;70247244;A;G;0.2569830119609833;145
100..300;14;70247245;C;T;0.2569830119609833;150
100..300;14;70247264;G;A;0.8606560230255127;140
100..300;14;70247374;T;C;0.2380950003862381;115
100..300;14;70247542;G;A;0.6419749855995178;130
100..300;14;70457885;G;T;0.2643170058727264;190
100..300;14;70458784;C;G;0.1915709972381591;185
100..300;14;70584075;C;T;0.1620109975337982;130
100..300;14;70595239;C;T;0.2333330065011978;100
100..300;14;70595524;C;T;0.176828995347023;135
100..300;14;70595626;G;A;0.3098590075969696;130
100..300;14;70595718;T;C;0.2941179871559143;165
100..300;14;70732735;A;G;0.1468749940395355;260
100..300;14;70734462;G;C;0.1470589935779571;170
100..300;14;70734475;C;T;0.1588789969682693;155
100..300;14;72662275;C;T;0.2289160043001175;120
100..300;14;72753312;G;A;0.247748002409935;180
100..300;14;72937972;C;A;0.2384620010852813;110
100..300;14;72938087;A;G;0.2387100011110305;125
100..300;14;72946031;T;C;0.1989250034093856;145
100..300;14;72955642;G;T;0.2771080136299133;220
100..300;14;72958607;T;C;0.20796500146389;200
100..300;14;73260801;G;T;0.2932330071926117;155
100..300;14;73595264;C;T;0.4369750022888183;250
100..300;14;73617142;T;C;0.1620550006628036;195
100..300;14;73619711;A;G;0.1894740015268325;150
100..300;14;73729878;A;G;0.1418920010328292;225
100..300;14;73988110;A;C;0.2831330001354217;150
100..300;14;74057166;G;A;0.2133889943361282;210
100..300;14;74057246;A;G;0.2086959928274154;265
100..300;14;74245180;T;C;0.12568299472332;135
100..300;14;74357299;T;C;0.2337280064821243;295
100..300;14;74526097;G;A;0.2249999940395355;155
100..300;14;74764250;T;C;0.1643839925527572;240
100..300;14;74781799;A;G;0.2155690044164657;280
100..300;14;75280166;A;G;0.2709920108318329;230
100..300;14;75280555;C;T;0.3669059872627258;140
100..300;14;75579348;T;C;0.1980520039796829;265
100..300;14;76310914;T;C;0.2666670083999634;145
100..300;14;76828587;A;G;0.1867090016603469;260
100..300;14;76837991;A;G;0.2228260040283203;150
100..300;14;77251895;T;C;0.2327039986848831;135
100..300;14;77326864;A;G;0.2159619927406311;175
100..300;14;77330298;A;G;0.1477829962968826;155
100..300;14;77377628;T;C;0.1974110007286071;255
100..300;14;77377922;A;G;0.2244219928979873;255
100..300;14;77378249;A;T;0.25;275
100..300;14;77413962;T;C;0.245398998260498;135
100..300;14;77673986;A;G;0.2076919972896576;220
100..300;14;77674012;A;T;0.2357410043478012;220
100..300;14;77683351;G;C;0.1413609981536865;150
100..300;14;77718223;A;C;0.1805559992790222;240
100..300;14;77718318;G;T;0.2191780060529709;255
100..300;14;77768453;T;C;0.2020200043916702;125
100..300;14;85622971;A;G;0.164122000336647;215
100..300;14;88385844;A;G;0.1818179935216903;155
100..300;14;89932563;A;G;0.2461539953947067;100
100..300;14;90107708;A;C;0.187049999833107;115
100..300;14;90279078;C;T;0.3867399990558624;165
100..300;14;91215544;A;G;0.2058819979429245;105
100..300;14;91297293;T;C;0.1883119940757751;135
100..300;14;91374725;G;A;0.2300000041723251;160
100..300;14;92121658;G;T;0.1437699943780899;255
100..300;14;92454027;T;C;0.5963860154151917;180
100..300;14;92932736;A;G;0.1872909963130951;245
100..300;14;92932824;A;G;0.1266970038414001;185
100..300;14;93956948;C;T;0.2437810003757476;170
100..300;14;94283955;A;G;0.1635220050811767;125
100..300;14;94306092;A;G;0.2284770011901855;240
100..300;14;94366459;A;G;0.6153849959373474;285
100..300;14;94446462;A;G;0.2474579960107803;250
100..300;14;94446559;G;T;0.2900429964065552;205
100..300;14;95407315;C;A;0.8425930142402649;135
100..300;14;95439984;A;G;0.613332986831665;230
100..300;14;95452229;T;C;0.2322580069303512;130
100..300;14;95452288;C;T;0.5573769807815552;185
100..300;14;95922836;G;A;0.221557006239891;135
100..300;14;96086522;C;G;0.2708329856395721;130
100..300;14;96305722;A;T;0.2765960097312927;195
100..300;14;96362965;T;C;0.1410260051488876;110
100..300;14;96833516;G;A;0.2175730019807815;200
100..300;14;98716289;C;T;0.2546820044517517;225
100..300;14;98973311;A;G;0.6096259951591492;210
100..300;14;99909370;T;C;0.2815530002117157;175
100..300;14;100141258;T;C;0.204818993806839;135
100..300;14;100334994;T;C;0.2448129951953888;190
100..300;14;100538878;C;T;0.1350210011005401;175
100..300;14;100538899;G;A;0.1233479976654052;175
100..300;14;100550487;G;A;0.2463770061731338;115
100..300;14;102348705;T;C;0.2533940076828003;180
100..300;14;102434864;G;A;0.6987950205802917;210
100..300;14;102871987;A;T;0.2317879945039749;125
100..300;14;102875712;C;T;0.2312929928302765;125
100..300;14;102974136;C;G;0.5350000262260437;190
100..300;14;103100448;T;C;0.221013993024826;230
100..300;14;103100498;G;C;0.2181069999933242;205
100..300;14;103102277;A;T;0.1356779932975769;145
100..300;14;103108377;T;C;0.2569440007209778;125
100..300;14;103130128;T;C;0.2179490029811859;130
100..300;14;103339633;C;T;0.2583329975605011;100
100..300;14;103465542;G;A;0.2820509970188141;115
100..300;14;104174144;C;G;0.198863998055458;140
100..300;14;104712857;C;T;0.5107529759407043;185
100..300;14;104714228;C;T;0.4468089938163757;190
100..300;14;104714369;G;A;0.4960939884185791;265
100..300;14;105150705;T;C;0.2182539999485016;215
100..300;14;105221745;T;C;0.2916670143604278;195
100..300;15;22943162;C;T;0.2782610058784485;200
100..300;15;24508923;A;G;0.5703700184822083;140
100..300;15;25679947;G;C;0.8288289904594421;145
100..300;15;25681039;A;G;0.5374450087547302;235
100..300;15;25681051;G;C;0.2280700057744979;235
100..300;15;25681057;G;C;0.2238270044326782;230
100..300;15;25708295;T;C;0.251908004283905;105
100..300;15;25971227;C;G;0.2375690042972564;140
100..300;15;26939288;T;C;0.2318840026855468;120
100..300;15;26939335;T;C;0.2000000029802322;145
100..300;15;26939370;A;G;0.2471909970045089;145
100..300;15;26943312;T;C;0.2386830002069473;205
100..300;15;27327045;A;G;0.2105260044336319;100
100..300;15;27328788;T;C;0.1581629961729049;145
100..300;15;27328821;C;T;0.1749999970197677;180
100..300;15;27871136;C;T;0.203125;155
100..300;15;27896158;A;G;0.2042250037193298;125
100..300;15;30005534;T;C;0.3315789997577667;180
100..300;15;30005555;A;G;0.25;165
100..300;15;30005618;C;G;1.123460054397583;130
100..300;15;31050541;T;C;0.3593220114707947;260
100..300;15;32101283;CT;C;1.6896599531173706;160
100..300;15;32101283;CTT;C;0.534483015537262;160
100..300;15;32101283;C;CT;0.1034480035305023;160
100..300;15;32633025;G;T;0.2802200019359588;155
100..300;15;32898822;G;A;0.2247190028429031;145
100..300;15;33067169;T;C;0.2481199949979782;240
100..300;15;33088784;C;A;0.2094590067863464;120
100..300;15;33088799;T;A;0.2011830061674118;135
100..300;15;33601568;T;C;0.8433730006217957;105
100..300;15;33823080;T;C;0.2459020018577575;155
100..300;15;34342117;A;G;0.3197279870510101;130
100..300;15;34981419;T;C;0.2433629930019378;190
100..300;15;39021201;G;C;0.2538459897041321;110
100..300;15;39254327;C;G;0.2013420015573501;115
100..300;15;39272092;A;G;0.2044200003147125;145
100..300;15;39272093;T;C;0.2044200003147125;145
100..300;15;40272854;A;G;0.702127993106842;175
100..300;15;40303364;T;C;0.1515150070190429;200
100..300;15;40364523;T;C;0.2555559873580932;150
100..300;15;40557209;T;C;0.172093003988266;180
100..300;15;40900342;T;C;0.2204719930887222;220
100..300;15;41016167;C;A;0.2556819915771484;150
100..300;15;41507513;T;C;0.1754390001296997;185
100..300;15;41521081;T;C;0.1892859935760498;235
100..300;15;41565018;A;G;0.2356690019369125;120
100..300;15;41568292;A;T;0.1201720014214515;175
100..300;15;41699117;T;A;0.5151519775390625;130
100..300;15;41734566;T;C;0.4354839920997619;110
100..300;15;41749514;A;G;0.700980007648468;245
100..300;15;41841899;T;C;0.2709679901599884;125
100..300;15;41842173;C;G;0.6633660197257996;105
100..300;15;41843790;T;C;0.6048780083656311;215
100..300;15;41844838;C;CT;0.1550389975309372;110
100..300;15;41845084;A;G;0.450980007648468;160
100..300;15;41846258;A;G;0.1886119991540908;230
100..300;15;41846840;A;G;0.5629630088806152;145
100..300;15;41847444;T;C;0.2232140004634857;280
100..300;15;41853738;C;G;0.2391300052404403;195
100..300;15;41856602;T;C;0.2122640013694763;180
100..300;15;41857398;G;C;0.195945993065834;235
100..300;15;41858690;A;G;0.21875;175
100..300;15;41866175;A;G;0.1599999964237213;180
100..300;15;41867092;T;C;0.183908000588417;140
100..300;15;41874302;T;C;0.1924879997968673;170
100..300;15;41876202;T;C;0.240677997469902;230
100..300;15;42070100;G;T;0.2677170038223266;115
100..300;15;42071130;A;G;0.2335029989480972;180
100..300;15;42079554;T;A;0.2658230066299438;210
100..300;15;42081612;C;G;0.2857140004634857;215
100..300;15;42147178;A;G;0.1383399963378906;195
100..300;15;42878595;G;A;0.6414139866828918;205
100..300;15;42878625;T;C;0.579787015914917;195
100..300;15;43239213;C;G;0.6727269887924194;180
100..300;15;43268238;T;C;0.3852460086345672;120
100..300;15;43361124;A;G;0.1836729943752288;160
100..300;15;43366737;T;C;0.1700399965047836;200
100..300;15;43369604;C;T;0.5454549789428711;125
100..300;15;43415610;T;A;0.2366070002317428;195
100..300;15;43432448;G;T;0.6953120231628418;160
100..300;15;43456106;G;A;0.534591019153595;170
100..300;15;43469998;T;C;0.2098210006952285;175
100..300;15;43475576;C;G;0.5573769807815552;130
100..300;15;43492277;T;C;0.2085890024900436;135
100..300;15;43523801;T;C;0.2242989987134933;180
100..300;15;43524719;A;G;0.6380950212478638;240
100..300;15;43525206;A;G;0.2819379866123199;265
100..300;15;43525208;C;T;0.2819379866123199;260
100..300;15;43600649;C;G;0.2735430002212524;175
100..300;15;43600695;G;A;0.3499999940395355;130
100..300;15;43647444;T;C;0.1886789947748184;170
100..300;15;43776871;C;G;0.189189001917839;110
100..300;15;43801729;C;T;0.2352939993143081;185
100..300;15;43809812;C;A;0.2695040106773376;240
100..300;15;43905851;G;A;0.2857140004634857;185
100..300;15;45136514;T;C;0.2904410064220428;260
100..300;15;45164908;T;G;0.2476640045642852;185
100..300;15;47765874;A;G;0.6882349848747253;200
100..300;15;48992550;T;TTCC;0.2418300062417984;165
100..300;15;49866498;A;C;0.2026139944791793;130
100..300;15;49920375;T;G;0.2994920015335083;160
100..300;15;50182703;T;C;0.2281550019979477;185
100..300;15;50263347;A;G;0.2638300061225891;190
100..300;15;50945713;C;T;0.1971829980611801;115
100..300;15;51218505;A;T;0.3118810057640075;180
100..300;15;51218671;C;A;0.2285709977149963;120
100..300;15;51236915;C;T;0.2598870098590851;140
100..300;15;51383428;T;C;0.2885909974575043;125
100..300;15;51401616;A;G;0.2546299993991852;185
100..300;15;51465629;C;T;0.2234040051698684;155
100..300;15;51491623;C;T;0.2592589855194092;155
100..300;15;51499362;G;A;0.2318840026855468;185
100..300;15;51502975;A;G;0.2021860033273697;150
100..300;15;51622465;A;G;0.2352939993143081;175
100..300;15;51622519;C;T;0.1739130020141601;175
100..300;15;51954468;A;G;0.2044200003147125;145
100..300;15;52061301;G;C;0.257310003042221;145
100..300;15;52275654;A;G;0.168950006365776;175
100..300;15;53710894;A;G;0.2176470011472702;130
100..300;15;54237572;T;C;0.1943569928407669;250
100..300;15;54321483;T;C;0.8210530281066895;115
100..300;15;55915613;G;T;0.3105590045452118;150
100..300;15;55916337;A;G;0.3225809931755066;145
100..300;15;55993497;T;C;0.1933699995279312;130
100..300;15;56071433;A;G;0.2670449912548065;155
100..300;15;56071500;G;A;0.2369939982891082;150
100..300;15;57247056;C;G;0.171875;105
100..300;15;57963929;T;C;0.6666669845581055;150
100..300;15;58279202;T;A;0.2992700040340423;120
100..300;15;59224676;T;C;0.1194029971957206;100
100..300;15;60361006;A;C;0.1968089938163757;145
100..300;15;62260361;A;G;0.5068489909172058;150
100..300;15;62819540;C;T;0.240566000342369;175
100..300;15;62835784;A;G;0.1598169952630996;170
100..300;15;62838918;A;T;0.2922370135784149;195
100..300;15;63156581;G;C;0.1715980023145675;135
100..300;15;63256588;A;G;0.1544120013713836;105
100..300;15;63600712;A;G;0.4307689964771271;125
100..300;15;63626108;C;G;0.2969430088996887;200
100..300;15;63630553;A;T;0.5561220049858093;205
100..300;15;63640314;C;G;0.800000011920929;210
100..300;15;63642950;G;A;0.8333330154418945;105
100..300;15;63645010;G;C;0.8942310214042664;125
100..300;15;63656169;T;C;0.161653995513916;215
100..300;15;63661830;T;C;0.5396040081977844;215
100..300;15;63678257;C;T;0.8089169859886169;185
100..300;15;63692573;C;T;0.6354169845581055;100
100..300;15;63696158;G;C;0.650406002998352;140
100..300;15;63703224;T;C;0.6258990168571472;155
100..300;15;64127175;T;G;0.2478629946708679;100
100..300;15;64216564;A;G;0.2254340052604675;135
100..300;15;64414133;G;A;0.1588789969682693;160
100..300;15;64529299;G;A;0.2131980061531067;175
100..300;15;64675455;T;C;0.1753250062465667;255
100..300;15;64819837;T;C;0.1754390001296997;125
100..300;15;64821294;A;G;0.6390979886054993;155
100..300;15;64822557;T;C;0.1312060058116912;210
100..300;15;64934241;G;A;0.3043479919433594;115
100..300;15;65003167;T;C;0.1963469982147216;175
100..300;15;65004923;T;C;0.2677170038223266;100
100..300;15;65055067;A;G;0.2490569949150085;235
100..300;15;65078012;T;C;;215
100..300;15;65260908;T;C;0.328357994556427;180
100..300;15;65329706;A;C;0.1730770021677017;175
100..300;15;65624189;T;A;0.48471599817276;230
100..300;15;66329008;G;A;0.2361110001802444;175
100..300;15;66337056;C;T;0.2028300017118454;170
100..300;15;67000858;C;T;0.3505750000476837;150
100..300;15;68321440;T;G;0.190871000289917;185
100..300;15;68321449;G;A;0.1806720048189163;180
100..300;15;69035886;T;C;0.1897809952497482;215
100..300;15;69803416;T;C;0.2557249963283539;225
100..300;15;70859747;T;C;0.1693989932537078;150
100..300;15;70891939;T;G;0.6093019843101501;240
100..300;15;70892156;G;A;0.5212119817733765;165
100..300;15;71256656;T;C;0.2773720026016235;115
100..300;15;71599876;G;A;0.1990740001201629;175
100..300;15;71660560;A;G;0.2401960045099258;175
100..300;15;71748435;T;C;0.676692008972168;155
100..300;15;72686211;T;C;0.2663039863109588;150
100..300;15;73740442;G;A;0.4416239857673645;190
100..300;15;73985454;C;T;0.2941179871559143;175
100..300;15;74330337;A;G;0.2275860011577606;120
100..300;15;75336073;T;C;0.1583330035209655;190
100..300;15;76005791;G;A;0.3421050012111664;110
100..300;15;76202194;A;C;0.1727270036935806;170
100..300;15;77896733;A;G;0.1726190000772476;185
100..300;15;77897298;G;A;0.2421520054340362;165
100..300;15;77985260;T;C;0.1351349949836731;170
100..300;15;77985812;C;T;0.2739729881286621;180
100..300;15;77986142;A;G;0.3030300140380859;210
100..300;15;78098567;T;C;0.3045980036258697;155
100..300;15;78105804;A;G;0.1688649952411651;285
100..300;15;78280417;G;A;0.1857140064239502;165
100..300;15;78776779;G;A;0.6447370052337646;160
100..300;15;78894130;T;C;0.2258059978485107;115
100..300;15;79236371;G;A;0.2481199949979782;230
100..300;15;79456231;A;G;0.1794870048761367;240
100..300;15;79457785;G;A;0.2222220003604889;275
100..300;15;79463262;G;A;0.211678996682167;220
100..300;15;80158047;A;G;0.3426569998264313;125
100..300;15;81300461;G;A;0.1717170029878616;235
100..300;15;81305928;G;T;0.2690579891204834;200
100..300;15;81306075;A;G;0.1721850037574768;250
100..300;15;82043591;G;A;0.1140680015087127;200
100..300;15;82045282;T;C;0.2217389941215515;190
100..300;15;82138804;T;C;0.2865499854087829;150
100..300;15;82151813;T;G;0.1981569975614547;190
100..300;15;82317590;T;C;0.2357140034437179;115
100..300;15;82533242;T;C;0.201550006866455;105
100..300;15;82573126;G;A;0.2478259950876236;190
100..300;15;82677266;T;TC;0.2721090018749237;125
100..300;15;82759441;A;G;0.2580649852752685;165
100..300;15;82831014;A;G;0.2093019932508468;180
100..300;15;82833313;C;A;0.2471480071544647;225
100..300;15;82833314;G;C;0.2471480071544647;225
100..300;15;82849766;A;G;0.2824069857597351;185
100..300;15;82854635;T;C;0.1870969980955124;135
100..300;15;83942615;C;G;0.2417580038309097;150
100..300;15;83970598;T;C;0.5190479755401611;205
100..300;15;83982433;A;C;0.1906609982252121;210
100..300;15;84037709;T;C;0.2857140004634857;120
100..300;15;84113665;C;A;0.25;115
100..300;15;84399551;A;T;0.1479289978742599;130
100..300;15;84403620;A;G;0.1348309963941574;135
100..300;15;84643606;C;T;0.3079710006713867;235
100..300;15;84655375;T;C;0.2608700096607208;225
100..300;15;84895080;CTTG;C;0.1910109966993332;225
100..300;15;85262481;G;A;0.1825730055570602;150
100..300;15;85579739;C;T;0.2027650028467178;195
100..300;15;85582073;T;C;0.1764709949493408;175
100..300;15;85741111;T;C;0.2190479934215545;165
100..300;15;85743556;T;C;0.2078849971294403;235
100..300;15;88003409;G;C;0.244604006409645;120
100..300;15;88021541;A;G;0.2592589855194092;100
100..300;15;88069284;A;G;0.2592589855194092;100
100..300;15;88119140;A;G;0.2450329959392547;145
100..300;15;88874007;G;A;0.2011660039424896;290
100..300;15;88874398;A;G;0.2576690018177032;140
100..300;15;88878096;G;A;0.6106190085411072;260
100..300;15;88878174;A;G;0.2638440132141113;265
100..300;15;88879055;T;C;0.234604001045227;280
100..300;15;88881350;G;A;0.2181819975376129;145
100..300;15;88887275;T;C;0.2470590025186538;275
100..300;15;88893013;C;T;0.1832669973373413;195
100..300;15;88893064;A;G;0.2081779986619949;215
100..300;15;89193327;C;T;0.1860470026731491;170
100..300;15;89211723;A;G;0.3134329915046692;120
100..300;15;89260812;T;C;0.2619050145149231;100
100..300;15;89274209;A;G;0.2374099940061569;110
100..300;15;89292997;C;G;0.2102269977331161;145
100..300;15;89301457;C;A;0.3963960111141205;105
100..300;15;89315371;C;T;0.3461540043354034;140
100..300;15;89319110;G;A;0.2795700132846832;165
100..300;15;89625462;A;T;0.5080209970474243;210
100..300;15;89627006;T;C;0.521327018737793;215
100..300;15;89645161;T;A;0.3352270126342773;165
100..300;15;89652777;T;C;0.5737699866294861;205
100..300;15;89667032;G;A;0.1977189928293228;205
100..300;15;89688239;A;G;0.6705880165100098;110
100..300;15;89804552;T;C;0.1866669952869415;175
100..300;15;89804561;A;C;0.1838569939136505;175
100..300;15;89804583;A;G;0.1586540043354034;155
100..300;15;89806230;A;G;0.2040130048990249;260
100..300;15;90067575;A;C;0.1762299984693527;190
100..300;15;90079820;C;T;0.2721520066261291;130
100..300;15;90232411;A;G;0.2000000029802322;135
100..300;15;90241698;A;C;0.186147004365921;185
100..300;15;90241828;T;C;0.2000000029802322;225
100..300;15;90295118;T;C;0.1650169938802719;235
100..300;15;90360270;A;G;0.2619929909706116;235
100..300;15;90491327;G;C;0.245508998632431;145
100..300;15;90540121;A;G;0.2611109912395477;155
100..300;15;90885060;T;C;0.75;125
100..300;15;90885359;G;T;0.5726500153541565;255
100..300;15;90885406;A;G;0.5605379939079285;235
100..300;15;92281628;C;T;0.304636001586914;140
100..300;15;92281744;T;C;0.15625;135
100..300;15;92795989;C;T;0.1845020055770874;235
100..300;15;93002704;C;T;0.2690060138702392;145
100..300;15;93024634;C;A;0.191780999302864;250
100..300;15;93045059;A;G;0.2061859965324401;165
100..300;15;93052380;T;C;0.2051279991865158;255
100..300;15;94541859;C;T;0.2763159871101379;130
100..300;15;99258298;C;A;0.2392639964818954;150
100..300;15;99258729;A;G;0.3086419999599457;150
100..300;15;99334110;C;T;0.3181819915771484;175
100..300;15;99729430;C;G;0.2741940021514892;225
100..300;15;99729532;A;G;0.4000000059604645;195
100..300;15;99729544;A;G;0.3654820024967193;195
100..300;15;99792594;C;A;0.6016600131988525;165
100..300;15;99792602;T;C;0.6240000128746033;165
100..300;15;100109043;A;G;0.1877930015325546;165
100..300;15;100152640;G;A;0.2623760104179382;160
100..300;15;100152748;A;G;0.5147929787635803;165
100..300;15;100924710;C;T;0.3415839970111847;180
100..300;16;180579;G;A;0.1312499940395355;110
100..300;16;254515;T;C;0.1616770029067993;270
100..300;16;263407;G;A;0.3092780113220215;175
100..300;16;270584;T;C;0.1739130020141601;180
100..300;16;270630;T;C;0.1875;200
100..300;16;272935;T;C;0.2298389971256256;195
100..300;16;274030;TG;T;0.1969700008630752;225
100..300;16;274052;G;A;0.4652009904384613;260
100..300;16;284543;G;C;0.2046779990196228;145
100..300;16;284580;C;G;0.1933329999446869;130
100..300;16;284732;T;C;0.1814669966697693;205
100..300;16;286421;A;G;0.184685006737709;175
100..300;16;286916;T;C;0.2840240001678467;165
100..300;16;347044;T;G;0.1711030006408691;215
100..300;16;369092;G;A;0.2122450023889541;195
100..300;16;369154;A;G;0.1827239990234375;225
100..300;16;376432;C;T;0.2408159971237182;220
100..300;16;377479;C;T;0.2140219956636428;210
100..300;16;377516;C;T;0.2153279930353164;215
100..300;16;377657;A;G;0.2512080073356628;195
100..300;16;377784;A;G;0.2048610001802444;230
100..300;16;377820;T;C;0.1977189928293228;210
100..300;16;377866;C;T;0.1837839931249618;155
100..300;16;520233;A;G;0.2149839997291565;245
100..300;16;552370;T;C;0.1710530072450637;170
100..300;16;564763;C;T;0.1494249999523162;120
100..300;16;565048;A;G;0.1598359942436218;180
100..300;16;565326;C;T;0.174698993563652;130
100..300;16;574114;G;A;0.1569509953260421;170
100..300;16;574713;T;C;0.1700679957866668;125
100..300;16;576346;C;A;0.4379839897155761;255
100..300;16;580902;G;C;0.1962960064411163;195
100..300;16;583125;C;T;0.5210530161857605;210
100..300;16;583353;C;T;0.6055049896240234;240
100..300;16;583354;A;G;0.6055049896240234;240
100..300;16;627629;C;T;0.1196580007672309;175
100..300;16;631280;T;G;0.2249999940395355;125
100..300;16;631284;T;C;0.1871349960565567;130
100..300;16;631325;G;A;0.2248799949884414;160
100..300;16;632566;C;T;0.2846719920635223;120
100..300;16;651656;T;C;0.1557790040969848;150
100..300;16;655844;C;T;0.2256940007209777;245
100..300;16;656534;A;G;0.2631579935550689;135
100..300;16;658275;A;C;0.139285996556282;205
100..300;16;659001;A;C;0.2147649973630905;235
100..300;16;661326;C;G;0.1767680048942566;170
100..300;16;661582;G;C;0.2365590035915374;185
100..300;16;661712;T;C;0.1420609951019287;265
100..300;16;661905;G;A;0.187279000878334;225
100..300;16;665990;A;G;0.197952002286911;230
100..300;16;667523;T;G;0.2811500132083893;270
100..300;16;672548;G;A;0.2222220003604889;140
100..300;16;676907;T;C;0.211896002292633;230
100..300;16;682287;G;GC;0.640845000743866;165
100..300;16;683424;G;C;0.2364529967308044;170
100..300;16;685794;G;A;0.1516589969396591;175
100..300;16;685921;C;T;0.226743996143341;145
100..300;16;687269;T;C;0.1889400035142898;185
100..300;16;690404;G;C;0.1748249977827072;115
100..300;16;722141;C;G;0.1778659969568252;205
100..300;16;724520;T;C;0.2242150008678436;195
100..300;16;724692;G;A;0.1896550059318542;100
100..300;16;725947;C;G;0.2307689934968948;220
100..300;16;725954;A;C;0.2398370057344436;220
100..300;16;725955;A;C;0.2398370057344436;220
100..300;16;727627;T;C;0.2152779996395111;115
100..300;16;789084;C;A;0.1481480002403259;140
100..300;16;790378;G;A;0.3093920052051544;175
100..300;16;790409;C;T;0.3113769888877868;170
100..300;16;790636;G;C;0.2310609966516494;210
100..300;16;791966;T;C;0.213235005736351;105
100..300;16;792450;T;C;0.1685820072889328;220
100..300;16;792706;A;G;0.2572819888591766;185
100..300;16;792826;G;A;0.2485550045967102;155
100..300;16;797743;T;C;0.158620998263359;115
100..300;16;879711;T;C;0.2295079976320266;195
100..300;16;934113;A;C;0.1853149980306625;230
100..300;16;1202369;T;C;0.1729730069637298;140
100..300;16;1215600;A;G;0.178723007440567;185
100..300;16;1341870;G;C;0.1949689984321594;140
100..300;16;1426329;C;T;0.2358970046043396;160
100..300;16;1453878;A;T;0.1798249930143356;180
100..300;16;1456129;T;C;0.2328359931707382;280
100..300;16;1486371;A;G;0.1838710010051727;250
100..300;16;1487450;G;C;0.3023259937763214;235
100..300;16;1656434;T;C;0.2227489948272705;180
100..300;16;1777835;C;T;0.2020200043916702;160
100..300;16;1786795;A;C;0.1346939951181411;195
100..300;16;1788639;C;T;0.176828995347023;275
100..300;16;1792208;G;A;0.1357139945030212;205
100..300;16;1793671;C;T;0.1583330035209655;165
100..300;16;1978401;C;A;0.1746580004692077;235
100..300;16;1986047;C;T;0.2393160015344619;100
100..300;16;1998795;T;C;0.2192510068416595;155
100..300;16;1998825;G;C;0.2452829927206039;130
100..300;16;1999639;G;A;0.4840759932994842;160
100..300;16;1999727;T;C;0.160193994641304;170
100..300;16;1999848;C;T;0.147826001048088;190
100..300;16;1999881;GTCC;G;0.1576350033283233;210
100..300;16;2000191;T;G;0.1503269970417022;240
100..300;16;2089874;A;G;0.2597399950027466;130
100..300;16;2295708;A;G;0.2155479937791824;220
100..300;16;2462541;C;G;0.3150680065155029;135
100..300;16;2497033;G;C;0.1933960020542144;180
100..300;16;2529049;A;G;0.2470120042562484;205
100..300;16;2771572;T;C;0.2543860077857971;195
100..300;16;2820949;A;G;0.2372879981994629;155
100..300;16;2933137;T;C;0.1460669934749603;140
100..300;16;2933482;G;C;0.1789879947900772;215
100..300;16;2937278;T;G;0.1795919984579086;185
100..300;16;2992911;A;C;0.25;205
100..300;16;3090615;C;T;0.2377620041370391;125
100..300;16;3091559;T;C;0.3543309867382049;120
100..300;16;3243888;T;C;0.2988510131835937;160
100..300;16;3243922;T;A;0.2971700131893158;180
100..300;16;3254626;G;C;0.1907510012388229;140
100..300;16;3483577;G;C;0.2203390002250671;195
100..300;16;3484892;A;G;0.1766469925642013;260
100..300;16;3589229;A;G;0.2201260030269622;270
100..300;16;3662962;T;C;0.1624999940395355;125
100..300;16;3983435;C;T;0.1837610006332397;190
100..300;16;4343195;G;A;0.1446810066699981;170
100..300;16;4779683;T;C;0.124378003180027;150
100..300;16;4870504;T;C;0.1952379941940307;165
100..300;16;4899136;A;G;0.2666670083999634;155
100..300;16;5078816;A;G;0.2284640073776245;220
100..300;16;5090560;T;C;0.2181210070848465;235
100..300;16;5095473;T;C;0.1355929970741272;210
100..300;16;5365914;G;A;0.1544719934463501;105
100..300;16;6913969;T;C;0.558139979839325;110
100..300;16;8635267;A;G;0.1635690033435821;205
100..300;16;8750532;T;C;0.1689189970493316;115
100..300;16;8774919;A;C;0.3089889883995056;150
100..300;16;10769107;G;A;0.165803000330925;145
100..300;16;10907886;A;G;0.6527780294418335;180
100..300;16;11553636;C;T;0.2666670083999634;220
100..300;16;11556469;A;G;0.6282050013542175;175
100..300;16;11758498;C;A;0.5466669797897339;150
100..300;16;11875867;C;G;0.7164949774742126;220
100..300;16;12069112;G;A;0.1767960041761398;145
100..300;16;12526556;T;G;0.3833329975605011;110
100..300;16;12908502;C;T;0.706421971321106;125
100..300;16;12908530;T;C;0.6304349899291992;150
100..300;16;13920383;A;G;0.4312500059604645;155
100..300;16;13935176;A;G;0.2460729926824569;160
100..300;16;13948101;C;T;0.6150789856910706;285
100..300;16;14240669;T;C;0.3313609957695007;170
100..300;16;15586785;T;C;0.229884997010231;210
100..300;16;15724635;C;CG;0.2417059987783432;190
100..300;16;15771615;A;G;0.2558139860630035;255
100..300;16;16079375;T;G;0.4764150083065033;205
100..300;16;16134385;A;G;0.262499988079071;200
100..300;16;16157742;T;C;0.2173909991979599;195
100..300;16;16185006;T;G;0.198863998055458;145
100..300;16;16185012;C;G;0.2060610055923462;140
100..300;16;16187150;G;A;0.2066420018672943;210
100..300;16;16198014;C;G;0.1666669994592666;115
100..300;16;17200491;A;G;0.1708859950304031;125
100..300;16;18854886;G;C;0.2252749949693679;160
100..300;16;19037931;T;A;0.3133639991283417;190
100..300;16;19223170;T;C;0.2820509970188141;105
100..300;16;19460249;A;G;0.213018000125885;130
100..300;16;19487179;A;C;0.2307689934968948;145
100..300;16;19487243;G;A;0.2780269980430603;190
100..300;16;19536794;A;G;0.2413789927959442;185
100..300;16;19536968;A;G;0.2127660065889358;200
100..300;16;19714953;T;C;0.2709029912948608;260
100..300;16;20319614;T;C;0.2460319995880127;110
100..300;16;20341296;A;C;0.2569440007209778;125
100..300;16;20431331;A;G;0.3435109853744507;120
100..300;16;20997368;C;T;0.2364339977502823;220
100..300;16;21140592;T;G;0.1422590017318725;175
100..300;16;21174063;A;G;0.1963640004396438;205
100..300;16;21204351;G;A;0.1863349974155426;135
100..300;16;21275606;G;A;0.2743360102176666;100
100..300;16;21965441;A;G;0.343284010887146;120
100..300;16;22080746;C;A;0.2515720129013061;125
100..300;16;22132997;T;C;0.2626579999923706;260
100..300;16;22166935;A;G;0.136584997177124;150
100..300;16;22251193;A;C;0.5681819915771484;125
100..300;16;22815018;G;A;0.2090909928083419;180
100..300;16;23380765;T;C;0.1500000059604644;180
100..300;16;23710959;A;G;0.2478259950876236;180
100..300;16;24884040;T;C;0.3000000119209289;140
100..300;16;25228484;C;G;0.1813949942588806;160
100..300;16;25244185;T;C;0.2433460056781768;230
100..300;16;25246714;G;A;0.2119569927453994;150
100..300;16;25251957;A;G;0.2019229978322982;160
100..300;16;25257047;G;A;0.1862349957227707;210
100..300;16;25454404;T;C;0.318583995103836;105
100..300;16;27363836;C;T;0.2327039986848831;130
100..300;16;27749719;T;C;0.198630005121231;240
100..300;16;27761500;T;C;0.2062940001487732;230
100..300;16;27777669;A;G;0.212687000632286;215
100..300;16;28495107;T;C;0.2418300062417984;140
100..300;16;28498069;G;C;0.2452829927206039;185
100..300;16;28538187;A;G;0.1614580005407333;150
100..300;16;28591670;G;A;0.2137680053710937;215
100..300;16;28591691;G;A;0.1847389936447143;195
100..300;16;28593365;G;A;0.2983430027961731;165
100..300;16;28845498;T;C;0.2080540060997009;120
100..300;16;28887472;C;T;0.2831859886646271;205
100..300;16;28986676;A;G;0.1520909965038299;210
100..300;16;29397634;T;C;0.216729998588562;190
100..300;16;29664607;T;C;0.1573030054569244;230
100..300;16;29897112;G;C;0.3575130105018616;170
100..300;16;29901481;GGGT;G;0.3089010119438171;190
100..300;16;30086309;T;C;0.261588990688324;255
100..300;16;30089080;T;C;0.2008029967546463;205
100..300;16;30481502;T;C;0.2422910034656524;190
100..300;16;30499250;T;C;0.2077289968729019;190
100..300;16;31061588;A;G;0.2448980063199997;180
100..300;16;31085174;C;G;0.2153390049934387;275
100..300;16;31132672;T;C;0.1898149996995926;185
100..300;16;31143577;T;C;0.1583009958267212;215
100..300;16;31325398;A;G;0.2118230015039444;170
100..300;16;31373233;C;T;0.2945210039615631;135
100..300;16;31464865;G;C;0.1747969985008239;180
100..300;16;31528613;T;G;0.1843319982290268;170
100..300;16;31547360;A;G;0.6744189858436584;110
100..300;16;31568951;T;C;0.6224489808082581;225
100..300;16;31569209;C;A;0.6234570145606995;170
100..300;16;48130866;C;T;0.2640450000762939;145
100..300;16;49396623;A;G;0.2345679998397827;205
100..300;16;50058779;A;G;0.3489930033683777;160
100..300;16;50608290;C;G;0.2125979959964752;200
100..300;16;50675812;A;G;0.2350600063800811;200
100..300;16;50699948;G;C;0.139394000172615;135
100..300;16;50711672;G;T;0.2150170058012008;255
100..300;16;51138766;A;G;0.2460940033197403;220
100..300;16;51278630;G;A;0.214815005660057;110
100..300;16;52439351;G;A;0.4157299995422363;180
100..300;16;52935001;G;A;0.2517009973526001;135
100..300;16;53229052;T;C;0.2831330001354217;140
100..300;16;53304497;G;GTTC;0.1987179964780807;155
100..300;16;53602088;A;G;0.2063490003347396;140
100..300;16;53649037;T;C;0.235043004155159;190
100..300;16;55327581;T;C;0.5220590233802795;165
100..300;16;55329326;A;G;0.6634619832038879;125
100..300;16;55460772;G;C;;140
100..300;16;55846568;C;A;0.2194239944219589;230
100..300;16;55846622;C;G;0.1965810060501098;205
100..300;16;56633330;A;T;0.751350998878479;220
100..300;16;56636996;A;AT;0.674032986164093;260
100..300;16;56644113;A;G;0.3048779964447021;205
100..300;16;56658058;T;A;0.1407770067453384;155
100..300;16;56677646;T;C;0.5774059891700745;250
100..300;16;56686969;T;C;0.1450379937887191;105
100..300;16;56687861;T;A;0.2516129910945892;130
100..300;16;57026812;A;G;0.2488040030002594;190
100..300;16;57036092;CT;C;0.1868689954280853;150
100..300;16;57051635;G;T;0.1928929984569549;150
100..300;16;57127916;A;G;0.2102800011634826;170
100..300;16;57249818;A;G;0.1871660053730011;150
100..300;16;57363537;T;C;0.1666669994592666;195
100..300;16;57436652;C;G;0.1867469996213913;130
100..300;16;57440756;A;G;0.167832002043724;115
100..300;16;57440775;C;G;0.2000000029802322;135
100..300;16;57661692;T;C;0.2122900038957595;155
100..300;16;57698100;A;G;0.1914889961481094;195
100..300;16;57920544;G;A;0.213235005736351;115
100..300;16;57998122;A;G;0.5291669964790344;265
100..300;16;58280529;C;T;0.2739729881286621;210
100..300;16;58280694;T;C;0.2248799949884414;180
100..300;16;58495711;T;C;0.2071709930896759;190
100..300;16;58508997;A;G;0.1428570002317428;155
100..300;16;58541585;A;G;0.203791007399559;170
100..300;16;58546309;C;T;0.3015869855880737;115
100..300;16;58553833;T;C;0.2448980063199997;115
100..300;16;59754458;C;T;0.2763159871101379;135
100..300;16;59754538;C;T;0.2029699981212616;175
100..300;16;66778894;T;C;0.3043479919433594;120
100..300;16;66914421;A;G;0.3529410064220428;125
100..300;16;67003151;C;A;0.2234040051698684;160
100..300;16;67006432;A;G;0.1680330038070678;195
100..300;16;67146268;C;T;0.1583710014820099;170
100..300;16;67287017;T;C;0.1973679959774017;190
100..300;16;67654269;C;T;0.1358020007610321;135
100..300;16;67830493;A;G;0.2689389884471893;230
100..300;16;67870787;C;T;0.1866669952869415;120
100..300;16;68698146;C;A;0.159170001745224;220
100..300;16;69109674;G;A;0.1277370005846023;210
100..300;16;69143365;T;C;0.1851850003004074;240
100..300;16;69270145;G;A;0.2681559920310974;155
100..300;16;69320779;T;C;0.2192510068416595;155
100..300;16;69321252;A;G;0.1767960041761398;150
100..300;16;69322709;G;C;0.406015008687973;130
100..300;16;69330127;A;G;0.1436460018157959;120
100..300;16;69343567;G;A;0.2239380031824112;210
100..300;16;69343596;C;T;0.2246699929237365;190
100..300;16;69347866;T;C;0.1703470051288604;245
100..300;16;69385491;A;G;0.1824319958686828;115
100..300;16;69424876;A;G;0.2105260044336319;140
100..300;16;69982670;A;G;0.2007579952478408;210
100..300;16;70466972;C;T;0.2699620127677917;215
100..300;16;70664191;A;G;0.2614380121231079;130
100..300;16;70692892;A;C;0.2142859995365142;240
100..300;16;71230620;A;T;0.2867920100688934;240
100..300;16;71230658;G;A;0.313167005777359;255
100..300;16;71449594;G;C;0.2284480035305023;220
100..300;16;71475876;T;C;0.2379180043935775;245
100..300;16;71626407;A;G;0.1493210047483444;160
100..300;16;71634731;G;T;0.1791040003299713;165
100..300;16;71640979;G;C;0.2337660044431686;200
100..300;16;71734597;C;T;0.2679739892482757;135
100..300;16;71746582;A;G;0.1940300017595291;110
100..300;16;71746696;C;T;0.1830990016460418;110
100..300;16;71949873;C;G;0.2081449925899505;180
100..300;16;71953096;A;G;0.2857140004634857;130
100..300;16;71967211;A;G;0.2196719944477081;235
100..300;16;71970053;C;G;0.2333330065011978;195
100..300;16;71993292;A;T;0.3045980036258697;155
100..300;16;71999902;T;G;0.1258060038089752;235
100..300;16;72008783;C;A;0.1901639997959137;240
100..300;16;72129067;T;G;0.2905409932136535;135
100..300;16;72150667;T;C;0.235954999923706;220
100..300;16;72788113;T;TGCTGCTGCTGCTGTAGTTGCC;0.1219509989023208;245
100..300;16;73941295;G;A;0.7253519892692566;170
100..300;16;74465691;A;G;0.7172409892082214;165
100..300;16;74886293;A;G;0.2105260044336319;135
100..300;16;74887763;T;A;0.1868129968643188;145
100..300;16;75235636;T;C;0.4959349930286407;250
100..300;16;75236823;A;C;0.6967740058898926;175
100..300;16;75714908;C;T;0.2367600053548813;280
100..300;16;76448850;G;C;0.2714290022850036;185
100..300;16;76553305;G;T;0.2870810031890869;185
100..300;16;76553434;C;T;0.271356999874115;170
100..300;16;77212620;A;C;0.2434210032224655;125
100..300;16;77735937;A;G;0.1635690033435821;215
100..300;16;78030836;A;C;0.2222220003604889;130
100..300;16;78386878;A;G;0.1764709949493408;120
100..300;16;78574199;C;T;0.6163269877433777;275
100..300;16;79133791;G;A;0.2628209888935089;125
100..300;16;79585938;A;G;0.1751819998025894;105
100..300;16;80126848;C;G;0.2781960070133209;110
100..300;16;81061486;G;A;0.7142860293388367;260
100..300;16;81108652;C;T;0.4437499940395355;155
100..300;16;81133709;A;G;0.2348479926586151;110
100..300;16;81157103;C;A;0.1512610018253326;100
100..300;16;81160923;T;C;0.205714002251625;150
100..300;16;81177891;A;C;0.2015209943056106;200
100..300;16;81177943;A;G;0.2311320006847381;175
100..300;16;81185582;T;C;0.1698109954595565;165
100..300;16;81268089;T;A;0.2743360102176666;195
100..300;16;81270154;C;T;0.1888889968395233;155
100..300;16;81476117;C;T;0.7129189968109131;255
100..300;16;81786071;T;A;0.2284480035305023;185
100..300;16;81908423;G;C;0.2722510099411011;160
100..300;16;82148776;G;T;0.1943320035934448;190
100..300;16;82858432;G;A;0.2272730022668838;150
100..300;16;83180875;A;C;0.6444439888000488;100
100..300;16;83981020;T;C;0.25;150
100..300;16;84174729;T;G;0.1757189929485321;250
100..300;16;84176132;C;T;0.2246380001306533;235
100..300;16;84176210;C;T;0.2260539978742599;220
100..300;16;84176258;C;G;0.2181819975376129;185
100..300;16;84178965;A;C;0.2490269988775253;215
100..300;16;84179508;T;C;0.1602790057659149;235
100..300;16;84179828;T;A;0.2455520033836364;250
100..300;16;84179935;AC;A;0.2259889990091323;175
100..300;16;84181784;C;T;0.2061070054769516;235
100..300;16;84195830;A;G;0.1923079937696457;210
100..300;16;84195974;T;C;0.2258059978485107;255
100..300;16;84223013;T;C;0.286624014377594;135
100..300;16;84368669;C;G;0.1386139988899231;150
100..300;16;84452071;A;T;0.1924690008163452;195
100..300;16;84459475;A;G;0.3475179970264435;145
100..300;16;84462134;C;G;0.2216220051050186;155
100..300;16;84657827;T;C;0.2648650109767914;165
100..300;16;84845858;G;A;0.53125;225
100..300;16;85670978;G;A;0.195945993065834;120
100..300;16;85678254;T;C;0.1701239943504333;175
100..300;16;86532276;C;G;0.1649830043315887;230
100..300;16;86532433;T;C;0.2528089880943298;160
100..300;16;86532436;A;G;0.2528089880943298;155
100..300;16;86542131;T;C;0.2389380037784576;180
100..300;16;87052881;A;G;0.6779659986495972;140
100..300;16;87335472;T;C;0.2275130003690719;165
100..300;16;87644538;C;T;0.4732140004634857;235
100..300;16;87644559;A;G;0.1418689936399459;235
100..300;16;87644643;A;G;0.1794870048761367;260
100..300;16;87690232;C;T;0.2420089989900589;190
100..300;16;87708056;A;C;0.2119569927453994;140
100..300;16;87748790;A;C;0.2558139860630035;145
100..300;16;87755230;A;G;0.2213740050792694;105
100..300;16;87761974;C;G;0.1789879947900772;205
100..300;16;87869078;T;G;0.2071200013160705;170
100..300;16;87891824;C;T;0.1800000071525573;245
100..300;16;88018419;C;G;0.194594994187355;150
100..300;16;88018540;T;C;0.1986970007419586;245
100..300;16;88428959;A;G;0.2300000041723251;245
100..300;16;88429600;C;T;0.3300969898700714;180
100..300;16;88435800;T;A;0.2093749940395355;265
100..300;16;88639922;T;C;0.1586399972438812;265
100..300;16;88712102;A;G;0.1548119932413101;190
100..300;16;88712624;C;G;0.3255810141563415;165
100..300;16;88715671;A;G;0.2242420017719268;140
100..300;16;88721652;A;G;0.2619929909706116;235
100..300;16;88741488;A;G;0.2989130020141601;160
100..300;16;88811640;A;G;0.1395349949598312;115
100..300;16;89100730;C;G;;225
100..300;16;89102592;T;C;0.2096769958734512;150
100..300;16;89179547;T;C;0.2616490125656128;240
100..300;16;89195074;A;C;0.1672350019216537;235
100..300;16;89198687;T;C;0.1973239928483963;250
100..300;16;89198693;A;C;0.3218390047550201;250
100..300;16;89227322;T;C;0.2319390028715133;225
100..300;16;89228419;G;A;0.1525419950485229;190
100..300;16;89280475;G;C;0.1354839950799942;260
100..300;16;89281610;T;C;0.2209739983081817;230
100..300;16;89282720;A;G;0.2346570044755935;250
100..300;16;89282969;C;G;0.2321979999542236;290
100..300;16;89561665;A;G;0.21561299264431;170
100..300;16;89697634;G;A;0.1423359960317611;220
100..300;16;89845640;A;G;0.1818179935216903;150
100..300;16;89911245;A;G;0.2747249901294708;155
100..300;16;90095778;C;T;0.1952379941940307;250
100..300;16;90095932;T;C;0.2469139993190765;220
100..300;17;744917;A;G;0.2583729922771454;170
100..300;17;782512;A;G;0.1136950030922889;280
100..300;17;819449;A;G;0.1354839950799942;125
100..300;17;1280318;C;T;0.2055750042200088;240
100..300;17;1709483;C;G;0.2590669989585876;175
100..300;17;1801002;A;C;0.2465749979019165;135
100..300;17;1827927;G;A;0.2274679988622665;190
100..300;17;2299649;C;T;0.1603499948978424;285
100..300;17;2299873;G;T;0.2515339851379394;290
100..300;17;2333110;C;T;0.1288660019636154;145
100..300;17;2361819;A;C;0.3039999902248382;115
100..300;17;2363505;A;G;0.2126699984073639;190
100..300;17;2363518;C;T;0.2192980051040649;195
100..300;17;2365017;A;G;0.2820509970188141;170
100..300;17;2692670;A;G;0.3800910115242004;205
100..300;17;2696892;A;G;0.1822219938039779;180
100..300;17;2980294;A;C;0.3130840063095093;185
100..300;17;2981251;G;A;0.232804000377655;160
100..300;17;3092278;A;G;0.2372879981994629;150
100..300;17;3116431;C;T;0.2881360054016113;160
100..300;17;3116477;TC;T;0.2454210072755813;230
100..300;17;3116525;A;G;0.2689869999885559;255
100..300;17;3116587;T;C;0.2232699990272522;265
100..300;17;3116848;T;C;0.2545450031757355;190
100..300;17;3117358;C;T;0.3609020113945007;125
100..300;17;3154119;C;T;0.2231760025024414;205
100..300;17;3154217;T;G;0.2198580056428909;240
100..300;17;3154330;T;A;0.2071200013160705;265
100..300;17;3154337;G;C;0.2079209983348846;260
100..300;17;3154496;T;C;0.2066420018672943;225
100..300;17;3278090;T;C;0.699999988079071;195
100..300;17;3660669;G;C;0.2067040055990219;140
100..300;17;3690982;T;TG;0.5123460292816162;185
100..300;17;3732351;G;A;0.2614679932594299;185
100..300;17;3732474;C;A;0.558659017086029;190
100..300;17;3753865;T;C;0.4747900068759918;220
100..300;17;3761183;AATT;A;0.4240509867668152;180
100..300;17;4448265;A;G;0.57396399974823;175
100..300;17;4453080;T;G;0.5192310214042664;215
100..300;17;4742317;T;C;0.1736110001802444;120
100..300;17;4809100;T;A;0.1866669952869415;120
100..300;17;4818081;G;A;0.1500000059604644;120
100..300;17;4818838;T;C;0.1641789972782135;160
100..300;17;4822625;C;T;0.2521010041236877;105
100..300;17;4892979;C;T;0.2570280134677887;210
100..300;17;4892991;T;C;0.2566039860248565;230
100..300;17;4895994;T;C;0.155689001083374;140
100..300;17;4899034;A;G;0.1608700007200241;170
100..300;17;4900416;A;G;0.1702789962291717;230
100..300;17;4933086;T;C;0.2390570044517517;265
100..300;17;4952789;T;TC;0.2180850058794021;150
100..300;17;4972333;G;A;0.21561299264431;230
100..300;17;5020802;G;C;0.168066993355751;195
100..300;17;5583844;G;C;0.580357015132904;230
100..300;17;6088024;T;C;0.2753620147705078;165
100..300;17;6503563;T;C;0.1750970035791397;200
100..300;17;6538056;A;G;0.1853930056095123;130
100..300;17;6610009;A;G;0.2988510131835937;155
100..300;17;6620978;A;T;0.2447549998760223;125
100..300;17;6694161;A;G;0.1976740062236786;135
100..300;17;6695776;A;G;0.2980389893054962;225
100..300;17;6703999;T;C;0.2127660065889358;225
100..300;17;6800802;T;C;0.1989530026912689;150
100..300;17;7001615;G;A;0.2178220003843307;170
100..300;17;7075860;G;A;0.2097260057926178;270
100..300;17;7076786;A;G;0.1772149950265884;200
100..300;17;7076954;T;C;0.1948049962520599;185
100..300;17;7078078;G;A;0.2419349998235702;195
100..300;17;7108754;T;G;0.1380600035190582;205
100..300;17;7108758;T;C;0.1380600035190582;210
100..300;17;7108760;T;C;0.1380600035190582;215
100..300;17;7114101;A;G;0.2292679995298385;185
100..300;17;7176997;T;C;0.1803279966115951;280
100..300;17;7196492;A;G;0.2426040023565292;145
100..300;17;7230290;A;G;0.2454210072755813;230
100..300;17;7235919;A;G;0.1826480031013488;195
100..300;17;7321602;G;C;0.1881919950246811;215
100..300;17;7383007;A;T;0.6176469922065735;185
100..300;17;7383694;T;TC;0.2679739892482757;170
100..300;17;7415616;T;C;0.1599999964237213;200
100..300;17;7426313;G;T;0.1686750054359436;210
100..300;17;7463332;G;C;0.2351190000772476;270
100..300;17;7496547;A;G;0.5208330154418945;190
100..300;17;7508451;T;C;0.7358490228652954;130
100..300;17;7564960;T;C;0.8646619915962219;175
100..300;17;7630399;C;T;0.6276599764823914;105
100..300;17;7655719;T;C;0.2054789960384369;130
100..300;17;7776841;A;G;0.2288140058517456;100
100..300;17;7802026;C;G;0.2411350011825561;120
100..300;17;8003871;T;C;0.2051279991865158;200
100..300;17;8012602;A;G;0.1569769978523254;140
100..300;17;8013961;A;T;0.2300319969654083;250
100..300;17;8039583;G;C;0.1834859997034073;170
100..300;17;8080651;C;G;0.270440012216568;125
100..300;17;8081161;A;G;0.204254999756813;195
100..300;17;8096639;A;G;0.2251909971237182;210
100..300;17;8263180;A;G;0.1964289993047714;230
100..300;17;8743697;A;G;0.1970440000295639;165
100..300;17;8758323;T;C;0.2000000029802322;260
100..300;17;8797798;A;G;0.220657005906105;195
100..300;17;8798481;T;G;0.1907889991998672;270
100..300;17;8835258;G;A;0.213018000125885;140
100..300;17;9682848;T;C;0.7625899910926819;160
100..300;17;9771584;T;C;0.195045992732048;260
100..300;17;9771605;G;A;0.1927710026502609;265
100..300;17;9771659;C;T;0.1923079937696457;230
100..300;17;9821774;A;G;0.2444439977407455;195
100..300;17;9821776;T;C;0.2444439977407455;195
100..300;17;9861214;G;A;0.5652170181274414;125
100..300;17;10328100;T;C;0.5535709857940674;185
100..300;17;10524607;A;G;0.5795450210571289;230
100..300;17;10795417;T;G;0.8817200064659119;125
100..300;17;10795437;A;T;0.8941180109977722;115
100..300;17;11608140;T;C;0.1743119955062866;175
100..300;17;11629398;C;T;0.1645569950342178;130
100..300;17;11629518;G;A;0.1605499982833862;160
100..300;17;11747740;G;A;0.270440012216568;135
100..300;17;11834621;A;G;0.6136360168457031;105
100..300;17;11834624;T;C;0.6136360168457031;110
100..300;17;11854239;G;C;0.209999993443489;250
100..300;17;11929970;G;A;0.1730210036039352;260
100..300;17;11930048;A;G;0.1907889991998672;250
100..300;17;11932004;T;C;0.2261310070753097;170
100..300;17;11932014;A;G;0.238317996263504;185
100..300;17;11962145;A;G;0.2086959928274154;190
100..300;17;12753100;C;T;0.1679099947214126;210
100..300;17;14192233;A;G;0.1156580001115799;130
100..300;17;14345059;G;A;0.2857140004634857;120
100..300;17;15230858;G;T;0.3046590089797973;245
100..300;17;15593416;G;A;0.2788099944591522;220
100..300;17;15628833;A;G;0.2755419909954071;255
100..300;17;16158820;C;G;0.1875;190
100..300;17;16422654;G;A;0.1760299950838089;220
100..300;17;16422691;C;A;0.1703470051288604;250
100..300;17;16433678;G;C;0.1633660048246383;150
100..300;17;16443618;T;G;0.1647939980030059;205
100..300;17;16925336;G;A;0.1714289933443069;155
100..300;17;16925397;T;C;0.1473679989576339;195
100..300;17;16925399;T;A;0.1473679989576339;195
100..300;17;16925476;C;T;0.1589149981737136;180
100..300;17;16925477;A;G;0.1589149981737136;180
100..300;17;16925490;A;G;0.1612900048494339;180
100..300;17;16933111;A;G;0.1986529976129531;235
100..300;17;16939598;G;A;0.2769230008125305;165
100..300;17;17136247;C;CCAG;0.2157530039548874;280
100..300;17;17142710;A;C;0.2000000029802322;170
100..300;17;17158927;G;C;0.4851489961147308;205
100..300;17;17165791;A;G;0.638297975063324;265
100..300;17;17796723;A;AAGG;0.2737230062484741;270
100..300;17;18138193;T;C;0.5531910061836243;180
100..300;17;18144511;A;G;0.2710840106010437;135
100..300;17;18153853;T;A;0.5608109831809998;150
100..300;17;18155207;T;C;0.483720988035202;210
100..300;17;18156180;T;C;0.5746269822120667;140
100..300;17;18238579;T;C;0.2857140004634857;235
100..300;17;18290627;A;G;0.1783220022916793;220
100..300;17;18305230;A;G;0.1377249956130981;125
100..300;17;18316428;A;G;0.160304993391037;215
100..300;17;18317360;T;C;0.1417910009622573;215
100..300;17;18317820;T;C;0.1939159929752349;225
100..300;17;18322863;T;G;0.2328239977359771;215
100..300;17;18328782;A;G;0.2119819968938827;175
100..300;17;18969024;C;T;0.2692309916019439;255
100..300;17;18971372;CGGT;C;0.2025319933891296;155
100..300;17;18971407;G;C;0.2160799950361251;175
100..300;17;18976955;A;C;0.1734690070152282;230
100..300;17;19313263;T;C;0.2222220003604889;215
100..300;17;19497061;T;C;0.2030079960823059;110
100..300;17;19705460;A;G;0.625;210
100..300;17;19713923;T;G;0.5982909798622131;235
100..300;17;19739639;C;G;0.4817070066928863;160
100..300;17;20754485;C;T;0.3134329915046692;115
100..300;17;20775678;G;GA;0.1677020043134689;145
100..300;17;22205050;T;C;0.2586210072040558;110
100..300;17;27082786;A;G;0.2365590035915374;155
100..300;17;27083059;T;C;0.1925929933786392;230
100..300;17;27083289;G;A;0.3409090042114258;210
100..300;17;27083613;C;T;0.2485879957675933;165
100..300;17;27083661;G;C;0.2195120006799698;140
100..300;17;27083708;G;A;0.1910829991102218;125
100..300;17;27430075;T;C;0.2136750072240829;185
100..300;17;27588547;A;G;0.2898550033569336;105
100..300;17;27664068;A;G;0.2022469937801361;140
100..300;17;28227749;T;C;0.1980199962854385;175
100..300;17;28529243;G;A;0.25;105
100..300;17;28534859;T;C;0.199422001838684;290
100..300;17;28620028;C;A;0.2767859995365143;100
100..300;17;28620634;A;G;0.2129029929637909;125
100..300;17;28628312;C;A;0.1544719934463501;180
100..300;17;28687378;T;C;0.2006080001592636;260
100..300;17;28687465;A;C;0.1928250044584274;175
100..300;17;28691078;G;A;0.2573530077934265;115
100..300;17;28717464;A;C;0.2818790078163147;135
100..300;17;28725340;T;C;0.2100840061903;190
100..300;17;28738193;C;T;0.1517239958047866;215
100..300;17;28880553;T;C;0.1948720067739486;150
100..300;17;28883235;C;T;0.2530120015144348;135
100..300;17;28959833;C;T;0.2015810012817382;195
100..300;17;29055043;A;C;0.2138729989528656;145
100..300;17;29097298;A;G;0.2717390060424804;155
100..300;17;29203440;T;C;0.3015080094337463;130
100..300;17;29253738;T;C;0.2149119973182678;190
100..300;17;30451799;C;T;0.4016740024089813;215
100..300;17;31517640;G;C;0.1565659940242767;155
100..300;17;31517891;G;A;0.2133329957723617;135
100..300;17;31901637;A;G;0.1782180070877075;160
100..300;17;32112305;A;G;0.396135002374649;210
100..300;17;32150662;A;C;0.2388059943914413;170
100..300;17;32206951;G;A;0.27981698513031;185
100..300;17;32227931;G;A;0.2027029991149902;115
100..300;17;32228084;A;G;0.1694920063018798;185
100..300;17;32343972;A;G;0.1428570002317428;150
100..300;17;32365377;T;G;0.2281550019979477;170
100..300;17;32369277;A;G;0.2847220003604889;195
100..300;17;34038164;A;G;0.2300889939069748;180
100..300;17;34256250;C;T;0.1391299962997436;175
100..300;17;34959645;G;A;0.2619050145149231;170
100..300;17;35106468;T;C;0.5350880026817322;115
100..300;17;35118530;A;G;0.2673799991607666;160
100..300;17;35186572;C;A;0.2203390002250671;100
100..300;17;35363600;T;G;0.7017539739608765;215
100..300;17;35441180;A;G;0.224831998348236;250
100..300;17;35490181;T;C;0.247525006532669;190
100..300;17;35554612;C;T;0.1968909949064254;135
100..300;17;35554699;A;G;0.1714289933443069;110
100..300;17;35671783;C;G;0.1505379974842071;130
100..300;17;35745012;A;G;0.1873019933700561;270
100..300;17;36498436;A;G;0.2100840061903;290
100..300;17;36507785;A;G;0.4242419898509979;130
100..300;17;36515878;C;T;0.170305997133255;180
100..300;17;36586165;A;G;0.1778849959373474;165
100..300;17;36600156;C;CCA;0.1513160020112991;250
100..300;17;36989342;C;T;0.5829600095748901;235
100..300;17;38322567;T;G;0.2170539945363998;200
100..300;17;38352502;C;T;0.1290320008993148;105
100..300;17;38738586;A;G;0.6024590134620667;275
100..300;17;38770478;G;T;0.1973239928483963;240
100..300;17;38770514;A;G;0.171642005443573;205
100..300;17;39160735;C;T;0.2085559964179992;150
100..300;17;39162776;G;T;0.1637009978294372;210
100..300;17;39162812;T;C;0.1601420044898986;205
100..300;17;39162850;C;T;0.1778849959373474;160
100..300;17;39165708;T;C;0.1693989932537078;145
100..300;17;39699581;A;C;0.1538459956645965;125
100..300;17;39742469;A;G;0.1699350029230117;135
100..300;17;39944420;G;C;0.2603769898414612;230
100..300;17;39986725;T;C;0.2296299934387207;115
100..300;17;39989901;C;T;0.2027029991149902;175
100..300;17;40019613;A;G;0.1658540070056915;155
100..300;17;40029853;T;C;0.1949999928474426;155
100..300;17;40300899;A;G;0.2438019961118698;200
100..300;17;40332287;G;A;0.1728399991989135;135
100..300;17;40337898;T;C;0.2603310048580169;210
100..300;17;40340500;A;T;0.239436998963356;180
100..300;17;40344662;C;T;0.2651929855346679;155
100..300;17;40344676;C;G;0.2471909970045089;155
100..300;17;40484492;T;C;0.2482759952545166;120
100..300;17;40488873;G;A;0.2327270060777664;225
100..300;17;40750466;T;C;0.2128279954195022;250
100..300;17;40782339;G;C;0.2048929929733276;280
100..300;17;40799709;A;G;0.5887100100517273;280
100..300;17;40834751;C;T;0.6100000143051147;225
100..300;17;40936532;T;C;0.2289559990167617;270
100..300;17;40960476;A;G;0.2341269999742508;220
100..300;17;40978837;A;G;0.2557379901409149;255
100..300;17;40978955;G;A;0.5789470076560974;290
100..300;17;40983096;G;A;0.3529410064220428;140
100..300;17;40999629;T;C;0.1218390017747879;265
100..300;17;40999832;C;T;0.253601998090744;285
100..300;17;41364890;T;C;0.2447260022163391;240
100..300;17;41424487;A;C;0.1913039982318878;285
100..300;17;41437470;T;C;0.2166669964790344;235
100..300;17;41438134;T;C;0.2761900126934051;275
100..300;17;41438864;T;G;0.1888410001993179;180
100..300;17;41449108;T;G;0.4159289896488189;105
100..300;17;41464313;T;C;0.2074829936027526;240
100..300;17;41465816;T;G;0.1900310069322586;250
100..300;17;41467111;C;T;0.2053229957818985;225
100..300;17;41477065;G;A;0.5928570032119751;145
100..300;17;41477097;C;G;0.505495011806488;185
100..300;17;41478373;G;A;0.7804880142211914;245
100..300;17;41478942;A;G;0.1491229981184005;250
100..300;17;41480992;G;A;0.5522390007972717;215
100..300;17;41486553;G;A;0.2425529956817627;195
100..300;17;41487394;A;G;0.5936070084571838;225
100..300;17;41489769;G;A;0.658653974533081;230
100..300;17;41505114;C;G;0.2441470026969909;260
100..300;17;41727420;A;G;0.612500011920929;160
100..300;17;41727813;A;C;0.4879229962825775;195
100..300;17;41973846;A;G;0.4279659986495971;230
100..300;17;42039704;T;C;0.1884060055017471;110
100..300;17;42103794;T;C;0.1970800012350082;125
100..300;17;42592451;T;C;0.1780820041894912;110
100..300;17;42670660;T;C;0.1666669994592666;165
100..300;17;43071077;C;T;0.2049179971218109;195
100..300;17;43079499;T;C;0.2984499931335449;225
100..300;17;43082453;G;A;0.1722970008850097;225
100..300;17;43091983;C;T;0.2751089930534363;205
100..300;17;43092418;C;T;0.2288140058517456;210
100..300;17;43092919;A;G;0.2910049855709076;175
100..300;17;43093220;G;A;0.3410849869251251;125
100..300;17;43093449;A;G;0.2376240044832229;175
100..300;17;43125170;C;G;0.1897809952497482;105
100..300;17;43138657;C;G;0.2972970008850097;180
100..300;17;43178007;C;T;0.2105260044336319;130
100..300;17;43200626;T;C;0.3049649894237518;125
100..300;17;43201789;T;C;0.172775000333786;150
100..300;17;43209941;G;A;0.1963189989328384;130
100..300;17;43223574;G;A;0.2020200043916702;160
100..300;17;43814069;A;G;0.2317070066928863;150
100..300;17;43814105;G;A;0.2349400073289871;150
100..300;17;43848758;T;C;0.2147649973630905;250
100..300;17;43917426;T;C;0.5060240030288696;175
100..300;17;44078374;T;C;0.117646999657154;205
100..300;17;44210151;T;C;0.2165350019931793;210
100..300;17;44229293;T;C;0.3007520139217376;120
100..300;17;44250482;A;G;0.2281879931688308;120
100..300;17;44351170;A;G;0.13714300096035;140
100..300;17;44398594;C;A;0.2552300095558166;205
100..300;17;44926116;C;T;0.2127660065889358;225
100..300;17;45099436;T;C;0.1929820030927658;175
100..300;17;45112954;C;T;0.2710840106010437;140
100..300;17;45115454;G;A;0.1896550059318542;290
100..300;17;45149847;C;T;0.1568630039691925;250
100..300;17;47292411;G;A;0.2040819972753524;255
100..300;17;47292423;A;G;0.2073580026626587;260
100..300;17;47370466;G;A;0.1780820041894912;105
100..300;17;47810585;T;G;0.2931030094623565;155
100..300;17;47813341;T;C;0.2563180029392242;240
100..300;17;47816496;A;G;0.2615379989147186;180
100..300;17;47827054;T;C;0.1771429926156997;140
100..300;17;47916678;T;C;0.2714290022850036;255
100..300;17;47916728;C;T;0.3012549877166748;220
100..300;17;47916788;A;G;0.236162006855011;240
100..300;17;47925378;T;G;0.2274679988622665;195
100..300;17;48430055;A;G;0.1598359942436218;180
100..300;17;48530455;T;C;0.2572459876537323;245
100..300;17;48530596;A;T;0.2417580038309097;240
100..300;17;48530668;A;G;0.1875;230
100..300;17;49142180;A;G;0.2894740104675293;130
100..300;17;49207321;T;C;0.1989250034093856;145
100..300;17;49969599;G;A;0.2401130050420761;295
100..300;17;49993514;T;C;0.1826480031013488;145
100..300;17;50149446;T;C;0.1898149996995926;180
100..300;17;50189930;C;G;0.197279006242752;240
100..300;17;50278899;C;G;0.4025970101356506;210
100..300;17;50353671;A;G;0.6000000238418579;205
100..300;17;50353836;T;C;0.5414360165596008;200
100..300;17;50354963;C;G;0.5037310123443604;270
100..300;17;50378624;T;A;0.574999988079071;130
100..300;17;50378832;C;T;0.5224720239639282;185
100..300;17;50538910;T;C;0.2101449966430664;225
100..300;17;50635344;A;G;0.4605259895324707;150
100..300;17;50676062;T;C;0.2102559953927993;160
100..300;17;50683744;T;C;0.235954999923706;140
100..300;17;50836029;A;G;0.2096319943666458;280
100..300;17;50970703;G;A;0.1827960014343261;150
100..300;17;53823368;T;C;0.2738099992275238;235
100..300;17;55404443;T;C;0.35971200466156;120
100..300;17;56795078;C;T;0.2522940039634704;170
100..300;17;56795194;A;C;0.2151899933815002;130
100..300;17;56834978;A;G;0.3419910073280334;210
100..300;17;56950489;C;T;0.6818180084228516;225
100..300;17;56950809;T;C;0.16041000187397;245
100..300;17;57045591;A;G;0.236842006444931;100
100..300;17;57046387;T;C;0.2279790043830871;170
100..300;17;57105956;A;G;0.1808869987726211;250
100..300;17;57401387;G;A;0.125;110
100..300;17;57739471;C;T;0.7391300201416016;135
100..300;17;57879707;A;G;0.2057610005140304;195
100..300;17;58280472;A;G;0.3363640010356903;100
100..300;17;58305151;T;C;0.3214290142059326;175
100..300;17;58599007;C;T;0.2205879986286163;290
100..300;17;59874612;A;G;0.183908000588417;195
100..300;17;59936548;G;A;0.1417910009622573;100
100..300;17;60057081;A;G;0.2263160049915313;155
100..300;17;61467502;A;G;0.2080920040607452;135
100..300;17;61927920;G;A;0.1976280063390731;210
100..300;17;62137028;A;G;0.2107139974832534;225
100..300;17;62140530;T;C;0.5163040161132812;235
100..300;17;62267164;A;G;0.2000000029802322;250
100..300;17;62270964;A;G;0.180427998304367;205
100..300;17;62274096;A;G;0.2416920065879821;145
100..300;17;62746863;G;A;0.6015620231628418;140
100..300;17;62841241;A;T;0.5662649869918823;170
100..300;17;63440208;T;C;0.1842110008001327;205
100..300;17;63484535;A;G;0.136363998055458;135
100..300;17;63811101;A;G;0.1803279966115951;140
100..300;17;63872587;A;G;0.2619050145149231;185
100..300;17;63910342;T;C;0.2367600053548813;285
100..300;17;63910584;A;C;0.2327039986848831;280
100..300;17;63941743;T;G;0.2114800065755844;270
100..300;17;64044120;C;T;0.6293100118637085;245
100..300;17;65318073;T;G;0.1987950056791305;130
100..300;17;65536399;A;G;0.1779139935970306;250
100..300;17;65549504;C;T;0.251908004283905;110
100..300;17;66688960;A;G;0.5901640057563782;125
100..300;17;66884958;G;A;0.1682240068912506;185
100..300;17;67056188;A;G;0.3095239996910095;230
100..300;17;67114320;G;A;0.8333330154418945;120
100..300;17;68256954;A;T;0.2028989940881729;170
100..300;17;68271509;G;T;0.1952379941940307;175
100..300;17;68273941;G;A;0.28125;160
100..300;17;68420216;T;C;0.2828949987888336;140
100..300;17;68537514;G;A;0.7068970203399658;200
100..300;17;68542098;T;G;0.6330270171165466;230
100..300;17;68543706;T;C;0.1575759947299957;125
100..300;17;68600322;T;C;0.3333329856395721;110
100..300;17;68876661;C;G;0.5963299870491028;230
100..300;17;69253781;C;T;0.2416670024394989;105
100..300;17;73196524;A;G;0.5699999928474426;105
100..300;17;73196734;G;A;0.6363639831542969;135
100..300;17;73200670;G;A;0.5402299761772156;170
100..300;17;73201300;T;C;0.2173909991979599;255
100..300;17;73201609;A;G;0.6865670084953308;240
100..300;17;73209715;G;A;0.5638300180435181;205
100..300;17;73236548;C;T;0.5990340113639832;235
100..300;17;73236668;C;T;;210
100..300;17;73236742;C;G;0.5339369773864746;240
100..300;17;73236991;G;A;0.4432989954948425;105
100..300;17;73242294;A;G;0.4782609939575195;165
100..300;17;73242877;T;C;0.5683450102806091;140
100..300;17;73414752;T;C;0.5220590233802795;135
100..300;17;73430517;T;G;0.2182739973068237;160
100..300;17;73430531;A;G;0.2465119957923889;180
100..300;17;74281740;G;A;0.2748999893665313;210
100..300;17;74301041;G;A;0.3206110000610351;120
100..300;17;74310152;A;G;0.2216980010271072;175
100..300;17;74312152;A;C;0.1578949987888336;195
100..300;17;74353517;T;C;0.2155690044164657;135
100..300;17;74354223;A;G;0.2027029991149902;165
100..300;17;74355267;T;C;0.2338709980249405;205
100..300;17;74372411;C;T;0.6666669845581055;210
100..300;17;74473819;G;A;0.7072070240974426;235
100..300;17;74473827;A;G;0.2290319949388504;240
100..300;17;74523659;T;C;0.2145919948816299;185
100..300;17;74525758;A;G;0.324999988079071;120
100..300;17;74842510;A;C;0.2074470072984695;150
100..300;17;74941700;A;G;0.6188340187072754;245
100..300;17;75591187;T;C;0.2216220051050186;140
100..300;17;75591266;A;G;0.2479999959468841;105
100..300;17;75591977;T;G;0.2727270126342773;130
100..300;17;75596531;T;C;0.2926830053329468;110
100..300;17;75602823;G;C;0.2847220003604889;130
100..300;17;75606000;A;G;0.2196079939603805;200
100..300;17;75606936;A;G;0.1907889991998672;125
100..300;17;75610229;A;G;0.3111110031604767;120
100..300;17;75613031;A;G;0.2329320013523101;210
100..300;17;75615742;C;T;0.3049649894237518;115
100..300;17;75617895;A;G;0.1428570002317428;135
100..300;17;75619807;G;A;0.2579509913921356;235
100..300;17;75619853;C;T;0.2168280035257339;250
100..300;17;75619882;C;T;0.2179930061101913;235
100..300;17;75619903;A;G;0.2066420018672943;220
100..300;17;75620008;C;T;0.2925170063972473;130
100..300;17;75620366;T;A;0.2097900062799453;125
100..300;17;75621024;C;A;0.2982459962368011;100
100..300;17;75629206;A;G;0.1867090016603469;260
100..300;17;76001558;A;C;0.2867130041122436;120
100..300;17;76010055;T;C;0.1793889999389648;210
100..300;17;76010241;C;G;0.1644739955663681;235
100..300;17;76083757;G;A;0.2666670083999634;105
100..300;17;76088931;A;G;0.1818179935216903;110
100..300;17;76098024;G;C;0.236842006444931;130
100..300;17;76137893;T;C;0.1881719976663589;150
100..300;17;76167678;A;G;0.1369860023260116;165
100..300;17;76226266;G;C;0.1902830004692077;210
100..300;17;76274177;A;C;0.25;250
100..300;17;76280958;A;G;0.2000000029802322;115
100..300;17;76287172;G;A;0.2012989968061447;135
100..300;17;76291123;G;C;0.1949149966239929;185
100..300;17;76291308;C;T;0.1904760003089904;175
100..300;17;76291513;A;G;0.2258059978485107;180
100..300;17;76293419;A;G;0.2375479936599731;220
100..300;17;76293624;G;A;0.201550006866455;220
100..300;17;76293758;A;G;0.2116180062294006;210
100..300;17;76293794;T;C;0.2455359995365142;205
100..300;17;76293827;G;A;0.2334800064563751;200
100..300;17;76294016;A;T;0.2515339851379394;140
100..300;17;76307751;C;G;0.2055560052394867;140
100..300;17;76311656;C;T;0.2390239983797073;170
100..300;17;76479893;A;C;0.2437500059604644;135
100..300;17;76688319;C;T;0.149847000837326;270
100..300;17;76688370;A;G;0.1837349981069564;280
100..300;17;77405108;A;G;0.2291669994592666;185
100..300;17;77482399;T;C;0.2168280035257339;270
100..300;17;78050595;A;C;0.2846719920635223;245
100..300;17;78064785;G;C;0.2383420020341873;165
100..300;17;78064873;C;A;0.2421050071716308;160
100..300;17;78160963;T;C;0.2195120006799698;145
100..300;17;78161190;A;G;0.2271060049533844;225
100..300;17;78161262;A;C;0.2091500014066696;130
100..300;17;78170858;G;C;0.1877730041742324;185
100..300;17;78174749;T;C;0.245398998260498;145
100..300;17;78182670;T;C;0.4193550050258636;125
100..300;17;78423903;A;G;0.2808220088481903;130
100..300;17;78425383;T;C;0.2399999946355819;160
100..300;17;78425386;G;A;0.2399999946355819;165
100..300;17;78437817;A;G;;205
100..300;17;78466792;G;C;0.1988950073719024;140
100..300;17;78507445;A;G;0.209756001830101;180
100..300;17;78572799;G;A;0.3082189857959747;125
100..300;17;78675920;C;T;0.2258059978485107;125
100..300;17;78802466;T;TTTTTTC;0.1706349998712539;245
100..300;17;78803713;A;G;0.2024790048599243;210
100..300;17;78821008;T;C;0.2159090042114257;140
100..300;17;78870935;T;C;0.1911260038614273;235
100..300;17;79044046;C;T;0.1923079937696457;250
100..300;17;79044103;C;G;0.1924879997968673;175
100..300;17;79046636;T;C;0.1936759948730468;205
100..300;17;79047920;T;C;0.2167180031538009;275
100..300;17;79077484;A;G;0.2398190051317215;180
100..300;17;79079585;C;T;0.2090400010347366;150
100..300;17;79079588;T;C;0.2090400010347366;145
100..300;17;79079591;G;A;0.2090400010347366;145
100..300;17;79080358;T;G;0.2356320023536682;140
100..300;17;79796038;C;T;0.2409639954566955;140
100..300;17;79952692;A;G;0.2140080034732818;205
100..300;17;80105844;T;C;0.1986059993505478;230
100..300;17;80113310;G;A;0.2330510020256042;195
100..300;17;80245266;A;C;0.1658989936113357;165
100..300;17;80298430;G;C;0.2320819944143295;230
100..300;17;80317214;G;A;0.1962620019912719;175
100..300;17;80319389;T;A;0.3504270017147064;230
100..300;17;80383800;G;A;0.2310470044612884;235
100..300;17;80707826;T;C;0.2826089859008789;125
100..300;17;80846574;A;G;0.1971150040626526;165
100..300;17;80891830;G;A;0.1546390056610107;145
100..300;17;80923932;T;C;0.165583997964859;245
100..300;17;80923933;A;T;0.165583997964859;245
100..300;17;80945758;T;C;0.1428570002317428;150
100..300;17;80976736;G;A;0.2746109962463379;175
100..300;17;80976833;A;C;0.213018000125885;150
100..300;17;81115790;G;A;0.2332019954919815;205
100..300;17;81120022;G;A;0.2283100038766861;170
100..300;17;81203483;A;G;0.3374229967594147;150
100..300;17;81252464;C;T;0.2401749938726425;195
100..300;17;81447281;G;A;0.2586869895458221;230
100..300;17;81458959;T;C;0.255605012178421;195
100..300;17;81460363;A;G;0.2559059858322143;210
100..300;17;81670337;G;C;0.1777780055999755;235
100..300;17;81672520;A;G;0.3169809877872467;230
100..300;17;81672678;T;C;0.1709399968385696;185
100..300;17;81695037;G;A;0.1548119932413101;200
100..300;17;81696850;C;T;0.2481749951839447;245
100..300;17;81696901;C;T;0.1939799934625625;245
100..300;17;81701105;T;G;0.1832060068845749;210
100..300;17;81701232;C;G;0.1902440041303634;175
100..300;17;81701522;T;C;0.1702129989862442;220
100..300;17;81701634;T;C;0.2146890014410019;145
100..300;17;81704684;C;T;0.2263160049915313;155
100..300;17;81715528;C;T;0.2786070108413696;175
100..300;17;81720188;A;G;0.1936759948730468;220
100..300;17;82025503;T;C;0.2721520066261291;125
100..300;17;82028280;T;C;0.1859499961137771;195
100..300;17;82036724;T;C;0.2329320013523101;225
100..300;17;82051280;G;T;0.1257490068674087;115
100..300;17;82056985;G;T;0.2755100131034851;255
100..300;17;82081152;G;A;0.2321429997682571;190
100..300;17;82081605;A;G;0.2437810003757476;170
100..300;17;82083590;A;G;0.1494249999523162;140
100..300;17;82085863;G;A;0.2216490060091018;155
100..300;17;82093307;G;A;0.1904760003089904;220
100..300;17;82101720;C;T;0.2029699981212616;155
100..300;17;82101882;A;G;0.2377050071954727;100
100..300;17;82113368;C;T;0.2594940066337585;145
100..300;17;82127757;G;A;0.6226419806480408;175
100..300;17;82127827;T;G;0.5095239877700806;210
100..300;17;82128510;T;C;0.524823009967804;145
100..300;17;82128513;T;C;0.524823009967804;145
100..300;17;82128519;C;T;0.5616440176963806;155
100..300;17;82398311;A;G;0.2369939982891082;145
100..300;17;82433808;G;A;0.1633660048246383;150
100..300;17;82436654;T;G;0.2397660017013549;140
100..300;17;82659676;A;G;0.6287879943847656;135
100..300;17;82965660;T;C;0.6000000238418579;210
100..300;17;83035056;C;A;0.4672900140285492;110
100..300;17;83048753;T;C;0.4789919853210449;245
100..300;17;83085299;T;G;0.2142859995365142;275
100..300;18;346821;T;C;0.2869200110435486;215
100..300;18;2616458;C;G;0.1666669994592666;100
100..300;18;2700879;G;A;0.2369939982891082;145
100..300;18;2909702;T;C;0.2173909991979599;185
100..300;18;2920290;A;G;0.3103449940681457;130
100..300;18;3168818;A;G;0.1960780024528503;120
100..300;18;3173966;A;G;0.2599999904632568;125
100..300;18;3174020;T;C;0.2272730022668838;110
100..300;18;3176065;T;C;0.1173710003495216;150
100..300;18;3215232;T;C;0.3362070024013519;115
100..300;18;3457608;T;C;0.1149829998612403;215
100..300;18;5416161;C;T;0.2871620059013366;265
100..300;18;6956505;A;ACAGCTC;0.1585900038480758;215
100..300;18;6985271;T;C;0.2645739912986755;190
100..300;18;6985508;A;G;;115
100..300;18;6986260;A;G;0.2312929928302765;240
100..300;18;6993674;C;T;0.1128399968147277;175
100..300;18;7011339;T;C;0.2349999994039535;160
100..300;18;7015715;C;T;0.3483870029449463;140
100..300;18;7017323;G;A;0.2127660065889358;220
100..300;18;7135798;C;T;0.156028002500534;115
100..300;18;7231867;T;C;0.2741310000419616;220
100..300;18;8783837;C;T;0.2393440008163452;265
100..300;18;9888072;G;A;0.2481199949979782;235
100..300;18;10151891;T;C;0.1428570002317428;150
100..300;18;10468456;T;C;0.2094590067863464;115
100..300;18;10691248;A;G;0.2385790050029754;160
100..300;18;10705419;A;G;0.261588990688324;260
100..300;18;10759842;A;C;0.25764200091362;200
100..300;18;11610164;C;G;;185
100..300;18;12274105;T;G;0.2768360078334808;145
100..300;18;12308794;C;G;0.1571429967880249;100
100..300;18;12427119;G;A;0.1434260010719299;200
100..300;18;12978734;G;C;0.2834649980068207;110
100..300;18;13826695;C;T;0.2976189851760864;145
100..300;18;14478895;A;T;0.2604170143604278;100
100..300;18;14537950;G;A;0.2449800074100494;180
100..300;18;14537971;T;C;0.25;155
100..300;18;22419188;T;C;0.1949689984321594;135
100..300;18;23861738;C;T;0.1593630015850067;190
100..300;18;24125476;T;C;0.1904760003089904;185
100..300;18;24440503;A;T;0.187049999833107;110
100..300;18;26862428;A;C;0.5753419995307922;245
100..300;18;31207561;G;A;0.2763159871101379;130
100..300;18;31458573;T;C;0.2571429908275604;145
100..300;18;31474137;A;G;0.2631579935550689;135
100..300;18;31874681;G;A;0.269430011510849;160
100..300;18;31908841;G;A;0.3333329856395721;135
100..300;18;31962744;G;A;0.2172130048274994;210
100..300;18;32018884;T;C;0.2985779941082001;175
100..300;18;32196578;C;T;0.2328239977359771;225
100..300;18;33224794;C;A;;105
100..300;18;34864076;A;G;0.2397660017013549;140
100..300;18;34875415;C;T;0.3819440007209778;130
100..300;18;34890327;A;G;0.2050209939479828;185
100..300;18;35663649;T;C;0.239436998963356;180
100..300;18;36122199;A;G;0.3153850138187408;225
100..300;18;36251226;A;C;0.1597629934549331;130
100..300;18;36652580;A;G;0.3172410130500793;145
100..300;18;36800185;G;A;0.2720589935779571;115
100..300;18;37067213;C;T;0.2205320000648498;230
100..300;18;37067359;T;G;0.3177079856395721;220
100..300;18;37067360;G;T;0.3177079856395721;220
100..300;18;37067360;A;T;0.296875;220
100..300;18;37302969;A;G;0.7931029796600342;170
100..300;18;44950031;C;G;0.2620970010757446;215
100..300;18;44952958;C;T;0.2008370012044906;205
100..300;18;45739309;A;G;0.2065729945898056;190
100..300;18;45916543;A;G;0.1724140048027038;110
100..300;18;46483635;A;G;0.2274879962205886;180
100..300;18;46483755;A;AC;0.3154360055923462;135
100..300;18;47069276;T;C;0.2482759952545166;120
100..300;18;48039905;A;G;0.2514970004558563;145
100..300;18;49491450;G;A;0.6217949986457825;160
100..300;18;50276984;T;C;0.7262570261955261;220
100..300;18;50806833;G;C;0.2369939982891082;145
100..300;18;50819654;T;G;0.2629309892654419;190
100..300;18;51051412;C;G;0.5535709857940674;110
100..300;18;53402906;G;A;0.2734380066394806;105
100..300;18;55403683;A;G;0.9052630066871644;125
100..300;18;57436784;C;T;0.2091690003871917;295
100..300;18;57697598;A;G;0.5681819915771484;130
100..300;18;58481816;G;A;0.1916169971227646;135
100..300;18;59225715;C;T;0.3597559928894043;160
100..300;18;59355522;C;T;0.3192769885063171;155
100..300;18;59435894;A;G;0.2582420110702514;160
100..300;18;59447971;C;T;0.2029699981212616;160
100..300;18;61507526;A;C;0.2086959928274154;180
100..300;18;62070463;C;CAG;0.2480919957160949;220
100..300;18;62101142;G;A;0.281480997800827;115
100..300;18;62106804;T;C;0.2949639856815338;125
100..300;18;62113191;G;A;0.2938140034675598;165
100..300;18;62442327;T;C;0.5263159871101379;295
100..300;18;62442484;T;C;0.5826770067214966;285
100..300;18;62443051;C;T;0.713591992855072;260
100..300;18;62574499;T;C;0.2209299951791763;215
100..300;18;63532717;C;G;0.7666670083999634;140
100..300;18;63933150;T;C;0.948718011379242;195
100..300;18;63953532;A;G;0.2089550048112869;105
100..300;18;67511270;C;T;0.2734079957008362;240
100..300;18;67512592;A;G;0.1918369978666305;210
100..300;18;70088101;G;T;0.306533008813858;165
100..300;18;70325043;A;G;0.2775329947471618;205
100..300;18;74390053;T;C;0.244604006409645;230
100..300;18;74390067;G;A;0.2226150035858154;240
100..300;18;74390239;G;A;0.3214290142059326;160
100..300;18;74436547;C;T;0.177606001496315;205
100..300;18;74518940;TC;T;0.2403099983930587;110
100..300;18;74556356;GTGC;G;0.5793650150299072;135
100..300;18;76960785;T;C;0.2162159979343414;195
100..300;18;77436046;G;A;0.4198470115661621;140
100..300;18;77436060;A;G;0.3955219984054565;140
100..300;18;77436072;C;A;0.3897059857845306;135
100..300;18;77436580;C;T;0.2843140065670013;190
100..300;18;77436826;T;C;0.2391300052404403;170
100..300;18;78994757;C;G;0.2289720028638839;185
100..300;18;79110397;A;G;0.2513090074062347;160
100..300;18;79337360;T;A;0.1771119982004165;295
100..300;18;79486406;G;T;0.1959179937839508;180
100..300;18;79968135;T;G;0.8333330154418945;175
100..300;18;80045856;C;A;0.232025995850563;255
100..300;18;80077853;C;A;0.1643839925527572;115
100..300;18;80133156;A;T;0.1606220006942749;155
100..300;18;80135800;G;A;0.2442400008440017;195
100..300;18;80137309;A;G;0.2422149926424026;245
100..300;19;367089;A;G;0.2254099994897842;190
100..300;19;425182;A;G;0.141414001584053;215
100..300;19;504830;G;C;0.2105260044336319;270
100..300;19;544140;A;G;0.1381819993257522;205
100..300;19;617466;G;A;0.1827590018510818;240
100..300;19;632915;A;G;0.1782609969377517;180
100..300;19;648173;C;G;0.1779939979314804;225
100..300;19;652888;T;C;0.1400970071554184;155
100..300;19;685833;T;G;0.2675159871578216;260
100..300;19;690684;T;C;0.2191780060529709;180
100..300;19;690761;T;A;0.1411290019750595;195
100..300;19;690762;G;T;0.1411290019750595;195
100..300;19;731077;C;G;0.5714290142059326;155
100..300;19;731078;T;G;0.5714290142059326;155
100..300;19;731144;G;A;0.5060240030288696;245
100..300;19;746712;T;C;0.1822029948234558;195
100..300;19;757241;A;G;0.1417910009622573;215
100..300;19;804327;T;C;0.2097380012273788;210
100..300;19;804612;T;C;0.1532260030508041;170
100..300;19;804959;T;C;0.1727270036935806;180
100..300;19;855966;A;C;0.1493059992790222;235
100..300;19;1003440;A;G;0.2403849959373474;150
100..300;19;1010407;A;G;0.1714289933443069;135
100..300;19;1010909;G;A;0.1527779996395111;170
100..300;19;1010911;C;T;0.1527779996395111;175
100..300;19;1011811;T;C;0.1764709949493408;150
100..300;19;1017406;G;A;0.1776649951934814;155
100..300;19;1032475;T;G;0.194690003991127;190
100..300;19;1032703;T;C;0.1658540070056915;160
100..300;19;1043104;A;G;0.2186229974031448;205
100..300;19;1079960;A;G;0.236842006444931;195
100..300;19;1109596;T;G;0.206277996301651;165
100..300;19;1113524;T;G;0.1545889973640442;170
100..300;19;1113702;A;G;0.2509959936141968;210
100..300;19;1122732;A;G;0.2706420123577118;160
100..300;19;1370676;G;C;0.2522520124912262;280
100..300;19;1388539;T;C;0.1889400035142898;175
100..300;19;1495278;T;C;0.5833330154418945;110
100..300;19;1533973;G;C;0.1387899965047836;200
100..300;19;1534043;C;T;0.161764994263649;155
100..300;19;1535085;A;G;0.1851850003004074;245
100..300;19;1535180;A;G;0.1529050022363662;250
100..300;19;1535197;A;C;0.1494659930467605;205
100..300;19;1535203;C;A;0.1494659930467605;230
100..300;19;1535203;A;ACCG;0.1494659930467605;230
100..300;19;1624008;G;A;0.2019540071487426;230
100..300;19;1828149;A;G;0.2488040030002594;175
100..300;19;1918135;A;G;0.26180300116539;190
100..300;19;1986521;A;G;0.1347520053386688;205
100..300;19;1997364;G;A;0.2535710036754608;230
100..300;19;2078410;G;A;0.1685709953308105;280
100..300;19;2078489;C;T;0.1570509970188141;240
100..300;19;2215468;T;C;0.2232140004634857;180
100..300;19;2421859;T;C;0.2319999933242797;110
100..300;19;2732988;C;T;0.1739130020141601;125
100..300;19;2767194;T;G;0.2116180062294006;190
100..300;19;2833146;CT;C;0.3365379869937897;100
100..300;19;2833804;G;A;0.2304529994726181;215
100..300;19;2833866;A;G;0.2542369961738586;215
100..300;19;2834810;C;T;0.265625;175
100..300;19;3028873;C;G;0.4334979951381683;200
100..300;19;3062859;C;T;0.5060979723930359;165
100..300;19;3148821;T;G;0.2416670024394989;115
100..300;19;3546266;T;C;0.1683170050382614;180
100..300;19;3728611;A;G;0.1674010008573532;190
100..300;19;3739003;T;C;0.1942860037088394;145
100..300;19;3813908;C;A;0.2388660013675689;200
100..300;19;4175107;T;C;0.2129629999399185;175
100..300;19;4236999;A;G;0.14444400370121;140
100..300;19;4237070;G;A;0.1843969970941543;110
100..300;19;4251072;C;T;0.2606379985809326;155
100..300;19;4254378;T;C;0.2272730022668838;175
100..300;19;4292600;T;C;0.2182739973068237;160
100..300;19;4454003;A;G;0.1624999940395355;185
100..300;19;4524004;A;G;0.1775150001049041;120
100..300;19;4538587;A;G;0.1371839940547943;225
100..300;19;4558419;G;C;0.1708540022373199;140
100..300;19;4859925;C;T;0.1687240004539489;195
100..300;19;4945902;C;A;0.6798030138015747;230
100..300;19;4945905;T;C;0.6798030138015747;225
100..300;19;4954442;T;C;0.2199310064315796;220
100..300;19;5560801;C;G;0.2514620125293731;145
100..300;19;5668165;T;C;0.2040819972753524;160
100..300;19;5684764;A;G;0.2571429908275604;120
100..300;19;5696135;A;G;0.1479820013046264;165
100..300;19;5749160;G;A;0.1152070015668869;155
100..300;19;5778506;T;A;0.1871349960565567;270
100..300;19;5783894;A;G;0.1767240017652511;185
100..300;19;5892943;C;T;0.4726029932498932;155
100..300;19;6040124;T;C;0.1883659958839416;280
100..300;19;6156499;G;A;0.2416110038757324;120
100..300;19;6312279;C;T;0.1850000023841858;165
100..300;19;6535003;A;C;0.1845490038394928;185
100..300;19;6669923;A;G;0.2107280045747757;210
100..300;19;6731293;A;G;0.1952050030231475;225
100..300;19;6913800;G;A;0.2116400003433227;155
100..300;19;6919613;C;A;0.2783879935741424;215
100..300;19;6919742;G;A;0.1933699995279312;145
100..300;19;7125286;A;G;0.2222220003604889;140
100..300;19;7141764;A;G;0.2211540043354034;170
100..300;19;7528162;T;C;0.201116994023323;135
100..300;19;7540680;T;C;0.1982380002737045;185
100..300;19;7620957;A;G;0.1469389945268631;185
100..300;19;7678935;G;A;0.1926610022783279;170
100..300;19;7679089;A;C;0.1981569975614547;175
100..300;19;7696926;G;A;0.6099290251731873;150
100..300;19;7927241;A;G;0.1911759972572326;155
100..300;19;7928074;C;T;0.3015869855880737;165
100..300;19;7932759;A;G;0.2547770142555237;140
100..300;19;7935116;T;C;0.2366860061883926;145
100..300;19;7963660;G;A;0.2274679988622665;190
100..300;19;7967796;T;C;0.2060090005397796;190
100..300;19;8056476;G;A;0.1938779950141906;145
100..300;19;8096566;T;C;0.2537310123443603;110
100..300;19;8109336;T;G;0.261588990688324;235
100..300;19;8111125;T;C;0.2176470011472702;140
100..300;19;8111685;A;G;0.1421570032835006;150
100..300;19;8111756;T;C;0.1802330017089843;135
100..300;19;8112035;T;C;0.2740379869937897;190
100..300;19;8131810;T;C;0.2073729932308197;195
100..300;19;8136382;T;G;0.1442790031433105;170
100..300;19;8146113;T;C;0.2742860019207001;155
100..300;19;8146121;A;G;0.2810809910297394;160
100..300;19;8548249;A;G;0.1353379935026168;200
100..300;19;8586678;G;A;0.2092050015926361;210
100..300;19;8605046;G;C;0.2436549961566925;175
100..300;19;8677192;T;C;0.3022220134735107;215
100..300;19;8677305;A;C;0.2633450031280517;250
100..300;19;8698023;G;T;0.2280700057744979;200
100..300;19;8698550;A;G;0.1958760023117065;235
100..300;19;8698592;A;G;0.166153997182846;245
100..300;19;8729090;CT;C;0.5473679900169373;235
100..300;19;8729197;A;G;0.5639100074768066;145
100..300;19;8939050;A;G;0.2079209983348846;170
100..300;19;8946306;A;G;0.3435580134391784;170
100..300;19;8953002;G;T;0.3240000009536743;245
100..300;19;8953259;A;G;0.2975209951400757;225
100..300;19;8954956;C;T;0.1910109966993332;215
100..300;19;8961637;G;A;0.2760739922523498;150
100..300;19;8962066;C;T;0.2908369898796081;220
100..300;19;8964274;T;G;0.2783510088920593;255
100..300;19;8964541;A;T;0.2465119957923889;190
100..300;19;8964670;A;T;0.2033900022506714;160
100..300;19;8964908;A;T;0.2285709977149963;245
100..300;19;8964959;A;G;0.2516779899597168;260
100..300;19;8965061;C;T;0.2695310115814209;235
100..300;19;8965293;T;C;0.2313169986009597;235
100..300;19;8965407;A;G;0.2274679988622665;195
100..300;19;8965487;T;C;0.2198279947042465;195
100..300;19;8965602;A;G;0.1825730055570602;200
100..300;19;8966052;T;C;0.2083330005407333;205
100..300;19;8966182;T;C;0.2209299951791763;215
100..300;19;8966253;G;T;0.2194090038537979;200
100..300;19;8966274;A;C;0.1929820030927658;195
100..300;19;8966315;T;C;0.1938329935073852;185
100..300;19;8966384;T;C;0.2327589988708496;200
100..300;19;8966588;G;T;0.3106380105018616;215
100..300;19;8966760;A;G;0.3000000119209289;180
100..300;19;8967127;C;T;0.2811059951782226;185
100..300;19;8972448;A;G;0.2631579935550689;140
100..300;19;9115009;C;T;0.181207999587059;245
100..300;19;9115341;G;C;0.187049999833107;220
100..300;19;9115516;G;A;0.2367600053548813;275
100..300;19;9126210;G;A;0.2135230004787445;245
100..300;19;9126866;C;T;0.2466219961643219;250
100..300;19;9529645;A;G;0.304636001586914;135
100..300;19;9683302;T;C;0.3674699962139129;155
100..300;19;9758010;A;T;0.2527880072593689;240
100..300;19;9969560;T;C;0.1505379974842071;155
100..300;19;10005832;T;C;0.2341459989547729;180
100..300;19;10111179;T;C;0.1446540057659149;135
100..300;19;10259814;A;T;0.2464790046215057;130
100..300;19;10284116;A;G;0.2631579935550689;250
100..300;19;10308454;T;C;0.2444439977407455;250
100..300;19;10315746;C;A;0.4065040051937103;125
100..300;19;10315952;C;T;0.5078529715538025;195
100..300;19;10321123;T;G;0.1410260051488876;125
100..300;19;10489766;C;G;0.1866199970245361;225
100..300;19;10557997;G;A;0.2087379992008209;180
100..300;19;10559508;G;C;0.1535709947347641;215
100..300;19;10560988;C;T;0.1824319958686828;120
100..300;19;10581324;C;T;0.2339449971914291;180
100..300;19;10829116;C;T;0.1912350058555603;200
100..300;19;10833364;G;A;0.1262139976024627;150
100..300;19;10850348;G;C;0.2154469937086105;205
100..300;19;10994932;C;T;0.2063950002193451;270
100..300;19;11060163;C;T;0.2018350064754486;175
100..300;19;11131368;A;G;0.2492309957742691;280
100..300;19;11208956;T;C;0.2051279991865158;205
100..300;19;11221894;A;T;0.2780489921569824;170
100..300;19;11222920;C;T;0.2571429908275604;190
100..300;19;11236817;C;T;0.1690820008516311;150
100..300;19;11239664;G;C;0.1625619977712631;165
100..300;19;11239812;T;C;0.1783629953861236;265
100..300;19;11359694;G;C;0.2669680118560791;195
100..300;19;11397501;A;G;0.189872995018959;190
100..300;19;11419282;T;C;0.239668995141983;105
100..300;19;11487425;A;G;0.2173909991979599;225
100..300;19;12391973;A;G;0.3421050012111664;165
100..300;19;12551311;T;C;0.1415089964866638;230
100..300;19;12847883;C;T;0.265625;110
100..300;19;12852329;C;T;0.1927080005407333;165
100..300;19;12874762;G;A;0.175925999879837;245
100..300;19;12878746;A;G;0.2532890141010284;255
100..300;19;13144774;T;C;0.2227070033550262;190
100..300;19;13153584;T;C;0.2204300016164779;150
100..300;19;13757855;A;G;0.4885840117931366;210
100..300;19;13768808;C;T;0.2331289947032928;145
100..300;19;13772285;G;A;0.1321839988231659;130
100..300;19;13954529;C;T;0.2398190051317215;185
100..300;19;13972949;C;T;0.3818179965019226;155
100..300;19;14051864;C;A;0.191780999302864;120
100..300;19;14054466;A;G;0.1544940024614334;285
100..300;19;14718937;T;C;0.2398370057344436;215
100..300;19;14752338;A;G;0.1428570002317428;165
100..300;19;14799628;A;G;;275
100..300;19;14827804;C;T;0.2134149968624115;290
100..300;19;14852340;T;C;0.2733809947967529;135
100..300;19;14852920;C;T;0.2363640069961547;155
100..300;19;14864615;G;A;0.1641789972782135;250
100..300;19;14880627;G;T;0.2526319921016693;245
100..300;19;14880647;T;C;0.2256940007209777;245
100..300;19;14916441;C;T;0.2377050071954727;105
100..300;19;14917281;G;A;0.3049649894237518;130
100..300;19;14917284;C;T;0.248321995139122;130
100..300;19;14927469;C;T;0.7670450210571289;215
100..300;19;14968292;A;G;0.2023119926452636;145
100..300;19;15010495;G;C;0.480769008398056;155
100..300;19;15087213;T;A;0.1547619998455047;270
100..300;19;15087630;T;G;0.2162159979343414;205
100..300;19;15087795;T;C;0.1584160029888153;240
100..300;19;15087940;C;T;0.2245610058307647;250
100..300;19;15088040;T;A;0.2439019978046417;205
100..300;19;15111617;G;A;0.1947370022535324;150
100..300;19;15119182;G;A;0.2015209943056106;220
100..300;19;15119408;G;C;0.1881719976663589;170
100..300;19;15431044;C;T;0.1647939980030059;210
100..300;19;15454835;A;G;0.2346940040588379;240
100..300;19;15469847;A;G;0.1428570002317428;180
100..300;19;15611659;A;G;0.1625619977712631;170
100..300;19;15611669;C;T;0.1798249930143356;195
100..300;19;15611689;T;C;0.1609199941158294;215
100..300;19;15611777;T;C;0.2290499955415725;260
100..300;19;15611816;A;G;0.2232419997453689;205
100..300;19;15612073;G;A;0.2760420143604278;165
100..300;19;15615778;A;C;0.2318840026855468;280
100..300;19;15619692;T;C;0.249097004532814;230
100..300;19;15629544;T;C;0.2070710062980651;160
100..300;19;15647117;C;T;0.8917199969291687;215
100..300;19;15649205;G;A;0.2193309962749481;210
100..300;19;15649243;A;G;0.197842001914978;205
100..300;19;15650071;A;C;0.2217089980840683;165
100..300;19;15652881;A;G;0.2199169993400573;195
100..300;19;15652911;A;G;0.2629309892654419;190
100..300;19;15652965;A;G;0.2515720129013061;130
100..300;19;15658569;C;G;0.2685950100421905;215
100..300;19;15658815;G;A;0.508197009563446;175
100..300;19;15664165;T;G;0.694267988204956;190
100..300;19;15664357;G;T;0.3561640083789825;140
100..300;19;15742062;A;G;0.2267079949378967;280
100..300;19;15761226;T;A;0.265625;140
100..300;19;15794658;G;T;0.2249130010604858;160
100..300;19;16111928;T;C;0.1898149996995926;170
100..300;19;16402502;A;T;0.2907800078392029;125
100..300;19;16893238;C;T;0.1963640004396438;210
100..300;19;16897767;C;G;0.168831005692482;110
100..300;19;16907068;A;G;0.2217189967632293;175
100..300;19;17060075;T;C;0.1877730041742324;175
100..300;19;17082741;G;A;0.2000000029802322;185
100..300;19;17250255;T;C;0.1804510056972503;200
100..300;19;17250307;A;G;0.2457910031080246;240
100..300;19;17255504;T;C;0.2098360061645507;235
100..300;19;17256626;C;T;0.1962260007858276;210
100..300;19;17276367;G;A;0.2362869977951049;195
100..300;19;17278839;T;C;0.1818179935216903;100
100..300;19;17278895;A;G;0.2182739973068237;170
100..300;19;17283116;A;C;0.1917289942502975;225
100..300;19;17286435;T;C;0.3157890141010284;235
100..300;19;17365336;A;T;0.2456900030374527;205
100..300;19;17455825;A;T;0.1266970038414001;155
100..300;19;17726281;T;C;0.1470589935779571;180
100..300;19;17726703;A;G;0.159509003162384;110
100..300;19;17808215;T;A;0.294871985912323;215
100..300;19;17811986;A;G;0.5303030014038086;210
100..300;19;17821329;C;T;0.3310810029506683;125
100..300;19;17821381;C;T;0.1906780004501342;175
100..300;19;17821480;T;C;0.2727270126342773;150
100..300;19;17830485;C;T;0.1724140048027038;115
100..300;19;17841376;T;G;0.2363640069961547;150
100..300;19;18010345;A;G;0.1519609987735748;155
100..300;19;18010657;T;C;0.1848739981651306;185
100..300;19;18048706;C;T;0.3899079859256744;205
100..300;19;18069603;G;C;0.3905580043792724;215
100..300;19;18069641;G;A;0.4127660095691681;225
100..300;19;18075765;A;G;0.5338349938392639;130
100..300;19;18075808;C;T;0.6027399897575378;150
100..300;19;18077598;T;C;0.2634919881820678;250
100..300;19;18086825;A;G;0.4257029891014099;240
100..300;19;18107634;G;A;0.3737370073795318;175
100..300;19;18175134;A;G;0.1927269995212555;215
100..300;19;18177259;G;A;0.24686199426651;200
100..300;19;18193890;G;A;0.1652889996767044;185
100..300;19;18195014;T;C;0.2061859965324401;150
100..300;19;18264798;A;G;0.1936759948730468;215
100..300;19;18265005;A;G;0.2222220003604889;180
100..300;19;18265036;A;G;0.2252250015735626;190
100..300;19;18265072;C;G;0.1764709949493408;195
100..300;19;18265707;T;C;0.2126249969005584;270
100..300;19;18266951;G;A;0.2222220003604889;270
100..300;19;18386327;A;G;0.2175440043210983;255
100..300;19;18388341;T;C;0.1717170029878616;150
100..300;19;18451535;C;A;0.1696429997682571;100
100..300;19;18786630;C;T;0.1644739955663681;115
100..300;19;18903439;T;C;0.2535209953784942;120
100..300;19;18907053;A;G;0.1828790009021759;200
100..300;19;18994450;A;G;0.1451610028743744;140
100..300;19;19101849;A;G;0.1803279966115951;140
100..300;19;19133224;T;C;0.3270139992237091;180
100..300;19;19196988;T;C;0.1576579958200454;175
100..300;19;19248691;G;C;0.3120000064373016;120
100..300;19;19258626;G;A;0.1759659945964813;175
100..300;19;19269787;T;G;0.2317070066928863;130
100..300;19;19276934;C;A;0.2762430012226105;160
100..300;19;19279376;A;G;0.2166669964790344;145
100..300;19;19495825;A;G;0.2127660065889358;225
100..300;19;19496039;T;C;0.1748249977827072;130
100..300;19;19514738;G;A;0.2096769958734512;185
100..300;19;19535463;C;T;0.2648220062255859;220
100..300;19;19678719;G;A;0.1642860025167465;105
100..300;19;20023037;T;C;0.1918369978666305;190
100..300;19;20645716;G;A;0.2285709977149963;140
100..300;19;21150004;T;C;0.4779410064220428;140
100..300;19;21294629;C;T;0.1878170073032379;160
100..300;19;21361769;A;G;0.2437810003757476;165
100..300;19;21405116;T;G;0.2560980021953583;135
100..300;19;21536599;C;T;0.5093169808387756;175
100..300;19;22138132;A;C;0.2337660044431686;140
100..300;19;22138443;G;A;0.2259619981050491;180
100..300;19;22138454;C;T;0.2079209983348846;170
100..300;19;22138471;T;C;0.2417059987783432;185
100..300;19;22193066;T;C;0.2410259991884231;155
100..300;19;22368660;T;C;0.2234639972448349;145
100..300;19;22596349;A;C;0.2076919972896576;100
100..300;19;22601267;A;G;0.3018870055675506;150
100..300;19;22603239;G;A;0.1933699995279312;160
100..300;19;22603324;A;T;0.1807229965925216;140
100..300;19;22609794;G;A;0.218978002667427;115
100..300;19;22610236;G;A;0.3858270049095154;130
100..300;19;22610281;G;A;0.3356159925460815;135
100..300;19;22699383;G;A;0.1916670054197311;100
100..300;19;22699577;T;C;0.1776860058307647;195
100..300;19;22769309;G;A;0.1687760055065155;185
100..300;19;23145630;G;A;0.2702699899673462;100
100..300;19;23385152;T;C;0.1785710006952285;175
100..300;19;23935813;G;A;0.2941179871559143;125
100..300;19;29611949;G;A;0.1988299936056137;145
100..300;19;32482171;T;C;0.2372879981994629;200
100..300;19;32676869;CG;C;0.1384620070457458;105
100..300;19;32802701;T;C;0.2180850058794021;155
100..300;19;32810265;T;C;0.2170539945363998;110
100..300;19;32818124;T;A;0.19200000166893;190
100..300;19;32826678;A;AAC;0.202127993106842;170
100..300;19;32881908;A;G;0.1856060028076172;210
100..300;19;32923514;G;A;0.270141988992691;170
100..300;19;32976507;T;C;0.1912750005722046;235
100..300;19;32976609;C;T;0.2434460073709488;220
100..300;19;32991915;A;G;0.2447260022163391;185
100..300;19;32996165;T;G;1.346940040588379;210
100..300;19;33125171;T;C;0.2028470039367675;220
100..300;19;33126602;A;G;0.2293580025434494;180
100..300;19;33126677;T;C;0.2243590056896209;235
100..300;19;33415196;G;A;0.117646999657154;155
100..300;19;33415204;T;C;0.1210760027170181;160
100..300;19;33415217;C;T;0.1179039999842643;160
100..300;19;33589605;C;G;0.2000000029802322;150
100..300;19;33624642;C;T;0.5822780132293701;160
100..300;19;34093232;G;A;0.7336959838867188;225
100..300;19;34684844;G;C;0.3209879994392395;155
100..300;19;34931904;T;C;0.2560389935970306;165
100..300;19;34943544;G;A;0.218542993068695;140
100..300;19;34958169;A;G;0.234043002128601;280
100..300;19;34958505;A;G;0.2126979976892471;280
100..300;19;34958856;C;G;0.215827003121376;235
100..300;19;35151403;G;T;0.2638300061225891;200
100..300;19;35228354;A;G;0.2553960084915161;250
100..300;19;35228674;A;G;0.30519500374794;135
100..300;19;35250553;C;T;0.502282977104187;225
100..300;19;35266347;A;G;0.25;150
100..300;19;35279153;A;G;0.2032260000705719;255
100..300;19;35279161;T;C;0.125;250
100..300;19;35279271;G;A;0.3926379978656769;160
100..300;19;35352468;A;G;0.2727270126342773;165
100..300;19;35359024;A;G;0.1407620012760162;240
100..300;19;35383161;G;A;0.2078649997711181;150
100..300;19;35511808;A;C;0.3263890147209167;135
100..300;19;35513269;A;C;0.2695919871330261;280
100..300;19;35542558;T;C;0.4657529890537262;140
100..300;19;35547319;C;T;0.4953700006008148;225
100..300;19;35622688;G;A;0.1918369978666305;195
100..300;19;35716200;A;G;0.1322959959506988;205
100..300;19;35768513;A;G;0.4610390067100525;155
100..300;19;35777869;T;C;0.4461539983749389;205
100..300;19;35779013;C;T;0.5221239924430847;115
100..300;19;35780237;T;C;0.467741996049881;125
100..300;19;35785501;G;T;0.5519999861717224;140
100..300;19;35787568;G;C;0.4406780004501343;175
100..300;19;35812019;C;T;0.5704230070114136;155
100..300;19;35812762;C;G;0.404444009065628;215
100..300;19;35831368;T;C;0.6390979886054993;155
100..300;19;36058788;T;C;0.1958329975605011;180
100..300;19;36084743;A;G;0.2242989987134933;165
100..300;19;36111195;T;C;0.220779001712799;195
100..300;19;36547190;C;T;0.2075469940900802;185
100..300;19;36548167;C;A;0.1521739959716797;190
100..300;19;36627537;T;C;0.1854840070009231;100
100..300;19;36656428;G;T;0.1878450065851211;135
100..300;19;36719627;G;A;0.2686569988727569;185
100..300;19;38082254;T;C;0.1260740011930465;265
100..300;19;38082499;T;G;0.1814160048961639;185
100..300;19;38100060;C;T;0.1984730064868927;210
100..300;19;38218912;T;C;0.304636001586914;140
100..300;19;38469040;T;C;0.1989250034093856;145
100..300;19;38706105;T;C;0.4552850127220154;115
100..300;19;39085357;A;G;0.2242150008678436;185
100..300;19;39098549;T;C;0.2246699929237365;185
100..300;19;39100315;A;G;0.7037039995193481;145
100..300;19;39175294;T;C;0.1520469933748245;140
100..300;19;39247677;C;A;0.2298139929771423;130
100..300;19;39408027;T;C;0.1400000005960464;210
100..300;19;39423668;T;C;0.1841000020503997;210
100..300;19;39424108;A;G;0.1964289993047714;230
100..300;19;39424997;A;G;0.1809049993753433;155
100..300;19;39425118;G;C;0.196721002459526;165
100..300;19;39435869;C;A;0.1691180020570755;215
100..300;19;39435881;A;G;0.1605840027332306;215
100..300;19;39464893;A;G;0.2516559958457947;245
100..300;19;39480792;C;G;0.1388889998197555;185
100..300;19;39485824;G;C;0.25;100
100..300;19;39500597;G;C;0.2769230008125305;110
100..300;19;39504071;C;T;0.2087379992008209;180
100..300;19;39505387;T;C;0.1484100073575973;225
100..300;19;39532668;G;A;0.1283189952373504;165
100..300;19;39534557;C;T;0.2587409913539886;125
100..300;19;39924363;G;C;0.2242420017719268;150
100..300;19;39927135;A;G;0.2341459989547729;180
100..300;19;39927676;A;G;0.2204719930887222;220
100..300;19;39972455;C;T;0.189189001917839;200
100..300;19;40380316;A;G;0.2278479933738708;200
100..300;19;40395104;C;G;0.2082020044326782;290
100..300;19;40395589;C;T;0.1940789967775344;260
100..300;19;40395697;G;A;0.483720988035202;225
100..300;19;40395707;G;A;0.4902909994125366;225
100..300;19;40398695;A;G;0.1866669952869415;245
100..300;19;40423037;G;A;0.3240740001201629;205
100..300;19;40423456;C;T;0.4213480055332184;165
100..300;19;40441541;G;A;0.1694210022687912;200
100..300;19;40441844;A;G;0.1978020071983337;230
100..300;19;40576962;C;T;0.1926230043172836;190
100..300;19;40577538;T;C;0.2277230024337768;260
100..300;19;40590283;G;A;0.634518027305603;215
100..300;19;40605163;A;G;0.3867920041084289;205
100..300;19;40611963;G;A;0.1744190007448196;140
100..300;19;40612150;G;A;0.1207730025053024;150
100..300;19;40622404;T;C;0.2198580056428909;110
100..300;19;40623937;T;C;0.2698409855365753;175
100..300;19;40822291;T;C;0.4471150040626526;200
100..300;19;40845495;A;G;0.2938140034675598;135
100..300;19;40877248;G;A;0.6204379796981812;275
100..300;19;40908576;A;G;0.1842110008001327;155
100..300;19;41116202;GC;G;0.4777779877185821;270
100..300;19;41116284;A;G;0.5226340293884277;250
100..300;19;41342037;T;TG;0.1707320064306259;230
100..300;19;41414125;T;C;0.2488480061292648;175
100..300;19;41709949;G;A;0.236842006444931;285
100..300;19;41709953;C;T;0.236842006444931;290
100..300;19;42287842;C;T;0.2335769981145858;250
100..300;19;42855719;T;G;0.3100000023841858;100
100..300;19;42867140;T;A;0.1951220035552978;180
100..300;19;42867142;A;C;0.1951220035552978;180
100..300;19;42868789;C;T;0.2420749962329864;110
100..300;19;42879499;T;C;0.2819550037384033;225
100..300;19;42879528;T;G;0.2735849916934967;270
100..300;19;43195265;G;A;0.6236559748649597;185
100..300;19;43205467;T;C;0.6279069781303406;160
100..300;19;43205495;A;G;0.6311479806900024;190
100..300;19;43205549;C;T;0.1492539942264557;160
100..300;19;43212386;G;A;0.5617280006408691;150
100..300;19;43212417;C;T;0.2117120027542114;145
100..300;19;43212469;G;A;0.344633013010025;110
100..300;19;43212484;G;A;0.3417719900608063;100
100..300;19;43269447;C;T;0.800000011920929;235
100..300;19;43406497;T;G;0.1889400035142898;175
100..300;19;43553432;C;G;0.2324319928884506;155
100..300;19;43578639;C;T;0.2048780024051666;155
100..300;19;43581675;T;C;0.1628960072994232;175
100..300;19;43614201;A;G;0.2372370064258575;280
100..300;19;43626301;A;G;0.1720429956912994;155
100..300;19;43652320;C;T;0.471794992685318;190
100..300;19;43718961;A;G;0.1981980055570602;185
100..300;19;43718986;T;G;0.205263003706932;160
100..300;19;43848487;A;G;0.2982459962368011;165
100..300;19;43873517;A;G;0.3539330065250397;165
100..300;19;43913423;G;A;0.2839510142803192;145
100..300;19;43914528;C;G;0.2710840106010437;150
100..300;19;43914541;C;T;0.2590360045433044;150
100..300;19;43914672;T;C;0.2947370111942291;185
100..300;19;44106690;T;C;0.1960780024528503;185
100..300;19;44386535;A;G;0.2929289937019348;150
100..300;19;44386655;A;G;0.343284010887146;185
100..300;19;44387622;T;C;0.3397679924964905;250
100..300;19;44388006;T;C;0.2067669928073883;225
100..300;19;44392323;G;C;0.2559520006179809;130
100..300;19;44477583;C;T;0.2880429923534393;175
100..300;19;44477615;C;T;0.2941179871559143;155
100..300;19;44520547;C;G;0.2638300061225891;200
100..300;19;44524136;C;T;0.2160000056028366;295
100..300;19;44524198;A;G;0.2114800065755844;265
100..300;19;44900864;A;G;0.2890619933605194;120
100..300;19;45238753;G;C;0.1792829930782318;205
100..300;19;45238836;A;G;0.1544719934463501;195
100..300;19;45408744;C;A;0.1918600052595138;295
100..300;19;45409085;G;A;0.1830990016460418;235
100..300;19;45409148;A;G;0.2111109942197799;240
100..300;19;45414987;A;G;0.185366004705429;165
100..300;19;45621273;A;G;0.2026139944791793;115
100..300;19;45678134;C;G;0.1903319954872131;265
100..300;19;45687763;G;A;0.231111004948616;180
100..300;19;45698914;T;C;0.1985290050506591;125
100..300;19;45761705;T;C;0.1737589985132217;225
100..300;19;45995095;G;C;0.1374409943819046;155
100..300;19;46016768;G;A;0.1385039985179901;255
100..300;19;46023040;G;T;0.1739130020141601;135
100..300;19;46160633;G;A;0.1981980055570602;195
100..300;19;46353758;T;C;0.2117650061845779;140
100..300;19;46470724;A;G;0.3288890123367309;210
100..300;19;46470976;A;G;0.209524005651474;175
100..300;19;46471049;C;A;0.3181819915771484;100
100..300;19;46634202;T;C;0.2450329959392547;120
100..300;19;46775681;A;G;0.269663006067276;160
100..300;19;46778905;A;G;0.2117650061845779;145
100..300;19;47309908;A;G;0.2151899933815002;185
100..300;19;47353079;T;C;0.1416999995708465;200
100..300;19;47475414;A;G;0.1748249977827072;100
100..300;19;47539719;T;C;0.2362869977951049;190
100..300;19;47545258;C;T;0.150407001376152;185
100..300;19;47716672;A;G;0.2278479933738708;210
100..300;19;47745650;C;G;0.1681820005178451;165
100..300;19;47751542;C;T;0.1969700008630752;155
100..300;19;47756530;T;C;0.2800000011920929;155
100..300;19;48067815;G;T;0.2610839903354645;175
100..300;19;48297494;A;C;0.2051279991865158;145
100..300;19;48297534;G;A;0.2323939949274063;130
100..300;19;48298169;C;T;0.258882999420166;165
100..300;19;48302758;T;C;0.2716050148010254;200
100..300;19;48464758;T;C;0.1596239954233169;175
100..300;19;48575989;T;C;0.2184299975633621;230
100..300;19;48592808;T;C;0.2780750095844269;150
100..300;19;48613102;C;T;0.1843969970941543;230
100..300;19;48613181;G;A;0.1505019962787628;240
100..300;19;48629377;A;G;0.1870750039815902;230
100..300;19;48713350;A;G;0.2160000056028366;200
100..300;19;48799813;C;G;0.2047239989042282;200
100..300;19;48831734;T;C;0.2643679976463318;140
100..300;19;48847892;T;C;0.2416110038757324;125
100..300;19;48865586;C;T;0.1583009958267212;200
100..300;19;48873327;A;G;0.2626729905605316;195
100..300;19;48874062;G;A;0.1588450074195861;220
100..300;19;48874167;A;G;0.2206899970769882;245
100..300;19;48874179;C;G;0.2013889998197555;250
100..300;19;48874616;A;G;0.2112209945917129;265
100..300;19;48874661;T;G;0.1821310073137283;250
100..300;19;48875737;G;A;0.1182800009846687;205
100..300;19;48875910;T;C;0.1512030065059662;220
100..300;19;48875925;C;G;0.156028002500534;215
100..300;19;48896564;A;G;0.1533329933881759;120
100..300;19;48904403;A;G;0.1189429983496666;160
100..300;19;48904458;T;C;0.1395349949598312;125
100..300;19;48905747;C;T;0.247748002409935;185
100..300;19;48918709;C;T;0.1405410021543502;140
100..300;19;48919180;T;A;0.1736530065536499;140
100..300;19;48961106;T;C;0.2479999959468841;105
100..300;19;48966729;T;C;0.2201260030269622;130
100..300;19;49030123;T;G;0.2062499970197677;145
100..300;19;49056261;G;C;0.1847829967737198;145
100..300;19;49056436;C;T;0.1244639977812767;185
100..300;19;49057204;A;G;0.1223400011658668;140
100..300;19;49118335;C;G;0.2205320000648498;225
100..300;19;49154952;C;A;0.2020550072193145;245
100..300;19;49155110;T;C;0.2056960016489029;270
100..300;19;49155133;C;T;0.2133329957723617;255
100..300;19;49157855;A;G;0.2554349899291992;145
100..300;19;49290771;T;G;0.1886789947748184;135
100..300;19;49365794;G;T;0.2525250017642975;185
100..300;19;49374858;A;G;0.210317000746727;205
100..300;19;49374939;A;G;0.2315440028905868;240
100..300;19;49745244;C;T;0.1818179935216903;180
100..300;19;49746648;C;T;0.1171879991889;190
100..300;19;49747144;T;C;0.1674209982156753;175
100..300;19;49901622;T;C;0.220779001712799;125
100..300;19;50232083;T;C;0.268570989370346;155
100..300;19;50249640;A;G;0.3013699948787689;195
100..300;19;50250613;T;C;0.2150170058012008;240
100..300;19;50260629;T;C;0.2258059978485107;145
100..300;19;50286710;A;G;0.2061070054769516;110
100..300;19;50359511;T;C;0.1705069988965988;180
100..300;19;50758572;A;G;0.1914889961481094;155
100..300;19;50758694;T;G;0.1990949958562851;190
100..300;19;50758799;C;T;0.2290499955415725;160
100..300;19;50858059;T;C;0.2925530076026916;175
100..300;19;51000268;C;T;0.2291669994592666;170
100..300;19;51003764;G;T;0.4898990094661712;175
100..300;19;51014966;A;G;0.471697986125946;100
100..300;19;51016090;C;G;0.5321639776229858;175
100..300;19;51185559;G;T;0.2424239963293075;275
100..300;19;51185586;C;G;0.2380950003862381;295
100..300;19;51185948;C;A;0.2380950003862381;120
100..300;19;51225221;T;C;0.2589640021324157;225
100..300;19;51235662;A;G;0.2465279996395111;250
100..300;19;51325341;T;C;0.1971330046653747;220
100..300;19;51347036;A;G;0.4422110021114349;190
100..300;19;51367941;A;G;0.3386079967021942;280
100..300;19;51497405;A;G;0.2138160020112991;240
100..300;19;51498028;A;G;0.2442400008440017;190
100..300;19;51693200;C;T;0.25;100
100..300;19;51693559;C;G;0.2727270126342773;185
100..300;19;51701689;A;G;0.2361810058355331;165
100..300;19;51746963;G;A;0.2441859990358352;215
100..300;19;51824531;T;C;0.2427179962396621;275
100..300;19;51945416;C;G;0.2863849997520447;185
100..300;19;52016987;A;G;0.18435800075531;150
100..300;19;52017119;T;C;0.2278479933738708;135
100..300;19;52018043;A;G;0.2102559953927993;150
100..300;19;52033949;T;C;0.3459720015525818;205
100..300;19;52034323;G;T;0.25;255
100..300;19;52035175;G;A;0.2287580072879791;140
100..300;19;52067461;G;C;0.2972970008850097;170
100..300;19;52067530;G;A;0.2941179871559143;155
100..300;19;52406707;A;G;0.2063490003347396;165
100..300;19;52582560;C;T;0.2012380063533783;285
100..300;19;52583345;A;G;0.2124650031328201;275
100..300;19;52800452;G;T;0.2717770040035248;265
100..300;19;52841448;G;A;0.3306449949741363;230
100..300;19;52841807;C;G;0.2207359969615936;195
100..300;19;52841823;C;T;0.2121209949254989;230
100..300;19;52841842;A;G;0.2140759974718094;270
100..300;19;52841857;G;A;0.2099449932575225;295
100..300;19;52849106;G;A;0.2161020040512085;195
100..300;19;52923359;T;C;0.2713179886341095;115
100..300;19;53050433;A;G;0.2255190014839172;235
100..300;19;53109467;C;T;0.3333329856395721;155
100..300;19;53109736;G;A;0.2744359970092773;230
100..300;19;53129643;A;G;0.2791880071163177;155
100..300;19;53224656;C;CAT;0.1548389941453933;125
100..300;19;53289789;A;G;0.5258960127830505;260
100..300;19;53290321;G;A;0.4458329975605011;240
100..300;19;53490416;A;G;0.1603769958019256;265
100..300;19;53616908;A;T;0.2698409855365753;170
100..300;19;53804068;A;G;;215
100..300;19;53804068;T;G;;215
100..300;19;54012161;C;G;0.1320749968290329;165
100..300;19;54108253;G;C;0.1900579929351806;290
100..300;19;54222283;G;A;0.1478099972009658;230
100..300;19;54222579;C;G;0.1505790054798126;140
100..300;19;54277612;G;C;0.5302330255508423;155
100..300;19;54508187;A;G;0.1944440007209777;235
100..300;19;54543645;A;G;0.2727270126342773;130
100..300;19;54663551;T;G;0.2042250037193298;240
100..300;19;54936244;T;G;0.2843599915504455;190
100..300;19;55141929;C;A;0.2049999982118606;155
100..300;19;55146720;A;G;0.1544120013713836;105
100..300;19;55187587;T;C;0.2661870121955871;120
100..300;19;55196507;T;C;0.3239440023899078;135
100..300;19;55197189;G;A;0.5906980037689209;235
100..300;19;55197205;A;G;0.2214770019054412;245
100..300;19;55198706;A;G;0.1897229999303817;200
100..300;19;55202167;A;G;0.5842700004577637;285
100..300;19;55227378;A;G;0.1762450039386749;220
100..300;19;55228237;T;C;0.2246840000152588;260
100..300;19;55228445;A;G;0.205046996474266;260
100..300;19;55358892;A;G;0.2239259928464889;285
100..300;19;55454979;T;C;0.1538459956645965;160
100..300;19;55486895;T;C;0.2215189933776855;120
100..300;19;55489529;T;G;0.1655170023441314;110
100..300;19;55529865;T;C;0.2152779996395111;115
100..300;19;55810151;C;T;0.3719010055065155;120
100..300;19;55861524;T;C;0.2265190035104751;145
100..300;19;55898856;T;C;0.2594139873981476;190
100..300;19;55973711;G;A;0.264151006937027;180
100..300;19;55976237;G;A;0.1416999995708465;190
100..300;19;56003968;T;C;0.234043002128601;280
100..300;19;56008784;G;C;0.1547619998455047;195
100..300;19;56015813;TC;T;0.1403509974479675;130
100..300;19;56027874;T;C;0.2586869895458221;235
100..300;19;56191879;A;G;0.1888110041618347;235
100..300;19;56192732;A;G;0.2953589856624603;100
100..300;19;56244191;A;T;0.1623709946870803;270
100..300;19;56384127;T;C;0.2439019978046417;180
100..300;19;56442216;C;T;0.6625000238418579;190
100..300;19;56550678;T;C;0.2058819979429245;170
100..300;19;56550703;C;T;0.1977400034666061;150
100..300;19;56550704;C;T;0.2033900022506714;150
100..300;19;56553820;C;T;0.3071900010108948;140
100..300;19;56823654;A;G;0.2703860104084015;195
100..300;19;57131414;A;C;0.2255319952964782;195
100..300;19;57326650;G;C;0.2319999933242797;200
100..300;19;57329179;G;A;0.202796995639801;240
100..300;19;57353781;T;C;0.1940300017595291;155
100..300;19;57357511;C;T;0.1666669994592666;230
100..300;19;57398459;T;G;0.1844259947538375;190
100..300;19;57445460;G;T;0.6060609817504883;110
100..300;19;57475736;T;C;0.1656800061464309;250
100..300;19;57492212;A;G;0.2433329969644546;220
100..300;19;57506385;A;C;0.1517509967088699;210
100..300;19;57506386;G;A;0.1517509967088699;210
100..300;19;57506390;C;G;0.1517509967088699;220
100..300;19;57508524;A;G;0.3499999940395355;175
100..300;19;57513074;A;G;0.3028570115566253;155
100..300;19;57572099;T;C;0.2230769991874694;105
100..300;19;57639970;T;TG;0.2761900126934051;175
100..300;19;57841154;A;G;0.1761520057916641;135
100..300;19;57841438;C;T;0.2134499996900558;285
100..300;19;57908784;A;C;0.2889730036258697;190
100..300;19;57908794;C;T;0.2805759906768799;205
100..300;19;57908799;C;T;0.269896000623703;210
100..300;19;57909331;A;C;0.311594009399414;205
100..300;19;57980259;C;T;0.2009350061416626;175
100..300;19;57999782;T;C;0.2000000029802322;130
100..300;19;58061715;G;A;0.1904760003089904;115
100..300;19;58067210;T;C;0.7383180260658264;265
100..300;19;58085082;T;C;0.136363998055458;135
100..300;19;58089854;C;T;0.2196529954671859;150
100..300;19;58294717;C;T;0.2258059978485107;215
100..300;19;58409929;G;A;0.2540540099143982;160
100..300;19;58415848;T;C;0.2514449954032898;285
100..300;19;58416932;T;A;0.3425410091876983;260
100..300;19;58416942;T;C;0.1951220035552978;280
100..300;19;58434836;T;C;0.2457630038261413;215
100..300;19;58435466;C;T;0.3038670122623443;160
100..300;19;58511799;A;G;0.2380950003862381;180
100..300;19;58511807;G;A;0.2463770061731338;180
100..300;19;58563286;C;T;0.2537310123443603;175
100..300;2;41647;G;A;0.1944440007209777;115
100..300;2;242800;C;T;0.4230769872665405;100
100..300;2;243504;T;C;0.2345129996538162;180
100..300;2;277250;A;G;0.1436779946088791;135
100..300;2;1173095;A;C;0.3202250003814697;150
100..300;2;1477583;A;G;0.1760559976100921;100
100..300;2;1839196;C;T;0.3846150040626526;165
100..300;2;3580793;A;C;0.6321840286254883;100
100..300;2;3606252;A;C;0.6039599776268005;215
100..300;2;3778797;C;T;0.2142859995365142;135
100..300;2;6496292;T;G;0.3030300140380859;190
100..300;2;6849889;T;C;0.2702699899673462;160
100..300;2;7014695;AT;A;0.1384620070457458;115
100..300;2;9356162;C;T;0.1847829967737198;160
100..300;2;9388407;C;G;0.1494569927453994;280
100..300;2;9494727;G;A;0.3404259979724884;120
100..300;2;9954863;G;A;0.2134830057621002;160
100..300;2;9986202;A;G;0.2330829948186874;210
100..300;2;9986288;G;A;0.1871349960565567;140
100..300;2;9992146;C;T;0.2289160043001175;130
100..300;2;10772593;A;G;0.4210529923439026;140
100..300;2;10819281;C;A;0.3813560009002685;110
100..300;2;10819335;T;G;0.3410849869251251;115
100..300;2;10819349;C;G;0.3688519895076751;110
100..300;2;10820826;A;G;0.538860023021698;190
100..300;2;11102484;T;C;0.2417580038309097;160
100..300;2;11211739;C;T;0.2372879981994629;190
100..300;2;11249781;T;C;0.2611460089683532;135
100..300;2;11588728;A;G;0.1618500053882599;140
100..300;2;11611040;T;C;0.3043479919433594;125
100..300;2;11618390;G;C;0.2325579971075058;225
100..300;2;11634198;A;G;0.1496060043573379;190
100..300;2;11765750;T;C;0.1962029933929443;140
100..300;2;11802956;T;C;0.1844259947538375;200
100..300;2;17284591;T;G;0.3550719916820526;135
100..300;2;17284745;C;T;0.4074069857597351;165
100..300;2;17284808;G;A;0.8888890147209167;130
100..300;2;17385367;G;A;0.7608699798583984;170
100..300;2;17385589;T;C;0.3630949854850769;175
100..300;2;17805416;T;G;0.301281988620758;130
100..300;2;18555347;G;A;0.2978720068931579;175
100..300;2;20251684;A;G;0.2739729881286621;125
100..300;2;20619004;T;C;0.2620970010757446;210
100..300;2;20638462;T;C;0.1945289969444275;270
100..300;2;20685561;A;C;0.2060610055923462;130
100..300;2;20858504;A;G;1.125;125
100..300;2;21002628;G;A;0.2377050071954727;120
100..300;2;21022941;A;G;0.2753620147705078;185
100..300;2;23562463;A;G;0.1233770027756691;105
100..300;2;23703363;T;C;0.434783011674881;140
100..300;2;23872415;C;A;0.4587160050868988;110
100..300;2;24821548;A;G;0.1840489953756332;125
100..300;2;24824539;G;A;0.2000000029802322;105
100..300;2;24841324;A;G;0.643563985824585;110
100..300;2;25246633;T;C;0.1979700028896331;160
100..300;2;26141157;G;T;0.3082189857959747;125
100..300;2;26232259;A;G;0.6082469820976257;105
100..300;2;26280007;C;T;0.6491230130195618;120
100..300;2;26282990;G;A;0.4919790029525757;185
100..300;2;26311030;T;C;0.2068970054388046;255
100..300;2;26444262;G;A;0.2258059978485107;220
100..300;2;26477832;A;G;0.1511110067367553;175
100..300;2;26792112;C;T;0.3000000119209289;115
100..300;2;26792250;A;G;0.2957749962806701;120
100..300;2;26792742;C;CCA;0.1812500059604644;120
100..300;2;26940176;C;T;0.2326730042695999;170
100..300;2;26941938;A;G;0.1944440007209777;155
100..300;2;26946974;A;C;0.1523440033197403;190
100..300;2;27056145;G;A;0.3103449940681457;110
100..300;2;27092384;A;G;0.1725489944219589;190
100..300;2;27100517;T;C;0.179190993309021;130
100..300;2;27137019;T;C;0.2668919861316681;255
100..300;2;27212297;A;G;0.1875;115
100..300;2;27233506;A;G;0.2222220003604889;180
100..300;2;27236496;C;T;0.2125000059604644;135
100..300;2;27255363;G;A;0.1948049962520599;245
100..300;2;27256909;A;C;0.2307689934968948;145
100..300;2;27258784;C;A;0.2393160015344619;195
100..300;2;27638944;C;A;0.1805559992790222;165
100..300;2;28539114;C;G;0.1780100017786026;145
100..300;2;28601936;A;G;0.2851850092411041;220
100..300;2;28632091;T;C;0.5818179845809937;235
100..300;2;28642894;C;T;0.6150000095367432;215
100..300;2;28956586;C;G;0.2350600063800811;195
100..300;2;29002636;G;T;0.2062260061502456;200
100..300;2;29002638;C;T;0.2062260061502456;205
100..300;2;29033508;T;C;0.1982759982347488;180
100..300;2;29036677;C;T;0.1612900048494339;215
100..300;2;29051864;T;G;0.2643679976463318;225
100..300;2;29133701;C;G;0.2614380121231079;120
100..300;2;29193615;C;T;0.1913360059261322;245
100..300;2;29223336;A;G;0.2615379989147186;165
100..300;2;29232333;T;A;0.2686569988727569;115
100..300;2;30459604;T;A;0.3174600005149841;160
100..300;2;30734460;G;A;0.234375;150
100..300;2;31187787;T;C;0.122698999941349;125
100..300;2;31188318;A;C;0.2539680004119873;250
100..300;2;31197277;T;C;0.2208590060472488;125
100..300;2;31339546;T;C;0.2181210070848465;240
100..300;2;31525140;G;C;0.3716219961643219;140
100..300;2;32177567;T;C;0.2302159965038299;110
100..300;2;32441343;C;T;0.2424239963293075;105
100..300;2;32518906;G;A;0.3546099960803985;125
100..300;2;32575355;G;C;0.2312500029802322;130
100..300;2;32607616;T;C;0.2077289968729019;160
100..300;2;32758413;A;G;0.2028989940881729;170
100..300;2;33263352;A;G;0.1385280042886734;165
100..300;2;33539219;C;T;0.4867259860038757;115
100..300;2;33839958;G;GCAT;0.1185410022735595;215
100..300;2;37228089;A;C;0.3092780113220215;185
100..300;2;38075034;A;C;0.187049999833107;100
100..300;2;38075247;C;G;0.1963189989328384;125
100..300;2;38075401;A;G;0.2204719930887222;105
100..300;2;38285568;C;T;0.1987950056791305;135
100..300;2;38309484;G;T;0.2647059857845306;140
100..300;2;38377209;G;A;0.1447370052337646;155
100..300;2;38822999;C;A;0.2189050018787384;175
100..300;2;38855202;C;T;0.21561299264431;215
100..300;2;39615000;C;G;0.2867130041122436;120
100..300;2;43292838;T;C;0.3185189962387085;130
100..300;2;43844500;T;C;0.2485550045967102;135
100..300;2;43844604;G;A;0.2931030094623565;135
100..300;2;46759277;G;A;0.2266670018434524;185
100..300;2;46759577;G;C;0.2871290147304535;175
100..300;2;46905488;A;G;0.2517009973526001;120
100..300;2;46993483;A;G;0.2401569932699203;200
100..300;2;47024371;C;G;0.1530050039291381;130
100..300;2;47369714;CG;C;0.2389940023422241;125
100..300;2;47803553;A;T;0.1650490015745163;250
100..300;2;48580657;C;A;0.2550339996814728;140
100..300;2;48580837;C;T;0.2362200021743774;220
100..300;2;48581013;C;G;0.25;195
100..300;2;48581743;A;T;0.2931939959526062;175
100..300;2;48581759;T;C;0.2753620147705078;190
100..300;2;48915268;G;T;0.3161759972572326;115
100..300;2;48916128;A;G;0.1615380048751831;100
100..300;2;52571655;C;G;0.5799999833106995;160
100..300;2;52572190;T;G;0.2337660044431686;205
100..300;2;52572436;T;A;0.4834119975566864;215
100..300;2;53808371;C;G;0.2628870010375976;165
100..300;2;53904017;T;C;0.3063060045242309;105
100..300;2;53923100;G;A;0.1715690046548843;155
100..300;2;53970692;A;C;0.1184829995036125;140
100..300;2;54255852;T;C;0.5614039897918701;255
100..300;2;54267311;A;G;0.2657339870929718;115
100..300;2;54360522;C;G;0.4150939881801605;160
100..300;2;54433405;T;C;0.1827960014343261;140
100..300;2;55254186;A;T;0.1144279986619949;145
100..300;2;55535874;A;G;0.163792997598648;100
100..300;2;58460948;A;G;0.25;195
100..300;2;58460955;G;C;0.2465749979019165;195
100..300;2;58461772;A;G;0.2292989939451217;270
100..300;2;61301164;TA;T;0.2212390005588531;115
100..300;2;61838624;T;C;0.2389380037784576;185
100..300;2;61842223;C;T;0.2115380018949508;175
100..300;2;63622357;C;T;0.6621000170707703;255
100..300;2;64100410;T;G;0.908257007598877;130
100..300;2;64100458;C;T;1.0463000535964966;145
100..300;2;65205352;A;T;0.2452110052108764;215
100..300;2;65205723;C;T;0.243816003203392;230
100..300;2;65205818;C;T;0.1980199962854385;225
100..300;2;66125662;G;C;0.2139039933681488;155
100..300;2;68655336;C;T;0.2746909856796264;290
100..300;2;69514477;T;C;0.2128710001707077;175
100..300;2;69514621;C;CTGT;0.2350749969482422;250
100..300;2;69788049;T;C;0.2399999946355819;100
100..300;2;69806452;T;C;0.1415529996156692;155
100..300;2;69806517;A;G;0.1836729943752288;115
100..300;2;69935402;G;T;0.7012190222740173;185
100..300;2;70943677;T;C;0.2258059978485107;195
100..300;2;70963254;T;C;0.6100000143051147;215
100..300;2;70979137;A;G;0.2403099983930587;105
100..300;2;70985000;T;C;0.1942030042409896;295
100..300;2;71077608;A;G;0.26978400349617;235
100..300;2;71124357;A;G;0.541126012802124;240
100..300;2;71190004;T;C;0.25;140
100..300;2;71481990;A;G;0.2377620041370391;110
100..300;2;71515762;C;T;0.2888889908790588;120
100..300;2;71553118;T;C;0.1733870059251785;200
100..300;2;72480745;G;A;0.4296880066394806;125
100..300;2;72731204;C;T;0.2947370111942291;160
100..300;2;73081250;T;C;0.1827410012483596;170
100..300;2;73214257;G;C;0.7185180187225342;155
100..300;2;73264386;T;C;0.4913040101528168;225
100..300;2;73489683;A;G;0.2893399894237518;170
100..300;2;73489976;C;G;0.2025859951972961;200
100..300;2;74255765;C;T;0.3059700131416321;125
100..300;2;74262191;A;G;0.2485879957675933;145
100..300;2;74460654;A;G;0.175925999879837;170
100..300;2;74498017;C;T;0.7189540266990662;190
100..300;2;74506814;A;G;0.2140579968690872;240
100..300;2;74673461;T;G;0.2923080027103424;110
100..300;2;74754710;T;A;0.6666669845581055;110
100..300;2;74754838;G;A;0.9058820009231568;105
100..300;2;75198602;G;A;0.2377050071954727;215
100..300;2;75680225;C;T;0.2622950077056885;100
100..300;2;84669504;A;G;0.2440939992666244;110
100..300;2;85322745;G;A;0.2391300052404403;195
100..300;2;85326661;T;C;0.2173909991979599;225
100..300;2;85326957;A;G;0.1559630036354065;265
100..300;2;85341423;T;C;0.2318840026855468;190
100..300;2;85344587;G;A;0.6306310296058655;125
100..300;2;85398164;C;G;0.2432429939508438;130
100..300;2;85431198;A;G;0.1351349949836731;110
100..300;2;85435513;T;C;0.2610839903354645;175
100..300;2;85542588;G;C;0.3333329856395721;180
100..300;2;85553008;A;G;0.2547169923782348;175
100..300;2;85553413;T;C;0.2052980065345764;240
100..300;2;85579143;T;C;0.2322269976139068;180
100..300;2;85581614;G;A;0.2403849959373474;255
100..300;2;85591763;T;C;0.1709399968385696;180
100..300;2;85596916;A;G;0.1709399968385696;185
100..300;2;85599598;A;G;0.2300889939069748;185
100..300;2;85667185;T;G;0.1830359995365142;165
100..300;2;85668215;G;T;0.280254989862442;130
100..300;2;85697606;T;C;0.7037039995193481;165
100..300;2;85698544;A;G;0.6755319833755493;210
100..300;2;85698557;G;T;0.7091839909553528;225
100..300;2;86751970;A;G;0.2258059978485107;110
100..300;2;88088038;C;A;0.2136750072240829;195
100..300;2;88096601;A;G;0.1963189989328384;140
100..300;2;88096604;G;C;0.1963189989328384;145
100..300;2;88096655;C;T;0.2145919948816299;190
100..300;2;88103041;A;G;0.3153150081634521;105
100..300;2;88108440;C;T;0.2039999961853027;205
100..300;2;88110465;A;G;0.175925999879837;165
100..300;2;88529261;C;T;0.2915250062942505;265
100..300;2;94871823;T;C;0.2764709889888763;245
100..300;2;95575303;A;G;0.2488040030002594;185
100..300;2;95799803;C;A;0.2080000042915344;200
100..300;2;96013823;C;T;0.2319280058145523;260
100..300;2;96019227;T;C;0.1611839979887008;205
100..300;2;96019559;A;G;0.2255890071392059;145
100..300;2;96116114;C;T;0.1548389941453933;125
100..300;2;96132566;T;C;0.2010580003261566;145
100..300;2;96138368;A;G;0.3428570032119751;155
100..300;2;96277695;C;G;0.2316599935293197;225
100..300;2;98228211;G;C;0.7227720022201538;120
100..300;2;98236710;A;G;0.5493829846382141;170
100..300;2;98377671;G;A;0.2129029929637909;125
100..300;2;98533483;A;G;0.2328770011663437;115
100..300;2;98656339;A;G;0.3275859951972961;100
100..300;2;98757257;C;T;0.2239580005407333;155
100..300;2;99601618;A;G;0.2300889939069748;190
100..300;2;100398162;A;G;0.3307090103626251;120
100..300;2;100480498;T;C;0.2536590099334717;165
100..300;2;101011463;T;C;0.6387100219726562;170
100..300;2;101022366;T;C;0.6060609817504883;205
100..300;2;101068666;T;C;0.8072289824485779;100
100..300;2;101295189;G;A;0.1570249944925308;100
100..300;2;101860991;T;C;0.2882350087165832;145
100..300;2;102226007;C;T;0.7567570209503174;130
100..300;2;102384942;T;C;0.609375;135
100..300;2;102478945;A;G;0.6965169906616211;230
100..300;2;105405031;G;C;0.6474819779396057;155
100..300;2;106834133;T;C;0.2467530071735382;120
100..300;2;108002058;T;C;0.2406020015478134;115
100..300;2;108247194;C;A;1.0404000282287598;140
100..300;2;108758496;G;A;0.1491529941558838;155
100..300;2;110794186;G;A;0.2040819972753524;120
100..300;2;110968195;A;G;0.2480619996786117;115
100..300;2;110968234;G;A;0.2080000042915344;110
100..300;2;111092938;T;C;0.2083330005407333;205
100..300;2;111128755;T;C;0.2704919874668121;105
100..300;2;111898795;T;A;0.155689001083374;120
100..300;2;111898815;A;G;0.1315789967775344;110
100..300;2;111940883;A;G;0.1959799975156784;175
100..300;2;112022487;G;A;0.290475994348526;190
100..300;2;112028314;T;C;0.2081449925899505;195
100..300;2;112028472;A;G;0.2214290052652359;240
100..300;2;112028780;A;G;0.2682929933071136;220
100..300;2;112494303;A;G;0.2274879962205886;180
100..300;2;112588903;A;G;0.225610002875328;135
100..300;2;112647131;A;G;0.6219509840011597;195
100..300;2;112722037;A;G;0.6083920001983643;150
100..300;2;112762552;A;G;0.1958039999008178;110
100..300;2;112779646;A;C;0.2228920012712478;140
100..300;2;112832813;A;G;0.220096006989479;170
100..300;2;113028927;G;A;0.2923080027103424;120
100..300;2;113074364;A;G;0.2227720022201538;155
100..300;2;113074368;C;T;0.2227720022201538;155
100..300;2;113132727;C;T;0.2027029991149902;180
100..300;2;117825524;A;G;0.2670159935951233;165
100..300;2;117975255;A;G;0.3451330065727234;205
100..300;2;119247993;T;C;0.7886599898338318;240
100..300;2;121239544;A;G;0.2697370052337646;130
100..300;2;121490256;G;A;0.1908400058746338;100
100..300;2;127068957;G;A;0.2405059933662414;205
100..300;2;127193882;A;G;0.2011490017175674;130
100..300;2;127193883;T;C;0.2011490017175674;130
100..300;2;127249498;T;A;0.2515720129013061;140
100..300;2;127564195;A;G;0.3113769888877868;145
100..300;2;127612342;T;C;0.2316379994153976;150
100..300;2;127631215;A;G;0.2933329939842224;200
100..300;2;127631287;C;G;0.2328359931707382;270
100..300;2;127635714;C;T;0.2303030043840408;140
100..300;2;127636225;C;T;0.2052980065345764;120
100..300;2;127637301;A;C;0.7045450210571289;110
100..300;2;127637302;CT;C;0.7045450210571289;105
100..300;2;127637302;T;C;0.2045450061559677;105
100..300;2;127637380;G;A;0.1791040003299713;145
100..300;2;127706542;A;G;0.3294120132923126;155
100..300;2;127738071;A;G;0.6770830154418945;100
100..300;2;127850610;T;C;0.1968500018119812;100
100..300;2;128182225;T;C;0.2873130142688751;225
100..300;2;131140151;T;G;0.21875;115
100..300;2;131500253;A;T;0.1898149996995926;155
100..300;2;131601505;T;C;0.3024190068244934;175
100..300;2;132417191;T;C;0.2166669964790344;245
100..300;2;132417426;G;A;0.2191240042448043;215
100..300;2;132560316;G;C;0.6554049849510193;160
100..300;2;132732028;G;A;0.2631579935550689;160
100..300;2;137663426;G;A;0.6168220043182373;115
100..300;2;140373126;T;C;0.4339619874954223;100
100..300;2;148483494;A;C;0.2029410004615783;270
100..300;2;151275616;G;A;0.2462120056152343;230
100..300;2;151279000;G;A;0.2212390005588531;100
100..300;2;151457871;A;G;0.3000000119209289;125
100..300;2;151525940;G;C;0.7281550168991089;120
100..300;2;151531039;C;T;0.5810059905052185;180
100..300;2;151565562;G;C;0.6062989830970764;135
100..300;2;151565573;G;A;0.6446279883384705;130
100..300;2;151633705;G;A;0.5579400062561035;240
100..300;2;152558721;G;T;0.71875;105
100..300;2;152558730;TC;T;0.71875;110
100..300;2;152558730;C;T;0.4375;110
100..300;2;152611593;T;C;0.1453489959239959;135
100..300;2;152676746;A;G;0.1764709949493408;145
100..300;2;158703536;A;C;0.7472530007362366;105
100..300;2;158807087;C;T;0.5;200
100..300;2;158815740;A;G;0.2615379989147186;160
100..300;2;158862519;G;A;0.1384080052375793;155
100..300;2;159227962;C;A;0.2452829927206039;145
100..300;2;159230142;T;C;0.1545449942350387;185
100..300;2;159230143;G;A;0.1545449942350387;185
100..300;2;159230181;G;A;0.1629959940910339;195
100..300;2;159819839;C;T;0.1989800035953521;155
100..300;2;159854534;C;G;0.3157890141010284;110
100..300;2;160045006;G;A;0.3270139992237091;205
100..300;2;161504064;C;T;0.7267079949378967;125
100..300;2;161505080;C;T;0.2393440008163452;170
100..300;2;161506555;A;G;0.7575759887695312;205
100..300;2;161839904;T;C;0.7297300100326538;165
100..300;2;162033598;G;C;0.2038220018148422;125
100..300;2;162033632;T;C;0.2112679928541183;110
100..300;2;164703224;T;C;0.1854300051927566;120
100..300;2;164729956;C;T;0.3216780126094818;135
100..300;2;165679408;T;C;0.6219509840011597;195
100..300;2;166441621;A;G;0.242574006319046;175
100..300;2;168834219;C;T;0.1870969980955124;125
100..300;2;168850918;T;C;0.2382349967956543;275
100..300;2;168908036;G;C;0.2862899899482727;210
100..300;2;169168573;G;A;0.1990949958562851;170
100..300;2;169213838;C;T;0.1952379941940307;170
100..300;2;169510589;A;G;0.2531650066375732;200
100..300;2;169531430;A;G;0.3036650121212005;160
100..300;2;169701587;G;A;0.2222220003604889;150
100..300;2;170602038;A;G;0.224599003791809;170
100..300;2;170792892;T;C;0.3354839980602264;135
100..300;2;171375293;G;C;0.2833330035209656;110
100..300;2;171517568;G;C;0.4450550079345703;135
100..300;2;171517610;A;G;0.45728600025177;175
100..300;2;171744206;A;C;0.3177570104598999;100
100..300;2;172427981;G;A;0.1709399968385696;100
100..300;2;172475080;A;G;0.362415999174118;130
100..300;2;172479746;G;A;0.6587299704551697;140
100..300;2;172487375;T;C;0.3540669977664947;190
100..300;2;172595912;C;T;0.2514289915561676;145
100..300;2;172797626;G;A;0.1948049962520599;125
100..300;2;173263785;T;C;0.5182480216026306;145
100..300;2;174310361;T;C;0.258992999792099;255
100..300;2;174310653;A;C;0.2044440060853958;195
100..300;2;174423050;A;G;0.3030300140380859;145
100..300;2;174436269;A;G;0.2612240016460418;210
100..300;2;174445064;C;T;0.1842110008001327;110
100..300;2;176100176;A;G;0.2288399934768676;265
100..300;2;176100358;A;G;0.1786939948797226;240
100..300;2;176242364;C;G;0.532787024974823;130
100..300;2;177875895;C;A;0.2857140004634857;175
100..300;2;177997733;C;A;0.2601630091667175;220
100..300;2;178461008;T;C;0.156028002500534;110
100..300;2;178575302;A;G;0.2642279863357544;230
100..300;2;178576659;A;G;0.2835820019245147;250
100..300;2;178597767;G;A;0.3468210101127624;170
100..300;2;178632406;T;C;0.2452829927206039;145
100..300;2;178689578;T;C;0.2777779996395111;110
100..300;2;178856319;A;G;0.2251659929752349;120
100..300;2;178918743;T;C;0.2033900022506714;185
100..300;2;179121826;C;T;0.1789470016956329;145
100..300;2;179399974;C;T;0.2121209949254989;110
100..300;2;179443301;T;C;0.2377360016107559;225
100..300;2;179945475;T;C;0.2727270126342773;165
100..300;2;182983325;G;A;0.1741939932107925;115
100..300;2;184936832;G;A;0.2026139944791793;130
100..300;2;184936870;G;A;0.2262769937515258;115
100..300;2;185796946;G;A;1.209089994430542;175
100..300;2;185800236;A;C;1.243899941444397;120
100..300;2;186505946;C;G;0.2185190021991729;230
100..300;2;187002015;A;G;0.2540540099143982;175
100..300;2;187002613;A;G;0.2611460089683532;150
100..300;2;187826093;A;G;0.2435899972915649;145
100..300;2;188994347;A;T;0.1929820030927658;105
100..300;2;188999354;A;G;0.1629959940910339;185
100..300;2;189039477;G;A;0.2801719903945923;200
100..300;2;189039507;G;T;0.2692309916019439;180
100..300;2;189088782;T;C;0.2088609933853149;130
100..300;2;189311508;T;G;0.244047999382019;145
100..300;2;189311509;A;C;0.244047999382019;145
100..300;2;189580468;C;G;0.3108110129833221;200
100..300;2;191009941;G;A;0.2684560120105743;125
100..300;2;191836667;G;A;0.1722490042448043;175
100..300;2;193277046;A;G;0.5515149831771851;180
100..300;2;195957280;G;A;0.3134329915046692;120
100..300;2;196027971;C;T;0.3688519895076751;115
100..300;2;200490383;A;G;0.2209739983081817;240
100..300;2;200572325;G;A;0.3043479919433594;120
100..300;2;200858104;A;C;0.2102269977331161;140
100..300;2;200903515;T;C;0.2692309916019439;165
100..300;2;200941282;G;A;0.2013889998197555;110
100..300;2;201138287;C;T;0.3206520080566406;175
100..300;2;201138447;G;A;0.2019699960947036;175
100..300;2;201203710;T;C;0.1881719976663589;145
100..300;2;201340026;G;A;0.2771739959716797;150
100..300;2;201806658;G;C;0.1567160040140152;100
100..300;2;202840466;A;G;0.1762109994888305;180
100..300;2;202841488;A;G;0.2071010023355484;150
100..300;2;203867991;G;A;0.2477879971265792;175
100..300;2;203959601;C;A;0.2874999940395355;135
100..300;2;205950105;T;C;0.2638039886951446;155
100..300;2;206420046;G;A;0.193132996559143;200
100..300;2;207681666;C;A;0.6095240116119385;130
100..300;2;209978659;A;G;0.3149169981479645;155
100..300;2;209982201;T;C;0.1637430042028427;130
100..300;2;210477778;A;G;0.3214290142059326;150
100..300;2;213422259;T;C;0.2193550020456314;250
100..300;2;213930019;C;A;0.1991869956254959;190
100..300;2;214730440;A;G;0.1962029933929443;125
100..300;2;214730921;T;C;0.2867650091648102;105
100..300;2;214767531;T;C;;160
100..300;2;214769331;T;C;0.2923080027103424;110
100..300;2;214809500;A;G;0.2375479936599731;215
100..300;2;214955289;A;G;0.359375;165
100..300;2;215434827;A;G;0.218309998512268;110
100..300;2;215434828;A;C;0.218309998512268;110
100..300;2;216043956;T;C;0.2732560038566589;140
100..300;2;216610463;A;G;0.2000000029802322;220
100..300;2;216610476;A;G;0.2008029967546463;215
100..300;2;216610710;G;GT;0.2417580038309097;260
100..300;2;217427418;C;T;0.8783779740333557;100
100..300;2;217427435;G;C;;105
100..300;2;217808125;A;G;0.2132699936628341;160
100..300;2;217830379;A;G;0.1449279934167862;205
100..300;2;217880962;A;G;0.2080540060997009;240
100..300;2;218278506;A;G;0.2697669863700866;180
100..300;2;218279366;A;G;0.2041880041360855;150
100..300;2;218282145;C;T;0.2114289999008178;140
100..300;2;218282159;C;G;0.1920530050992965;125
100..300;2;218354349;T;C;0.2437500059604644;140
100..300;2;218357123;A;G;0.1358020007610321;255
100..300;2;218384290;T;C;0.1479289978742599;125
100..300;2;218385280;C;G;0.18435800075531;155
100..300;2;218640742;A;G;0.185366004705429;155
100..300;2;218688700;G;C;0.2333330065011978;145
100..300;2;218827078;A;G;0.2399999946355819;145
100..300;2;218841704;G;A;0.2151899933815002;255
100..300;2;219027511;A;T;0.6436169743537903;215
100..300;2;219040574;T;C;0.2229969948530197;235
100..300;2;219216753;T;C;0.28404700756073;215
100..300;2;219243495;G;A;0.2011490017175674;145
100..300;2;219420154;T;C;0.2250919938087463;220
100..300;2;219444963;A;G;0.2025319933891296;260
100..300;2;219557964;T;C;0.2779659926891327;260
100..300;2;219572359;T;C;0.2434780001640319;100
100..300;2;219574956;T;C;0.1894740015268325;235
100..300;2;219608633;A;G;0.2346940040588379;235
100..300;2;221442814;T;G;0.2945739924907684;115
100..300;2;222694370;C;T;0.2357140034437179;125
100..300;2;223765159;CCAT;C;6.714290142059326;125
100..300;2;223765159;CCATCAT;C;15.142900466918944;125
100..300;2;224379635;A;G;0.2617450058460235;135
100..300;2;224380171;G;A;0.2535209953784942;125
100..300;2;224837848;A;G;0.1666669994592666;130
100..300;2;224854976;A;G;0.2222220003604889;110
100..300;2;226795828;T;C;0.2070309966802597;220
100..300;2;226798037;T;C;0.2292360067367553;270
100..300;2;227010486;G;A;0.256521999835968;190
100..300;2;227282377;G;A;0.2594940066337585;140
100..300;2;227587234;C;T;0.2692309916019439;180
100..300;2;227599123;C;T;0.25;245
100..300;2;227628495;A;G;0.1970440000295639;155
100..300;2;227728600;A;G;0.1381220072507858;200
100..300;2;227893838;T;A;0.1461189985275268;165
100..300;2;228018313;C;A;0.2412279993295669;205
100..300;2;228019005;C;T;0.2523809969425201;190
100..300;2;230172052;C;T;0.2928569912910461;125
100..300;2;230172144;T;C;0.238317996263504;165
100..300;2;230172150;A;G;0.238317996263504;165
100..300;2;230172900;G;A;0.2021860033273697;140
100..300;2;230177560;G;A;0.5519130229949951;190
100..300;2;230212395;T;C;0.3117409944534302;205
100..300;2;230212961;A;G;0.236748993396759;225
100..300;2;230245867;T;C;0.3388429880142212;105
100..300;2;230251075;A;G;0.3809520006179809;115
100..300;2;230292797;G;A;0.3518519997596741;150
100..300;2;230469048;G;A;0.3235290050506592;115
100..300;2;230469789;A;AAAAG;0.2755909860134125;120
100..300;2;230573162;A;G;0.2204300016164779;130
100..300;2;230573185;G;T;0.2264149934053421;150
100..300;2;230573382;T;A;0.3576160073280334;155
100..300;2;230573483;T;C;0.2634150087833404;175
100..300;2;230573581;G;A;0.3636359870433807;180
100..300;2;230573632;T;C;0.3005459904670715;160
100..300;2;230573673;A;G;0.3081080019474029;170
100..300;2;230573706;C;T;0.2989130020141601;175
100..300;2;230990360;T;C;0.2440939992666244;110
100..300;2;231000375;C;T;0.1336629986763;150
100..300;2;232087546;T;C;0.2889730036258697;235
100..300;2;232263269;C;T;0.297435998916626;170
100..300;2;233034416;A;C;0.2019540071487426;265
100..300;2;233184389;A;G;0.2847220003604889;120
100..300;2;233195383;A;G;0.2159090042114257;140
100..300;2;233274722;G;A;0.2721889913082123;145
100..300;2;233327103;C;G;0.2834649980068207;105
100..300;2;233460175;C;T;0.558010995388031;195
100..300;2;233462705;A;G;0.517441987991333;170
100..300;2;233485841;A;G;0.6129029989242554;240
100..300;2;233511715;T;C;0.3076919913291931;110
100..300;2;233523335;T;G;0.2405499964952469;240
100..300;2;233585489;T;G;0.2252559959888458;235
100..300;2;233585867;A;C;0.3063580095767975;125
100..300;2;233682323;G;A;0.7162160277366638;200
100..300;2;233800222;C;G;0.1785710006952285;160
100..300;2;233818764;A;C;0.3081400096416473;145
100..300;2;233823665;A;G;0.1666669994592666;125
100..300;2;233828726;A;C;0.2249000072479248;205
100..300;2;233828734;T;G;0.2310920059680938;195
100..300;2;233939179;C;A;0.1736110001802444;115
100..300;2;233945896;C;G;0.2765960097312927;160
100..300;2;233945908;G;A;0.2690359950065613;165
100..300;2;234058895;A;T;0.2055339962244033;190
100..300;2;236465666;T;C;0.25;130
100..300;2;237336138;C;T;0.2900759875774383;120
100..300;2;237336220;T;TGCA;0.2741940021514892;190
100..300;2;237336280;T;C;0.2844040095806122;205
100..300;2;237340465;C;T;0.3135139942169189;165
100..300;2;237341074;A;G;0.2421880066394806;215
100..300;2;237344509;T;C;0.3378379940986633;205
100..300;2;237368930;A;C;0.2491579949855804;265
100..300;2;237369152;G;A;0.2297299951314926;130
100..300;2;237374962;A;G;0.2352939993143081;195
100..300;2;237735264;A;G;0.6089739799499512;170
100..300;2;237760159;G;A;0.6059110164642334;220
100..300;2;237762685;G;A;0.7814210057258606;215
100..300;2;237764060;G;C;0.4708169996738434;255
100..300;2;237824373;A;G;0.9043480157852172;145
100..300;2;237994757;A;G;0.2466669976711273;120
100..300;2;238116989;C;T;0.1781609952449798;130
100..300;2;238117004;T;C;0.1695909947156906;120
100..300;2;238125402;C;A;0.2764709889888763;145
100..300;2;238127629;T;C;0.2403430044651031;180
100..300;2;238132265;T;C;0.1686049997806549;265
100..300;2;238173525;GC;G;0.1827960014343261;145
100..300;2;238435771;T;C;0.1956519931554794;225
100..300;2;238436022;A;T;0.2314050048589706;110
100..300;2;239139704;T;C;0.269910991191864;190
100..300;2;240557353;A;C;0.1797749996185302;140
100..300;2;240561479;T;C;0.209876999258995;140
100..300;2;240618980;A;G;0.3392069935798645;205
100..300;2;240630432;T;C;0.1287669986486435;270
100..300;2;240630675;T;C;0.2779780030250549;240
100..300;2;240630710;T;C;0.2348749935626983;245
100..300;2;240630832;C;A;0.4739579856395721;190
100..300;2;240741385;A;G;0.2417059987783432;165
100..300;2;240965418;A;G;0.2324319928884506;165
100..300;2;240989811;G;A;0.607142984867096;120
100..300;2;241048300;A;C;0.2229299992322921;130
100..300;2;241090011;A;G;0.2991069853305816;195
100..300;2;241097382;G;A;0.4054050147533417;185
100..300;2;241107370;C;A;0.2171050012111663;125
100..300;2;241112362;A;G;0.1718059927225113;180
100..300;2;241114988;A;G;0.1428570002317428;130
100..300;2;241122747;T;C;0.3294799923896789;160
100..300;2;241123935;C;T;0.3167699873447418;160
100..300;2;241217826;A;G;0.1764709949493408;145
100..300;2;241233983;A;G;0.2977100014686584;120
100..300;2;241266896;T;C;0.1581629961729049;150
100..300;2;241493289;C;G;0.1904760003089904;145
100..300;2;241671323;C;T;0.136691004037857;200
100..300;2;241678436;G;A;0.1267610043287277;110
100..300;2;241720139;T;C;0.1690140068531036;110
100..300;2;241851121;G;A;0.2759639918804168;290
100..300;2;241871857;A;G;0.2348989993333816;250
100..300;20;96130;T;C;0.2064220011234283;175
100..300;20;326089;A;G;0.1451610028743744;175
100..300;20;365220;T;C;0.6695650219917297;125
100..300;20;391328;C;T;0.2362640053033828;160
100..300;20;396582;T;C;0.2013889998197555;245
100..300;20;417634;T;G;0.2105260044336319;125
100..300;20;487542;A;G;0.2318840026855468;195
100..300;20;765454;A;G;0.2119210064411163;255
100..300;20;1127479;T;C;0.1885959953069687;180
100..300;20;1242851;A;G;0.3888890147209167;160
100..300;20;1305289;A;G;0.1812870055437088;280
100..300;20;1310505;G;GCAA;0.1731840074062347;160
100..300;20;1312463;A;G;0.2831859886646271;200
100..300;20;1312603;T;C;0.2663759887218475;210
100..300;20;1370065;C;T;0.289216011762619;165
100..300;20;1477265;A;C;0.2265370041131973;250
100..300;20;1630248;A;G;0.2008550018072128;185
100..300;20;1670877;C;T;0.1333329975605011;100
100..300;20;1708190;G;A;0.2880659997463226;205
100..300;20;1915405;C;CCGA;0.4366199970245361;240
100..300;20;1915413;A;G;0.4738810062408447;225
100..300;20;1915414;C;T;0.4738810062408447;225
100..300;20;1915454;T;C;0.6122450232505798;195
100..300;20;2075712;A;T;0.3108110129833221;120
100..300;20;2155259;G;A;0.2681559920310974;140
100..300;20;2340459;C;G;0.5286620259284973;160
100..300;20;2432479;T;C;;125
100..300;20;2484338;C;T;0.2373539954423904;235
100..300;20;2484658;A;T;0.2451609969139099;125
100..300;20;2562023;T;C;0.2878789901733398;120
100..300;20;2612360;G;A;0.2666670083999634;130
100..300;20;2641352;C;T;0.2108840048313141;125
100..300;20;2758937;C;T;0.2084939926862716;205
100..300;20;2836175;T;C;0.2134499996900558;275
100..300;20;2860127;T;C;0.2321429997682571;135
100..300;20;3044461;T;C;0.1624550074338913;210
100..300;20;3190691;T;C;0.1626980006694793;205
100..300;20;3204528;T;A;0.2000000029802322;145
100..300;20;3228437;A;G;0.2442400008440017;195
100..300;20;3228725;A;G;0.2435230016708374;175
100..300;20;3229655;A;G;0.1966760009527206;295
100..300;20;3230589;T;C;0.1693290024995803;240
100..300;20;3230658;A;G;0.1973090022802353;185
100..300;20;3361996;C;T;0.8360660076141357;160
100..300;20;3644183;A;G;0.2011490017175674;135
100..300;20;3746040;A;G;0.1933329999446869;115
100..300;20;4060116;C;T;0.4397160112857818;145
100..300;20;4177517;A;C;0.1792449951171875;170
100..300;20;5106293;T;A;0.5983610153198242;125
100..300;20;5118870;A;G;0.656000018119812;140
100..300;20;5119563;C;G;0.5465120077133179;100
100..300;20;5302670;C;G;0.2289160043001175;210
100..300;20;5942557;C;T;0.2081629931926727;215
100..300;20;5942558;C;T;0.2081629931926727;215
100..300;20;5952462;A;C;0.1836729943752288;155
100..300;20;6770387;G;A;0.2857140004634857;205
100..300;20;6778468;T;A;0.2336069941520691;215
100..300;20;9387455;G;A;0.1447370052337646;120
100..300;20;9516069;G;C;0.1721310019493103;195
100..300;20;10049540;A;T;0.2636359930038452;205
100..300;20;10051765;G;T;0.2026139944791793;130
100..300;20;10349488;A;G;0.220779001712799;140
100..300;20;10349510;ATG;A;0.2592589855194092;120
100..300;20;10622678;G;A;0.3184359967708587;175
100..300;20;10623102;A;G;0.2570089995861053;200
100..300;20;13288601;T;C;0.1949149966239929;190
100..300;20;13625256;T;A;0.3846150040626526;110
100..300;20;13714960;G;T;0.2559239864349365;175
100..300;20;13849491;C;A;0.2447549998760223;125
100..300;20;15619559;T;C;0.2622950077056885;155
100..300;20;16367284;A;C;0.2302410006523132;245
100..300;20;16367646;G;T;0.1422590017318725;200
100..300;20;17725019;A;G;0.1760559976100921;115
100..300;20;17735771;G;C;0.2636820077896118;170
100..300;20;17969902;T;A;0.248756006360054;175
100..300;20;18041718;T;G;0.1620109975337982;135
100..300;20;18187333;T;C;0.2057420015335083;175
100..300;20;18315217;A;G;0.2101449966430664;230
100..300;20;18315829;T;C;0.2815879881381988;250
100..300;20;18316549;C;T;0.2071709930896759;205
100..300;20;18504799;A;G;0.1730770021677017;215
100..300;20;18814070;T;C;0.1875;240
100..300;20;18814110;T;C;0.2016129940748214;230
100..300;20;18830061;T;C;0.2901229858398437;135
100..300;20;19280979;A;G;0.2626729905605316;180
100..300;20;19585027;A;G;0.2301259934902191;195
100..300;20;19974829;T;C;0.1552799940109253;260
100..300;20;20164128;A;G;0.1948049962520599;180
100..300;20;20277314;T;C;0.2371540069580078;205
100..300;20;21197259;A;G;0.3093529939651489;125
100..300;20;22733729;T;G;0.2560000121593475;110
100..300;20;24983922;C;T;0.1958760023117065;150
100..300;20;25057848;T;G;0.183908000588417;125
100..300;20;25078806;T;C;0.2768589854240417;215
100..300;20;25206577;A;G;0.5039370059967041;125
100..300;20;25213313;A;G;0.4037559926509857;190
100..300;20;25280295;G;A;0.7944440245628357;205
100..300;20;25282153;C;T;0.3649640083312988;125
100..300;20;25284178;C;T;0.3333329856395721;165
100..300;20;25295661;A;G;0.5371429920196533;170
100..300;20;25302308;G;A;0.7553960084915161;160
100..300;20;25453503;T;C;0.1388889998197555;200
100..300;20;25458400;A;G;0.2025319933891296;125
100..300;20;25476252;G;A;0.402985006570816;195
100..300;20;25476386;C;T;0.2006919980049133;235
100..300;20;25476413;G;GCTCCCA;0.51351398229599;245
100..300;20;25479128;G;T;0.2333330065011978;200
100..300;20;25686006;T;C;0.205606997013092;175
100..300;20;31826818;T;C;0.2361110001802444;180
100..300;20;32690657;G;A;0.1687899976968765;255
100..300;20;32780142;T;C;0.1805049926042556;230
100..300;20;32798541;C;T;0.2105260044336319;170
100..300;20;32798643;C;T;0.2615379989147186;100
100..300;20;32800148;G;C;0.2097900062799453;115
100..300;20;32800830;C;T;0.1917099952697754;155
100..300;20;32833703;T;C;0.1400000005960464;115
100..300;20;32908386;G;A;0.2321429997682571;140
100..300;20;32961317;T;C;0.2337660044431686;210
100..300;20;33002880;A;C;0.6890239715576172;190
100..300;20;33020324;T;C;0.211339995265007;150
100..300;20;33034277;A;G;0.5837560296058655;210
100..300;20;33039485;G;A;0.6178860068321228;135
100..300;20;33047578;A;G;0.225610002875328;130
100..300;20;33056714;C;T;0.5757579803466797;145
100..300;20;33064486;A;G;0.6178010106086731;205
100..300;20;33066893;G;A;0.2307689934968948;195
100..300;20;33068826;G;C;0.568306028842926;185
100..300;20;33086040;G;A;0.5177299976348877;140
100..300;20;33088998;C;A;0.6355140209197998;115
100..300;20;33676869;T;C;0.2183910012245178;215
100..300;20;33965241;G;T;0.561905026435852;105
100..300;20;34123168;A;G;0.5491799712181091;130
100..300;20;34476025;C;A;0.4039410054683685;165
100..300;20;34516787;C;G;0.4027149975299835;205
100..300;20;34986962;C;T;0.6600000262260437;160
100..300;20;34998390;T;C;0.5583329796791077;125
100..300;20;34999395;C;G;0.6871169805526733;195
100..300;20;35001304;A;G;0.5769230127334595;120
100..300;20;35004445;T;C;0.7709919810295105;170
100..300;20;35115804;T;C;0.7673270106315613;250
100..300;20;35269741;T;C;0.2384109944105148;130
100..300;20;35269908;C;A;0.3902440071105957;150
100..300;20;35276681;G;A;0.1818179935216903;160
100..300;20;35278049;A;G;0.1802330017089843;125
100..300;20;35278092;A;G;0.1614580005407333;130
100..300;20;35280121;A;G;0.2089550048112869;165
100..300;20;35286917;T;C;0.1815380007028579;275
100..300;20;35306660;G;A;0.2214770019054412;120
100..300;20;35626801;C;T;0.1923079937696457;105
100..300;20;36849739;A;C;0.2181819975376129;160
100..300;20;36879139;A;G;0.2168669998645782;190
100..300;20;37137934;G;A;0.2415730059146881;145
100..300;20;37179387;GCTTATAGACAGGGCCCCGCGGCCGGCACT;G;0.7386360168457031;190
100..300;20;38310476;C;T;0.2954550087451935;115
100..300;20;38342716;T;A;0.2052399963140487;185
100..300;20;38360727;G;A;0.2111800014972686;135
100..300;20;38368988;T;C;0.2789120078086853;125
100..300;20;38369011;T;C;0.1925130039453506;145
100..300;20;38628947;G;C;0.2196259945631027;170
100..300;20;42085839;A;G;0.2553189992904663;150
100..300;20;43536082;C;T;0.290475994348526;185
100..300;20;43566349;A;T;0.2130430042743683;195
100..300;20;43702906;T;G;0.2771080136299133;150
100..300;20;44114814;G;A;0.1809519976377487;160
100..300;20;44337223;T;C;0.2393160015344619;185
100..300;20;44337385;C;T;0.3189190030097961;170
100..300;20;44428408;T;C;0.2258059978485107;175
100..300;20;44489376;A;G;0.2000000029802322;245
100..300;20;45304523;C;T;0.2872340083122253;155
100..300;20;45610102;G;T;0.1715690046548843;155
100..300;20;45640577;G;A;0.319018006324768;125
100..300;20;45640806;C;T;0.22707399725914;125
100..300;20;45641017;A;G;0.2567049860954284;205
100..300;20;45641343;C;T;0.2364860028028488;115
100..300;20;45946019;T;C;0.3012050092220306;150
100..300;20;45953796;T;G;0.2361110001802444;230
100..300;20;46051773;T;C;0.2244900017976761;195
100..300;20;46566265;G;C;0.5238100290298462;195
100..300;20;47639749;G;A;0.2345129996538162;195
100..300;20;48627912;A;G;0.2255640029907226;205
100..300;20;48629539;G;C;0.2619050145149231;250
100..300;20;48629589;A;G;0.2931030094623565;200
100..300;20;48632270;T;C;0.3606559932231903;115
100..300;20;48632578;A;G;0.1628960072994232;180
100..300;20;48632632;A;G;0.1751819998025894;120
100..300;20;48639762;T;C;0.2435230016708374;155
100..300;20;48642225;T;C;0.1732670068740844;160
100..300;20;48644398;G;A;0.7272729873657227;105
100..300;20;48644479;C;T;0.6181820034980774;120
100..300;20;48650942;G;A;0.1673469990491867;190
100..300;20;48651402;A;G;0.262032002210617;160
100..300;20;48652695;G;C;0.2287580072879791;125
100..300;20;48657188;T;C;0.2122900038957595;140
100..300;20;48676285;G;C;0.1401270031929016;120
100..300;20;48726277;A;G;0.2377620041370391;120
100..300;20;48734558;A;G;0.1801239997148513;125
100..300;20;48941880;T;C;0.2402230054140091;150
100..300;20;49072420;G;A;0.2457139939069748;145
100..300;20;49906048;A;G;0.1942030042409896;285
100..300;20;49908290;G;A;0.1346939951181411;190
100..300;20;49957443;C;CTG;0.1473679989576339;165
100..300;20;49957917;A;G;0.1484380066394806;195
100..300;20;49984020;C;T;0.241007000207901;245
100..300;20;49984094;C;T;0.2412589937448501;245
100..300;20;49984272;A;G;0.1956519931554794;230
100..300;20;50579747;T;C;0.2422149926424026;245
100..300;20;50619977;T;C;0.287770003080368;120
100..300;20;50960127;G;T;0.2837840020656585;195
100..300;20;51131405;T;A;0.2983869910240173;115
100..300;20;51790446;A;G;0.1727939993143081;220
100..300;20;51790623;C;T;0.1936620026826858;250
100..300;20;51790963;C;A;0.1694920063018798;200
100..300;20;51791427;T;C;0.2339619994163513;235
100..300;20;54157275;A;G;0.2347420006990432;185
100..300;20;56451939;A;G;0.1694349944591522;240
100..300;20;57173150;A;G;0.2282609939575195;225
100..300;20;57496360;A;C;0.201550006866455;100
100..300;20;57562128;T;C;0.1621620059013366;220
100..300;20;57563592;A;G;0.2242150008678436;175
100..300;20;57610247;A;G;0.2026139944791793;260
100..300;20;57652458;C;T;0.1791439950466156;290
100..300;20;58153576;A;G;0.1916169971227646;140
100..300;20;58218668;A;G;0.3270440101623535;275
100..300;20;58693811;A;C;0.1814810037612915;200
100..300;20;58693938;C;G;0.1515150070190429;110
100..300;20;58715291;G;C;0.5764709711074829;265
100..300;20;58989640;T;C;0.1855670064687729;155
100..300;20;59035004;A;C;0.3440000116825104;120
100..300;20;59479393;A;G;0.301281988620758;125
100..300;20;59996070;T;G;0.2259889990091323;145
100..300;20;61352949;G;A;0.5838930010795593;150
100..300;20;61352974;A;G;0.6439390182495117;140
100..300;20;62193517;T;C;0.2078849971294403;225
100..300;20;62193559;A;G;0.2457630038261413;205
100..300;20;62197985;C;G;0.226950004696846;115
100..300;20;62216366;T;C;0.2031870037317276;205
100..300;20;62273292;T;C;0.7142860293388367;120
100..300;20;62289334;T;C;0.4238409996032715;140
100..300;20;62310086;A;C;0.2363010048866272;255
100..300;20;62324150;T;C;0.5521739721298218;235
100..300;20;62345568;G;A;0.5486109852790833;145
100..300;20;62345831;A;G;0.5388889908790588;185
100..300;20;62352356;A;G;0.4855769872665405;200
100..300;20;62388290;CT;C;0.058823499828577;155
100..300;20;62388290;C;CT;0.3308820128440857;155
100..300;20;62388438;T;C;0.162088006734848;280
100..300;20;62661184;T;C;0.1516589969396591;155
100..300;20;62896954;G;A;0.1164020001888275;145
100..300;20;62905586;A;G;0.2192980051040649;190
100..300;20;62964284;T;C;0.1434430032968521;190
100..300;20;63203343;A;G;0.174698993563652;275
100..300;20;63239375;C;G;0.2255640029907226;230
100..300;20;63247657;T;G;0.2840909957885742;155
100..300;20;63349639;C;T;0.2145919948816299;200
100..300;20;63560205;A;G;0.6280189752578735;255
100..300;20;63561666;T;C;0.4507040083408355;205
100..300;20;63562092;A;G;0.4732140004634857;125
100..300;20;63563360;C;A;0.3953489959239959;120
100..300;20;63564319;T;C;0.453125;130
100..300;20;63564680;T;C;0.4292930066585541;200
100..300;20;63564829;C;G;0.6536309719085693;205
100..300;20;63569223;A;G;;205
100..300;20;63590413;T;C;0.4497820138931274;230
100..300;20;63700637;G;T;0.2469879984855651;145
100..300;20;63742630;A;G;0.1832460016012191;150
100..300;20;63790269;G;A;0.1757189929485321;260
100..300;20;63790727;C;T;0.2000000029802322;135
100..300;20;63861569;A;T;0.2000000029802322;180
100..300;20;63945638;A;G;0.5225809812545776;160
100..300;20;63963816;G;A;0.1970800012350082;230
100..300;20;63964194;T;C;0.2481479942798614;225
100..300;20;63967462;T;C;0.1666669994592666;220
100..300;21;13527267;T;C;0.2280700057744979;145
100..300;21;13827294;T;C;0.1434430032968521;185
100..300;21;13940923;G;A;0.2713179886341095;100
100..300;21;14546256;C;G;0.25;105
100..300;21;14967968;T;C;0.8012419939041138;205
100..300;21;17518892;G;A;0.5217390060424805;165
100..300;21;17565440;G;A;0.1937499940395355;135
100..300;21;17796901;C;G;0.8153849840164185;170
100..300;21;18294584;A;T;0.2704919874668121;110
100..300;21;18341504;T;C;0.2171950042247772;175
100..300;21;19244974;T;G;0.5323740243911743;160
100..300;21;19245707;C;T;0.7826089859008789;115
100..300;21;20425224;A;C;1.15556001663208;100
100..300;21;20828226;CA;C;0.2883900105953216;250
100..300;21;26651051;C;T;0.4049589931964874;115
100..300;21;26966104;G;C;0.4835160076618194;175
100..300;21;28878322;A;G;0.244047999382019;135
100..300;21;28960589;T;C;0.1961719989776611;165
100..300;21;28969569;G;A;0.6315789818763733;150
100..300;21;28984842;T;G;0.2091840058565139;150
100..300;21;29036349;T;A;0.2374999970197677;125
100..300;21;29092595;T;C;0.2242420017719268;140
100..300;21;29591128;G;A;0.216495007276535;155
100..300;21;30215475;G;A;0.1965810060501098;195
100..300;21;30440510;T;C;0.2197799980640411;230
100..300;21;31061981;C;T;0.6136360168457031;140
100..300;21;31672065;A;G;0.2923080027103424;250
100..300;21;31696649;C;T;0.2101169973611831;200
100..300;21;31702320;G;A;0.3860760033130646;150
100..300;21;32383454;A;G;0.1789470016956329;140
100..300;21;32497183;G;A;0.261260986328125;100
100..300;21;32726890;T;C;0.2240000069141388;195
100..300;21;33027093;G;A;0.2375479936599731;225
100..300;21;33241945;C;T;0.2407409995794296;180
100..300;21;33241950;G;T;0.2272730022668838;185
100..300;21;33262573;A;G;0.1704549938440323;135
100..300;21;33262774;CT;C;0.0683761015534401;155
100..300;21;33262774;C;CT;0.3760679960250854;155
100..300;21;33603544;C;T;0.1761360019445419;135
100..300;21;34707992;T;C;0.3039219975471496;180
100..300;21;36369631;C;T;0.2178220003843307;180
100..300;21;36461009;T;C;0.2944160103797912;160
100..300;21;36461453;A;G;0.2426780015230178;215
100..300;21;36486624;G;A;0.224043995141983;155
100..300;21;36486653;G;C;0.2105260044336319;125
100..300;21;36486659;C;A;0.2147649973630905;125
100..300;21;36741697;A;C;0.2397660017013549;140
100..300;21;36936611;A;G;0.25;225
100..300;21;37067386;G;A;0.280254989862442;135
100..300;21;37072590;G;A;0.1533740013837814;130
100..300;21;37087293;A;G;0.2197799980640411;220
100..300;21;38253857;A;C;0.2236019968986511;130
100..300;21;38299554;A;G;0.5701749920845032;250
100..300;21;39127630;C;G;0.2863639891147613;185
100..300;21;39127709;A;G;0.2311690002679824;265
100..300;21;39127809;T;G;0.4267910122871399;255
100..300;21;39180381;G;A;0.1769549995660781;190
100..300;21;39202379;G;A;0.2741940021514892;160
100..300;21;39277242;A;G;0.2222220003604889;105
100..300;21;39298534;C;G;0.2171950042247772;170
100..300;21;39765576;A;G;0.1915709972381591;210
100..300;21;39771013;A;G;0.1643839925527572;125
100..300;21;40055840;G;A;0.2357140034437179;120
100..300;21;41449186;C;T;0.234043002128601;155
100..300;21;41499346;C;T;0.2701149880886078;155
100..300;21;41499618;AT;A;0.1898149996995926;190
100..300;21;41506199;C;A;0.2133329957723617;135
100..300;21;41507677;A;C;0.1648939996957779;150
100..300;21;41749197;G;C;0.2067040055990219;145
100..300;21;41756639;G;T;0.2552450001239776;245
100..300;21;41756672;G;A;0.2244900017976761;240
100..300;21;41801395;A;G;0.2222220003604889;265
100..300;21;41861559;A;G;0.1568630039691925;125
100..300;21;41918839;C;A;0.5367649793624878;140
100..300;21;41942186;T;C;0.2833330035209656;255
100..300;21;42103862;C;G;0.1614910066127777;135
100..300;21;42109542;AC;A;0.2131779938936233;205
100..300;21;42111698;C;A;0.2590669989585876;165
100..300;21;42119183;A;G;0.2156859934329986;205
100..300;21;42259328;C;T;0.143885001540184;110
100..300;21;42259403;T;C;0.1871349960565567;140
100..300;21;42259444;T;C;0.2156859934329986;125
100..300;21;42366403;T;C;0.4090909957885742;100
100..300;21;42383058;C;T;0.2272730022668838;175
100..300;21;42385528;T;C;0.1676300019025802;125
100..300;21;42385547;C;T;0.1862069964408874;110
100..300;21;42389975;T;C;0.2281879931688308;125
100..300;21;42418534;A;G;0.2201489955186844;220
100..300;21;42575813;A;G;0.1736840009689331;145
100..300;21;44288394;T;C;0.3076919913291931;175
100..300;21;44305832;G;A;0.8846150040626526;150
100..300;21;44391460;G;T;0.2155479937791824;225
100..300;21;44600627;C;T;0.2460059970617294;265
100..300;21;44678079;T;C;0.2159090042114257;155
100..300;21;44702809;A;G;0.2666670083999634;200
100..300;21;44813921;A;C;0.2261900007724762;280
100..300;21;44851537;T;C;0.2457910031080246;255
100..300;21;44851545;C;T;0.2491230070590973;245
100..300;21;44910759;A;C;0.2397959977388382;160
100..300;21;45285706;A;G;0.2165610045194625;135
100..300;21;45478329;G;C;0.1646710038185119;250
100..300;21;45512414;A;G;0.2790699899196625;120
100..300;21;45986507;A;G;0.2727270126342773;100
100..300;21;46003475;A;G;0.5369129776954651;160
100..300;21;46003593;A;G;0.625;195
100..300;21;46003722;T;C;0.4764400124549866;205
100..300;21;46132189;T;G;0.1692309975624084;210
100..300;21;46182805;A;G;0.2139919996261596;195
100..300;21;46215262;C;T;0.2427980005741119;190
100..300;21;46215713;G;C;0.5185189843177795;275
100..300;21;46215799;A;G;0.4350000023841858;190
100..300;21;46221880;T;C;0.2161020040512085;185
100..300;21;46222695;A;G;0.2190079987049102;190
100..300;21;46277736;G;A;0.800000011920929;110
100..300;21;46280584;T;C;0.1827410012483596;160
100..300;21;46283735;A;G;0.3632290065288543;195
100..300;21;46284982;A;G;0.5650410056114197;290
100..300;21;46314930;A;G;0.2370820045471191;295
100..300;21;46346225;C;T;0.4921880066394806;125
100..300;21;46346736;A;G;0.6236559748649597;110
100..300;21;46353189;A;C;0.4591839909553528;190
100..300;21;46391357;T;C;0.518750011920929;160
100..300;21;46416739;T;C;0.5220879912376404;255
100..300;21;46430491;T;C;0.7258059978485107;150
100..300;21;46430570;C;G;0.5707550048828125;220
100..300;21;46431839;G;A;0.5774059891700745;250
100..300;21;46440851;C;T;0.1833329945802688;105
100..300;21;46443844;C;A;0.2429579943418502;235
100..300;21;46490610;G;A;0.2068970054388046;140
100..300;21;46498749;G;C;0.2218180000782013;225
100..300;21;46541798;A;G;0.4723620116710663;190
100..300;21;46546897;C;G;0.1624999940395355;125
100..300;21;46550668;A;G;0.2580649852752685;235
100..300;22;16697711;A;G;0.218978002667427;240
100..300;22;16784014;G;A;0.3541670143604278;195
100..300;22;16784304;A;G;0.2540979981422424;215
100..300;22;16857817;T;G;0.6458330154418945;160
100..300;22;16858151;A;G;;155
100..300;22;16858352;A;G;0.5872089862823486;195
100..300;22;16858862;A;G;0.7333329916000366;175
100..300;22;16859187;G;A;0.6273289918899536;175
100..300;22;16859529;C;T;0.6700000166893005;115
100..300;22;16859749;T;C;0.7054790258407593;170
100..300;22;16859779;T;C;0.7142860293388367;180
100..300;22;16904256;C;T;0.3411760032176971;150
100..300;22;17209519;A;G;0.4896549880504608;295
100..300;22;17541915;T;C;0.1989530026912689;155
100..300;22;17740102;G;GGCCACGCTCAACT;0.1705069988965988;195
100..300;22;17817828;A;G;0.1517239958047866;230
100..300;22;17818113;A;G;0.1893939971923828;195
100..300;22;17841798;T;C;0.194690003991127;180
100..300;22;17887150;G;A;0.3656719923019409;125
100..300;22;17906782;C;G;0.2727270126342773;195
100..300;22;18083522;G;C;0.2058819979429245;175
100..300;22;18990791;A;G;0.1941750049591064;160
100..300;22;19014496;T;G;0.2535209953784942;115
100..300;22;19039100;G;A;0.6319440007209778;165
100..300;22;19041269;T;C;0.2415460050106048;170
100..300;22;19060874;T;C;0.2026139944791793;115
100..300;22;19060900;G;A;0.5360000133514404;120
100..300;22;19060923;A;G;0.191780999302864;110
100..300;22;19060936;A;G;0.2421880066394806;105
100..300;22;19065893;T;G;0.5032259821891785;155
100..300;22;19125502;T;C;0.2670449912548065;160
100..300;22;19125515;A;G;0.2150540053844452;160
100..300;22;19132032;T;C;0.2642050087451935;295
100..300;22;19132173;T;C;0.2623569965362549;230
100..300;22;19132238;T;C;0.2385960072278976;245
100..300;22;19132425;A;G;0.1825730055570602;185
100..300;22;19135152;T;C;0.2781459987163543;125
100..300;22;19144548;T;C;0.1708189994096756;220
100..300;22;19196584;C;T;0.189872995018959;185
100..300;22;19788842;A;G;0.1736689954996109;275
100..300;22;20115740;T;G;0.2810809910297394;150
100..300;22;20115741;T;C;0.2810809910297394;150
100..300;22;20319733;A;G;0.1677419990301132;230
100..300;22;20369542;C;T;0.2204470038414001;235
100..300;22;20583314;T;C;0.2045450061559677;120
100..300;22;20584836;A;G;0.1958039999008178;125
100..300;22;20589868;G;A;0.3286710083484649;135
100..300;22;20626150;G;A;0.2416110038757324;125
100..300;22;21029140;T;A;0.2426470071077346;230
100..300;22;21044989;C;T;0.2102269977331161;140
100..300;22;21045993;C;G;0.2244900017976761;150
100..300;22;21048937;C;G;0.2482759952545166;125
100..300;22;21963982;C;T;0.1921570003032684;200
100..300;22;21965385;A;AG;0.1753250062465667;130
100..300;22;21971954;G;GC;0.3188410103321075;125
100..300;22;23096004;T;C;0.2527880072593689;225
100..300;22;23140296;A;G;0.2083330005407333;185
100..300;22;23145346;T;C;0.2294120043516159;145
100..300;22;23160934;A;G;0.1674209982156753;170
100..300;22;23181443;A;C;0.117646999657154;120
100..300;22;23182895;C;T;0.1500000059604644;155
100..300;22;23186584;G;C;0.1654140055179596;115
100..300;22;23187981;G;T;0.1523810029029846;180
100..300;22;23188247;C;T;0.2781459987163543;145
100..300;22;23191451;AAACAAC;A;0.2296299934387207;150
100..300;22;23192948;G;A;0.2249999940395355;180
100..300;22;23193312;C;T;0.1317369937896728;130
100..300;22;23196170;C;T;0.2162159979343414;125
100..300;22;23196400;A;G;0.18435800075531;150
100..300;22;23196550;C;T;0.3082709908485412;125
100..300;22;23196782;A;C;0.231343001127243;125
100..300;22;23196783;G;A;0.231343001127243;125
100..300;22;23197124;G;A;0.2750000059604645;115
100..300;22;23197209;A;G;0.1756760030984878;125
100..300;22;23197253;A;G;0.1987179964780807;130
100..300;22;23198227;G;T;0.2228920012712478;150
100..300;22;23198612;G;A;0.2619050145149231;185
100..300;22;23198726;T;C;0.322750985622406;175
100..300;22;23199301;T;C;0.211339995265007;180
100..300;22;23216567;C;G;0.1666669994592666;165
100..300;22;23236847;A;AAGCGTGAACAAATTCTGTGTCTTG;0.25;135
100..300;22;23237875;GA;G;0.2938140034675598;185
100..300;22;23312806;G;A;0.2447919994592666;165
100..300;22;23312897;T;C;0.1793719977140426;135
100..300;22;23313961;G;T;0.2229299992322921;125
100..300;22;23315477;T;C;0.1843969970941543;105
100..300;22;23895034;G;C;0.1648939996957779;150
100..300;22;24072436;A;G;0.1980199962854385;155
100..300;22;24495387;T;A;0.2528089880943298;140
100..300;22;24585970;T;C;0.1912350058555603;205
100..300;22;24621069;T;C;0.2135419994592666;155
100..300;22;24728176;T;C;0.281915009021759;175
100..300;22;24748945;T;C;0.2797619998455047;145
100..300;22;24874488;C;G;0.1888539940118789;265
100..300;22;25319956;A;G;0.3985759913921356;230
100..300;22;25319964;G;A;0.3992930054664612;230
100..300;22;25357354;A;G;0.5542169809341431;250
100..300;22;25437629;T;C;0.5384619832038879;100
100..300;22;25826487;T;C;0.2261900007724762;135
100..300;22;26292865;T;G;0.3039999902248382;230
100..300;22;26466075;A;G;0.2916670143604278;140
100..300;22;26669405;T;C;0.1636359989643097;140
100..300;22;26670771;C;T;0.1676650047302246;135
100..300;22;26672739;A;C;0.1460179984569549;180
100..300;22;26673035;T;C;0.2038220018148422;135
100..300;22;26673594;T;C;0.1911759972572326;175
100..300;22;26674341;T;C;0.2195120006799698;140
100..300;22;29260400;T;G;0.5641030073165894;290
100..300;22;29356632;A;G;0.1884060055017471;115
100..300;22;29359899;C;T;0.2970300018787384;180
100..300;22;30294009;A;G;0.1987379938364029;245
100..300;22;30386742;A;G;0.2292679995298385;165
100..300;22;30427126;G;T;0.1636359989643097;165
100..300;22;30468623;G;A;0.2921350002288818;220
100..300;22;30468805;T;C;0.2916670143604278;105
100..300;22;30581366;A;T;0.3300490081310272;180
100..300;22;30617432;T;C;0.2261479943990707;230
100..300;22;30622988;C;T;0.2426780015230178;195
100..300;22;30636894;A;G;0.1337790042161941;230
100..300;22;30967827;C;T;0.1968500018119812;100
100..300;22;31140009;G;C;0.160534992814064;245
100..300;22;31341450;A;G;0.1509429961442947;125
100..300;22;31442099;A;G;0.2574850022792816;150
100..300;22;31550296;C;T;0.2380950003862381;165
100..300;22;31580313;C;T;0.1606220006942749;150
100..300;22;31602626;A;G;0.2099449932575225;150
100..300;22;31611167;A;G;0.2476779967546463;275
100..300;22;31685695;T;C;0.1437910050153732;240
100..300;22;31712489;T;C;0.3352600038051605;170
100..300;22;31712838;A;T;0.1949149966239929;200
100..300;22;31714957;A;G;0.2235289961099624;145
100..300;22;31809646;C;A;0.1856289952993393;125
100..300;22;31833991;A;G;0.1954890042543411;220
100..300;22;32043287;T;C;0.1699350029230117;120
100..300;22;32229223;T;C;0.3292680084705353;150
100..300;22;32269802;T;C;0.3217819929122925;190
100..300;22;32270020;T;C;0.2087910026311874;165
100..300;22;32271520;A;G;0.651898980140686;180
100..300;22;32272384;A;G;0.5;195
100..300;22;32360473;C;G;0.2134499996900558;270
100..300;22;32360757;G;A;0.4212599992752075;210
100..300;22;32395016;C;A;0.8275859951972961;135
100..300;22;32399654;T;C;0.1359650045633316;165
100..300;22;32408189;T;G;0.2392340004444122;165
100..300;22;32412091;A;G;0.1806720048189163;180
100..300;22;32414391;G;T;0.232804000377655;145
100..300;22;32415965;G;A;0.5492960214614868;145
100..300;22;32419411;A;G;0.3018870055675506;135
100..300;22;33277139;T;C;0.2114090025424957;235
100..300;22;35067169;G;A;0.2412060052156448;170
100..300;22;35067186;C;T;0.226851999759674;180
100..300;22;35551538;A;C;0.5454549789428711;130
100..300;22;35610998;A;G;0.1718059927225113;175
100..300;22;35611028;T;C;0.1606220006942749;145
100..300;22;36160650;T;C;0.4027779996395111;145
100..300;22;36292132;A;G;0.1957450062036514;180
100..300;22;36304129;G;A;0.2111800014972686;130
100..300;22;36991464;A;C;0.2865499854087829;150
100..300;22;37002154;T;C;0.2152470052242279;185
100..300;22;37002160;A;C;0.1900449991226196;185
100..300;22;37073551;A;G;0.2065729945898056;160
100..300;22;37089684;C;T;0.2310130000114441;250
100..300;22;37182174;C;T;0.1568630039691925;120
100..300;22;37182767;A;G;0.1656630039215088;255
100..300;22;37185382;C;G;0.2467530071735382;190
100..300;22;37185445;A;C;0.70967698097229;150
100..300;22;37206982;A;G;0.1889529973268509;275
100..300;22;37207012;T;C;0.1865440011024475;260
100..300;22;37207351;T;C;0.1939159929752349;205
100..300;22;37207705;T;C;0.2231079936027526;210
100..300;22;37241613;C;G;0.2250919938087463;210
100..300;22;37299215;C;T;0.2013889998197555;115
100..300;22;37374026;T;G;0.6769229769706726;225
100..300;22;37374317;G;A;0.6631579995155334;225
100..300;22;37375118;A;G;0.4407410025596618;280
100..300;22;37701352;G;C;0.3120000064373016;105
100..300;22;37734452;T;G;0.2100459933280944;185
100..300;22;37768099;T;C;0.1983470022678375;185
100..300;22;37809982;C;T;0.1772730052471161;175
100..300;22;37877742;C;T;0.1971330046653747;225
100..300;22;37971233;A;G;0.1875;160
100..300;22;39155793;C;T;0.232364997267723;205
100..300;22;39313743;G;A;0.2312929928302765;120
100..300;22;39318485;T;C;0.1434780061244964;145
100..300;22;39512414;T;C;0.196721002459526;245
100..300;22;39670112;T;C;0.2338459938764572;260
100..300;22;39887423;G;A;0.2094590067863464;130
100..300;22;40418632;T;C;0.2024790048599243;195
100..300;22;41176537;T;C;0.1790120005607605;135
100..300;22;41224821;T;C;0.2972970008850097;175
100..300;22;41880738;C;G;0.167832002043724;125
100..300;22;41972853;A;G;0.1629389971494674;255
100..300;22;42020052;G;A;0.1986750066280365;115
100..300;22;42077599;T;C;0.1798779964447021;280
100..300;22;42150313;A;G;0.2543550133705139;240
100..300;22;42387064;A;G;0.2236839979887008;125
100..300;22;42397839;T;C;0.2157890051603317;145
100..300;22;42397867;G;A;0.2274679988622665;175
100..300;22;42871399;C;T;0.1595740020275116;215
100..300;22;43051885;T;C;0.1599999964237213;190
100..300;22;43129316;C;G;0.1705430001020431;100
100..300;22;43143114;C;G;0.1262629926204681;140
100..300;22;43176348;T;C;0.2357410043478012;215
100..300;22;43180874;A;C;0.2115380018949508;130
100..300;22;43183043;C;T;0.1753250062465667;235
100..300;22;43203985;T;C;0.1695909947156906;140
100..300;22;43672313;A;G;0.2635659873485565;105
100..300;22;43886396;G;A;0.2103659957647323;265
100..300;22;43886427;A;G;0.2093019932508468;235
100..300;22;43889548;A;G;0.1959799975156784;165
100..300;22;43889787;A;G;0.6183210015296936;145
100..300;22;43891182;G;A;0.5740739703178406;225
100..300;22;43927042;G;T;0.2594340145587921;170
100..300;22;43927090;T;G;0.2420089989900589;180
100..300;22;44732352;C;T;0.1842110008001327;205
100..300;22;44859750;C;T;0.2857140004634857;150
100..300;22;44862453;G;C;0.2178989946842193;210
100..300;22;44883123;A;G;0.1660230010747909;210
100..300;22;45332715;A;G;0.2283460050821304;110
100..300;22;46247126;C;A;0.2901960015296936;215
100..300;22;46248280;A;G;0.189189001917839;145
100..300;22;46256840;A;G;0.2201829999685287;190
100..300;22;46257032;A;G;0.2569440007209778;130
100..300;22;46258426;A;G;0.2916670143604278;150
100..300;22;46260028;C;T;0.2532190084457397;220
100..300;22;46260051;C;T;0.2587719857692718;215
100..300;22;46260349;G;T;0.1730770021677017;250
100..300;22;46260582;G;A;0.2819379866123199;205
100..300;22;46260614;G;A;0.2592589855194092;225
100..300;22;46260710;A;G;0.2137929946184158;245
100..300;22;46260908;A;G;0.2570089995861053;190
100..300;22;46261364;G;A;0.2531650066375732;215
100..300;22;46261901;G;A;0.2373739928007125;180
100..300;22;46268534;G;C;0.1547619998455047;195
100..300;22;46377227;C;T;0.1319999992847442;195
100..300;22;49884187;C;T;0.2411070019006729;220
100..300;22;49884235;G;A;0.2605359852313995;230
100..300;22;49884790;G;A;0.2900429964065552;225
100..300;22;49884920;G;A;0.1714289933443069;235
100..300;22;49884994;T;C;0.1598840057849884;270
100..300;22;49886488;C;T;0.204254999756813;205
100..300;22;50001197;A;G;0.2462120056152343;225
100..300;22;50030478;G;C;0.3582090139389038;115
100..300;22;50041679;T;C;0.4583329856395721;185
100..300;22;50179297;T;C;0.213235005736351;115
100..300;22;50210868;T;C;0.1754390001296997;230
100..300;22;50218683;T;C;0.1911109983921051;200
100..300;22;50219995;C;T;0.2692309916019439;170
100..300;22;50244017;C;T;0.1774190068244934;250
100..300;22;50258233;T;C;0.1901839971542358;135
100..300;22;50278700;G;T;0.2826089859008789;130
100..300;22;50280822;G;A;0.2076919972896576;215
100..300;22;50283738;C;T;0.1690140068531036;240
100..300;22;50287124;C;T;0.1917099952697754;145
100..300;22;50436464;T;C;0.4929580092430115;140
100..300;22;50439767;A;G;0.5461540222167969;265
100..300;22;50447464;C;CCA;0.3212119936943054;160
100..300;22;50457029;C;G;0.1377950012683868;185
100..300;22;50483215;A;G;0.2291669994592666;130
100..300;22;50489527;T;C;0.28125;160
100..300;22;50505699;A;G;0.1467390060424804;150
100..300;22;50522253;T;C;0.1641030013561248;155
100..300;22;50570421;G;A;0.2083330005407333;140
100..300;22;50572947;C;G;0.1590909957885742;205
100..300;22;50573504;C;T;;125
100..300;22;50573508;G;A;;130
100..300;22;50577409;C;T;0.2271060049533844;210
100..300;3;1227996;A;G;0.324999988079071;105
100..300;3;3098273;C;T;0.2163459956645965;170
100..300;3;4313013;A;G;0.372092992067337;165
100..300;3;4316526;G;A;0.6358019709587097;190
100..300;3;4362133;A;T;0.1383650004863739;115
100..300;3;4362134;C;T;0.1383650004863739;115
100..300;3;4362153;G;A;0.1657750010490417;140
100..300;3;4700567;G;A;0.5806450247764587;165
100..300;3;7146493;C;T;0.2722220122814178;145
100..300;3;8999310;A;G;0.1462260037660598;160
100..300;3;9473370;C;T;0.1681679934263229;250
100..300;3;9741397;T;C;0.1842110008001327;140
100..300;3;9878454;C;G;0.5846149921417236;200
100..300;3;9892921;C;T;0.1206900030374527;135
100..300;3;9920473;C;T;0.1918600052595138;125
100..300;3;10177824;C;T;0.2000000029802322;150
100..300;3;10385333;C;G;0.3146069943904876;155
100..300;3;10934059;T;C;0.2325579971075058;105
100..300;3;11034714;G;C;0.5784310102462769;120
100..300;3;11807400;C;G;0.2420379966497421;135
100..300;3;11839286;C;T;0.2016810029745102;180
100..300;3;11844977;A;G;0.2978720068931579;120
100..300;3;12257846;T;G;0.1904760003089904;120
100..300;3;12434058;T;C;0.253589004278183;175
100..300;3;12501699;A;G;0.3107340037822723;160
100..300;3;12503330;A;G;0.2805429995059967;200
100..300;3;12820087;C;T;0.2413789927959442;170
100..300;3;12820109;A;G;0.2479999959468841;200
100..300;3;14490278;C;A;0.1862069964408874;120
100..300;3;14491627;GA;G;0.2315790057182312;175
100..300;3;14493539;G;C;0.2421520054340362;190
100..300;3;14505674;A;G;0.2000000029802322;135
100..300;3;14541920;G;A;0.288343995809555;140
100..300;3;14821133;A;G;0.1751819998025894;225
100..300;3;14897964;A;G;0.1679099947214126;210
100..300;3;15039189;A;G;0.3272730112075805;195
100..300;3;16264167;G;C;0.2199999988079071;120
100..300;3;16271057;T;C;0.2537310123443603;170
100..300;3;16286348;G;T;0.2089550048112869;105
100..300;3;16286402;T;C;0.2397260069847107;120
100..300;3;16604489;A;G;0.2588239908218384;135
100..300;3;16728589;T;C;0.7787610292434692;135
100..300;3;17012007;G;A;0.0813008025288581;160
100..300;3;19905613;C;A;0.7403849959373474;120
100..300;3;19933647;T;C;0.6589599847793579;205
100..300;3;19933668;G;A;0.2100459933280944;195
100..300;3;20012456;G;C;0.2352939993143081;115
100..300;3;23807344;C;A;0.2631579935550689;260
100..300;3;24127490;T;C;0.3291139900684356;150
100..300;3;24165115;C;G;0.2608700096607208;170
100..300;3;25528074;T;C;0.2610839903354645;165
100..300;3;27290686;C;T;0.271356999874115;160
100..300;3;30671634;A;T;0.33057901263237;105
100..300;3;30801066;C;G;0.2762430012226105;160
100..300;3;32260018;T;C;0.2513369917869568;170
100..300;3;32260068;G;C;0.2608700096607208;160
100..300;3;32491754;C;T;0.2800000011920929;155
100..300;3;32621039;C;T;0.2614110112190246;210
100..300;3;32621311;A;C;0.2528299987316131;230
100..300;3;32621315;C;T;0.2528299987316131;230
100..300;3;32621427;T;C;0.3013699948787689;270
100..300;3;32621446;C;T;0.286184012889862;280
100..300;3;32621468;G;A;0.2989690005779266;280
100..300;3;32621548;C;T;0.2597860097885132;260
100..300;3;32621609;C;G;0.2343229949474334;265
100..300;3;32621746;G;A;0.2291669994592666;170
100..300;3;32628865;A;G;0.2360250055789947;130
100..300;3;33097057;A;G;0.3817200064659118;150
100..300;3;33132664;G;T;0.2365590035915374;150
100..300;3;33132676;A;G;0.2290499955415725;140
100..300;3;33153792;A;G;0.2007579952478408;220
100..300;3;33153817;G;A;0.2089550048112869;215
100..300;3;36767628;A;G;0.247311994433403;165
100..300;3;36993455;A;G;0.1732279956340789;210
100..300;3;37054533;C;T;0.2631579935550689;110
100..300;3;38045533;T;C;0.2269939929246902;140
100..300;3;38307655;A;ATTTG;0.2074690014123916;210
100..300;3;38316326;T;C;0.2139530032873153;170
100..300;3;38316470;G;C;0.2895930111408233;200
100..300;3;38550915;G;A;0.4618180096149444;295
100..300;3;38581377;A;G;0.1761360019445419;150
100..300;3;38725184;G;A;0.224043995141983;145
100..300;3;38742538;C;T;0.2163739949464798;145
100..300;3;39184636;T;C;0.2583889961242676;265
100..300;3;39186552;G;T;0.2089550048112869;240
100..300;3;39265765;T;C;0.2274509966373443;230
100..300;3;39332411;G;C;0.2142859995365142;210
100..300;3;39359868;T;C;0.2134149968624115;135
100..300;3;40189892;T;C;0.2603769898414612;235
100..300;3;40233970;T;C;0.320387989282608;165
100..300;3;40250345;T;C;0.1861699968576431;160
100..300;3;42209837;T;C;0.2511210143566131;195
100..300;3;42210006;C;G;0.2712549865245819;215
100..300;3;42619075;A;G;0.1463409960269928;130
100..300;3;42732983;A;G;0.1875;165
100..300;3;42739784;T;G;0.2275449931621551;135
100..300;3;42758273;A;G;0.2550339996814728;260
100..300;3;42915240;A;AT;0.1549299955368042;180
100..300;3;43056273;A;G;0.2631579935550689;165
100..300;3;44243092;A;G;0.7017539739608765;140
100..300;3;44813071;G;A;0.8899999856948853;125
100..300;3;44843155;A;C;0.4216870069503784;160
100..300;3;44959134;A;G;0.1553400009870529;160
100..300;3;45112216;A;G;0.2084939926862716;225
100..300;3;46408487;C;A;0.2413789927959442;200
100..300;3;46408579;A;T;0.2575759887695312;170
100..300;3;46439310;G;A;0.2311560064554214;165
100..300;3;46439467;G;C;0.1822219938039779;185
100..300;3;46446446;T;C;0.2136359959840774;175
100..300;3;46532766;T;C;0.2890619933605194;115
100..300;3;46532928;G;A;0.2735039889812469;105
100..300;3;46539101;T;G;0.2038830071687698;165
100..300;3;46545132;C;T;0.2565450072288513;160
100..300;3;46551497;G;A;0.2690359950065613;165
100..300;3;46579124;C;T;0.245614007115364;200
100..300;3;46579270;G;T;0.275193989276886;220
100..300;3;46579311;A;G;0.2605040073394775;200
100..300;3;46579725;C;T;0.1386860013008117;110
100..300;3;46671967;G;C;0.6201919913291931;225
100..300;3;46688267;G;C;0.5522390007972717;140
100..300;3;46712486;C;T;0.1770330071449279;160
100..300;3;46714447;T;C;0.3045980036258697;155
100..300;3;46717520;G;T;0.190310999751091;225
100..300;3;46733832;G;A;0.2030649930238723;215
100..300;3;46733893;G;A;0.25;140
100..300;3;46734118;G;A;0.2421880066394806;210
100..300;3;46736391;G;C;0.2054789960384369;180
100..300;3;46736395;C;T;0.2054789960384369;180
100..300;3;46846708;C;T;0.3333329856395721;140
100..300;3;46898098;A;G;0.1162789985537529;165
100..300;3;46995266;G;C;0.1959799975156784;165
100..300;3;47002132;A;G;0.1826480031013488;170
100..300;3;47409921;T;C;0.2270269989967346;165
100..300;3;47410628;A;G;0.2065870016813278;280
100..300;3;48372784;T;C;0.169960007071495;185
100..300;3;48566583;G;C;0.5444440245628357;185
100..300;3;48621034;A;C;0.59375;140
100..300;3;48621576;T;G;0.2544170022010803;235
100..300;3;48632014;T;C;0.5238100290298462;145
100..300;3;48633394;T;G;0.7037039995193481;220
100..300;3;48640578;C;G;0.7481480240821838;165
100..300;3;48641538;G;T;0.4495410025119781;110
100..300;3;48643620;T;C;0.5441179871559143;130
100..300;3;48645225;T;C;0.5744680166244507;110
100..300;3;48653883;C;T;0.5273630023002625;210
100..300;3;48662086;T;C;0.4871790111064911;260
100..300;3;48688274;T;C;0.5076919794082642;130
100..300;3;48695047;C;T;0.6122450232505798;270
100..300;3;49014580;T;TGTC;0.2179490029811859;140
100..300;3;49026677;G;A;0.5526319742202759;165
100..300;3;49030471;C;T;0.7659569978713989;120
100..300;3;49103683;A;G;0.5365849733352661;220
100..300;3;49119040;G;C;0.4417180120944977;160
100..300;3;49175597;C;T;0.6399999856948853;120
100..300;3;49178533;T;C;0.5957450270652771;190
100..300;3;49256817;A;C;0.6411479711532593;240
100..300;3;49276545;T;C;0.4923079907894134;250
100..300;3;49284594;A;T;0.8181819915771484;125
100..300;3;49324936;T;C;0.601036012172699;210
100..300;3;49335612;G;A;0.7476639747619629;130
100..300;3;49417897;T;C;0.5617979764938354;190
100..300;3;49532767;T;C;0.5622119903564453;235
100..300;3;49651777;A;G;0.6000000238418579;250
100..300;3;49653063;T;C;0.4708330035209656;235
100..300;3;49664550;A;G;0.5165560245513916;150
100..300;3;49676792;C;T;0.6818180084228516;155
100..300;3;49684099;A;G;0.5286890268325806;225
100..300;3;49684365;A;C;0.6113989949226379;190
100..300;3;49712543;A;G;0.4199999868869781;235
100..300;3;50066484;A;G;0.7699120044708252;145
100..300;3;51778936;T;C;0.291139006614685;215
100..300;3;51948499;A;G;0.2769230008125305;120
100..300;3;52380096;T;C;0.2391300052404403;155
100..300;3;52414035;A;G;0.2947370111942291;160
100..300;3;52506757;C;T;0.5504590272903442;220
100..300;3;52513811;A;G;0.2124350070953369;165
100..300;3;52514802;T;C;0.1542550027370453;150
100..300;3;52519256;GC;G;0.1588789969682693;175
100..300;3;53229263;G;A;0.700564980506897;215
100..300;3;53233139;A;G;0.6693549752235413;135
100..300;3;53811209;A;G;0.3016529977321625;215
100..300;3;53823649;T;C;0.2384620010852813;100
100..300;3;54626445;A;G;0.1742420047521591;205
100..300;3;56296340;T;C;0.1833329945802688;200
100..300;3;56617139;G;A;0.3062500059604645;135
100..300;3;56801733;A;G;0.1795919984579086;190
100..300;3;57289142;G;A;0.3039999902248382;105
100..300;3;57352120;G;C;0.2380950003862381;130
100..300;3;57392028;T;A;0.2447549998760223;130
100..300;3;57428707;G;A;0.2392639964818954;135
100..300;3;57508411;C;A;0.2105260044336319;130
100..300;3;57559427;C;T;0.1742420047521591;110
100..300;3;58096161;C;T;0.2234639972448349;145
100..300;3;58105076;A;G;0.1980199962854385;165
100..300;3;58123435;A;G;0.2813850045204162;220
100..300;3;58126761;T;C;0.2834649980068207;120
100..300;3;58132828;A;G;0.2420089989900589;175
100..300;3;58168600;T;C;0.3041239976882934;170
100..300;3;58193301;C;T;0.2835820019245147;240
100..300;3;58197909;A;G;0.1559319943189621;225
100..300;3;58205539;T;C;0.2544380128383636;130
100..300;3;58530656;A;G;0.4094490110874176;125
100..300;3;58640148;A;C;0.1543209999799728;240
100..300;3;59502614;C;T;0.699999988079071;170
100..300;3;59752338;T;A;0.2419349998235702;120
100..300;3;59922400;G;A;0.2625699937343597;150
100..300;3;61201523;T;C;0.175257995724678;150
100..300;3;61742736;T;C;0.1785710006952285;225
100..300;3;61989708;C;T;0.2121209949254989;160
100..300;3;63831754;C;G;0.2714290022850036;120
100..300;3;63982224;G;A;0.2569169998168945;220
100..300;3;63995959;T;C;0.2351190000772476;290
100..300;3;63996406;A;G;0.5756099820137024;220
100..300;3;64023832;C;T;0.1620370000600814;155
100..300;3;64157183;T;C;0.1884820014238357;140
100..300;3;64160083;C;T;0.2333330065011978;105
100..300;3;64602142;A;G;0.3094170093536377;195
100..300;3;65439885;TCTG;T;0.2240259945392608;285
100..300;3;65439885;T;TCTG;0.019480500370264;285
100..300;3;66236632;A;G;0.1894270032644271;180
100..300;3;68988937;G;A;0.1901839971542358;120
100..300;3;69005190;C;T;0.2427749931812286;135
100..300;3;69033557;G;C;0.2484080046415329;135
100..300;3;69033722;T;G;0.2718450129032135;100
100..300;3;69035010;A;C;0.2538459897041321;115
100..300;3;69122139;T;C;0.3840000033378601;115
100..300;3;69122345;G;GAGA;0.25;165
100..300;3;69221881;A;G;0.2822969853878021;170
100..300;3;70126255;CT;C;0.9807689785957336;100
100..300;3;71774431;T;C;0.1897439956665039;150
100..300;3;72087154;A;G;0.1793480068445205;155
100..300;3;73384935;G;A;0.2277780026197433;150
100..300;3;74136598;A;T;0.3703700006008148;165
100..300;3;74299911;C;T;0.1878170073032379;155
100..300;3;88318608;T;C;0.1755319982767105;170
100..300;3;88466201;G;C;0.3122169971466064;210
100..300;3;89472452;TC;T;0.2882879972457886;105
100..300;3;89472575;C;T;0.1935479938983917;145
100..300;3;97874536;A;G;0.2441309988498687;185
100..300;3;97959130;A;G;0.2170539945363998;200
100..300;3;98065331;A;C;0.5347219705581665;145
100..300;3;98087772;A;G;0.1686049997806549;155
100..300;3;98149578;G;A;0.378150999546051;195
100..300;3;98498334;A;T;0.2833330035209656;155
100..300;3;98548445;T;C;0.6213589906692505;115
100..300;3;98784932;G;A;0.2857140004634857;115
100..300;3;99924332;T;C;0.2150000035762787;165
100..300;3;100167818;A;G;0.3028169870376587;120
100..300;3;100748174;C;T;0.2110549956560135;165
100..300;3;100754661;T;C;0.3035709857940674;150
100..300;3;100839572;C;T;0.2536230087280273;115
100..300;3;100842016;A;G;0.2042250037193298;115
100..300;3;100898836;T;C;0.2756760120391845;155
100..300;3;101366569;A;G;0.6772149801254272;185
100..300;3;101513077;C;T;0.395000010728836;185
100..300;3;102438521;T;A;0.224043995141983;145
100..300;3;102438573;G;A;0.3087249994277954;130
100..300;3;105541674;A;G;1.1764700412750244;125
100..300;3;108389078;A;C;0.2865850031375885;145
100..300;3;108398847;A;G;0.2761900126934051;100
100..300;3;108428696;A;C;0.2226720005273819;220
100..300;3;109005136;T;C;0.2945739924907684;120
100..300;3;109308310;T;C;0.2213740050792694;125
100..300;3;111969731;T;C;0.3125;130
100..300;3;112109537;GT;G;0.8191490173339844;115
100..300;3;112109629;G;A;0.75;100
100..300;3;112827063;G;GT;0.3111110031604767;165
100..300;3;112827459;A;C;0.3878499865531921;200
100..300;3;112991395;C;T;0.1904760003089904;120
100..300;3;113457275;A;G;0.1557089984416961;225
100..300;3;113468801;T;C;0.1304350048303604;135
100..300;3;113493194;A;G;0.4480000138282776;125
100..300;3;113503189;A;G;0.3154360055923462;130
100..300;3;113940356;T;C;0.2330829948186874;110
100..300;3;113960742;A;C;0.2261900007724762;140
100..300;3;114236340;C;A;0.1599999964237213;230
100..300;3;114299594;C;T;0.2317879945039749;120
100..300;3;118902817;A;C;0.2180089950561523;180
100..300;3;119792490;G;T;0.25;110
100..300;3;120416036;C;T;0.6846150159835815;140
100..300;3;121432965;C;G;0.2594340145587921;175
100..300;3;121467575;A;G;0.2162159979343414;150
100..300;3;121467604;C;T;0.224043995141983;140
100..300;3;121510113;A;G;0.2399999946355819;240
100..300;3;121533201;G;T;0.2584269940853119;150
100..300;3;121642940;A;G;0.2452829927206039;130
100..300;3;121993958;C;G;0.5771430134773254;190
100..300;3;122284910;T;G;0.2067900002002716;275
100..300;3;122341557;T;C;0.2894740104675293;135
100..300;3;122384273;A;G;0.15693399310112;200
100..300;3;122540793;C;T;0.2514970004558563;145
100..300;3;122635190;G;A;1.0485399961471558;145
100..300;3;122635869;T;C;1.0204099416732788;135
100..300;3;122661767;A;C;0.4909090101718902;175
100..300;3;122662041;T;C;0.6212120056152344;155
100..300;3;122662076;C;G;0.7622950077056885;160
100..300;3;122662270;T;C;0.5776399970054626;170
100..300;3;122961294;G;A;0.5555559992790222;180
100..300;3;123161344;C;T;0.2347420006990432;170
100..300;3;123725938;T;A;0.2178770005702972;155
100..300;3;123915199;A;G;0.7769780158996582;175
100..300;3;123947055;G;T;0.848101019859314;200
100..300;3;124763647;T;TTTGTTGAAC;0.1301780045032501;120
100..300;3;125084037;G;A;0.6234570145606995;170
100..300;3;125084044;T;C;0.6153849959373474;160
100..300;3;125135792;T;A;0.5664340257644653;150
100..300;3;125916672;G;C;0.154229000210762;130
100..300;3;125924996;C;T;0.2144850045442581;285
100..300;3;125924997;C;G;0.2144850045442581;290
100..300;3;126131538;G;A;0.2032089978456497;150
100..300;3;126423653;C;T;0.172093003988266;170
100..300;3;126433051;A;G;0.3106800019741058;185
100..300;3;126441758;T;C;0.2029699981212616;160
100..300;3;126461977;A;G;0.2139919996261596;200
100..300;3;126499324;A;G;0.2299470007419586;155
100..300;3;126572455;A;C;0.2823919951915741;260
100..300;3;126733094;T;G;0.2091500014066696;125
100..300;3;126767242;A;G;0.2350600063800811;210
100..300;3;126989610;C;T;0.5527639985084534;215
100..300;3;127007862;G;A;0.2514970004558563;135
100..300;3;127012030;A;G;0.1759530007839203;275
100..300;3;127022265;A;G;0.2153850048780441;265
100..300;3;127028347;A;G;0.3113209903240204;100
100..300;3;127671514;T;C;0.2412450015544891;210
100..300;3;127680112;A;G;0.2755559980869293;195
100..300;3;128625943;A;G;0.2008550018072128;190
100..300;3;128895290;T;C;0.195265993475914;140
100..300;3;128895342;C;A;0.2178989946842193;205
100..300;3;128908178;G;A;0.1887760013341903;145
100..300;3;128909090;T;C;0.2600899934768677;185
100..300;3;128932693;A;G;0.3220340013504028;115
100..300;3;129032827;A;G;0.1870229989290237;205
100..300;3;130440791;A;G;0.2108840048313141;120
100..300;3;131029889;G;A;0.2611939907073974;115
100..300;3;131905253;A;G;0.2056739926338195;120
100..300;3;132243984;A;G;0.2468349933624267;145
100..300;3;132502295;T;C;0.3499999940395355;110
100..300;3;132642752;A;G;0.1868689954280853;145
100..300;3;133623144;C;T;0.2614380121231079;125
100..300;3;133746439;G;A;0.4214290082454681;130
100..300;3;133755484;A;G;0.2246699929237365;180
100..300;3;133775510;T;C;0.2300000041723251;250
100..300;3;133805873;C;G;0.1932370066642761;165
100..300;3;134175917;G;T;0.2373739928007125;170
100..300;3;134222476;T;C;0.2720589935779571;115
100..300;3;134350819;A;G;0.4841629862785339;210
100..300;3;134507127;C;T;0.2325579971075058;130
100..300;3;136001698;G;A;0.3476189970970154;195
100..300;3;136001831;C;T;0.3797470033168793;160
100..300;3;136003422;G;A;0.4153850078582763;185
100..300;3;136326371;A;G;0.1464439928531646;180
100..300;3;136369196;A;G;0.2671760022640228;105
100..300;3;136854598;G;A;0.2916670143604278;170
100..300;3;136855659;G;A;0.3181819915771484;135
100..300;3;138024666;T;A;0.3311260044574737;130
100..300;3;138030997;G;A;0.2408380061388015;165
100..300;3;138468726;T;C;0.2226420044898986;230
100..300;3;138472390;A;G;0.1826920062303543;170
100..300;3;138570379;T;C;0.3192769885063171;145
100..300;3;138611020;A;G;0.2378049939870834;130
100..300;3;138714726;T;C;0.3181819915771484;125
100..300;3;139538761;G;A;0.6271190047264099;135
100..300;3;139539569;A;G;0.3886460065841675;200
100..300;3;142404999;T;C;0.3270139992237091;180
100..300;3;142459302;T;C;0.317918986082077;155
100..300;3;142469495;C;A;0.2888889908790588;125
100..300;3;142558733;T;A;0.2169310003519058;140
100..300;3;142562770;G;A;0.2356320023536682;150
100..300;3;142962407;A;G;0.2698409855365753;170
100..300;3;147390969;G;C;0.1958760023117065;155
100..300;3;148741608;T;C;0.5729730129241943;215
100..300;3;148986000;G;T;0.2140350043773651;230
100..300;3;149009346;A;G;0.2780750095844269;150
100..300;3;149163886;T;C;0.1942449957132339;110
100..300;3;149474889;A;G;0.6394559741020203;160
100..300;3;149657086;T;G;0.1788620054721832;105
100..300;3;149741554;G;A;0.8715599775314331;135
100..300;3;149750743;G;T;0.5555559992790222;105
100..300;3;149761514;T;C;0.7821779847145081;115
100..300;3;149767506;C;T;0.6417109966278076;220
100..300;3;149770655;G;A;0.2559520006179809;130
100..300;3;152340660;G;A;0.9848480224609376;195
100..300;3;152836568;G;A;0.6800000071525574;235
100..300;3;154023946;A;G;0.3669719994068146;100
100..300;3;155828335;T;C;0.2197799980640411;110
100..300;3;156714226;G;A;0.2589640021324157;150
100..300;3;156810476;T;C;0.5796459913253784;240
100..300;3;156810612;A;G;0.6066949963569641;275
100..300;3;158602914;A;C;0.3294799923896789;150
100..300;3;158650048;T;C;0.2362869977951049;200
100..300;3;158710853;A;G;0.2904410064220428;235
100..300;3;158802222;T;C;0.2720310091972351;220
100..300;3;160452585;T;C;0.2636359930038452;230
100..300;3;168010266;T;C;0.1631579995155334;150
100..300;3;168024565;G;GTCC;0.1666669994592666;125
100..300;3;168029234;T;C;0.2318180054426193;175
100..300;3;169122674;C;T;0.3205739855766296;185
100..300;3;169822609;C;T;0.2218540012836456;260
100..300;3;169832971;A;G;0.152318000793457;125
100..300;3;169840237;T;C;0.2027029991149902;240
100..300;3;170113480;C;T;0.2436549961566925;170
100..300;3;170481109;T;C;0.245614007115364;145
100..300;3;172337311;C;A;0.3237409889698028;115
100..300;3;172603907;T;C;0.2173909991979599;215
100..300;3;172648042;G;T;0.4797979891300201;200
100..300;3;173049032;A;G;0.3561640083789825;125
100..300;3;174279363;A;G;0.3214290142059326;155
100..300;3;175096948;A;G;0.1468529999256134;120
100..300;3;175097130;G;A;0.2319999933242797;115
100..300;3;179250846;T;C;0.2389709949493408;240
100..300;3;179259033;A;G;0.2386830002069473;200
100..300;3;179260290;G;T;0.2945449948310852;240
100..300;3;179260754;A;G;0.2215189933776855;275
100..300;3;179260901;G;A;0.3735629916191101;180
100..300;3;179260930;T;C;0.3262029886245727;180
100..300;3;179464684;A;G;0.211678996682167;245
100..300;3;180324779;G;A;0.6641790270805359;165
100..300;3;180951420;T;C;0.2488040030002594;175
100..300;3;183180132;G;A;0.6666669845581055;185
100..300;3;183494118;G;A;0.6343280076980591;145
100..300;3;183494238;T;C;0.2868219912052154;115
100..300;3;183508326;T;G;0.2629480063915252;215
100..300;3;183762226;A;G;0.2761900126934051;175
100..300;3;184056974;A;C;0.2094019949436187;185
100..300;3;184182044;T;C;0.1900829970836639;195
100..300;3;184183493;A;G;0.2085890024900436;130
100..300;3;184278066;A;G;0.2013420015573501;130
100..300;3;184278280;T;C;0.1361870020627975;195
100..300;3;184328682;T;C;0.6809520125389099;235
100..300;3;184355450;A;G;0.2833330035209656;205
100..300;3;184572560;A;G;0.2226420044898986;220
100..300;3;184575822;C;T;0.1823530048131942;135
100..300;3;184575981;C;T;0.6174860000610352;185
100..300;3;184580875;A;G;0.1715690046548843;180
100..300;3;184581280;A;G;0.2267660051584243;230
100..300;3;184581379;C;T;0.5367969870567322;245
100..300;3;184581626;T;C;0.2387100011110305;125
100..300;3;185417596;G;GCTT;0.1990289986133575;150
100..300;3;185418147;C;T;0.1734099984169006;270
100..300;3;186048625;T;C;0.3278689980506897;115
100..300;3;186188328;C;T;0.1857140064239502;215
100..300;3;186613180;G;C;0.1506849974393844;170
100..300;3;186620751;C;T;0.3133639991283417;205
100..300;3;186722454;A;G;0.6956520080566406;155
100..300;3;186742138;C;T;0.6256979703903198;215
100..300;3;186854300;C;T;0.2201489955186844;220
100..300;3;187370824;T;C;0.3076919913291931;150
100..300;3;188609319;T;C;0.2214290052652359;235
100..300;3;188866398;A;G;0.2403099983930587;120
100..300;3;189995416;C;T;0.1837839931249618;145
100..300;3;190388453;C;T;0.7699999809265137;130
100..300;3;190645805;A;G;0.3536590039730072;155
100..300;3;191329743;G;A;0.1849710047245025;130
100..300;3;191357084;G;C;0.3935480117797851;140
100..300;3;191358113;T;C;0.1973679959774017;125
100..300;3;191375264;C;T;0.3803679943084717;165
100..300;3;191375386;A;T;0.4150939881801605;205
100..300;3;191375521;G;A;0.3894230127334595;190
100..300;3;193276754;G;A;0.3197279870510101;125
100..300;3;193362555;T;C;0.2063490003347396;165
100..300;3;193363333;T;G;0.2931030094623565;145
100..300;3;193617202;A;G;0.2933329939842224;195
100..300;3;193657175;C;T;0.2804229855537414;170
100..300;3;193993393;A;G;0.3553720116615295;110
100..300;3;194653103;C;T;0.5748500227928162;190
100..300;3;194653104;A;G;0.5748500227928162;190
100..300;3;194687573;T;G;0.239668995141983;215
100..300;3;195750915;T;C;0.5425530076026917;285
100..300;3;195752355;A;G;0.665116012096405;245
100..300;3;195867280;C;CCT;0.1722690016031265;190
100..300;3;195868079;A;G;0.2393819987773895;205
100..300;3;196661228;C;G;0.2159759998321533;280
100..300;3;196886201;C;A;0.2971430122852325;175
100..300;3;196943223;GAC;G;0.3305079936981201;150
100..300;3;196947878;T;C;0.2473870068788528;260
100..300;3;197015419;C;T;0.2685950100421905;210
100..300;3;197015524;A;G;0.3035709857940674;145
100..300;3;197016259;C;T;0.1538459956645965;210
100..300;3;197019758;C;T;0.2227270007133484;185
100..300;3;197051567;T;C;0.168831005692482;115
100..300;3;198080324;A;G;0.1889760047197342;100
100..300;3;198119765;A;C;0.7203069925308228;190
100..300;3;198120403;A;G;0.1879999935626983;215
100..300;4;679989;C;T;0.2232560068368911;175
100..300;4;733906;C;A;0.1434260010719299;200
100..300;4;734150;G;C;0.2413789927959442;145
100..300;4;761341;T;C;0.2402230054140091;155
100..300;4;769289;A;G;0.2437500059604644;140
100..300;4;849720;T;C;0.1538459956645965;150
100..300;4;865136;A;G;0.2165350019931793;200
100..300;4;989824;T;C;0.1928569972515106;240
100..300;4;1978619;T;A;0.1783439964056015;125
100..300;4;2174006;G;A;0.3214290142059326;200
100..300;4;2174727;A;G;0.1582729965448379;110
100..300;4;2179353;C;T;0.1901839971542358;125
100..300;4;2193219;T;C;0.1988950073719024;140
100..300;4;2193226;A;G;0.2065220028162002;145
100..300;4;2193282;A;G;0.1917099952697754;145
100..300;4;2193297;G;T;0.2099449932575225;140
100..300;4;2251253;G;T;0.2692309916019439;130
100..300;4;2305144;T;C;0.386597990989685;190
100..300;4;2341622;G;C;0.2628569900989532;155
100..300;4;2458844;T;C;0.1870229989290237;205
100..300;4;2829656;G;T;0.2085710018873214;295
100..300;4;3229934;A;G;0.319018006324768;135
100..300;4;3316686;G;A;0.213235005736351;245
100..300;4;3317826;T;C;0.2014389932155609;225
100..300;4;3447925;A;G;0.1417320072650909;200
100..300;4;3448054;A;G;0.4296300113201141;170
100..300;4;3512968;G;A;0.2376240044832229;170
100..300;4;3520212;A;T;0.2119569927453994;150
100..300;4;3935514;G;A;0.3064520061016083;100
100..300;4;3935530;G;C;0.3149609863758087;110
100..300;4;3936394;T;C;0.2173909991979599;180
100..300;4;3953146;T;A;0.2030079960823059;195
100..300;4;3953151;C;T;0.2205320000648498;200
100..300;4;4197356;G;T;0.201550006866455;215
100..300;4;4197907;T;A;0.6559630036354065;245
100..300;4;4202572;C;T;0.5871559977531433;115
100..300;4;4302795;C;A;0.2307689934968948;185
100..300;4;4320943;T;C;0.1928250044584274;200
100..300;4;5331277;T;C;0.2907490134239197;195
100..300;4;5748276;G;A;0.2786889970302582;150
100..300;4;5752817;C;T;0.189189001917839;155
100..300;4;5783715;A;G;0.1807229965925216;135
100..300;4;5836786;G;C;0.216495007276535;235
100..300;4;5965074;C;T;0.323307991027832;120
100..300;4;5994377;C;T;0.3043479919433594;115
100..300;4;5994474;G;A;0.2909089922904968;100
100..300;4;6291182;T;C;0.4718309938907623;140
100..300;4;6291188;G;A;0.4834440052509308;150
100..300;4;6291969;G;C;0.535519003868103;180
100..300;4;6301295;T;C;0.4879029989242553;265
100..300;4;6301627;A;G;0.5087109804153442;290
100..300;4;6302228;A;G;0.522612988948822;215
100..300;4;6302360;G;A;0.5504199862480164;255
100..300;4;6323291;T;A;0.1867469996213913;145
100..300;4;6323359;A;G;0.1744969934225082;235
100..300;4;7434759;A;C;0.359375;235
100..300;4;7729583;A;G;0.6291390061378479;165
100..300;4;7778855;T;C;0.2436549961566925;170
100..300;4;7800565;A;G;0.1877389997243881;200
100..300;4;7819068;A;G;0.2142859995365142;155
100..300;4;7855503;T;C;0.4784950017929077;180
100..300;4;8019690;G;A;0.200873002409935;175
100..300;4;8218302;A;G;0.2157890051603317;150
100..300;4;8240772;A;G;0.1764709949493408;275
100..300;4;8581015;T;C;0.1534650027751922;155
100..300;4;8581129;G;T;0.189872995018959;185
100..300;4;8581585;C;A;0.1533740013837814;120
100..300;4;8604206;G;A;0.2013420015573501;120
100..300;4;9368964;C;G;0.3862659931182861;100
100..300;4;9584015;A;C;0.5405409932136536;130
100..300;4;9698438;A;G;0.243150994181633;205
100..300;4;9908299;A;G;0.3121950030326843;180
100..300;4;10445544;G;C;0.211008995771408;185
100..300;4;10445570;G;T;0.2074470072984695;170
100..300;4;10571786;A;C;0.3307690024375915;110
100..300;4;13599713;A;G;0.5745859742164612;210
100..300;4;13615388;T;C;0.2463050037622451;175
100..300;4;15003179;GGCA;G;0.1607140004634857;150
100..300;4;15481185;A;G;0.2403099983930587;100
100..300;4;15992396;A;G;0.2335329949855804;130
100..300;4;20490794;T;G;0.4678899943828583;100
100..300;4;20850621;G;A;0.2638890147209167;130
100..300;4;22388544;T;C;0.2583889961242676;270
100..300;4;23814039;T;C;0.611702024936676;215
100..300;4;24834997;T;C;0.2068970054388046;165
100..300;4;25417661;C;T;0.2637360095977783;155
100..300;4;26489489;G;A;0.2113820016384124;105
100..300;4;26489495;T;A;0.2155169993638992;100
100..300;4;26584259;T;C;0.1943320035934448;195
100..300;4;27017771;A;G;0.1476919949054718;250
100..300;4;36150962;T;G;0.3333329856395721;130
100..300;4;36161506;A;G;0.2530120015144348;130
100..300;4;36284155;A;G;0.2030459940433502;170
100..300;4;36308443;A;G;0.2331610023975372;165
100..300;4;36316348;C;T;0.234043002128601;150
100..300;4;36339131;A;G;0.1916169971227646;130
100..300;4;37960565;C;G;0.6324319839477539;215
100..300;4;38773164;G;A;0.2037039995193481;100
100..300;4;38773268;C;T;0.2619050145149231;145
100..300;4;38773419;G;A;0.2552079856395721;180
100..300;4;38774301;T;G;0.2049690037965774;135
100..300;4;38774486;G;T;0.8636360168457031;135
100..300;4;38774559;A;C;0.1721850037574768;130
100..300;4;38774682;C;T;0.287770003080368;125
100..300;4;38774870;G;T;0.915888011455536;150
100..300;4;38775552;T;A;0.18435800075531;145
100..300;4;38783012;T;G;0.1645019948482513;170
100..300;4;38797027;A;C;0.1641789972782135;200
100..300;4;38798089;C;T;0.2387100011110305;150
100..300;4;38798593;G;C;0.3088240027427673;135
100..300;4;38827542;C;A;0.2681820094585418;205
100..300;4;38828211;C;T;0.2727270126342773;190
100..300;4;38828391;C;G;0.218978002667427;125
100..300;4;38828729;G;A;0.6985290050506592;160
100..300;4;38878328;A;G;0.2062940001487732;230
100..300;4;38878425;C;T;0.2090400010347366;150
100..300;4;39115291;C;T;0.706421971321106;240
100..300;4;39121077;T;C;0.4255320131778717;130
100..300;4;39300409;C;T;0.5414010286331177;165
100..300;4;39605051;G;A;0.2903229892253876;155
100..300;4;39898359;C;G;0.201550006866455;105
100..300;4;40335506;T;C;0.223810002207756;170
100..300;4;40335891;C;T;0.2349999994039535;165
100..300;4;40425973;C;G;0.1850000023841858;155
100..300;4;41013806;A;G;0.1918819993734359;225
100..300;4;41524486;T;C;0.2702699899673462;120
100..300;4;46723932;T;C;0.2511630058288574;180
100..300;4;48539956;G;A;0.3675209879875183;105
100..300;4;48580892;A;G;0.3333329856395721;145
100..300;4;52745501;C;T;0.2682929933071136;210
100..300;4;52745534;C;G;0.297435998916626;170
100..300;4;53145359;G;A;0.375887006521225;140
100..300;4;53498823;A;G;0.2191780060529709;125
100..300;4;54231424;T;C;0.2269939929246902;145
100..300;4;54240528;C;T;0.2816089987754822;160
100..300;4;54258293;T;C;0.2734380066394806;110
100..300;4;54258424;G;A;0.2260870039463043;105
100..300;4;54263911;C;T;0.2440190017223358;175
100..300;4;54267559;G;T;0.2290499955415725;155
100..300;4;54273604;C;T;0.2167489975690841;160
100..300;4;54275333;T;C;0.2803030014038086;115
100..300;4;54275365;T;A;0.2734380066394806;115
100..300;4;54276038;A;G;0.1223020032048225;110
100..300;4;54276943;G;A;0.2000000029802322;140
100..300;4;54277119;A;G;0.2312500029802322;140
100..300;4;54277154;T;C;0.195945993065834;130
100..300;4;54277410;A;G;0.2653059959411621;210
100..300;4;54285873;T;C;0.2032089978456497;155
100..300;4;54736599;C;G;0.3125;125
100..300;4;55351936;A;G;0.2399999946355819;160
100..300;4;55609171;A;G;0.5234900116920471;155
100..300;4;56338611;C;A;0.258197009563446;215
100..300;4;56345186;C;T;0.1951220035552978;140
100..300;4;56353447;T;C;0.213591992855072;165
100..300;4;56356368;A;C;0.2685190141201019;185
100..300;4;56378148;A;C;0.2108840048313141;125
100..300;4;57020984;T;C;0.2228569984436035;140
100..300;4;57032563;G;A;0.3428570032119751;100
100..300;4;61934836;A;G;0.7669900059700012;120
100..300;4;61935010;C;T;0.9090909957885742;110
100..300;4;62816988;T;A;0.2017170041799545;195
100..300;4;64431422;A;G;0.2720589935779571;125
100..300;4;67914681;G;A;0.3296700119972229;150
100..300;4;67919056;C;T;0.257425993680954;175
100..300;4;69107234;T;C;0.3596490025520324;145
100..300;4;69214257;G;A;0.2399999946355819;170
100..300;4;69401869;A;G;0.286884993314743;130
100..300;4;69410946;T;C;0.5138890147209167;140
100..300;4;69418955;T;A;0.3806819915771484;105
100..300;4;70249239;T;G;0.6553670167922974;205
100..300;4;70606447;C;T;0.3116280138492584;200
100..300;4;71752617;C;A;0.256756991147995;125
100..300;4;73065426;T;TA;0.174698993563652;145
100..300;4;73419522;T;C;0.3697479963302612;115
100..300;4;73576632;C;G;0.2739729881286621;125
100..300;4;73869527;G;A;0.1555559933185577;130
100..300;4;75645445;C;T;0.202127993106842;160
100..300;4;75936156;T;C;0.2750000059604645;200
100..300;4;75936235;T;C;0.2371789962053299;130
100..300;4;75936242;G;A;0.2236839979887008;125
100..300;4;76035035;C;T;0.3066670000553131;125
100..300;4;76103983;T;C;0.3458650112152099;115
100..300;4;76132681;C;T;0.2613640129566192;155
100..300;4;76271715;A;G;0.9700000286102296;135
100..300;4;76278261;A;C;0.7011489868164062;205
100..300;4;76384193;G;A;0.2184869945049286;195
100..300;4;76739578;G;C;0.5846149921417236;225
100..300;4;76741156;T;C;0.6734690070152283;105
100..300;4;76754772;A;G;0.1232879981398582;230
100..300;4;78318909;G;A;0.2510290145874023;205
100..300;4;78499715;T;C;0.7407410144805908;100
100..300;4;78499716;G;C;0.7407410144805908;105
100..300;4;78516001;T;C;0.7368419766426086;160
100..300;4;78526609;C;T;0.5539569854736328;145
100..300;4;78534560;G;C;0.7037039995193481;150
100..300;4;78534579;T;C;0.64615398645401;135
100..300;4;79977654;T;C;0.2233500033617019;160
100..300;4;79984837;T;G;0.3673470020294189;185
100..300;4;81448051;A;T;0.1629630029201507;105
100..300;4;82129595;A;G;0.1987179964780807;130
100..300;4;82275383;A;G;0.2410259991884231;170
100..300;4;82660911;T;G;0.2964600026607513;205
100..300;4;82661058;G;C;0.7162160277366638;180
100..300;4;83309466;C;T;0.6608700156211853;130
100..300;4;85923682;G;A;0.1265060007572174;120
100..300;4;85994695;C;T;0.3090130090713501;205
100..300;4;85994770;A;G;0.2357140034437179;230
100..300;4;87127011;AT;A;0.4247789978981018;110
100..300;4;87207192;A;G;0.2229730039834976;130
100..300;4;87482457;A;G;0.34306600689888;120
100..300;4;87662996;T;C;0.2384340018033981;245
100..300;4;87663008;A;G;0.2326389998197555;245
100..300;4;87892723;C;T;0.3516480028629303;185
100..300;4;87894011;ATTAGG;A;0.1578949987888336;150
100..300;4;87981540;C;T;0.3316330015659332;180
100..300;4;87982701;T;C;0.2142859995365142;265
100..300;4;89114398;G;A;0.2739129960536957;205
100..300;4;89248774;G;A;0.2683820128440857;240
100..300;4;94276369;T;C;0.4899330139160156;150
100..300;4;95250530;G;A;0.2011490017175674;135
100..300;4;97972325;T;C;0.3613449931144714;105
100..300;4;98416730;T;C;0.2941179871559143;115
100..300;4;99207596;C;T;0.3221479952335357;125
100..300;4;99522563;A;G;0.2600730061531067;225
100..300;4;99522625;C;T;0.2209299951791763;210
100..300;4;99522627;G;C;0.2209299951791763;210
100..300;4;99522643;A;G;0.2291669994592666;195
100..300;4;99564087;C;G;0.1950210034847259;190
100..300;4;99564098;A;G;0.2076919972896576;205
100..300;4;99582002;A;C;0.1976280063390731;195
100..300;4;99583507;C;T;0.3144649863243103;140
100..300;4;101829919;A;G;0.1681029945611953;180
100..300;4;101830119;T;C;0.1806170046329498;180
100..300;4;101918130;A;G;0.4367089867591858;145
100..300;4;102025190;G;A;0.6000000238418579;130
100..300;4;102025235;A;G;0.2274679988622665;190
100..300;4;102307577;T;C;0.2944439947605133;155
100..300;4;103043372;C;A;0.2967030107975006;155
100..300;4;103140836;G;C;0.8736839890480042;125
100..300;4;103161192;T;C;1.1208800077438354;130
100..300;4;105275794;G;A;0.3421050012111664;180
100..300;4;105938392;C;G;0.2925170063972473;120
100..300;4;107631692;A;G;0.3103449940681457;155
100..300;4;107654833;A;G;0.5472970008850098;145
100..300;4;108165124;T;C;0.3186269998550415;175
100..300;4;108789485;T;C;0.1944440007209777;160
100..300;4;108942214;T;C;0.2647059857845306;110
100..300;4;110400371;A;G;0.4464290142059326;120
100..300;4;110416592;A;T;0.2797200083732605;250
100..300;4;110945181;C;T;0.2967739999294281;140
100..300;4;112356901;T;C;0.2017540037631988;190
100..300;4;112357355;C;T;0.2054049968719482;170
100..300;4;112357450;T;C;0.2199999988079071;170
100..300;4;112426453;CT;C;0.325203001499176;115
100..300;4;112426453;C;CT;0.0081300800666213;115
100..300;4;112456602;A;G;0.3333329856395721;190
100..300;4;112456796;G;A;0.2572819888591766;180
100..300;4;112788137;A;G;0.1298699975013733;180
100..300;4;112788190;T;C;0.126922994852066;195
100..300;4;116598196;A;C;0.2816900014877319;135
100..300;4;116598211;C;T;0.9439250230789183;150
100..300;4;116598277;C;G;0.3655459880828857;220
100..300;4;116598343;C;T;0.6963350176811218;230
100..300;4;116598397;T;C;0.5278970003128052;250
100..300;4;116598525;T;C;0.497871994972229;245
100..300;4;116599152;C;T;0.4760270118713379;290
100..300;4;116599386;G;A;0.6200870275497437;250
100..300;4;116599575;C;T;0.3617019951343536;135
100..300;4;118523301;A;G;0.2958579957485199;135
100..300;4;119026830;C;G;0.2555910050868988;275
100..300;4;119338058;G;A;0.1792449951171875;145
100..300;4;119553704;G;A;0.4545449912548065;145
100..300;4;121036404;A;G;0.3093219995498657;210
100..300;4;121037536;C;T;0.2264959961175918;200
100..300;4;121879832;C;T;0.2292989939451217;130
100..300;4;122250504;A;T;0.3333329856395721;150
100..300;4;122271085;C;A;0.4296880066394806;135
100..300;4;122743049;A;G;0.2370370030403137;230
100..300;4;122743272;C;G;0.2803030014038086;235
100..300;4;122743291;A;G;0.2528739869594574;235
100..300;4;122743302;T;C;0.2615379989147186;235
100..300;4;122743764;G;A;0.2599999904632568;140
100..300;4;125490999;A;G;0.2555069923400879;200
100..300;4;129003822;A;C;0.5755400061607361;140
100..300;4;129102604;T;A;0.79230797290802;160
100..300;4;129136560;T;C;0.256197988986969;115
100..300;4;129136652;A;G;0.1692309975624084;105
100..300;4;137448289;T;A;0.3030300140380859;130
100..300;4;139602701;A;G;0.2213740050792694;100
100..300;4;140343717;G;A;0.223021999001503;105
100..300;4;140373660;C;G;0.1758619993925094;220
100..300;4;140461967;T;A;0.8557689785957336;125
100..300;4;140644712;G;C;0.1956519931554794;110
100..300;4;142122187;G;A;0.2137929946184158;125
100..300;4;142145901;A;G;0.2000000029802322;170
100..300;4;143425592;T;C;0.2898550033569336;180
100..300;4;145655266;C;G;0.3370169997215271;160
100..300;4;145680197;T;C;0.2338709980249405;100
100..300;4;146217015;G;A;0.2929289937019348;175
100..300;4;146217041;T;C;0.2360000014305114;205
100..300;4;146217170;G;A;0.2488040030002594;175
100..300;4;146230258;C;T;0.223140001296997;220
100..300;4;146230442;G;A;0.204818993806839;215
100..300;4;150817188;G;A;0.25;135
100..300;4;151014529;A;C;0.174342006444931;230
100..300;4;151175028;C;T;0.2635979950428009;220
100..300;4;151650578;T;G;0.2653059959411621;130
100..300;4;153592475;G;A;0.2887319922447204;120
100..300;4;153592570;T;C;0.1648350059986114;135
100..300;4;153593813;C;T;0.3246070146560669;160
100..300;4;153598612;G;A;0.2134149968624115;130
100..300;4;153658827;A;G;0.2125750035047531;290
100..300;4;153703504;C;T;0.8518519997596741;145
100..300;4;153710435;G;C;0.6619719862937927;155
100..300;4;153712582;C;G;0.731706976890564;140
100..300;4;153723385;C;T;0.7314810156822205;120
100..300;4;154320420;A;G;0.3714289963245392;100
100..300;4;154489498;C;T;0.2528739869594574;150
100..300;4;154489515;A;G;0.2258059978485107;135
100..300;4;154489579;C;G;0.2790699899196625;120
100..300;4;154567669;T;C;0.2669489979743957;200
100..300;4;154569680;T;C;0.2761510014533996;210
100..300;4;154570607;A;G;0.2047619968652725;175
100..300;4;154604818;A;G;0.2888889908790588;130
100..300;4;155214524;T;C;0.5634520053863525;215
100..300;4;155214875;T;C;0.5698320269584656;190
100..300;4;155353225;C;T;0.8240739703178406;135
100..300;4;155381191;T;A;0.6354169845581055;100
100..300;4;155722024;A;T;0.2833330035209656;105
100..300;4;158277840;T;C;0.3163270056247711;185
100..300;4;158278190;C;G;0.2125599980354309;180
100..300;4;158278262;T;C;0.2096769958734512;215
100..300;4;158973239;A;G;0.2175730019807815;195
100..300;4;159356124;T;C;0.7124999761581421;190
100..300;4;163514113;C;A;0.2758620083332062;120
100..300;4;163545672;T;C;0.2000000029802322;175
100..300;4;164775888;T;G;0.2215189933776855;125
100..300;4;164957457;A;T;0.1497800052165985;180
100..300;4;165310716;G;A;0.3076919913291931;165
100..300;4;168427253;T;C;0.2380950003862381;195
100..300;4;168448711;T;A;0.2302159965038299;105
100..300;4;168511522;T;C;0.2901790142059326;195
100..300;4;168511690;A;G;0.2057420015335083;180
100..300;4;168512175;C;T;0.2226029932498932;260
100..300;4;168512176;A;G;0.2226029932498932;260
100..300;4;168512182;T;C;0.2323939949274063;250
100..300;4;168512293;T;C;0.2446810007095337;245
100..300;4;168742464;G;T;0.6237620115280151;105
100..300;4;176192685;T;C;0.6000000238418579;155
100..300;4;177440260;C;A;0.2083330005407333;100
100..300;4;182893016;G;A;0.2085310071706771;165
100..300;4;182894535;G;A;0.128712996840477;150
100..300;4;183282837;T;C;0.1981980055570602;180
100..300;4;183315715;A;G;0.2023119926452636;130
100..300;4;183483535;A;G;0.1528380066156387;175
100..300;4;183483878;C;T;0.1990520060062408;180
100..300;4;183679448;G;A;0.2450979948043823;165
100..300;4;183691400;C;G;0.2890619933605194;115
100..300;4;183697783;C;G;0.1312739998102188;190
100..300;4;184010665;A;G;0.2100459933280944;190
100..300;4;184657331;T;C;0.2268909960985183;105
100..300;4;184694610;A;C;0.2672060132026672;210
100..300;4;184694614;G;T;0.2672060132026672;210
100..300;4;184699597;G;C;0.2043479979038238;180
100..300;4;184710184;G;A;0.2671760022640228;105
100..300;4;184716545;G;A;0.1694920063018798;235
100..300;4;184729000;A;G;0.2559239864349365;175
100..300;4;184764878;T;C;0.4171780049800873;155
100..300;4;185175891;T;C;0.195945993065834;240
100..300;4;185373044;T;C;0.1746030002832412;150
100..300;4;185378106;G;A;0.2649010121822357;125
100..300;4;185429405;T;C;0.2154700011014938;140
100..300;4;185502501;A;G;0.19200000166893;105
100..300;4;186076613;A;C;0.2325579971075058;150
100..300;4;186157665;G;C;0.152438998222351;245
100..300;4;186201150;T;C;0.2647059857845306;145
100..300;4;186201165;G;T;0.2577320039272308;165
100..300;4;186254568;A;T;0.4418599903583526;130
100..300;4;186328740;C;T;0.2304690033197403;215
100..300;4;186596887;C;T;0.252032995223999;230
100..300;4;186609868;G;A;0.304093986749649;155
100..300;4;186617788;G;T;2.647059917449951;190
100..300;4;188388394;T;G;0.2830190062522888;100
100..300;4;188389405;T;TAG;0.2710840106010437;145
100..300;4;189172080;T;C;0.5249999761581421;160
100..300;4;189941000;G;T;0.2157530039548874;235
100..300;4;189941027;T;C;0.209876999258995;260
100..300;4;189955040;T;C;0.3333329856395721;130
100..300;5;421340;T;G;0.1549299955368042;100
100..300;5;427929;T;C;0.1428570002317428;200
100..300;5;432790;A;C;0.2755909860134125;215
100..300;5;447664;A;C;0.2892560064792633;210
100..300;5;458036;T;C;0.264151006937027;130
100..300;5;476238;T;C;0.1652169972658157;180
100..300;5;483449;G;A;0.2019699960947036;175
100..300;5;485144;T;G;0.2236019968986511;130
100..300;5;635594;T;C;0.1283780038356781;120
100..300;5;639116;A;C;0.2527469992637634;155
100..300;5;640590;G;A;0.2079209983348846;165
100..300;5;640613;A;G;0.2073169946670532;140
100..300;5;644437;T;G;0.2533330023288727;125
100..300;5;665165;C;T;0.5625;250
100..300;5;665180;G;A;0.2839120030403137;275
100..300;5;677947;G;A;0.4457359910011291;240
100..300;5;870504;G;A;0.2395830005407333;160
100..300;5;889579;A;C;0.1895730048418045;160
100..300;5;908473;G;A;0.2583729922771454;170
100..300;5;908481;G;A;0.2315270006656646;160
100..300;5;914549;C;T;0.1656440049409866;120
100..300;5;1035376;AC;A;0.2000000029802322;240
100..300;5;1225498;A;G;0.5515149831771851;165
100..300;5;1225511;A;T;0.5923910140991211;185
100..300;5;1225573;C;T;;200
100..300;5;1240642;G;C;0.1755730062723159;100
100..300;5;1320607;T;C;0.2399999946355819;165
100..300;5;1466804;A;G;0.1926120072603225;295
100..300;5;3600022;A;G;0.25;125
100..300;5;4089088;A;T;0.2049690037965774;135
100..300;5;4089098;T;C;0.2134149968624115;135
100..300;5;5262653;A;G;0.1985819935798645;115
100..300;5;6377180;T;C;0.1581629961729049;145
100..300;5;7706909;A;C;0.3065690100193023;125
100..300;5;7835442;G;C;0.2277780026197433;150
100..300;5;7870860;G;A;0.2307689934968948;185
100..300;5;10973615;A;G;0.1953639984130859;240
100..300;5;13844936;A;G;0.3018870055675506;185
100..300;5;13844998;G;A;0.313726007938385;140
100..300;5;14768994;A;G;0.1358020007610321;190
100..300;5;16701388;T;C;0.2605629861354828;255
100..300;5;16877592;G;C;0.2582780122756958;135
100..300;5;17353928;G;A;0.3197669982910156;160
100..300;5;17353932;C;T;0.3197669982910156;165
100..300;5;17374789;G;A;0.2936510145664215;100
100..300;5;17605332;T;C;0.2784430086612701;290
100..300;5;17635014;A;G;0.2208839952945709;220
100..300;5;17670491;A;C;0.1986750066280365;120
100..300;5;18049790;T;A;0.2775120139122009;175
100..300;5;25910457;G;A;0.2417909950017929;290
100..300;5;33461912;G;A;0.2941179871559143;120
100..300;5;33461929;A;G;0.3525179922580719;125
100..300;5;33502854;T;G;0.2439019978046417;115
100..300;5;33502927;T;A;0.2215909957885742;150
100..300;5;33502971;G;C;0.2289720028638839;170
100..300;5;33546102;C;T;0.287770003080368;120
100..300;5;33549282;A;G;0.2181069999933242;200
100..300;5;33649702;A;C;0.2661289870738983;105
100..300;5;33998663;A;C;0.2288559973239898;165
100..300;5;34807823;T;C;0.7796609997749329;140
100..300;5;34811032;G;T;0.5337839722633362;150
100..300;5;34998772;A;C;0.2835049927234649;170
100..300;5;35037010;T;C;0.4296880066394806;120
100..300;5;35641480;C;A;0.517985999584198;150
100..300;5;35654609;T;C;0.2606840133666992;190
100..300;5;35806968;C;T;0.3577980101108551;110
100..300;5;35876172;G;A;0.2058819979429245;235
100..300;5;36142546;G;A;0.2569440007209778;115
100..300;5;36143290;T;C;0.2083330005407333;175
100..300;5;37153769;T;G;0.1231530010700225;150
100..300;5;37195926;T;C;0.3364059925079345;185
100..300;5;37210241;C;T;0.3040289878845215;235
100..300;5;39719344;G;A;0.3680000007152557;125
100..300;5;39719451;C;T;0.2516559958457947;140
100..300;5;39719808;A;G;0.2571429908275604;185
100..300;5;40841469;C;CTT;0.2727270126342773;145
100..300;5;40999798;A;T;0.2733330130577087;125
100..300;5;41008678;G;A;0.8041960000991821;170
100..300;5;41018350;T;A;0.2539680004119873;155
100..300;5;41048431;T;C;0.2699390053749084;145
100..300;5;41061613;T;C;47.0;210
100..300;5;41199857;T;G;0.875;190
100..300;5;42699942;G;A;0.6363639831542969;140
100..300;5;42719137;C;A;0.4806869924068451;240
100..300;5;42892701;T;C;0.1395349949598312;210
100..300;5;43232535;G;A;0.2857140004634857;140
100..300;5;43232920;A;G;0.1731600016355514;190
100..300;5;44811105;G;T;0.2485210001468658;135
100..300;5;55114271;A;G;0.2134149968624115;130
100..300;5;55124971;C;A;0.2666670083999634;145
100..300;5;55127247;T;C;0.2042250037193298;115
100..300;5;55226608;G;C;0.211339995265007;150
100..300;5;55232565;C;G;0.181207999587059;125
100..300;5;55883148;A;G;0.1895159929990768;190
100..300;5;55910616;A;G;0.2048780024051666;165
100..300;5;56275759;G;A;0.3310810029506683;155
100..300;5;56276075;G;A;0.2666670083999634;180
100..300;5;56276193;T;G;0.219100996851921;150
100..300;5;56276406;A;C;0.223140001296997;110
100..300;5;56749254;C;T;0.2345679998397827;130
100..300;5;56883514;A;G;0.252032995223999;110
100..300;5;57423048;C;T;0.2962960004806518;105
100..300;5;57424168;C;G;0.2222220003604889;120
100..300;5;58459024;G;A;0.2102999985218048;185
100..300;5;60744220;G;C;0.2102269977331161;155
100..300;5;60744233;T;A;0.1853930056095123;150
100..300;5;60744640;A;G;0.2131150066852569;155
100..300;5;60744809;G;A;0.2689659893512726;125
100..300;5;60945441;A;G;0.1818179935216903;160
100..300;5;64695646;C;G;0.5634920001029968;140
100..300;5;67196584;G;C;0.2929939925670624;130
100..300;5;68226894;T;C;0.2489960044622421;215
100..300;5;68227023;C;A;0.418300986289978;150
100..300;5;69069020;G;C;0.2396309971809387;190
100..300;5;69116221;AT;A;0.1985819935798645;125
100..300;5;69121816;T;C;0.2071010023355484;135
100..300;5;69123227;T;A;0.2000000029802322;130
100..300;5;71504648;T;C;0.1185569986701011;140
100..300;5;71562367;T;C;0.1259839981794357;105
100..300;5;71635139;G;A;0.3649640083312988;135
100..300;5;72196907;T;C;0.2906979918479919;240
100..300;5;72199079;A;G;0.2956990003585815;170
100..300;5;72461439;C;T;0.2236289978027343;195
100..300;5;72461440;T;C;0.2236289978027343;195
100..300;5;72725693;A;T;0.2934780120849609;175
100..300;5;72725707;A;C;0.2857140004634857;180
100..300;5;72726113;C;T;0.2945210039615631;135
100..300;5;73052445;G;A;0.2946430146694183;195
100..300;5;73123629;G;C;0.232353001832962;290
100..300;5;73579082;C;A;0.2573530077934265;110
100..300;5;73776529;C;T;0.2445649951696396;155
100..300;5;73780686;A;C;0.2545450031757355;140
100..300;5;73794436;C;T;0.2727270126342773;155
100..300;5;73795403;T;C;0.2809920012950897;100
100..300;5;73846471;T;C;0.1333329975605011;105
100..300;5;73849020;G;A;0.9052630066871644;115
100..300;5;73852656;A;G;0.2792209982872009;130
100..300;5;73868006;T;C;0.2666670083999634;150
100..300;5;73868140;A;C;0.2626259922981262;165
100..300;5;74721674;T;C;0.1385540068149566;125
100..300;5;74738420;A;G;0.3969469964504242;135
100..300;5;75379425;C;T;0.1775150001049041;140
100..300;5;76377126;A;G;0.1858969926834106;130
100..300;5;76627460;T;C;0.6711410284042358;175
100..300;5;76631363;T;C;1.0493799448013306;105
100..300;5;76637044;T;C;0.7474750280380249;120
100..300;5;76637140;C;G;0.8103449940681458;140
100..300;5;76652825;G;A;0.3199999928474426;125
100..300;5;76732299;T;A;0.2177419960498809;110
100..300;5;77291441;A;G;0.2525950074195862;260
100..300;5;77433171;C;T;0.2263160049915313;150
100..300;5;77784936;A;G;0.2849740087985992;180
100..300;5;77784944;G;A;0.3043479919433594;195
100..300;5;77784965;A;G;0.3190659880638122;230
100..300;5;77785395;A;C;0.2012200057506561;285
100..300;5;77785416;G;T;0.2460059970617294;280
100..300;5;77785519;T;A;0.2108629941940307;275
100..300;5;77786010;T;C;0.2779920101165771;245
100..300;5;78116187;G;A;0.2160000056028366;100
100..300;5;78885654;T;C;0.256197988986969;210
100..300;5;78885754;C;T;0.2050209939479828;190
100..300;5;79044473;G;T;0.2107840031385421;165
100..300;5;79439026;G;A;0.2805759906768799;125
100..300;5;79732903;G;A;0.9037039875984192;185
100..300;5;79733771;C;T;0.7042250037193298;190
100..300;5;80055912;T;C;0.1638419926166534;140
100..300;5;80079901;C;G;0.2742860019207001;155
100..300;5;80202874;A;G;0.3697479963302612;110
100..300;5;80501414;G;T;0.3555560111999511;125
100..300;5;80519839;C;T;0.4585990011692047;165
100..300;5;81113910;C;T;0.7380949854850769;160
100..300;5;81304800;G;C;0.2775329947471618;180
100..300;5;81335823;T;C;0.236966997385025;165
100..300;5;82305411;C;T;0.3101269900798797;135
100..300;5;86287689;G;T;0.1878170073032379;120
100..300;5;86291013;T;C;0.2071429938077926;235
100..300;5;90474182;A;G;0.1898149996995926;175
100..300;5;90674063;G;A;0.2013420015573501;120
100..300;5;90855813;G;C;0.3976610004901886;160
100..300;5;93268242;G;A;0.229436993598938;205
100..300;5;94386331;A;G;0.2291669994592666;150
100..300;5;95834979;T;C;0.2528739869594574;145
100..300;5;95835015;T;C;0.2514620125293731;150
100..300;5;96393194;G;C;0.2162159979343414;250
100..300;5;96393270;C;G;0.2229730039834976;250
100..300;5;96695865;G;A;0.348484992980957;120
100..300;5;96743683;T;C;0.2857140004634857;100
100..300;5;96783148;C;G;0.2735849916934967;180
100..300;5;96785820;T;C;0.2277780026197433;145
100..300;5;96788627;C;T;0.2478989958763122;195
100..300;5;96790494;G;A;0.2018350064754486;100
100..300;5;96790605;G;A;0.2384620010852813;105
100..300;5;96795133;C;T;0.3540369868278503;145
100..300;5;98213432;A;G;0.2402600049972534;130
100..300;5;98576447;T;C;0.7320259809494019;185
100..300;5;103032551;C;T;0.1927710026502609;135
100..300;5;103097705;A;G;0.2379029989242553;205
100..300;5;103184699;C;A;0.295302003622055;125
100..300;5;109337245;T;C;0.1554400026798248;150
100..300;5;110948089;A;T;0.5045869946479797;110
100..300;5;110948671;C;A;0.458065003156662;175
100..300;5;111192553;C;T;0.4527029991149902;150
100..300;5;111192719;T;A;0.5357139706611633;185
100..300;5;111192740;G;A;0.4269660115242004;180
100..300;5;113071088;GCCTCGCGCTGTCTT;G;0.15625;125
100..300;5;113071165;A;G;0.25;200
100..300;5;113340327;G;C;0.7230769991874695;150
100..300;5;113434330;G;T;0.5791860222816467;250
100..300;5;116001165;C;T;0.3247860074043274;195
100..300;5;119333609;T;C;0.2421520054340362;190
100..300;5;119525243;C;T;0.3980579972267151;100
100..300;5;119652611;T;C;0.3216780126094818;135
100..300;5;119652736;T;C;0.2312929928302765;140
100..300;5;122077513;T;C;0.159183993935585;190
100..300;5;122152274;A;G;0.169173002243042;225
100..300;5;126804830;C;T;0.2358079999685287;190
100..300;5;126836282;T;C;0.3247860074043274;100
100..300;5;127457282;A;T;0.1296299993991851;165
100..300;5;131495672;C;T;0.211678996682167;105
100..300;5;131647075;G;A;0.2307689934968948;110
100..300;5;132304843;G;A;0.3801650106906891;115
100..300;5;132340627;T;C;0.1862750053405761;160
100..300;5;132370257;C;T;0.224599003791809;140
100..300;5;132385482;G;A;0.2571429908275604;205
100..300;5;132385512;C;T;0.2888889908790588;150
100..300;5;132589791;C;G;0.1834319978952407;130
100..300;5;132823442;T;C;0.167939007282257;190
100..300;5;132824365;T;C;0.2191240042448043;220
100..300;5;132862408;T;C;0.3774510025978088;190
100..300;5;132896623;A;G;0.2811059951782226;200
100..300;5;133091159;G;GTT;0.1910109966993332;150
100..300;5;134566598;T;C;0.1349689960479736;125
100..300;5;134620978;A;G;0.2178220003843307;155
100..300;5;135029306;T;G;0.2275860011577606;125
100..300;5;135922416;A;G;0.2404370009899139;150
100..300;5;135951340;C;T;0.3381640017032623;180
100..300;5;136429234;C;A;0.30519500374794;150
100..300;5;138164976;A;G;0.6238099932670593;235
100..300;5;138398202;G;A;0.3265309929847717;170
100..300;5;138419119;A;G;0.2034479975700378;225
100..300;5;138424359;A;G;0.2459020018577575;110
100..300;5;138430377;A;G;0.2652170062065124;195
100..300;5;138571127;A;G;0.1822919994592666;150
100..300;5;138930857;A;G;0.1533740013837814;125
100..300;5;139035427;A;G;0.3255810141563415;155
100..300;5;139121126;C;T;0.2126249969005584;245
100..300;5;140137463;G;A;0.2000000029802322;125
100..300;5;140228801;G;C;0.2663759887218475;190
100..300;5;140802149;G;A;0.6225489974021912;235
100..300;5;140807463;C;G;0.195929005742073;295
100..300;5;140807737;T;C;0.4756099879741668;270
100..300;5;140821835;C;T;0.5582519769668579;240
100..300;5;140928161;G;C;0.450980007648468;205
100..300;5;140967127;C;T;0.5511810183525085;140
100..300;5;140967468;T;C;0.494253009557724;190
100..300;5;141122595;A;G;0.5844749808311462;245
100..300;5;141150948;A;G;0.5721150040626526;235
100..300;5;141183164;A;G;0.6565660238265991;235
100..300;5;141184004;T;C;0.5990340113639832;105
100..300;5;141184473;C;G;0.2422540038824081;205
100..300;5;141184513;T;C;0.3067330121994018;290
100..300;5;141187690;T;G;0.546392023563385;195
100..300;5;141187871;G;A;0.6103289723396301;235
100..300;5;141188452;C;T;0.7836260199546814;235
100..300;5;141193888;A;G;0.147705003619194;270
100..300;5;141215771;C;G;0.3126609921455383;275
100..300;5;141241224;G;A;0.6025639772415161;265
100..300;5;141341387;C;T;0.2006469964981079;260
100..300;5;141360307;A;G;0.2372879981994629;205
100..300;5;141395122;C;T;0.2380950003862381;270
100..300;5;141478678;T;C;0.2057420015335083;175
100..300;5;141639543;A;C;0.2307689934968948;215
100..300;5;141640314;C;G;0.2226029932498932;260
100..300;5;141644569;G;T;0.2684209942817688;170
100..300;5;141655383;T;C;0.1573030054569244;190
100..300;5;141864081;G;A;0.2066420018672943;240
100..300;5;141869398;G;T;0.2215380072593689;285
100..300;5;141930259;A;G;0.3424659967422485;140
100..300;5;141955933;T;C;0.1973239928483963;245
100..300;5;142771377;C;T;0.1298699975013733;125
100..300;5;143134121;G;A;0.2651929855346679;155
100..300;5;143281925;G;A;0.2042250037193298;105
100..300;5;143333158;TA;T;0.2118230015039444;120
100..300;5;146013801;T;C;0.3031910061836242;175
100..300;5;146062640;C;G;0.3073390126228332;205
100..300;5;147906491;A;G;0.6944440007209778;155
100..300;5;147923273;G;C;0.2248059958219528;110
100..300;5;148100464;A;G;0.3199999928474426;105
100..300;5;148100549;C;T;0.2176869958639145;115
100..300;5;148101392;G;A;0.2800000011920929;105
100..300;5;148101867;G;A;0.2705309987068176;170
100..300;5;148116744;A;G;0.3719010055065155;105
100..300;5;148118456;A;G;0.2236839979887008;115
100..300;5;148120053;T;C;0.2653059959411621;125
100..300;5;148120107;T;C;0.3129250109195709;135
100..300;5;148125553;A;G;0.2253520041704177;185
100..300;5;148131303;C;T;0.2389940023422241;130
100..300;5;148826812;T;C;0.2792789936065674;100
100..300;5;148826877;A;G;0.2278479933738708;190
100..300;5;148826910;C;G;0.2022899985313415;215
100..300;5;149230713;A;C;0.2229730039834976;120
100..300;5;149240661;G;T;0.2857140004634857;115
100..300;5;149247940;T;C;0.1965319961309433;145
100..300;5;149944343;G;T;0.2454549968242645;180
100..300;5;150127140;A;G;0.2817679941654205;165
100..300;5;150127273;T;G;0.224599003791809;170
100..300;5;150128912;T;C;0.269663006067276;155
100..300;5;150128981;G;C;0.2739729881286621;190
100..300;5;150129548;T;C;0.6722689867019653;140
100..300;5;150129707;G;A;0.5659340023994446;205
100..300;5;150137672;A;G;0.2067310065031051;180
100..300;5;150140872;T;C;0.1778849959373474;175
100..300;5;150141407;G;A;0.2292679995298385;175
100..300;5;150141693;C;G;0.2393160015344619;200
100..300;5;150141754;ATG;A;0.2018779963254928;220
100..300;5;150142228;G;A;0.1987179964780807;140
100..300;5;150143064;A;T;0.1937499940395355;130
100..300;5;150144213;C;T;0.2409639954566955;140
100..300;5;150145626;A;G;0.2314810007810592;180
100..300;5;150146169;C;CTAT;0.200873002409935;205
100..300;5;150153169;G;T;0.1463409960269928;200
100..300;5;150204634;A;G;0.6605499982833862;130
100..300;5;150222659;G;GAC;0.2197449952363968;270
100..300;5;150396669;T;C;0.5083330273628235;240
100..300;5;150396792;C;G;0.1593630015850067;210
100..300;5;150405095;G;A;0.2195120006799698;190
100..300;5;150446963;T;C;0.6692910194396973;140
100..300;5;150527971;G;T;0.2584269940853119;225
100..300;5;150528040;G;A;0.3022220134735107;210
100..300;5;151027895;C;T;0.5089290142059326;120
100..300;5;151030658;A;C;0.2014929950237274;105
100..300;5;151138797;G;A;0.6018519997596741;120
100..300;5;151138798;A;G;0.6018519997596741;120
100..300;5;151139427;A;G;0.1469189971685409;165
100..300;5;151267327;C;T;0.2000000029802322;225
100..300;5;151296240;T;C;0.1519999951124191;190
100..300;5;151522036;C;G;0.1256279945373535;150
100..300;5;151522069;T;G;0.1317369937896728;125
100..300;5;151525837;T;C;0.2329320013523101;205
100..300;5;151529252;A;G;0.1646589934825897;185
100..300;5;151674666;C;T;0.2372090071439743;175
100..300;5;152376455;T;G;1.0;155
100..300;5;152392277;C;T;0.2267210036516189;205
100..300;5;152392291;A;G;0.2111549973487854;205
100..300;5;152395503;G;C;0.2685190141201019;180
100..300;5;152404622;A;G;0.1925929933786392;240
100..300;5;154559889;C;A;0.1917099952697754;170
100..300;5;154966699;G;A;0.2148759961128235;100
100..300;5;156344569;C;T;0.3012050092220306;210
100..300;5;156852012;T;C;0.2097900062799453;115
100..300;5;156852464;C;T;0.3671880066394806;120
100..300;5;157518841;A;G;0.1761659979820251;150
100..300;5;157646739;T;G;0.1927710026502609;195
100..300;5;157648838;A;G;0.2974140048027038;205
100..300;5;157675177;G;A;0.3351350128650665;160
100..300;5;157731431;A;C;0.1823199987411499;150
100..300;5;157737881;C;T;0.4857139885425567;110
100..300;5;157737954;C;T;0.4963499903678894;140
100..300;5;160349630;T;C;0.2795700132846832;255
100..300;5;160687891;T;C;0.320387989282608;190
100..300;5;161685998;A;G;0.2748540043830871;150
100..300;5;168247467;A;G;0.23921599984169;220
100..300;5;168248387;T;C;0.3014709949493408;125
100..300;5;168262291;T;C;0.1696110069751739;235
100..300;5;168486505;A;G;0.1558440029621124;115
100..300;5;168516822;A;G;0.25;190
100..300;5;168671230;G;A;0.2962960004806518;175
100..300;5;168685702;A;G;0.2429379969835281;160
100..300;5;168710880;A;G;0.3067480027675628;145
100..300;5;168748319;T;G;0.1630430072546005;210
100..300;5;169689340;A;G;0.3499999940395355;140
100..300;5;169695799;A;C;0.2360250055789947;130
100..300;5;169702418;G;A;0.7680000066757202;140
100..300;5;169883209;C;A;0.2328239977359771;220
100..300;5;172096432;A;G;0.2008550018072128;190
100..300;5;172422467;A;G;0.1809950023889541;170
100..300;5;172897894;T;A;0.5111110210418701;130
100..300;5;172914914;C;T;0.2101690024137497;250
100..300;5;172915026;GT;G;0.2738850116729736;165
100..300;5;173146764;C;T;0.5762709975242615;195
100..300;5;174336337;C;G;;140
100..300;5;174336337;T;G;;140
100..300;5;175510190;T;C;0.1735160052776336;170
100..300;5;175512211;T;C;0.1714289933443069;105
100..300;5;175526740;A;G;0.2572610080242157;200
100..300;5;176384092;A;G;0.2861950099468231;255
100..300;5;176568834;A;G;0.1802330017089843;145
100..300;5;176571207;G;T;0.1337209939956665;130
100..300;5;176571245;C;T;0.1467889994382858;175
100..300;5;176574188;A;G;0.1925469934940338;120
100..300;5;176590638;A;C;0.2036200016736984;170
100..300;5;176877298;C;T;0.1942860037088394;150
100..300;5;176889454;T;C;0.2658230066299438;270
100..300;5;177089630;A;G;0.2727270126342773;235
100..300;5;177093242;A;G;0.2086089998483657;240
100..300;5;177307647;A;G;0.2218430042266845;245
100..300;5;177403626;A;G;0.2020200043916702;170
100..300;5;177504678;A;G;0.2149119973182678;190
100..300;5;177509645;T;C;;245
100..300;5;177971517;C;G;0.2689389884471893;225
100..300;5;177971535;A;G;0.2452110052108764;230
100..300;5;177971816;C;T;0.1818179935216903;215
100..300;5;177971860;CA;C;0.3665159940719604;240
100..300;5;178153531;T;C;0.1877389997243881;210
100..300;5;178186295;T;C;0.3033710122108459;245
100..300;5;178187000;C;T;0.2535209953784942;260
100..300;5;178187182;C;T;0.1780299991369247;210
100..300;5;178697572;T;G;0.200873002409935;185
100..300;5;178867058;C;T;0.6885250210762024;135
100..300;5;178883445;T;C;0.6344090104103088;210
100..300;5;178964859;A;G;0.2256640046834945;190
100..300;5;179128044;A;G;0.1267119944095611;220
100..300;5;179135966;A;G;0.2057760059833526;215
100..300;5;179207618;T;C;0.5142859816551208;235
100..300;5;179207671;T;C;0.2324720025062561;215
100..300;5;179263724;A;G;0.3581080138683319;125
100..300;5;179589663;T;A;0.2318840026855468;110
100..300;5;179609356;A;G;0.2134149968624115;135
100..300;5;179618141;A;G;0.2441309988498687;185
100..300;5;179644865;G;A;0.1473090052604675;265
100..300;5;179722799;C;T;0.1739130020141601;120
100..300;5;179726796;T;C;0.176923006772995;100
100..300;5;179766322;G;A;0.1702789962291717;270
100..300;5;179768866;A;G;0.2237759977579116;120
100..300;5;179774463;A;G;0.1875;255
100..300;5;179774846;A;G;0.1979169994592666;160
100..300;5;179798324;A;G;0.1724140048027038;175
100..300;5;179833099;C;G;0.1547619998455047;195
100..300;5;179870268;A;G;0.1593409925699234;145
100..300;5;179875921;T;C;0.1626510024070739;130
100..300;5;179980158;C;T;0.2662340104579925;125
100..300;5;180127602;T;C;0.2362640053033828;150
100..300;5;180128407;C;T;0.2681820094585418;190
100..300;5;180553378;G;A;0.2013889998197555;115
100..300;5;180567252;T;C;0.2033900022506714;100
100..300;5;180603322;T;C;0.1724140048027038;215
100..300;5;180625946;A;G;0.2037740051746368;220
100..300;5;180630231;A;C;0.1707320064306259;205
100..300;5;180630356;G;C;0.2324319928884506;155
100..300;5;180791668;G;A;0.2966510057449341;185
100..300;6;2679442;A;G;0.2067669928073883;225
100..300;6;2784337;A;G;0.2234639972448349;140
100..300;6;2836032;A;T;0.2121209949254989;160
100..300;6;2836036;T;A;0.2121209949254989;160
100..300;6;3006573;G;A;0.2441309988498687;185
100..300;6;3273223;G;A;0.1568630039691925;160
100..300;6;3289749;C;T;0.294871985912323;140
100..300;6;5609271;C;T;0.2222220003604889;125
100..300;6;5972531;T;C;0.2214290052652359;115
100..300;6;5972934;A;T;0.3004119992256164;220
100..300;6;6222149;G;T;0.2941179871559143;120
100..300;6;6269065;C;G;0.6814810037612915;150
100..300;6;6318562;A;C;0.1469530016183853;210
100..300;6;7229113;C;T;0.2226420044898986;225
100..300;6;7229386;A;G;0.2159090042114257;220
100..300;6;7295372;G;A;0.2575759887695312;110
100..300;6;7405275;A;G;0.2356690019369125;125
100..300;6;7542020;A;G;0.1320749968290329;235
100..300;6;7555830;T;C;0.3068180084228515;150
100..300;6;7584384;T;C;0.5511360168457031;195
100..300;6;7590391;T;C;0.3977270126342773;165
100..300;6;7988088;G;A;0.2857140004634857;160
100..300;6;8427904;AAGT;A;0.4793390035629272;120
100..300;6;8435221;C;T;0.25;140
100..300;6;10398474;A;G;0.2291669994592666;235
100..300;6;10460327;C;T;0.3582090139389038;135
100..300;6;10709399;A;G;0.2540540099143982;155
100..300;6;10894148;A;G;0.262499988079071;135
100..300;6;13599071;T;C;0.2105260044336319;170
100..300;6;13801383;C;T;0.2213740050792694;105
100..300;6;15468645;G;C;0.1184210032224655;220
100..300;6;15615406;A;G;0.3902440071105957;120
100..300;6;16145094;G;A;0.2293580025434494;180
100..300;6;16326380;A;C;0.1935479938983917;130
100..300;6;17531204;C;A;0.1681420058012008;185
100..300;6;17764299;T;C;0.2241989970207214;260
100..300;6;17794263;A;G;0.2000000029802322;140
100..300;6;18208184;A;G;0.1866029947996139;160
100..300;6;18364915;G;A;0.3426969945430755;180
100..300;6;18366734;T;C;0.2025319933891296;130
100..300;6;22569960;C;T;0.4974870085716247;205
100..300;6;22570016;A;G;0.4322920143604278;175
100..300;6;24415152;A;G;0.2774190008640289;130
100..300;6;24532184;A;G;0.2055560052394867;135
100..300;6;24554534;C;T;0.2252749949693679;140
100..300;6;24809708;T;A;0.2616280019283294;145
100..300;6;24828262;T;C;0.25;160
100..300;6;24976409;A;G;0.1259260028600692;110
100..300;6;25023951;G;T;0.2478259950876236;210
100..300;6;25092311;C;A;0.229884997010231;135
100..300;6;25426540;A;G;0.2374099940061569;110
100..300;6;25435530;G;A;0.2042250037193298;115
100..300;6;25726393;T;C;0.1895159929990768;205
100..300;6;25914625;A;G;0.2898550033569336;240
100..300;6;25925759;A;G;0.2462690025568008;220
100..300;6;25983549;T;C;0.1985819935798645;235
100..300;6;26017314;C;T;0.2517989873886108;245
100..300;6;26017447;G;A;0.1878789961338043;270
100..300;6;26321887;T;C;0.2178770005702972;145
100..300;6;26321925;G;A;0.2285709977149963;175
100..300;6;26365358;C;T;0.2941179871559143;130
100..300;6;26365367;C;T;0.236842006444931;125
100..300;6;26370344;T;C;0.2150540053844452;235
100..300;6;26370377;C;T;0.7090160250663757;290
100..300;6;26372893;A;G;0.33057901263237;220
100..300;6;26372922;T;C;0.3079850077629089;230
100..300;6;26392287;C;G;0.234043002128601;215
100..300;6;26405607;A;G;0.2969279885292053;250
100..300;6;26409662;C;G;0.2265190035104751;155
100..300;6;26409999;A;G;0.2489079982042312;190
100..300;6;26413516;A;C;0.1929820030927658;280
100..300;6;26422926;C;T;0.1705430001020431;110
100..300;6;26423089;A;G;0.279244989156723;225
100..300;6;26426259;A;G;0.3693690001964569;110
100..300;6;26431112;G;A;0.1956519931554794;155
100..300;6;26445981;T;C;0.2028989940881729;225
100..300;6;26463346;T;G;0.2132129967212677;265
100..300;6;26463347;T;G;0.2132129967212677;265
100..300;6;26463432;A;G;0.1578949987888336;255
100..300;6;26468098;A;G;0.2013889998197555;250
100..300;6;26468317;C;G;0.2140759974718094;285
100..300;6;26468432;A;G;0.2514289915561676;290
100..300;6;26504907;T;C;0.5434780120849609;110
100..300;6;26509154;T;C;0.1708540022373199;160
100..300;6;27310241;A;C;0.1850000023841858;175
100..300;6;27312073;C;T;0.1869159936904907;280
100..300;6;27452269;C;G;0.2642489969730377;170
100..300;6;27523520;A;G;0.2575759887695312;165
100..300;6;27807896;G;A;0.221573993563652;290
100..300;6;27807919;C;G;0.1908130049705505;240
100..300;6;27867440;A;G;0.1834319978952407;150
100..300;6;27867494;C;T;0.25;145
100..300;6;27911422;A;C;0.2229969948530197;245
100..300;6;27912204;G;A;0.1822659969329834;155
100..300;6;28129415;A;G;0.2982459962368011;145
100..300;6;28153120;A;G;0.2183409929275512;190
100..300;6;28251883;A;G;0.2455359995365142;210
100..300;6;28301047;G;A;0.2266010046005249;190
100..300;6;28329536;A;T;0.2329750061035156;240
100..300;6;28398374;G;A;0.1881719976663589;155
100..300;6;28506441;G;C;0.2377050071954727;100
100..300;6;28515705;C;A;0.2570419907569885;235
100..300;6;28732312;C;T;0.1462260037660598;165
100..300;6;28732723;T;C;0.2391300052404403;155
100..300;6;28861860;C;G;0.1411760002374649;140
100..300;6;29044290;T;C;0.2895930111408233;190
100..300;6;29044339;A;G;0.2363640069961547;190
100..300;6;29374998;A;G;0.2228409945964813;295
100..300;6;29607226;A;G;0.2477879971265792;190
100..300;6;29608616;G;A;0.211896002292633;230
100..300;6;29613264;G;A;0.1647730022668838;140
100..300;6;29613333;G;A;0.1875;195
100..300;6;29613336;G;A;0.1875;195
100..300;6;29723936;C;A;0.1830990016460418;250
100..300;6;29726793;G;A;0.27947598695755;210
100..300;6;29744398;G;C;0.1958329975605011;205
100..300;6;29745496;T;G;0.3395349979400635;220
100..300;6;29750767;T;C;0.5087720155715942;115
100..300;6;29750801;G;C;0.1666669994592666;155
100..300;6;29750974;CA;C;0.2978720068931579;170
100..300;6;29750974;CG;C;0.319148987531662;170
100..300;6;29751013;A;G;0.2444439977407455;160
100..300;6;29779092;C;T;0.257425993680954;165
100..300;6;29792219;C;T;0.2369340062141418;240
100..300;6;29792411;A;G;0.2934780120849609;265
100..300;6;29792900;G;A;0.1954890042543411;110
100..300;6;29793042;C;A;0.2236420065164566;245
100..300;6;29801286;A;T;0.2639409899711609;230
100..300;6;29801503;T;C;0.2168669998645782;210
100..300;6;29801555;A;G;0.1985819935798645;135
100..300;6;29801720;C;A;0.3893130123615265;120
100..300;6;29801730;T;A;0.3888890147209167;115
100..300;6;29803644;A;G;0.2962960004806518;180
100..300;6;29803844;G;C;0.1847130060195922;130
100..300;6;29803877;G;A;0.2129029929637909;120
100..300;6;29827859;A;G;0.4424459934234619;255
100..300;6;29827880;A;G;0.4474579989910126;265
100..300;6;29827991;C;T;0.2040819972753524;160
100..300;6;29828032;T;C;0.1336410045623779;170
100..300;6;29828326;C;T;0.4860340058803558;190
100..300;6;29828338;C;A;0.5886520147323608;175
100..300;6;29828349;AC;A;0.7027029991149902;170
100..300;6;29828375;C;G;0.7604169845581055;140
100..300;6;29828529;A;G;0.7027029991149902;195
100..300;6;29828550;T;C;0.2983869910240173;250
100..300;6;29829919;G;A;0.6722689867019653;255
100..300;6;29830363;G;A;0.4776630103588104;280
100..300;6;29887956;T;C;0.1278409957885742;275
100..300;6;29888163;A;G;0.2058819979429245;285
100..300;6;29888168;G;A;0.2006170004606247;270
100..300;6;29890476;A;G;0.4507040083408355;125
100..300;6;29907831;C;G;0.2108429968357086;130
100..300;6;29926434;T;C;0.2116039991378784;240
100..300;6;29926612;C;A;0.2249999940395355;290
100..300;6;29926615;T;G;0.2249999940395355;295
100..300;6;29926616;G;C;0.3041670024394989;295
100..300;6;29926629;A;C;0.3837209939956665;290
100..300;6;29926630;A;G;0.3837209939956665;295
100..300;6;29926823;T;G;0.1376399993896484;285
100..300;6;29926826;G;A;0.2321979999542236;280
100..300;6;29926859;CA;C;0.3238100111484527;215
100..300;6;29927189;T;C;0.189872995018959;200
100..300;6;29927228;T;C;0.179190993309021;280
100..300;6;29928328;A;G;0.2772729992866516;225
100..300;6;29928331;T;A;0.2772729992866516;215
100..300;6;29928335;T;C;0.2772729992866516;215
100..300;6;29928480;T;C;0.244604006409645;230
100..300;6;29928514;C;T;0.2752610146999359;245
100..300;6;29934088;C;G;0.2847679853439331;140
100..300;6;29943024;A;C;0.3475179970264435;245
100..300;6;29944633;A;G;0.1963189989328384;240
100..300;6;29972201;A;C;0.2949639856815338;125
100..300;6;30007270;T;G;0.3057320117950439;175
100..300;6;30009368;C;G;0.2614679932594299;205
100..300;6;30032743;A;C;0.3333329856395721;115
100..300;6;30032910;C;T;0.3381290137767792;130
100..300;6;30073259;A;G;0.2255640029907226;225
100..300;6;30198489;T;C;0.2332269996404647;265
100..300;6;30259648;G;C;0.3184710144996643;285
100..300;6;30259750;T;C;0.2369229942560196;285
100..300;6;30261490;C;G;0.2327589988708496;230
100..300;6;30643573;A;C;0.1263740062713623;265
100..300;6;30741178;T;C;0.3014349937438965;190
100..300;6;30891080;T;C;0.2356690019369125;260
100..300;6;30897052;C;T;0.6255710124969482;220
100..300;6;30909425;C;T;0.240664005279541;195
100..300;6;30909983;C;A;0.2142859995365142;260
100..300;6;30911142;C;T;0.2172279953956604;215
100..300;6;30920195;T;C;0.2702699899673462;235
100..300;6;30921612;C;T;0.2436259984970092;285
100..300;6;30925350;A;G;0.1993129998445511;230
100..300;6;30926164;A;G;0.2427179962396621;260
100..300;6;30931747;C;T;0.236748993396759;245
100..300;6;30931794;T;C;0.235954999923706;230
100..300;6;30953180;A;G;0.2580649852752685;125
100..300;6;31025536;T;C;0.1973090022802353;185
100..300;6;31025663;A;G;0.2833879888057709;280
100..300;6;31054392;G;A;0.2228920012712478;145
100..300;6;31056063;G;A;0.3284670114517212;140
100..300;6;31056824;A;C;0.2480310052633285;220
100..300;6;31059616;C;A;0.2820509970188141;170
100..300;6;31059731;A;G;0.328244000673294;125
100..300;6;31059739;A;G;0.3228349983692169;120
100..300;6;31111663;T;C;0.264614999294281;290
100..300;6;31142614;C;G;0.1914059966802597;190
100..300;6;31145306;A;G;0.2612240016460418;235
100..300;6;31148433;A;G;0.2000000029802322;285
100..300;6;31271324;C;G;;140
100..300;6;31271324;T;G;;140
100..300;6;31271839;A;C;0.25;275
100..300;6;31271840;T;G;0.25;270
100..300;6;31271844;A;T;0.25;265
100..300;6;31271853;T;C;0.25;250
100..300;6;31275763;A;G;0.2763159871101379;135
100..300;6;31275827;A;G;0.3016760051250458;165
100..300;6;31276069;T;G;0.4166670143604278;165
100..300;6;31276082;T;C;0.3909089863300323;160
100..300;6;31276085;T;G;0.3909089863300323;165
100..300;6;31276107;A;G;1.0090099573135376;155
100..300;6;31276251;A;C;0.2276419997215271;120
100..300;6;31277012;T;A;0.1964289993047714;100
100..300;6;31277303;A;G;0.254144012928009;170
100..300;6;31277437;C;T;0.3148150146007538;195
100..300;6;31278019;T;C;0.2816900014877319;135
100..300;6;31278044;G;A;0.2253520041704177;130
100..300;6;31278547;C;A;0.3595510125160217;180
100..300;6;31280392;T;C;0.238888993859291;150
100..300;6;31280485;A;G;0.1452990025281906;180
100..300;6;31280716;C;T;0.2992419898509979;225
100..300;6;31280791;A;G;0.1864950060844421;245
100..300;6;31280866;A;G;0.1985560059547424;235
100..300;6;31281109;T;C;0.2348179966211319;220
100..300;6;31281216;C;CT;0.2769230008125305;225
100..300;6;31281379;T;C;0.2727270126342773;150
100..300;6;31281440;A;G;0.2096769958734512;120
100..300;6;31356374;T;C;0.5;285
100..300;6;31356889;C;A;2.0999999046325684;160
100..300;6;31356934;C;A;0.3571430146694183;180
100..300;6;31366645;C;T;0.3108110129833221;210
100..300;6;31391141;G;A;0.2260269969701767;115
100..300;6;31411200;A;G;0.2222220003604889;245
100..300;6;31411282;T;A;0.2184869945049286;205
100..300;6;31411332;A;G;0.1666669994592666;165
100..300;6;31464036;G;A;0.1937170028686523;150
100..300;6;31506180;G;C;0.2234430015087127;230
100..300;6;31530467;GC;G;0.2415090054273605;220
100..300;6;31539285;C;G;0.2880659997463226;210
100..300;6;31546470;G;A;0.2048610001802444;235
100..300;6;31572916;C;G;0.1578949987888336;285
100..300;6;31582436;G;A;0.2352939993143081;205
100..300;6;31635993;G;A;0.2035930007696151;270
100..300;6;31639124;CAAAG;C;0.1930499970912933;210
100..300;6;31760120;T;C;0.3067730069160461;230
100..300;6;31761582;G;A;0.1885250061750412;290
100..300;6;31762197;A;G;0.2325579971075058;200
100..300;6;31883457;G;A;0.2040819972753524;225
100..300;6;32067917;T;C;0.1780219972133636;155
100..300;6;32223843;T;C;0.2520659863948822;205
100..300;6;32223881;TAGCAGC;T;0.2119999974966049;250
100..300;6;32288641;C;T;0.6568629741668701;110
100..300;6;32325478;C;G;0.668749988079071;185
100..300;6;32332045;A;G;0.2936510145664215;110
100..300;6;32335459;TA;T;0.1683170050382614;100
100..300;6;32335915;A;T;0.2137680053710937;225
100..300;6;32349858;A;G;1.0357099771499634;115
100..300;6;32393965;C;CT;0.125;125
100..300;6;32393972;C;G;0.1420120000839233;130
100..300;6;32393975;T;C;0.1420120000839233;130
100..300;6;32393985;A;G;0.1318680047988891;140
100..300;6;32394032;C;T;0.2032089978456497;150
100..300;6;32394044;T;C;0.2312140017747879;145
100..300;6;32394064;C;T;0.2080540060997009;120
100..300;6;32394065;A;G;0.2080540060997009;115
100..300;6;32394862;A;G;0.2222220003604889;250
100..300;6;32394892;G;T;0.232025995850563;250
100..300;6;32394925;C;T;0.2132869958877563;240
100..300;6;32394926;T;G;0.2132869958877563;240
100..300;6;32394964;T;C;0.2649570107460022;205
100..300;6;32394968;A;G;0.2649570107460022;200
100..300;6;32442433;C;T;0.1826090067625045;105
100..300;6;32442438;C;T;0.1729319989681244;115
100..300;6;32642029;T;C;0.4247789978981018;160
100..300;6;32642232;A;C;0.0729167014360427;150
100..300;6;32642267;C;T;0.058823499828577;170
100..300;6;32642273;C;T;0.058823499828577;170
100..300;6;32660224;C;T;0.7413790225982666;130
100..300;6;32661960;T;C;0.3367879986763;215
100..300;6;32662091;G;A;0.6666669845581055;270
100..300;6;32662159;T;C;;115
100..300;6;32741427;C;G;0.1542059928178787;220
100..300;6;32814610;A;G;0.2558139860630035;265
100..300;6;32815309;G;A;0.2357410043478012;235
100..300;6;32816843;T;C;0.3591159880161285;170
100..300;6;32830099;G;A;0.2299270033836364;235
100..300;6;32837529;T;C;0.2197799980640411;235
100..300;6;32847125;T;C;0.139285996556282;210
100..300;6;32847198;C;T;0.1408450007438659;160
100..300;6;32848666;T;C;0.1717450022697448;280
100..300;6;32852191;A;G;0.2460059970617294;255
100..300;6;32853022;A;C;0.2363640069961547;250
100..300;6;32938939;C;T;0.1831399947404861;270
100..300;6;32949634;T;C;0.1487600058317184;295
100..300;6;32969266;A;G;0.1527779996395111;110
100..300;6;32969271;A;C;0.1517239958047866;110
100..300;6;32970297;T;G;0.1910109966993332;145
100..300;6;32974446;GT;G;0.1945530027151107;220
100..300;6;32977848;T;C;0.245614007115364;185
100..300;6;33007157;A;G;0.1569969952106475;225
100..300;6;33007604;G;A;0.5659570097923279;255
100..300;6;33008092;A;G;0.2266010046005249;170
100..300;6;33068658;G;T;0.1958760023117065;240
100..300;6;33069303;A;G;0.2207359969615936;255
100..300;6;33069305;G;A;0.2207359969615936;250
100..300;6;33069642;A;G;0.3831779956817627;105
100..300;6;33069647;C;T;0.3559319972991943;110
100..300;6;33069745;C;T;0.2326730042695999;170
100..300;6;33069780;T;C;0.1800950020551681;160
100..300;6;33069783;A;G;0.1800950020551681;160
100..300;6;33069802;T;A;0.185929998755455;150
100..300;6;33069803;G;T;0.185929998755455;150
100..300;6;33069849;G;C;0.2032970041036605;150
100..300;6;33069898;A;C;0.1869920045137405;100
100..300;6;33076153;G;A;0.2690579891204834;190
100..300;6;33079655;C;A;0.3310810029506683;140
100..300;6;33079689;C;T;0.3489930033683777;135
100..300;6;33080680;G;C;0.1711709946393966;260
100..300;6;33080682;G;T;0.1711709946393966;265
100..300;6;33080683;C;T;0.1711709946393966;265
100..300;6;33080684;A;T;0.1711709946393966;270
100..300;6;33080689;T;G;0.1634349972009658;280
100..300;6;33080690;T;G;0.1634349972009658;280
100..300;6;33080917;G;A;0.2765960097312927;290
100..300;6;33084940;C;A;0.1272079944610595;230
100..300;6;33084942;A;G;0.1272079944610595;235
100..300;6;33084946;G;C;0.1272079944610595;240
100..300;6;33084959;A;G;0.1611939966678619;270
100..300;6;33084966;C;T;0.1749269962310791;280
100..300;6;33085209;C;T;0.2165240049362182;290
100..300;6;33085249;G;C;0.2401749938726425;210
100..300;6;33085905;A;G;0.3290599882602691;210
100..300;6;33086205;C;G;0.1768489927053451;235
100..300;6;33092287;A;G;0.2269939929246902;130
100..300;6;33103823;A;C;0.2203390002250671;195
100..300;6;33103931;A;G;0.1924690008163452;195
100..300;6;33103977;A;C;0.2300889939069748;185
100..300;6;33104000;G;A;0.2399999946355819;155
100..300;6;33106012;C;T;0.4210529923439026;105
100..300;6;33106125;C;A;0.2894740104675293;130
100..300;6;33128113;T;A;0.1666669994592666;165
100..300;6;33170900;A;G;0.3048779964447021;215
100..300;6;33171551;T;C;0.1959059983491897;275
100..300;6;33185058;T;A;0.2235289961099624;210
100..300;6;33202118;G;C;0.2248519957065582;290
100..300;6;33669130;T;C;0.5631070137023926;105
100..300;6;33670403;T;C;0.5517240166664124;265
100..300;6;33673602;C;T;0.4367089867591858;145
100..300;6;33735453;A;G;0.2000000029802322;180
100..300;6;35078666;C;G;0.2617799937725067;155
100..300;6;35120604;G;C;0.2571429908275604;170
100..300;6;35122320;C;T;0.2041880041360855;150
100..300;6;35140776;G;T;0.2056739926338195;100
100..300;6;35835415;A;C;0.1983810067176818;190
100..300;6;36217904;C;G;0.3026320040225982;125
100..300;6;36327087;G;A;0.2727270126342773;135
100..300;6;36373517;T;C;0.1423220038414001;190
100..300;6;36673769;A;C;0.1923079937696457;175
100..300;6;36677811;C;A;0.6788989901542664;125
100..300;6;36677919;G;A;0.6821190118789673;160
100..300;6;36684562;G;C;0.6074770092964172;120
100..300;6;36715518;A;G;0.1469530016183853;210
100..300;6;36822164;CG;C;0.17535500228405;180
100..300;6;36856623;T;C;0.3607310056686401;185
100..300;6;36954908;C;A;0.2463240027427673;230
100..300;6;36963386;G;A;0.2362869977951049;210
100..300;6;37011058;G;A;0.1818179935216903;150
100..300;6;37381257;A;G;0.2032520025968551;200
100..300;6;38984222;T;C;0.1893199980258941;155
100..300;6;39065817;A;G;0.2335769981145858;115
100..300;6;39311018;C;G;0.4144139885902405;100
100..300;6;39861039;A;G;0.2134499996900558;275
100..300;6;41198102;C;T;0.613444983959198;115
100..300;6;41198411;G;A;0.4257430136203766;100
100..300;6;41198413;G;A;0.4257430136203766;100
100..300;6;41786805;T;G;0.1593630015850067;200
100..300;6;42104954;T;G;0.2035090029239654;220
100..300;6;42857169;A;G;0.2122299969196319;210
100..300;6;43143604;C;G;0.2288140058517456;110
100..300;6;43305866;G;A;0.5704230070114136;145
100..300;6;43433367;A;G;0.3259260058403015;125
100..300;6;43445127;C;T;0.2429379969835281;160
100..300;6;43450953;A;G;0.2025720030069351;270
100..300;6;43450995;A;G;0.198863998055458;285
100..300;6;43528924;C;A;0.2372879981994629;150
100..300;6;44113834;A;G;0.2666670083999634;120
100..300;6;44180084;G;A;0.280701994895935;150
100..300;6;44250173;G;A;0.2606379985809326;165
100..300;6;44343117;A;G;0.3300000131130218;165
100..300;6;46161608;A;G;0.287553995847702;210
100..300;6;46167752;C;T;0.2339619994163513;235
100..300;6;46168247;T;G;0.2513369917869568;160
100..300;6;46652503;T;C;0.2076919972896576;215
100..300;6;46711566;G;A;0.1850000023841858;155
100..300;6;46835281;T;A;0.203791007399559;170
100..300;6;46835365;G;A;0.2178220003843307;240
100..300;6;49728760;T;G;0.8260869979858398;115
100..300;6;51721973;A;G;0.7099999785423279;110
100..300;6;51748379;T;C;0.7548390030860901;200
100..300;6;51856040;C;T;0.2884620130062103;135
100..300;6;51856074;G;A;0.2972970008850097;105
100..300;6;52479101;C;T;0.2552079856395721;165
100..300;6;52984544;G;A;0.3410399854183197;155
100..300;6;53652237;A;G;0.1987950056791305;130
100..300;6;53897294;G;A;0.2362200021743774;105
100..300;6;54321349;C;T;0.7234039902687073;150
100..300;6;54485378;A;G;0.2122900038957595;160
100..300;6;54625188;A;G;0.2695649862289428;110
100..300;6;54625192;G;A;0.2695649862289428;105
100..300;6;56432770;A;G;0.2420630007982254;220
100..300;6;56508738;T;C;0.3131310045719147;175
100..300;6;56598612;C;T;0.2828949987888336;130
100..300;6;56605753;A;T;0.33057901263237;120
100..300;6;56605892;A;G;0.4307689964771271;135
100..300;6;56606604;A;G;0.3693180084228515;170
100..300;6;56606852;T;C;0.3176470100879669;165
100..300;6;56607197;T;C;0.3650000095367431;200
100..300;6;56618003;G;C;0.2865499854087829;155
100..300;6;56619960;T;C;0.2769230008125305;235
100..300;6;63788162;A;T;0.2159619927406311;165
100..300;6;63984461;T;C;0.4088050127029419;150
100..300;6;64912570;G;A;0.9112899899482728;160
100..300;6;65295995;T;C;0.436242014169693;140
100..300;6;65495052;A;G;0.3403140008449554;190
100..300;6;66094179;G;C;0.2131779938936233;230
100..300;6;70180332;A;G;0.2870369851589203;190
100..300;6;70234554;C;T;0.235954999923706;145
100..300;6;70272091;G;A;0.3671880066394806;115
100..300;6;70859387;C;T;0.7410069704055786;160
100..300;6;71301876;G;GAGA;0.2091249972581863;220
100..300;6;71584899;C;G;0.2543349862098694;150
100..300;6;72987585;A;G;0.2486190050840377;160
100..300;6;73292207;G;A;0.2399999946355819;210
100..300;6;73309615;A;G;0.1818179935216903;195
100..300;6;73309653;C;T;0.1877730041742324;180
100..300;6;73638419;C;T;0.2258059978485107;155
100..300;6;73766936;GT;G;0.2193550020456314;135
100..300;6;73787286;G;A;0.3280420005321502;170
100..300;6;73787429;A;G;0.1495729982852935;185
100..300;6;75314644;T;C;0.2820509970188141;180
100..300;6;75666836;A;G;0.4965519905090332;135
100..300;6;75715572;G;A;0.8452379703521729;105
100..300;6;75889187;G;A;0.2302159965038299;105
100..300;6;75915024;T;C;0.375;105
100..300;6;75931086;A;G;0.2653059959411621;120
100..300;6;78903083;A;G;0.1970800012350082;115
100..300;6;78947674;A;G;0.2328770011663437;115
100..300;6;78969860;G;A;0.1824319958686828;120
100..300;6;81751803;G;A;0.1455399990081787;180
100..300;6;81757390;C;T;0.1641030013561248;140
100..300;6;82142827;G;A;0.2042250037193298;115
100..300;6;82223592;T;C;0.245398998260498;135
100..300;6;84430460;C;A;0.2898550033569336;135
100..300;6;84430595;A;C;0.2102800011634826;180
100..300;6;85288182;A;G;0.4878050088882446;125
100..300;6;85490559;A;T;0.2000000029802322;170
100..300;6;85735754;C;T;0.2197799980640411;155
100..300;6;87514446;C;T;0.2689659893512726;125
100..300;6;87677985;C;A;0.2857140004634857;110
100..300;6;88143916;T;C;0.2043800055980682;230
100..300;6;89329951;C;G;0.6381580233573914;175
100..300;6;89613905;C;T;0.226950004696846;120
100..300;6;89630557;A;G;0.1501979976892471;195
100..300;6;89630727;T;C;0.2483659982681274;260
100..300;6;89658661;A;G;0.2620089948177337;195
100..300;6;89662855;C;A;0.260699987411499;205
100..300;6;89680724;A;C;0.1785710006952285;180
100..300;6;89687413;C;G;0.2277230024337768;155
100..300;6;89692763;A;G;0.1469389945268631;200
100..300;6;89693121;G;C;1.3907999992370603;190
100..300;6;89698870;G;A;0.3151519894599914;140
100..300;6;89789783;A;G;0.1666669994592666;115
100..300;6;89819624;T;C;0.1724140048027038;135
100..300;6;89830289;A;C;0.2954550087451935;160
100..300;6;89932639;A;G;0.237864002585411;185
100..300;6;89932774;A;G;0.1889760047197342;210
100..300;6;89950600;C;T;0.2733330130577087;270
100..300;6;96648521;T;C;0.1937499940395355;120
100..300;6;98179534;A;C;0.3272730112075805;145
100..300;6;98835296;ACAG;A;0.1204010024666786;220
100..300;6;98926524;A;G;0.1990740001201629;175
100..300;6;99371503;C;T;0.7302629947662354;165
100..300;6;99377472;C;T;0.2770270109176636;115
100..300;6;99446210;G;C;0.2520659863948822;215
100..300;6;99867151;G;A;0.8505749702453613;105
100..300;6;100516271;C;G;0.2638039886951446;135
100..300;6;100718219;A;G;0.2894740104675293;125
100..300;6;105402837;G;A;0.4827589988708496;150
100..300;6;106519310;C;A;0.1733870059251785;200
100..300;6;106551947;A;G;0.2317879945039749;115
100..300;6;107070009;T;C;0.221452996134758;250
100..300;6;107721012;T;C;;145
100..300;6;107893490;T;C;0.3193280100822449;110
100..300;6;108477295;G;A;0.2954550087451935;110
100..300;6;108785847;G;A;0.1945700049400329;185
100..300;6;108785883;T;C;0.2074690014123916;200
100..300;6;108786207;G;C;0.2706420123577118;195
100..300;6;109196503;A;G;0.6930689811706543;115
100..300;6;109198408;A;G;0.8061220049858093;120
100..300;6;109198420;T;C;0.786408007144928;125
100..300;6;109199592;G;C;0.2249999940395355;165
100..300;6;109227101;T;C;0.1877930015325546;165
100..300;6;109227510;T;C;0.3023259937763214;145
100..300;6;109264859;T;C;0.6363639831542969;175
100..300;6;109286353;A;G;0.9896910190582277;125
100..300;6;110425059;T;C;0.2894740104675293;135
100..300;6;110438805;G;A;0.1557379961013794;180
100..300;6;111266001;G;A;0.2413789927959442;205
100..300;6;112061110;T;G;0.2000000029802322;230
100..300;6;112087407;C;T;0.3551400005817413;190
100..300;6;112114061;G;T;0.1970800012350082;105
100..300;6;112114070;C;A;0.1768710017204284;110
100..300;6;112114709;T;A;0.2160490006208419;125
100..300;6;112356173;A;C;0.1635510027408599;165
100..300;6;116278502;C;T;0.291390985250473;135
100..300;6;116399324;T;C;0.2409639954566955;215
100..300;6;116765215;A;C;0.1889400035142898;175
100..300;6;116792490;C;T;0.3975160121917724;160
100..300;6;116792862;A;G;0.3333329856395721;200
100..300;6;116793060;A;T;0.3934429883956909;180
100..300;6;117387808;T;C;0.2442750036716461;115
100..300;6;117404285;G;T;0.2774190008640289;140
100..300;6;117409656;A;G;0.226743996143341;130
100..300;6;117431994;T;C;0.2832620143890381;195
100..300;6;117548123;T;G;0.2206899970769882;115
100..300;6;117548261;A;G;0.2419349998235702;255
100..300;6;118502812;G;A;0.2624109983444214;120
100..300;6;118566140;C;T;0.2653850018978119;235
100..300;6;118894542;A;G;0.1234569996595382;115
100..300;6;118923859;T;C;0.3106060028076172;130
100..300;6;119348712;T;C;0.2834649980068207;125
100..300;6;124282244;G;A;0.1515150070190429;100
100..300;6;124936991;T;C;0.2560000121593475;100
100..300;6;125252048;G;A;0.2589290142059326;185
100..300;6;125957084;C;G;0.504951000213623;190
100..300;6;126258237;T;C;0.2901549935340881;175
100..300;6;126258242;A;G;0.2795700132846832;165
100..300;6;128929678;CT;C;0.2405059933662414;205
100..300;6;129313110;A;G;0.5945950150489807;125
100..300;6;129486569;A;G;0.5974029898643494;165
100..300;6;129831375;C;A;0.7931029796600342;100
100..300;6;130440659;T;C;0.2330099940299987;190
100..300;6;130956280;C;G;0.2348179966211319;215
100..300;6;131674173;G;A;0.356436014175415;100
100..300;6;131851228;C;A;0.2256409972906112;150
100..300;6;132315681;G;C;0.3529410064220428;130
100..300;6;132570617;G;A;0.2941179871559143;260
100..300;6;132997785;A;G;0.2738850116729736;140
100..300;6;134262022;C;G;0.1949149966239929;200
100..300;6;134966395;G;A;0.324176013469696;150
100..300;6;135037429;G;T;0.2519690096378326;120
100..300;6;138908735;T;C;0.2017939984798431;170
100..300;6;139247906;C;T;0.2235289961099624;140
100..300;6;143501975;A;G;0.2228260040283203;145
100..300;6;143502020;C;T;0.2236839979887008;175
100..300;6;143503967;T;G;0.2530120015144348;150
100..300;6;143760472;T;C;0.2803739905357361;185
100..300;6;147314249;G;C;0.8795179724693298;100
100..300;6;147314277;G;A;0.764706015586853;115
100..300;6;147359223;G;A;0.8392860293388367;140
100..300;6;147508937;T;C;0.191780999302864;115
100..300;6;148544121;G;A;0.5381360054016113;255
100..300;6;149836209;A;G;0.2147890031337738;230
100..300;6;150043291;C;G;0.1971829980611801;120
100..300;6;150064594;G;T;0.2916670143604278;170
100..300;6;150831121;G;A;0.2142859995365142;170
100..300;6;151573432;A;G;0.2994920015335083;180
100..300;6;152098960;A;G;0.1707320064306259;130
100..300;6;152132156;A;G;0.1446540057659149;120
100..300;6;152143704;G;A;0.1759659945964813;185
100..300;6;152208125;A;G;0.173333004117012;240
100..300;6;152451129;G;A;0.2910799980163574;175
100..300;6;152463486;C;T;0.3421050012111664;105
100..300;6;152994560;T;C;0.2232140004634857;145
100..300;6;153043965;C;A;0.280701994895935;140
100..300;6;153091341;T;C;0.176923006772995;110
100..300;6;153091342;G;A;0.176923006772995;110
100..300;6;154039373;T;G;0.1965810060501098;205
100..300;6;154442267;A;G;0.220657005906105;185
100..300;6;157186564;C;G;0.2711859941482544;100
100..300;6;157299382;G;C;0.1749999970197677;130
100..300;6;158237433;A;T;0.2261900007724762;205
100..300;6;158237830;G;T;0.2457139939069748;160
100..300;6;158242200;G;GA;0.1793719977140426;180
100..300;6;158621570;G;C;0.2803030014038086;115
100..300;6;158725899;C;T;0.2265619933605194;115
100..300;6;158763430;G;A;0.6034479737281799;185
100..300;6;158764531;A;T;0.5927839875221252;205
100..300;6;158767096;G;A;0.8113210201263428;135
100..300;6;158769768;G;C;0.1977400034666061;145
100..300;6;158770756;T;C;0.2650600075721741;140
100..300;6;158784636;A;G;0.6570050120353699;215
100..300;6;158841921;C;T;0.3499999940395355;160
100..300;6;159232998;A;G;0.175925999879837;275
100..300;6;159692840;G;A;0.1893199980258941;160
100..300;6;159713959;T;C;0.1877129971981048;220
100..300;6;159775311;G;A;0.219100996851921;145
100..300;6;159777363;A;G;0.2573840022087097;200
100..300;6;159778655;C;T;0.2571429908275604;125
100..300;6;159790604;A;G;0.2319750040769577;255
100..300;6;159790613;G;GGTT;0.2190479934215545;255
100..300;6;159907588;T;C;0.2431190013885498;180
100..300;6;160032946;G;A;0.2522520124912262;100
100..300;6;160043257;A;G;0.2289160043001175;145
100..300;6;160084175;G;A;0.1734690070152282;160
100..300;6;160096449;T;C;0.2372879981994629;155
100..300;6;160122091;C;T;0.2020550072193145;255
100..300;6;160136537;T;C;0.1319800019264221;155
100..300;6;160139813;G;A;0.1350480020046234;250
100..300;6;160139848;C;CATG;0.1383929997682571;195
100..300;6;160139865;C;CTGGTAAGT;0.1486490070819854;170
100..300;6;160155979;A;G;0.1375660002231598;140
100..300;6;160585045;T;C;0.4263570010662079;130
100..300;6;160706469;G;A;0.2526690065860748;235
100..300;6;160711114;T;C;0.6165410280227661;135
100..300;6;160718825;G;A;0.8188980221748352;160
100..300;6;160722576;C;T;0.7563030123710632;140
100..300;6;160731208;A;G;0.8085110187530518;120
100..300;6;160739051;A;G;0.6875;145
100..300;6;161136630;A;G;0.6803280115127563;140
100..300;6;161749007;T;C;0.2148759961128235;190
100..300;6;162568468;A;G;0.1964289993047714;175
100..300;6;162568950;G;C;0.2089550048112869;110
100..300;6;162569040;G;A;0.2888889908790588;115
100..300;6;162569113;A;G;0.3333329856395721;100
100..300;6;162569527;T;C;0.159291997551918;185
100..300;6;163096003;A;T;0.2879579961299896;165
100..300;6;165299438;A;G;0.1861699968576431;150
100..300;6;165300472;C;A;0.2458100020885467;140
100..300;6;165301971;C;G;0.2933880090713501;230
100..300;6;165302184;G;A;0.1877260059118271;225
100..300;6;165894602;T;A;0.1843969970941543;110
100..300;6;165894603;C;T;0.1843969970941543;115
100..300;6;166326158;C;T;0.2584269940853119;155
100..300;6;166448745;C;T;0.2488040030002594;160
100..300;6;166459522;T;C;0.2876709997653961;180
100..300;6;167040031;AT;A;6.272729873657227;165
100..300;6;167040031;ATTT;A;0.3636359870433807;165
100..300;6;167040031;ATT;A;1.95455002784729;165
100..300;6;167136287;C;T;0.2626729905605316;200
100..300;6;167297930;G;A;0.2601630091667175;105
100..300;6;167305948;A;G;0.7248319983482361;165
100..300;6;168063722;T;C;0.1658769994974136;160
100..300;6;168288977;A;G;0.3633089959621429;260
100..300;6;168608142;T;TC;0.2406419962644577;165
100..300;6;168667230;T;G;0.2582780122756958;130
100..300;6;169232210;A;AG;0.2462690025568008;130
100..300;6;169248672;A;G;0.1536049991846084;250
100..300;6;169762419;C;A;0.6271190047264099;130
100..300;6;170017397;C;T;0.2251310050487518;160
100..300;6;170553212;C;G;0.3383080065250397;180
100..300;6;170569705;C;T;0.8153849840164185;165
100..300;6;170583012;C;T;0.6122450232505798;110
100..300;7;256773;A;G;0.6293100118637085;130
100..300;7;860398;A;G;0.6079999804496765;135
100..300;7;886080;A;G;0.5380709767341614;195
100..300;7;892323;A;G;0.2074470072984695;140
100..300;7;988812;T;C;0.2244089990854263;210
100..300;7;1057638;T;C;0.2164179980754852;225
100..300;7;1093084;A;G;0.1947370022535324;150
100..300;7;1898365;A;G;0.2037039995193481;170
100..300;7;1936796;T;C;0.1813469976186752;290
100..300;7;2069347;C;G;0.1764709949493408;150
100..300;7;2475153;T;C;0.242574006319046;165
100..300;7;2712425;T;C;0.2212769985198974;200
100..300;7;2930046;A;G;0.2000000029802322;185
100..300;7;2937133;A;G;0.1875;205
100..300;7;3987312;G;C;0.1781609952449798;135
100..300;7;4077033;A;G;0.337348997592926;150
100..300;7;4270733;T;C;0.1974789947271347;180
100..300;7;4762404;G;A;0.161764994263649;160
100..300;7;4805681;G;T;0.2511210143566131;185
100..300;7;4836426;T;C;0.1549820005893707;195
100..300;7;4860710;A;G;0.2211540043354034;275
100..300;7;4993791;C;T;0.3106060028076172;115
100..300;7;4996797;A;C;0.2876709997653961;200
100..300;7;5064644;A;G;0.31147500872612;170
100..300;7;5064728;A;G;0.3926379978656769;170
100..300;7;5072923;C;A;0.2549020051956177;140
100..300;7;5228093;G;A;0.2107840031385421;160
100..300;7;5228218;G;C;0.3857139945030212;130
100..300;7;5302782;C;T;0.5190839767456055;140
100..300;7;5352071;G;C;0.778626024723053;155
100..300;7;5357084;C;T;0.4959680140018463;260
100..300;7;5394476;A;G;0.2244900017976761;285
100..300;7;5527965;T;C;0.1766780018806457;260
100..300;7;5528735;G;A;0.2375690042972564;175
100..300;7;6026830;C;T;0.1373389959335327;185
100..300;7;6031484;G;A;0.1980199962854385;240
100..300;7;6153890;C;G;0.1666669994592666;145
100..300;7;6154121;A;G;0.168831005692482;180
100..300;7;6154752;T;C;0.1757320016622543;175
100..300;7;6402039;C;T;0.2056739926338195;120
100..300;7;6924696;T;C;0.2765960097312927;195
100..300;7;7373518;C;T;0.2107439935207367;210
100..300;7;12389115;A;G;0.2089550048112869;110
100..300;7;12423483;T;C;0.2447549998760223;120
100..300;7;12471686;A;G;0.3511900007724762;150
100..300;7;12472298;G;T;0.324999988079071;190
100..300;7;16464307;G;C;0.2575759887695312;110
100..300;7;16544845;G;A;0.3129250109195709;125
100..300;7;16783492;G;T;0.2243590056896209;125
100..300;7;16864444;C;T;0.163332998752594;250
100..300;7;16864813;C;T;0.3774319887161255;250
100..300;7;16865874;A;G;0.2448980063199997;130
100..300;7;16873833;G;A;0.1851850003004074;135
100..300;7;17339486;A;G;0.2565790116786957;140
100..300;7;19145123;CTCT;C;0.1915580034255981;260
100..300;7;20723023;T;G;0.1403509974479675;135
100..300;7;21221365;A;C;0.1861310005187988;215
100..300;7;21543299;T;C;0.2134830057621002;220
100..300;7;21725834;T;C;0.6063830256462097;100
100..300;7;21892426;T;C;0.6767680048942566;115
100..300;7;21916787;A;G;0.1808509975671768;155
100..300;7;22438588;T;G;0.7152320146560669;170
100..300;7;23273552;C;T;0.2295719981193542;205
100..300;7;23689297;A;G;0.1886789947748184;125
100..300;7;23689312;C;T;0.2080920040607452;135
100..300;7;23698272;G;A;0.2326730042695999;165
100..300;7;24717332;T;C;0.1899220049381256;200
100..300;7;24871738;G;T;0.2487049996852874;155
100..300;7;25168355;C;T;0.2333330065011978;215
100..300;7;25168375;A;G;0.2074829936027526;230
100..300;7;25226781;A;G;0.2801930010318756;190
100..300;7;28279388;A;T;0.2795279920101166;230
100..300;7;28279615;C;A;0.3356640040874481;140
100..300;7;29883956;C;T;0.1674209982156753;160
100..300;7;29884605;C;T;0.1452510058879852;140
100..300;7;30755715;G;A;0.2724139988422394;265
100..300;7;30922175;A;G;0.1724140048027038;210
100..300;7;31529836;A;T;0.302157998085022;120
100..300;7;31642839;T;C;0.2077459990978241;245
100..300;7;31643796;A;G;0.2752290070056915;195
100..300;7;31692475;G;C;0.2864319980144501;165
100..300;7;31707223;T;C;0.25764200091362;190
100..300;7;32169847;T;C;0.3659789860248565;175
100..300;7;32472312;A;G;0.195372998714447;275
100..300;7;32559018;A;T;0.2213110029697418;200
100..300;7;32559044;T;C;0.1962620019912719;180
100..300;7;32583865;G;C;0.1524160057306289;195
100..300;7;32869570;A;G;0.28125;150
100..300;7;32988571;A;G;0.2608700096607208;155
100..300;7;34750392;T;C;0.2320439964532852;155
100..300;7;34750737;A;G;0.2167830020189285;120
100..300;7;34751230;C;G;0.2872729897499084;240
100..300;7;34751340;C;T;0.3979060053825378;205
100..300;7;34751589;A;G;0.2466370016336441;200
100..300;7;34751723;A;G;0.3125;200
100..300;7;34778501;T;A;0.3267970085144043;135
100..300;7;34811781;G;C;0.2025319933891296;120
100..300;7;35147875;T;C;0.2611109912395477;150
100..300;7;36399100;G;C;0.1456950008869171;115
100..300;7;36406512;G;A;0.2293580025434494;180
100..300;7;36415868;C;T;0.3770489990711212;110
100..300;7;36855737;T;C;0.2028989940881729;110
100..300;7;37741197;A;C;0.2372879981994629;205
100..300;7;37876853;G;A;0.2302159965038299;120
100..300;7;38291680;AAAGTGG;A;0.2111800014972686;150
100..300;7;38317248;T;C;0.2711859941482544;200
100..300;7;38391829;G;A;0.2403099983930587;225
100..300;7;38391835;T;C;0.2539680004119873;225
100..300;7;38391880;A;C;0.234265998005867;245
100..300;7;38476848;T;G;0.2213110029697418;115
100..300;7;40274566;A;G;0.3147209882736206;170
100..300;7;41965989;A;G;0.2716050148010254;135
100..300;7;41965990;A;C;0.2716050148010254;135
100..300;7;42172590;C;T;0.6450380086898804;290
100..300;7;43248885;G;A;0.6474360227584839;160
100..300;7;43479738;C;T;0.2517009973526001;130
100..300;7;43866914;G;A;0.2304349988698959;190
100..300;7;43926562;A;C;0.1484380066394806;180
100..300;7;43942742;A;G;0.9523810148239136;140
100..300;7;43965914;A;G;0.8320609927177429;135
100..300;7;44060774;T;C;0.5629140138626099;155
100..300;7;44108954;G;A;0.6972479820251465;130
100..300;7;44139027;G;A;0.4615379869937897;150
100..300;7;44220107;A;G;0.1748470067977905;250
100..300;7;44220272;T;C;0.2051279991865158;185
100..300;7;44969726;A;G;0.7168139815330505;130
100..300;7;45085867;C;G;0.2347829937934875;195
100..300;7;45086066;A;G;0.2430279999971389;195
100..300;7;45101315;T;C;0.7395830154418945;115
100..300;7;45186189;A;C;0.171642005443573;200
100..300;7;45186223;A;G;0.1899639964103698;210
100..300;7;45662163;T;C;0.1902830004692077;195
100..300;7;45664372;A;G;0.2358079999685287;190
100..300;7;45866173;A;G;0.2293909937143325;230
100..300;7;45872996;T;C;0.7142860293388367;125
100..300;7;47873982;A;G;;185
100..300;7;47874017;A;G;0.1842110008001327;150
100..300;7;47876079;G;A;0.2765960097312927;120
100..300;7;47994330;T;C;0.2750000059604645;195
100..300;7;48389118;T;A;0.2787880003452301;145
100..300;7;48466969;G;A;0.2390439957380294;215
100..300;7;48467045;G;A;0.2338310033082962;170
100..300;7;50134181;G;A;0.3010750114917755;165
100..300;7;50136085;T;C;0.209876999258995;135
100..300;7;50141376;T;C;0.257310003042221;150
100..300;7;50528202;C;T;0.2395209968090057;135
100..300;7;51600444;A;G;0.6486489772796631;175
100..300;7;51600494;A;G;0.7197449803352356;185
100..300;7;51600578;T;C;0.7692310214042664;130
100..300;7;53035861;G;C;0.5467290282249451;235
100..300;7;53035878;A;G;0.5891090035438538;230
100..300;7;53188055;G;A;0.1704549938440323;125
100..300;7;53188370;T;C;0.244604006409645;235
100..300;7;53188825;C;T;0.2817679941654205;160
100..300;7;54419901;T;C;0.3866670131683349;145
100..300;7;54420187;T;A;0.1911759972572326;205
100..300;7;54553999;A;G;0.2111109942197799;150
100..300;7;55201256;G;A;0.1650490015745163;160
100..300;7;55259906;G;A;0.1973679959774017;115
100..300;7;55638582;C;T;0.3238100111484527;100
100..300;7;55645624;C;A;0.3056989908218384;180
100..300;7;55732178;G;C;0.2274139970541;275
100..300;7;55798604;A;G;0.1449279934167862;110
100..300;7;55939883;T;C;0.2264810055494308;235
100..300;7;56068501;T;C;0.2371789962053299;125
100..300;7;56081669;T;C;0.1832669973373413;195
100..300;7;56081717;A;G;0.2131150066852569;195
100..300;7;56228709;G;A;0.3088240027427673;125
100..300;7;56228860;T;G;0.2030459940433502;165
100..300;7;56228905;G;A;0.2135419994592666;165
100..300;7;56229035;G;A;0.2227720022201538;175
100..300;7;56229053;C;T;0.2367150038480758;180
100..300;7;56229231;T;C;0.3258430063724518;175
100..300;7;56229291;T;C;0.3015869855880737;175
100..300;7;56229509;G;C;0.1596239954233169;170
100..300;7;56229694;T;C;0.189300000667572;185
100..300;7;56229753;T;C;0.2361810058355331;170
100..300;7;57425167;A;G;0.4044939875602722;165
100..300;7;63113858;G;T;0.5815600156784058;150
100..300;7;63114111;G;A;0.5777779817581177;100
100..300;7;63114151;T;C;0.6588240265846252;100
100..300;7;63114155;G;A;0.6588240265846252;100
100..300;7;63138930;T;C;1.115380048751831;110
100..300;7;63770442;T;C;0.6823530197143555;105
100..300;7;63893284;T;C;0.7246379852294922;160
100..300;7;63910319;C;T;0.699999988079071;155
100..300;7;63938080;C;A;0.6530609726905823;105
100..300;7;64220023;T;C;0.5613380074501038;295
100..300;7;64266267;C;T;0.7528089880943298;225
100..300;7;64266300;A;T;0.7192980051040649;215
100..300;7;64706424;T;G;0.5746269822120667;150
100..300;7;64864229;T;C;0.4732140004634857;225
100..300;7;64992360;A;G;0.6051279902458191;230
100..300;7;65335519;T;C;0.4880000054836273;125
100..300;7;65954366;TTTA;T;0.4166670143604278;125
100..300;7;65954366;T;TTTA;0.0729167014360427;125
100..300;7;65964372;A;G;0.3616069853305816;195
100..300;7;66423483;C;T;0.6399999856948853;160
100..300;7;66423583;A;C;0.6871510148048401;210
100..300;7;66824053;T;C;0.7229729890823364;170
100..300;7;67183212;A;G;0.4134620130062103;110
100..300;7;67195255;G;A;0.2514970004558563;110
100..300;7;67195260;C;T;0.2269939929246902;110
100..300;7;73596424;T;C;0.1832669973373413;195
100..300;7;73865031;T;C;0.151078999042511;125
100..300;7;74249121;A;G;0.1348309963941574;130
100..300;7;75441099;A;T;0.247422993183136;170
100..300;7;75494199;T;G;0.2638890147209167;135
100..300;7;75516169;A;G;0.1559630036354065;100
100..300;7;75558268;A;G;0.225610002875328;130
100..300;7;75922934;A;G;0.2133329957723617;125
100..300;7;75985969;A;G;0.2464289963245391;235
100..300;7;76000956;C;T;0.5633800029754639;145
100..300;7;76030497;C;T;0.2731710076332092;170
100..300;7;77256452;G;A;0.1708540022373199;150
100..300;7;77635823;A;G;0.2269939929246902;125
100..300;7;77794257;A;G;0.7428569793701172;215
100..300;7;80096835;T;G;0.2424239963293075;170
100..300;7;80798179;A;C;0.201116994023323;135
100..300;7;82038152;T;C;0.3100779950618744;105
100..300;7;82915671;G;A;0.3277310132980346;225
100..300;7;83319278;C;T;0.3257580101490021;115
100..300;7;87182209;G;T;0.3039219975471496;190
100..300;7;87450090;A;T;0.2244900017976761;125
100..300;7;87462869;A;G;0.31147500872612;160
100..300;7;87509329;G;A;0.2421520054340362;185
100..300;7;87521774;C;T;0.5828570127487183;205
100..300;7;87522208;G;C;0.2793520092964172;215
100..300;7;87522342;T;C;0.1468529999256134;120
100..300;7;87550285;G;A;0.765516996383667;170
100..300;7;87935182;G;C;0.4129030108451843;150
100..300;7;88282672;A;C;0.2857140004634857;125
100..300;7;88639665;G;A;0.589743971824646;130
100..300;7;88794175;G;T;0.2867650091648102;125
100..300;7;89335845;G;T;0.3605439960956573;150
100..300;7;90227330;T;C;0.2727270126342773;135
100..300;7;90385094;A;G;0.2592589855194092;140
100..300;7;90709536;T;C;0.1911759972572326;155
100..300;7;92164994;A;G;0.3089430034160614;115
100..300;7;93105138;G;A;0.2695649862289428;110
100..300;7;93341535;T;C;0.1767439991235733;165
100..300;7;94413962;G;A;0.3717949986457824;150
100..300;7;94427037;T;C;0.2291669994592666;125
100..300;7;94665370;A;C;0.2366670072078704;260
100..300;7;95316772;T;A;0.8035709857940674;125
100..300;7;95372243;T;C;0.2486190050840377;150
100..300;7;95394734;G;A;0.1739130020141601;110
100..300;7;98244682;A;G;0.195265993475914;130
100..300;7;98293539;T;C;0.1814520061016082;195
100..300;7;98304289;T;C;0.5183249711990356;185
100..300;7;99876804;G;A;0.2862190008163452;265
100..300;7;99903276;C;T;0.1899439990520477;140
100..300;7;99903288;G;A;0.1767960041761398;135
100..300;7;100097308;T;C;0.1611569970846176;185
100..300;7;100600019;A;G;0.3445949852466583;135
100..300;7;100822533;G;A;0.2206410020589828;235
100..300;7;100867997;T;C;0.2216749936342239;170
100..300;7;100889133;C;G;0.1941750049591064;245
100..300;7;101051857;A;G;0.1951220035552978;195
100..300;7;101089040;T;C;0.2660549879074096;205
100..300;7;101128436;A;G;0.1979169994592666;235
100..300;7;101204117;A;G;0.4421769976615906;150
100..300;7;102111780;G;A;0.2000000029802322;110
100..300;7;102822189;C;T;0.2584620118141174;270
100..300;7;102841395;C;T;0.3761470019817352;100
100..300;7;102973690;A;C;0.2804880142211914;285
100..300;7;104667897;T;A;0.167832002043724;215
100..300;7;104667904;G;T;0.1744969934225082;230
100..300;7;104668826;A;G;0.26180300116539;175
100..300;7;104668963;G;A;0.4698280096054077;235
100..300;7;105536594;T;A;0.195265993475914;125
100..300;7;105551610;C;T;0.2552079856395721;155
100..300;7;105582834;G;C;0.209756001830101;185
100..300;7;105974960;A;G;0.2133329957723617;235
100..300;7;105974980;C;G;0.2246380001306533;230
100..300;7;106018005;A;G;0.1918369978666305;200
100..300;7;106018014;G;C;0.2081629931926727;200
100..300;7;106022244;C;T;0.2987009882926941;195
100..300;7;107045003;T;G;0.427711009979248;135
100..300;7;107782809;T;C;0.1884820014238357;160
100..300;7;108994352;C;G;0.2440190017223358;175
100..300;7;112457066;T;C;0.1987950056791305;135
100..300;7;112784595;A;G;0.2645159959793091;145
100..300;7;114656490;C;A;0.25;100
100..300;7;116500454;C;CG;0.2735039889812469;220
100..300;7;116506020;G;C;0.2521370053291321;195
100..300;7;116757518;G;A;0.1986750066280365;130
100..300;7;116776273;T;C;0.2666670083999634;130
100..300;7;122393325;G;A;0.335999995470047;120
100..300;7;122681457;C;T;0.16041000187397;210
100..300;7;123169180;C;T;0.2409639954566955;140
100..300;7;123511965;T;C;0.5894740223884583;110
100..300;7;123511981;C;T;0.625;130
100..300;7;123616373;T;C;0.2032089978456497;160
100..300;7;123953710;C;T;0.2983430027961731;160
100..300;7;124858948;C;A;0.209876999258995;130
100..300;7;124858949;A;T;0.209876999258995;130
100..300;7;125033770;T;C;0.2290749996900558;180
100..300;7;127582103;A;G;0.207406997680664;230
100..300;7;127582264;C;T;0.2448980063199997;295
100..300;7;127582467;A;G;0.203125;220
100..300;7;127584139;G;A;0.4489800035953522;100
100..300;7;127584232;G;A;0.2459020018577575;210
100..300;7;128313185;A;G;0.2545450031757355;180
100..300;7;128498131;A;G;0.2387389987707138;165
100..300;7;128675737;G;C;0.5867350101470947;215
100..300;7;128675828;A;C;0.5802469849586487;170
100..300;7;128677604;T;C;0.3742330074310303;170
100..300;7;128677828;C;T;0.4206350147724151;125
100..300;7;128682980;G;A;0.5635359883308411;185
100..300;7;128775760;A;G;0.2383719980716705;150
100..300;7;128967330;A;G;0.239436998963356;115
100..300;7;129001172;C;G;0.2747249901294708;165
100..300;7;129460332;G;T;0.2712770104408264;160
100..300;7;129774728;A;G;0.1597629934549331;135
100..300;7;130185375;C;T;0.2458100020885467;155
100..300;7;130202099;GA;G;0.3307690024375915;145
100..300;7;130215997;T;C;0.1794870048761367;190
100..300;7;130381647;C;G;0.222798004746437;165
100..300;7;130440971;G;T;0.1714289933443069;175
100..300;7;130989722;A;G;0.1680330038070678;185
100..300;7;132179832;C;T;0.2037740051746368;215
100..300;7;133169748;G;C;0.2536230087280273;240
100..300;7;134296475;A;G;0.5086209774017334;110
100..300;7;134304791;G;A;0.7582420110702515;110
100..300;7;134993502;A;T;0.3605439960956573;140
100..300;7;135207209;A;G;0.1428570002317428;100
100..300;7;135594567;C;A;0.6402879953384399;160
100..300;7;135662560;TCGCCCTCCC;T;0.1328669935464859;110
100..300;7;135708128;C;T;0.6821190118789673;170
100..300;7;135721428;G;A;0.2758620083332062;150
100..300;7;135929992;C;T;0.2764709889888763;145
100..300;7;137444084;C;T;0.5416669845581055;100
100..300;7;138441295;T;A;0.1527090072631836;170
100..300;7;138580565;G;A;0.2986109852790832;120
100..300;7;138621037;C;T;0.2834649980068207;115
100..300;7;138621061;C;T;0.2374999970197677;135
100..300;7;138679022;G;A;0.1238529980182647;155
100..300;7;139028969;C;G;0.176923006772995;110
100..300;7;139047711;A;G;0.2142859995365142;190
100..300;7;139047751;A;G;0.2008550018072128;185
100..300;7;139341406;G;T;0.185366004705429;170
100..300;7;139412536;AC;A;0.2105260044336319;100
100..300;7;139417744;G;A;0.1985290050506591;115
100..300;7;139454125;G;T;0.2321429997682571;190
100..300;7;139454204;G;C;0.2259889990091323;150
100..300;7;140567204;T;C;0.1865289956331253;160
100..300;7;141664912;A;G;0.5688070058822632;235
100..300;7;141665328;C;T;0.6305729746818542;170
100..300;7;141764965;T;C;0.2707180082798004;170
100..300;7;141778774;C;G;0.2093019932508468;215
100..300;7;141779000;A;G;0.2777779996395111;180
100..300;7;141790438;T;G;0.202796995639801;240
100..300;7;141837935;G;T;0.2554740011692047;240
100..300;7;141972804;C;T;0.3263890147209167;135
100..300;7;141973545;G;C;0.1918369978666305;195
100..300;7;142052413;A;C;0.1797749996185302;200
100..300;7;142255308;T;C;0.2251659929752349;140
100..300;7;142384603;T;G;0.6703910231590271;215
100..300;7;142384737;C;A;0.767195999622345;235
100..300;7;142384802;G;A;0.5769230127334595;220
100..300;7;142384825;T;C;0.5333330035209656;185
100..300;7;142400325;T;G;0.2138729989528656;150
100..300;7;142434344;G;A;0.846153974533081;120
100..300;7;142544396;G;A;0.2731710076332092;185
100..300;7;142544491;C;T;0.2543100118637085;200
100..300;7;142544533;A;G;0.27947598695755;205
100..300;7;142555135;G;T;0.2840909957885742;155
100..300;7;142563803;A;G;0.270141988992691;180
100..300;7;142563940;T;C;0.6114649772644043;185
100..300;7;142564042;T;C;0.3392859995365143;200
100..300;7;142581165;G;C;0.2181819975376129;155
100..300;7;142588240;A;G;0.2887319922447204;125
100..300;7;142593062;T;C;0.1494850069284439;150
100..300;7;142615809;G;C;0.4206900000572204;125
100..300;7;142619093;T;C;0.5694440007209778;155
100..300;7;142627134;T;A;0.5935479998588562;170
100..300;7;142863715;G;T;0.3316830098628998;185
100..300;7;143388917;T;C;0.23853200674057;175
100..300;7;143391438;T;C;0.1374049931764602;100
100..300;7;144647371;T;C;0.3096770048141479;140
100..300;7;144667736;T;C;0.3369570076465606;160
100..300;7;144667784;CT;C;0.3195019960403442;205
100..300;7;144667825;T;G;0.3405170142650604;205
100..300;7;147486051;G;A;0.2769230008125305;115
100..300;7;148229642;G;A;0.2827590107917785;125
100..300;7;148614023;GT;G;0.2403099983930587;120
100..300;7;148783898;T;C;0.2070180028676986;230
100..300;7;148790303;C;T;0.2708329856395721;120
100..300;7;149239787;T;G;0.2616280019283294;130
100..300;7;149282232;T;C;0.2107280045747757;200
100..300;7;149455966;C;G;0.2239259928464889;280
100..300;7;149723729;CT;C;0.1238100007176399;165
100..300;7;149788469;T;C;0.1351349949836731;155
100..300;7;149812331;T;C;0.2601160109043121;150
100..300;7;149814814;T;C;0.2666670083999634;185
100..300;7;149815989;C;G;0.1822430044412613;170
100..300;7;149819701;A;G;0.3382349908351898;135
100..300;7;149820889;T;G;0.235954999923706;160
100..300;7;149821680;G;T;0.1848739981651306;195
100..300;7;149826495;T;C;0.27149298787117;180
100..300;7;149827824;A;G;0.2297299951314926;125
100..300;7;150692505;C;T;0.2364860028028488;255
100..300;7;150692768;G;A;0.2786259949207306;230
100..300;7;150742412;T;C;0.1976740062236786;295
100..300;7;150742955;T;C;0.2473870068788528;235
100..300;7;150747145;C;T;0.248321995139122;120
100..300;7;150858914;C;T;0.1923079937696457;200
100..300;7;150947340;A;C;0.2716050148010254;140
100..300;7;151023221;T;G;0.1824319958686828;120
100..300;7;151055521;G;T;0.2944439947605133;160
100..300;7;151064227;A;G;0.1583579927682876;260
100..300;7;151066568;A;T;0.2032260000705719;260
100..300;7;151215664;T;G;0.1822430044412613;170
100..300;7;151215700;C;T;0.1612900048494339;145
100..300;7;151223805;A;G;0.2689079940319061;215
100..300;7;151235481;T;C;0.2514789998531341;280
100..300;7;151238344;C;G;0.198630005121231;240
100..300;7;151733623;A;G;0.2848840057849884;155
100..300;7;151987171;G;A;0.2091500014066696;125
100..300;7;152113391;G;A;0.1715690046548843;155
100..300;7;152176768;T;C;0.1931030005216598;240
100..300;7;152445959;A;G;0.1573430001735687;210
100..300;7;155070881;C;G;0.6666669845581055;105
100..300;7;155509086;G;A;0.2070309966802597;220
100..300;7;155737669;G;A;0.1865669935941696;110
100..300;7;155738260;C;T;0.2011660039424896;290
100..300;7;155738386;G;A;0.1777780055999755;195
100..300;7;155741959;G;C;0.2217189967632293;190
100..300;7;156675683;C;G;0.1666669994592666;160
100..300;7;156675684;A;C;0.1666669994592666;160
100..300;7;156676439;G;C;0.4784309864044189;260
100..300;7;156676485;T;C;0.5635589957237244;260
100..300;7;156676496;G;A;0.5617020130157471;260
100..300;7;156762136;C;T;0.1836729943752288;120
100..300;7;157181660;A;G;0.1592359989881515;120
100..300;7;158664766;G;A;0.2568809986114502;100
100..300;7;159034635;A;G;0.2361110001802444;175
100..300;8;492389;A;G;0.2272730022668838;150
100..300;8;715858;T;C;0.1435189992189407;160
100..300;8;1548622;G;A;0.1808509975671768;155
100..300;8;1869201;A;G;0.159509003162384;250
100..300;8;2100860;A;G;0.2171950042247772;175
100..300;8;2106405;C;G;0.2772279977798462;190
100..300;8;3214526;A;G;0.2131150066852569;160
100..300;8;3214585;C;G;0.2142859995365142;190
100..300;8;3219437;C;T;0.5229359865188599;125
100..300;8;3493625;A;G;0.1988299936056137;135
100..300;8;3493673;A;C;0.205263003706932;150
100..300;8;3632234;C;G;0.2568309903144836;150
100..300;8;6513782;G;A;0.1898149996995926;165
100..300;8;6521263;A;C;0.2628569900989532;150
100..300;8;6823734;C;A;0.5811970233917236;130
100..300;8;6936877;A;G;0.2526879906654358;165
100..300;8;6936878;G;C;0.2526879906654358;165
100..300;8;8378000;C;G;0.1983119994401931;205
100..300;8;8702641;A;G;0.172093003988266;160
100..300;8;8892219;C;G;0.1858409941196441;190
100..300;8;9011689;G;T;0.2517989873886108;120
100..300;8;10482989;T;TC;0.5595239996910095;175
100..300;8;10532942;T;C;0.645455002784729;235
100..300;8;10613063;T;C;0.2765150070190429;245
100..300;8;11549084;C;T;0.527472972869873;185
100..300;8;11757066;G;A;0.6176469922065735;265
100..300;8;12728755;C;A;0.8139529824256897;155
100..300;8;12743211;A;T;0.721153974533081;110
100..300;8;13021334;A;C;0.2702699899673462;195
100..300;8;13031234;G;A;0.2317460030317306;260
100..300;8;13092806;T;G;0.2189349979162216;145
100..300;8;13094784;T;C;0.1470589935779571;135
100..300;8;17538871;A;G;0.5984249711036682;130
100..300;8;17538906;C;G;0.5683450102806091;135
100..300;8;17562030;A;G;0.1535090059041977;175
100..300;8;17642610;T;C;0.1988299936056137;145
100..300;8;17642714;C;T;0.2906570136547088;250
100..300;8;17645922;C;G;0.2349729984998703;150
100..300;8;17655905;A;G;0.1491940021514892;190
100..300;8;17684490;C;T;0.2307689934968948;190
100..300;8;17723664;T;C;0.2179490029811859;130
100..300;8;18061477;G;A;0.2061070054769516;105
100..300;8;18069818;C;T;0.1985290050506591;105
100..300;8;18073263;T;C;0.1656440049409866;125
100..300;8;18400344;C;T;0.2617189884185791;230
100..300;8;18400484;T;C;0.2511009871959686;205
100..300;8;18871818;A;C;0.2276789993047714;190
100..300;8;19059480;C;A;0.6915889978408813;115
100..300;8;19319592;G;A;0.1988950073719024;150
100..300;8;20179316;G;C;0.2460729926824569;165
100..300;8;21990344;C;G;0.2312140017747879;140
100..300;8;22247989;C;T;0.1890549957752227;170
100..300;8;22287558;T;C;0.1500000059604644;135
100..300;8;22566731;C;T;0.2043800055980682;225
100..300;8;22571195;G;A;0.1836729943752288;195
100..300;8;22571238;G;C;0.1840489953756332;140
100..300;8;22669046;A;G;0.1556600034236908;155
100..300;8;22713394;G;GT;0.1593630015850067;200
100..300;8;22713422;C;T;0.2028470039367675;230
100..300;8;22713505;G;A;0.1957450062036514;185
100..300;8;22727205;C;T;0.2147890031337738;230
100..300;8;23103360;C;G;0.1823199987411499;140
100..300;8;23144577;T;C;0.1527269929647445;200
100..300;8;23201811;G;C;0.2549020051956177;170
100..300;8;23202743;C;T;0.2289720028638839;175
100..300;8;23288582;G;A;0.1766919940710067;220
100..300;8;23291465;T;G;0.1879699975252151;210
100..300;8;23341219;A;C;0.2229730039834976;130
100..300;8;23368046;A;G;0.2076500058174133;160
100..300;8;23434322;C;T;0.2462310045957565;165
100..300;8;23806140;A;C;0.25;150
100..300;8;24952123;G;C;0.8048779964447021;100
100..300;8;24956691;T;G;0.6381580233573914;185
100..300;8;24956889;C;T;0.6583330035209656;145
100..300;8;25302369;A;G;0.1775700002908706;165
100..300;8;25364649;G;A;0.2222220003604889;105
100..300;8;25372652;T;C;0.1861699968576431;135
100..300;8;25400926;T;C;0.1969700008630752;110
100..300;8;25423284;G;C;0.3121689856052398;160
100..300;8;25436342;T;C;0.2795029878616333;135
100..300;8;25460308;T;A;0.2704629898071289;230
100..300;8;26379462;T;C;0.2558139860630035;120
100..300;8;26508200;T;C;0.2080540060997009;265
100..300;8;26770511;G;A;0.2297870069742202;205
100..300;8;26779389;A;T;0.2362869977951049;195
100..300;8;26779401;C;T;0.2396309971809387;175
100..300;8;26779408;C;T;0.2460729926824569;160
100..300;8;26859125;C;T;0.3032259941101074;135
100..300;8;27236882;T;C;0.1875;125
100..300;8;27397611;C;T;0.2642489969730377;160
100..300;8;27397629;A;G;0.2602739930152893;180
100..300;8;27397746;G;A;0.345550000667572;165
100..300;8;27451068;C;A;0.2307689934968948;155
100..300;8;27467305;C;T;0.2107619941234588;165
100..300;8;27469321;A;AGG;0.2023350000381469;210
100..300;8;27500988;G;A;0.2247709929943084;170
100..300;8;27516406;C;T;0.4971430003643036;165
100..300;8;27536849;T;C;0.1867469996213913;130
100..300;8;27538691;A;G;0.1700000017881393;155
100..300;8;27904718;C;T;0.3169640004634857;205
100..300;8;27909654;A;G;0.3112579882144928;130
100..300;8;28041063;C;T;0.2162159979343414;150
100..300;8;30237431;G;A;0.2573530077934265;115
100..300;8;30237736;C;G;0.2356690019369125;145
100..300;8;30240679;T;C;0.2797200083732605;125
100..300;8;30843082;C;T;1.11627995967865;130
100..300;8;31064419;A;G;0.706421971321106;135
100..300;8;31220751;T;G;0.2554349899291992;170
100..300;8;32738425;TAC;T;11.5556001663208;130
100..300;8;33499309;A;T;0.2653059959411621;165
100..300;8;33499311;A;T;0.2653059959411621;170
100..300;8;37095400;G;A;0.305418998003006;185
100..300;8;38238144;T;C;0.2785390019416809;185
100..300;8;38415024;G;C;0.2105260044336319;165
100..300;8;38415064;A;C;0.1685390025377273;150
100..300;8;38424140;A;G;0.2090400010347366;155
100..300;8;38425145;C;CT;0.208633005619049;145
100..300;8;38425690;A;C;0.2298139929771423;135
100..300;8;38426493;T;C;0.2758620083332062;190
100..300;8;38429293;G;C;0.1550800055265426;150
100..300;8;38430037;T;C;0.2121209949254989;220
100..300;8;38431048;G;C;0.2441859990358352;150
100..300;8;38434629;C;A;0.3037970066070556;145
100..300;8;38435945;A;G;0.219100996851921;145
100..300;8;38435959;C;T;0.2045450061559677;145
100..300;8;38441129;T;C;0.2960529923439026;145
100..300;8;38441901;A;G;0.3062500059604645;155
100..300;8;38442106;C;T;0.3006129860877991;145
100..300;8;38442197;C;G;0.2279410064220428;120
100..300;8;38442362;GGTGTGTGT;G;0.2727270126342773;100
100..300;8;38453392;G;T;0.1896550059318542;150
100..300;8;38467098;A;G;0.1984439939260482;195
100..300;8;38467613;A;G;0.1645569950342178;125
100..300;8;40013616;T;C;0.2542369961738586;150
100..300;8;40015534;A;G;0.1881719976663589;150
100..300;8;41661785;A;G;0.2364860028028488;130
100..300;8;41668396;T;C;0.5685480237007141;260
100..300;8;41690230;A;G;0.2648400068283081;180
100..300;8;41690485;C;T;0.1851850003004074;160
100..300;8;41725776;T;C;0.1309089958667755;205
100..300;8;42316862;A;G;0.1926909983158111;230
100..300;8;42401781;G;A;0.3162389993667602;110
100..300;8;47939665;T;C;0.234375;100
100..300;8;52142923;T;C;0.2484080046415329;130
100..300;8;54522901;G;C;0.2727270126342773;135
100..300;8;54626835;T;A;0.6960780024528503;120
100..300;8;54629980;A;G;0.5909090042114258;125
100..300;8;55449662;T;A;0.2539680004119873;225
100..300;8;55450876;T;C;0.2020200043916702;175
100..300;8;55452088;A;G;0.3414629995822906;160
100..300;8;55453888;G;A;0.1865669935941696;115
100..300;8;56073255;C;T;0.2654320001602173;135
100..300;8;56102193;A;G;0.2469139993190765;130
100..300;8;56113670;A;C;0.143885001540184;135
100..300;8;56166374;T;G;0.3688519895076751;115
100..300;8;58496934;A;G;0.2489800006151199;225
100..300;8;60938530;T;C;0.2097380012273788;235
100..300;8;60938907;C;T;0.2028989940881729;165
100..300;8;61576775;T;C;0.2634730041027069;130
100..300;8;63409165;T;C;0.3473049998283386;155
100..300;8;65378067;C;T;0.2169120013713836;230
100..300;8;65779776;T;C;0.2088609933853149;120
100..300;8;67422547;A;G;0.1981569975614547;175
100..300;8;69832577;A;G;0.2076119929552078;240
100..300;8;69987450;T;G;0.1990520060062408;170
100..300;8;69987529;A;G;0.2472530007362365;155
100..300;8;70734040;T;A;0.2765960097312927;125
100..300;8;72069083;A;G;0.2559059858322143;210
100..300;8;72071806;G;C;0.3717949986457824;145
100..300;8;72075403;A;G;0.2181819975376129;175
100..300;8;72937968;A;G;0.2377050071954727;205
100..300;8;73422712;A;AAAAC;0.2318840026855468;130
100..300;8;79571320;C;T;0.2816900014877319;130
100..300;8;80064579;A;C;0.2445649951696396;150
100..300;8;80558952;T;C;0.1984439939260482;140
100..300;8;81444877;C;T;0.3287670016288757;130
100..300;8;86048614;C;T;0.2101169973611831;210
100..300;8;86575970;C;T;0.2966099977493286;220
100..300;8;86576020;C;T;0.2678569853305816;200
100..300;8;86657515;A;G;0.1692309975624084;150
100..300;8;86659053;G;C;0.1733870059251785;195
100..300;8;86739642;C;A;0.1755730062723159;100
100..300;8;94146031;A;G;0.2521010041236877;200
100..300;8;94174086;A;G;0.2482759952545166;135
100..300;8;94176688;A;G;0.4242419898509979;100
100..300;8;94643368;C;T;0.2941179871559143;165
100..300;8;94668001;T;C;0.5704699754714966;165
100..300;8;96331098;A;ATCTTGT;0.1940300017595291;125
100..300;8;97691089;G;A;0.1759659945964813;175
100..300;8;97865331;A;T;0.3108809888362884;180
100..300;8;97865337;A;T;0.3282830119132995;185
100..300;8;97931317;G;A;0.2046329975128173;220
100..300;8;97994508;T;C;0.1512199938297271;155
100..300;8;97994520;T;C;0.1495330035686493;160
100..300;8;98102916;G;A;0.2720589935779571;120
100..300;8;98883712;A;G;0.2076119929552078;230
100..300;8;99832530;C;T;0.2863849997520447;175
100..300;8;100140796;A;G;0.5616440176963806;170
100..300;8;100240956;A;G;0.6896550059318542;130
100..300;8;101689366;A;G;0.1728399991989135;270
100..300;8;101872131;C;T;0.2899410128593445;150
100..300;8;104223730;A;G;0.1855670064687729;150
100..300;8;105802428;C;G;0.3103449940681457;220
100..300;8;106770107;A;G;0.2595739960670471;215
100..300;8;106770167;A;G;0.2738099992275238;155
100..300;8;107958139;G;A;0.2232560068368911;175
100..300;8;109400290;A;G;0.4507040083408355;140
100..300;8;109425155;G;A;0.3206520080566406;165
100..300;8;109436406;G;A;0.1775150001049041;130
100..300;8;109443092;A;C;0.2214770019054412;125
100..300;8;109444782;G;A;0.2731280028820038;190
100..300;8;109448259;T;G;0.2352939993143081;235
100..300;8;109452831;C;G;0.275640994310379;130
100..300;8;109464764;G;A;0.2621360123157501;190
100..300;8;109464837;T;C;0.3235290050506592;195
100..300;8;109477391;T;A;0.2962960004806518;115
100..300;8;109479611;G;C;0.2962960004806518;140
100..300;8;112265476;A;T;0.3648650050163269;130
100..300;8;116771675;C;A;0.1788620054721832;190
100..300;8;116771736;T;C;0.1681820005178451;180
100..300;8;118379627;A;G;0.1714289933443069;165
100..300;8;119416784;A;G;0.1860470026731491;110
100..300;8;119557637;G;T;0.3333329856395721;135
100..300;8;119982146;A;G;0.1803279966115951;100
100..300;8;122953919;C;G;0.1891030073165893;255
100..300;8;123126651;A;G;0.2061859965324401;155
100..300;8;123128394;C;T;0.2427980005741119;195
100..300;8;123688953;G;C;0.156028002500534;105
100..300;8;124023548;C;G;0.1802580058574676;175
100..300;8;124049654;A;G;0.581080973148346;235
100..300;8;124451009;C;T;0.1394229978322982;165
100..300;8;124486306;T;C;0.315216988325119;170
100..300;8;124487122;A;G;0.2659569978713989;175
100..300;8;124504361;C;G;0.2568309903144836;150
100..300;8;124515894;A;G;0.2360250055789947;135
100..300;8;124567732;T;C;0.5132279992103577;195
100..300;8;124567749;T;C;0.5343919992446899;200
100..300;8;125433302;A;C;0.2091500014066696;130
100..300;8;127735707;T;G;0.2339179962873459;155
100..300;8;128187320;A;G;0.3269230127334595;135
100..300;8;129728957;C;G;0.2401960045099258;170
100..300;8;131970577;G;A;0.7426469922065735;155
100..300;8;132095758;G;A;0.2784810066223144;135
100..300;8;132098934;A;G;0.179309993982315;110
100..300;8;132969515;C;T;0.2210530042648315;150
100..300;8;133047816;C;T;0.2764230072498321;105
100..300;8;133220781;A;G;0.1698720008134842;250
100..300;8;133464770;C;G;0.1973679959774017;130
100..300;8;133475764;A;G;0.2775329947471618;190
100..300;8;134509727;A;G;0.2331289947032928;130
100..300;8;138594184;T;A;0.2000000029802322;110
100..300;8;138619446;T;C;0.1928250044584274;180
100..300;8;138630731;C;T;1.0434800386428833;165
100..300;8;138679683;A;G;0.2574850022792816;140
100..300;8;138826728;T;C;0.3333329856395721;165
100..300;8;139618747;G;A;0.5121949911117554;255
100..300;8;140523729;T;C;0.1861699968576431;150
100..300;8;140879490;A;G;0.2370689958333969;185
100..300;8;141136609;C;T;0.561905026435852;230
100..300;8;141160785;T;C;0.5106379985809326;140
100..300;8;141166408;C;T;0.6886789798736572;130
100..300;8;141447939;T;C;0.2236019968986511;135
100..300;8;142345817;G;C;0.1638419926166534;260
100..300;8;142354673;G;A;0.2346149981021881;215
100..300;8;142481726;G;C;0.1785710006952285;140
100..300;8;142587893;G;A;0.2216490060091018;155
100..300;8;142661023;C;T;0.2602739930152893;135
100..300;8;142682072;C;T;0.1912350058555603;210
100..300;8;142682129;A;C;0.2090400010347366;150
100..300;8;142874500;G;C;0.2074300050735473;280
100..300;8;142912850;G;A;0.1544940024614334;250
100..300;8;142914327;T;C;0.2240799963474273;240
100..300;8;143249912;C;T;0.6432160139083862;220
100..300;8;143562235;A;G;0.2291669994592666;285
100..300;8;143570223;CCCCTCCTCA;C;0.1666669994592666;230
100..300;8;143606976;T;C;0.1743769943714141;220
100..300;8;143707803;A;C;0.180768996477127;190
100..300;8;143719133;A;G;0.2430559992790222;230
100..300;8;143719423;A;C;0.2417220026254654;240
100..300;8;143720565;C;A;0.2526879906654358;165
100..300;8;143720566;C;G;0.2526879906654358;165
100..300;8;143722129;C;T;0.2110390067100525;260
100..300;8;143729108;A;G;0.1838240027427673;230
100..300;8;143741778;T;A;0.2666670083999634;190
100..300;8;143742309;C;G;0.2476190030574798;185
100..300;8;143743102;G;A;0.1641789972782135;170
100..300;8;143743120;C;T;0.1658769994974136;175
100..300;8;143744352;G;A;0.2421050071716308;160
100..300;8;143745035;CTT;C;0.2132699936628341;185
100..300;8;143745107;T;C;0.1989250034093856;160
100..300;8;143745309;G;A;0.226743996143341;140
100..300;8;143790241;G;C;0.112245000898838;155
100..300;8;143804639;T;C;0.2393939942121505;285
100..300;8;143927099;A;G;0.1376810073852539;115
100..300;8;144099354;G;C;0.1759530007839203;265
100..300;8;144108718;G;A;0.211678996682167;100
100..300;8;144263216;T;C;0.2469509989023208;280
100..300;8;144263768;AGGC;A;0.241007000207901;265
100..300;8;144318103;T;G;0.1388889998197555;165
100..300;8;144318358;A;G;0.2409639954566955;135
100..300;8;144354636;A;G;0.2363640069961547;130
100..300;8;144379425;A;C;0.1809950023889541;170
100..300;8;144393647;C;G;0.1599999964237213;160
100..300;8;144396341;A;G;0.2376240044832229;170
100..300;8;144397883;T;C;0.1861699968576431;170
100..300;8;144414342;C;T;0.5589519739151001;235
100..300;8;144415027;A;G;0.1837610006332397;190
100..300;8;144468517;T;G;0.3181819915771484;140
100..300;8;144547957;T;TCTG;0.1963189989328384;140
100..300;8;144774231;C;CTTT;0.265625;130
100..300;8;144804257;T;C;0.2553189992904663;110
100..300;9;312124;C;T;0.2009799927473068;165
100..300;9;370244;G;A;0.2441859990358352;145
100..300;9;377111;C;G;0.3452380001544952;150
100..300;9;390512;T;C;0.5182480216026306;130
100..300;9;396835;C;T;0.2081779986619949;215
100..300;9;730054;G;A;0.2661870121955871;125
100..300;9;738434;T;C;0.147826001048088;175
100..300;9;740901;T;C;0.2274879962205886;180
100..300;9;841825;T;C;0.1500000059604644;105
100..300;9;990840;T;C;0.177606001496315;210
100..300;9;1056398;G;C;0.2210880070924759;250
100..300;9;1056732;A;G;0.2092200070619583;245
100..300;9;1056959;C;G;0.2035399973392486;195
100..300;9;2029199;A;G;0.387499988079071;145
100..300;9;2876417;G;C;0.7163119912147522;165
100..300;9;4117933;G;C;0.2134149968624115;275
100..300;9;4574022;C;A;0.5483869910240173;100
100..300;9;4576680;C;T;0.2218180000782013;220
100..300;9;4576774;A;G;0.1904760003089904;120
100..300;9;4663252;C;A;0.25136598944664;165
100..300;9;5921881;A;G;0.2905659973621368;240
100..300;9;6012734;C;A;0.82014399766922;180
100..300;9;6639196;C;A;0.2364339977502823;225
100..300;9;6639239;T;C;0.1903319954872131;280
100..300;9;6639496;T;A;0.2051279991865158;175
100..300;9;6748784;A;C;0.4678359925746918;120
100..300;9;6986464;C;G;0.2270530015230178;180
100..300;9;7103816;T;C;0.6449699997901917;180
100..300;9;14116328;G;C;0.293749988079071;145
100..300;9;14720359;T;C;0.2705880105495453;145
100..300;9;14722479;C;G;0.2425370067358017;230
100..300;9;14722618;A;G;0.1968089938163757;155
100..300;9;14747414;G;A;0.2397260069847107;120
100..300;9;14770660;T;G;0.2557080090045929;185
100..300;9;14775861;A;G;0.7762240171432495;175
100..300;9;14776142;T;C;0.2145020067691803;265
100..300;9;14801689;C;T;0.2237440049648285;175
100..300;9;14816831;C;G;0.2478259950876236;180
100..300;9;14824801;A;G;0.1521739959716797;110
100..300;9;14859298;A;G;0.1469530016183853;225
100..300;9;14859358;C;T;0.2000000029802322;200
100..300;9;15055132;T;G;0.3063060045242309;195
100..300;9;15055923;G;C;0.2007720023393631;220
100..300;9;15185322;A;G;0.2255640029907226;100
100..300;9;15479637;C;T;0.2774190008640289;130
100..300;9;15784633;G;A;0.3244439959526062;195
100..300;9;16206762;G;T;0.1987950056791305;130
100..300;9;18775812;A;C;0.7068060040473938;210
100..300;9;18777198;C;A;0.5240169763565063;245
100..300;9;18777370;C;T;0.6037740111351013;185
100..300;9;18777424;A;G;0.765516996383667;185
100..300;9;18928041;G;A;0.1948049962520599;130
100..300;9;18995152;A;C;0.8205130100250244;150
100..300;9;19076675;C;G;0.5266669988632202;140
100..300;9;19379369;A;G;0.2063490003347396;155
100..300;9;20776744;C;A;0.3081080019474029;160
100..300;9;20944630;A;G;0.2430559992790222;115
100..300;9;21077717;A;G;0.8934429883956909;165
100..300;9;21481557;G;T;0.2133329957723617;190
100..300;9;21816759;A;G;0.3144649863243103;145
100..300;9;24545515;A;G;0.8227850198745728;200
100..300;9;25677935;C;T;0.128491997718811;125
100..300;9;26978172;G;A;0.4661020040512085;110
100..300;9;27205023;A;G;0.2950820028781891;155
100..300;9;27455137;A;G;0.2275860011577606;125
100..300;9;32425912;G;A;0.3121950030326843;180
100..300;9;32459452;G;T;0.2875820100307464;125
100..300;9;32480253;T;A;0.3423910140991211;165
100..300;9;32500834;T;C;0.2643170058727264;190
100..300;9;32551711;G;A;0.1822219938039779;190
100..300;9;33463453;G;GAGA;0.1382980048656463;155
100..300;9;33469193;T;C;0.2578119933605194;230
100..300;9;33566372;G;A;0.1794870048761367;100
100..300;9;33568689;A;T;0.2899410128593445;145
100..300;9;33568791;G;T;0.3333329856395721;140
100..300;9;33613837;G;A;0.3480660021305084;150
100..300;9;33613905;G;A;0.2411070019006729;175
100..300;9;33613915;G;T;;170
100..300;9;33613917;G;A;;170
100..300;9;33613922;A;C;0.2196969985961914;175
100..300;9;33618360;G;A;0.1847829967737198;225
100..300;9;33618462;T;A;0.1882849931716919;185
100..300;9;33618499;A;G;0.181318998336792;140
100..300;9;33675631;C;A;0.3290039896965027;210
100..300;9;33676096;G;C;0.2427539974451065;230
100..300;9;34107506;T;C;0.1435189992189407;165
100..300;9;34318742;C;G;0.1868129968643188;215
100..300;9;34723747;A;C;0.1898149996995926;185
100..300;9;34724244;A;C;0.1619320064783096;275
100..300;9;34725050;T;C;0.2967030107975006;195
100..300;9;34835276;C;A;0.1089920029044151;235
100..300;9;35107768;A;C;0.5955880284309387;155
100..300;9;35555461;A;G;0.2112679928541183;250
100..300;9;35618526;A;G;0.2843599915504455;195
100..300;9;35713184;T;C;0.189189001917839;155
100..300;9;35720798;T;C;0.2341769933700561;125
100..300;9;35749848;C;G;0.1659920066595077;190
100..300;9;35792426;C;T;0.1709399968385696;190
100..300;9;35807404;A;AGCTGGGGCC;0.2377620041370391;135
100..300;9;35826041;C;T;0.233037993311882;285
100..300;9;35826061;C;T;0.2401220053434372;275
100..300;9;35910791;A;T;0.2701750099658966;250
100..300;9;36002939;G;C;0.1593630015850067;195
100..300;9;36013202;A;G;0.6771649718284607;145
100..300;9;36021855;G;A;0.5945950150489807;110
100..300;9;36928299;A;C;0.1875;120
100..300;9;37441316;G;A;0.2931030094623565;165
100..300;9;37489381;T;C;0.2857140004634857;140
100..300;9;37637220;T;A;0.232364997267723;210
100..300;9;37735683;A;G;0.2243900001049041;160
100..300;9;37782114;T;C;0.2518520057201385;115
100..300;9;37888104;T;C;0.1855069994926452;270
100..300;9;37948727;C;T;0.2083330005407333;185
100..300;9;37974746;C;T;0.4716309905052185;280
100..300;9;38615701;T;C;0.270700991153717;240
100..300;9;69151677;A;C;0.2539680004119873;105
100..300;9;69248059;T;C;0.1501979976892471;205
100..300;9;69248071;A;G;0.1455219984054565;210
100..300;9;69387995;TGTTATA;T;0.1731840074062347;140
100..300;9;69432683;A;G;0.2246380001306533;225
100..300;9;70535957;G;T;0.2222220003604889;140
100..300;9;70536002;T;C;0.2107439935207367;190
100..300;9;71745180;T;C;0.2532750070095062;200
100..300;9;71745293;C;G;0.2557249963283539;235
100..300;9;72223107;C;T;0.6346150040626526;110
100..300;9;72541141;T;C;0.2432429939508438;150
100..300;9;73475764;G;T;0.177165001630783;200
100..300;9;74800368;C;A;0.9148939847946168;175
100..300;9;74802056;T;C;0.3175179958343506;235
100..300;9;74821725;A;G;0.705357015132904;125
100..300;9;74827700;T;C;0.4477609992027282;140
100..300;9;75069774;C;A;0.3269230127334595;105
100..300;9;75137594;T;C;0.2678569853305816;140
100..300;9;75891229;A;G;0.238317996263504;160
100..300;9;75891271;C;T;0.2692309916019439;185
100..300;9;76354143;A;C;0.2790699899196625;220
100..300;9;76358515;A;G;0.25;130
100..300;9;76616401;C;T;0.1666669994592666;115
100..300;9;76692003;A;G;0.684211015701294;115
100..300;9;76704005;G;A;0.808139979839325;215
100..300;9;76706955;T;C;0.7604789733886719;210
100..300;9;76707152;T;G;0.8267719745635986;165
100..300;9;76709219;ATGACTGTTGCAG;A;0.4611650109291076;235
100..300;9;76709263;A;G;0.7703350186347961;260
100..300;9;76709825;C;T;0.5833330154418945;230
100..300;9;76710642;C;G;0.8155339956283569;255
100..300;9;77315426;G;C;0.4468089938163757;140
100..300;9;77339629;C;T;0.6496350169181824;155
100..300;9;77369316;C;T;0.7192980051040649;120
100..300;9;78178337;A;G;0.2863439917564392;200
100..300;9;78178340;A;C;0.1943320035934448;200
100..300;9;78179338;C;G;0.2270919978618621;215
100..300;9;81585614;C;T;0.1805559992790222;225
100..300;9;81917782;G;T;0.2279410064220428;235
100..300;9;81994247;C;G;0.2599279880523681;255
100..300;9;83012493;A;G;0.1818179935216903;115
100..300;9;84676160;C;T;0.3455879986286163;125
100..300;9;84677413;T;C;0.2374099940061569;125
100..300;9;84678111;G;A;0.2909089922904968;100
100..300;9;84678866;A;T;0.3203119933605194;120
100..300;9;84679559;A;G;0.2093019932508468;145
100..300;9;84680237;A;G;0.2905409932136535;145
100..300;9;84682066;T;C;0.2773720026016235;125
100..300;9;84682279;T;C;0.1782950013875961;110
100..300;9;84682446;A;G;0.2617450058460235;130
100..300;9;84688251;C;G;0.2424239963293075;145
100..300;9;84688441;G;C;0.2397959977388382;165
100..300;9;84689350;T;A;0.3081760108470917;150
100..300;9;84697596;T;C;0.2696079909801483;180
100..300;9;85167296;C;T;0.3404259979724884;125
100..300;9;86079264;T;G;0.2459020018577575;150
100..300;9;87084278;G;C;0.1799159944057464;190
100..300;9;87084875;C;G;0.2378049939870834;150
100..300;9;87728590;A;G;0.168950006365776;180
100..300;9;87885490;C;A;0.5829960107803345;270
100..300;9;87886533;A;C;0.5310999751091003;230
100..300;9;87887543;A;T;0.4553569853305816;225
100..300;9;87887904;C;T;0.7399100065231323;270
100..300;9;87888092;G;A;0.577688992023468;280
100..300;9;87888536;A;G;0.4919350147247314;260
100..300;9;88325143;A;G;0.1737090051174163;170
100..300;9;89038062;A;G;0.1917289942502975;215
100..300;9;89339933;G;C;0.2595419883728027;110
100..300;9;89388764;T;C;0.5550000071525574;210
100..300;9;89450455;C;T;0.480446994304657;195
100..300;9;90751960;A;G;0.2606059908866882;140
100..300;9;90887733;A;T;0.2800000011920929;135
100..300;9;92172327;G;C;0.2980130016803741;135
100..300;9;92172343;T;C;0.3076919913291931;130
100..300;9;92173160;T;C;0.1602559983730316;120
100..300;9;92305764;T;C;0.2528089880943298;140
100..300;9;92474742;CTCA;C;15.5;155
100..300;9;92517703;A;C;0.3173080086708069;185
100..300;9;92522700;G;T;0.5872089862823486;185
100..300;9;92613166;A;G;0.2093019932508468;110
100..300;9;92658701;G;A;0.2287580072879791;120
100..300;9;92836800;T;C;0.2064519971609115;135
100..300;9;92837543;A;G;0.201893001794815;270
100..300;9;92837566;T;C;0.2119210064411163;260
100..300;9;94288238;C;G;0.1594199985265731;185
100..300;9;94288388;A;G;0.2091840058565139;165
100..300;9;94293045;A;G;0.2639409899711609;230
100..300;9;94301346;C;G;0.3301439881324768;200
100..300;9;94459181;A;G;0.204254999756813;195
100..300;9;94931697;G;C;0.3108110129833221;125
100..300;9;97068444;G;C;0.4811320006847381;110
100..300;9;97428498;G;A;0.7014930248260498;150
100..300;9;97432124;C;T;0.7222219705581665;150
100..300;9;97625837;T;G;0.3609020113945007;120
100..300;9;97922437;C;A;0.3070540130138397;200
100..300;9;97922475;G;A;0.2716540098190307;210
100..300;9;97927411;G;A;0.2483659982681274;120
100..300;9;98060802;C;T;0.1530610024929046;160
100..300;9;98060853;C;G;0.1479099988937378;235
100..300;9;98092483;G;C;0.2208590060472488;135
100..300;9;98229148;A;C;0.2366410046815872;120
100..300;9;98293840;C;T;0.2838979959487915;200
100..300;9;98299357;G;C;0.1666669994592666;140
100..300;9;98306298;A;G;0.2620089948177337;200
100..300;9;98496521;A;G;0.5384619832038879;145
100..300;9;98578034;C;T;0.2287819981575012;225
100..300;9;99015983;T;G;0.2129279971122741;215
100..300;9;99035048;T;C;0.3086419999599457;210
100..300;9;99222654;G;C;0.1904760003089904;170
100..300;9;99306630;T;C;0.919539988040924;125
100..300;9;99833403;T;C;0.8370370268821716;160
100..300;9;100292669;C;T;0.2175440043210983;245
100..300;9;100585926;T;A;0.2093019932508468;225
100..300;9;101371346;T;C;0.279244989156723;230
100..300;9;101476448;A;T;0.2342340052127838;200
100..300;9;101562263;A;G;0.2838709950447082;135
100..300;9;101623429;T;C;0.3932580053806305;100
100..300;9;101686816;T;C;0.236966997385025;180
100..300;9;104856017;A;G;0.2970300018787384;190
100..300;9;104858586;T;C;0.1784390062093734;210
100..300;9;104861748;T;C;0.1679690033197403;200
100..300;9;106925122;G;A;0.260699987411499;230
100..300;9;106927471;T;C;0.2735039889812469;210
100..300;9;106927578;C;T;0.2720310091972351;240
100..300;9;106929395;G;A;0.2236019968986511;265
100..300;9;107010864;T;A;0.2439019978046417;165
100..300;9;107541527;T;TAA;0.3407410085201263;125
100..300;9;108123199;T;C;0.2988510131835937;150
100..300;9;108863349;G;C;0.239668995141983;205
100..300;9;109194319;A;G;0.2300889939069748;280
100..300;9;110404417;A;T;0.2700420022010803;200
100..300;9;110407350;C;T;0.25;200
100..300;9;110407351;A;G;0.25;200
100..300;9;110434453;C;A;0.2636820077896118;165
100..300;9;110445970;G;T;0.2670159935951233;160
100..300;9;110875574;A;G;0.2537310123443603;235
100..300;9;111328121;A;G;0.1828359961509704;220
100..300;9;111597344;A;C;0.6666669845581055;185
100..300;9;111609213;T;C;0.1700399965047836;210
100..300;9;111609310;A;G;0.2282609939575195;240
100..300;9;111609344;C;A;0.2398519963026046;225
100..300;9;111692264;C;T;0.7634410262107849;115
100..300;9;112041893;A;G;0.3523319959640503;175
100..300;9;112150337;C;A;0.1646340042352676;125
100..300;9;112998281;T;C;0.3071430027484894;130
100..300;9;113354346;A;C;0.4222219884395599;190
100..300;9;113360674;G;A;0.8409090042114258;165
100..300;9;113373918;T;C;0.1679099947214126;225
100..300;9;114002003;T;C;0.5496690273284912;150
100..300;9;114008496;T;C;0.5104169845581055;205
100..300;9;114008505;A;G;0.5473679900169373;205
100..300;9;114240237;T;C;0.6707320213317871;185
100..300;9;114270742;C;T;0.2531650066375732;190
100..300;9;114302125;G;C;0.2199999988079071;165
100..300;9;114403926;T;G;0.5914890170097351;260
100..300;9;114407961;C;G;0.659259021282196;145
100..300;9;114424432;T;C;0.570248007774353;260
100..300;9;115035318;C;T;0.2880429923534393;155
100..300;9;115042265;C;T;0.247525006532669;160
100..300;9;115084291;T;C;0.2918660044670105;190
100..300;9;116344602;A;C;0.6511629819869995;140
100..300;9;120798555;T;C;0.2071429938077926;120
100..300;9;120799578;A;C;0.1793889999389648;210
100..300;9;121006922;T;C;0.3060109913349151;150
100..300;9;121017727;A;G;0.318681001663208;155
100..300;9;121098411;T;C;0.2467530071735382;125
100..300;9;121123999;G;A;0.2446810007095337;155
100..300;9;121146233;G;A;0.2139039933681488;150
100..300;9;121479091;G;T;0.1798940002918243;155
100..300;9;121479325;C;G;0.1835439950227737;130
100..300;9;121989111;A;G;0.2136750072240829;100
100..300;9;122381513;A;C;0.2522520124912262;185
100..300;9;122381760;C;CA;0.2424239963293075;165
100..300;9;122477222;T;G;0.2612240016460418;220
100..300;9;122628962;A;G;0.2426040023565292;295
100..300;9;122629398;C;T;0.2776030004024505;285
100..300;9;122838747;T;A;0.1822430044412613;165
100..300;9;123035214;T;C;0.2111549973487854;210
100..300;9;123365932;C;T;0.1291670054197311;175
100..300;9;123365974;C;G;0.1521739959716797;195
100..300;9;123367625;T;C;0.2119210064411163;120
100..300;9;123368882;A;G;0.1788080036640167;120
100..300;9;123372263;A;G;0.4422439932823181;285
100..300;9;124021154;C;G;0.4606299996376037;250
100..300;9;124212525;G;C;0.208633005619049;110
100..300;9;124321446;T;C;0.2275449931621551;140
100..300;9;124414882;G;A;0.184906005859375;205
100..300;9;124467839;T;C;0.8032789826393127;140
100..300;9;124468612;A;G;0.5238100290298462;180
100..300;9;124469495;G;C;0.4908260107040405;215
100..300;9;124493169;A;G;0.7676060199737549;160
100..300;9;124995031;T;C;0.5801529884338379;130
100..300;9;125150878;T;C;0.5642859935760498;165
100..300;9;125207551;T;C;0.5322579741477966;130
100..300;9;125213375;T;C;0.4645670056343078;120
100..300;9;126662440;G;A;0.5909090042114258;140
100..300;9;126690950;G;A;0.2213740050792694;210
100..300;9;126693308;C;G;0.159183993935585;190
100..300;9;126707260;C;G;0.2879999876022339;105
100..300;9;126989960;T;C;0.4028779864311218;125
100..300;9;127174741;A;G;0.296970009803772;145
100..300;9;127712732;C;T;0.6113539934158325;245
100..300;9;127713163;C;A;0.6222220063209534;150
100..300;9;127715489;A;G;0.137036994099617;215
100..300;9;127723339;A;G;0.5120000243186951;140
100..300;9;127724105;T;C;0.2909089922904968;110
100..300;9;127724106;GC;G;0.2909089922904968;110
100..300;9;127727279;G;A;0.4931510090827942;230
100..300;9;127731234;G;A;0.4739579856395721;205
100..300;9;127733354;G;C;0.43231400847435;235
100..300;9;127741791;A;G;0.2328770011663437;180
100..300;9;127745109;C;G;0.168066993355751;190
100..300;9;127824409;A;G;0.1475410014390945;185
100..300;9;127843106;T;C;0.171875;200
100..300;9;128166354;T;C;0.1618040055036544;295
100..300;9;128176382;T;C;0.1776320040225982;115
100..300;9;128222476;T;C;0.6153849959373474;200
100..300;9;128533596;A;G;0.2264959961175918;200
100..300;9;128713304;C;G;0.2295079976320266;210
100..300;9;128753268;T;G;0.5487179756164551;200
100..300;9;129059206;A;G;0.2693729996681213;220
100..300;9;129084678;C;T;0.6069650053977966;205
100..300;9;129638201;A;G;0.2022790014743805;295
100..300;9;129814233;T;G;0.223021999001503;120
100..300;9;129829230;G;A;0.1975809931755066;205
100..300;9;129834742;T;C;0.190871000289917;185
100..300;9;129834783;C;A;0.2282609939575195;140
100..300;9;129875433;A;G;0.2625479996204376;220
100..300;9;129878447;G;T;0.2303030043840408;135
100..300;9;130286222;A;G;0.3475179970264435;125
100..300;9;130338375;G;A;0.162088006734848;285
100..300;9;130360514;A;C;0.1890549957752227;150
100..300;9;130360540;T;C;0.1840800046920776;150
100..300;9;130369761;T;C;0.1895159929990768;200
100..300;9;130430524;A;G;0.6477270126342773;200
100..300;9;130678606;T;C;0.1503760069608688;205
100..300;9;130885614;G;A;0.2484470009803772;140
100..300;9;130893782;A;G;0.1336030066013336;190
100..300;9;130904061;G;A;0.2682929933071136;140
100..300;9;130911838;G;A;0.2479999959468841;210
100..300;9;131026432;A;C;0.1815070062875747;240
100..300;9;131026433;G;C;0.1815070062875747;235
100..300;9;131038934;T;C;0.2197310030460357;180
100..300;9;131052701;C;T;0.2608700096607208;105
100..300;9;131075843;T;C;0.1757320016622543;185
100..300;9;131289981;C;G;0.1712329983711242;120
100..300;9;131446568;A;G;0.2460729926824569;170
100..300;9;131482721;G;A;0.2459020018577575;165
100..300;9;131512152;A;G;0.4205609858036041;100
100..300;9;131525948;A;C;;215
100..300;9;131525948;T;C;;215
100..300;9;132198490;T;C;0.1161829978227615;185
100..300;9;132226867;T;C;0.2336069941520691;195
100..300;9;132398131;T;C;0.2882879972457886;110
100..300;9;132401620;T;C;0.1818179935216903;225
100..300;9;132679179;A;G;0.1836729943752288;205
100..300;9;133162355;A;G;0.2457139939069748;135
100..300;9;133208223;T;C;0.2508139908313751;225
100..300;9;133475078;G;T;0.5324680209159851;165
100..300;9;133547174;T;C;0.1777780055999755;170
100..300;9;133734024;T;C;0.2310760021209716;205
100..300;9;133779957;C;G;0.1553030014038086;200
100..300;9;134026248;T;G;0.2205130010843277;165
100..300;9;134027401;T;C;0.1696970015764236;140
100..300;9;134027523;C;T;0.1889760047197342;105
100..300;9;134028745;A;C;0.1657750010490417;145
100..300;9;134031496;GA;G;0.2419349998235702;120
100..300;9;134880818;G;A;0.2027029991149902;120
100..300;9;134887180;T;C;0.2134830057621002;145
100..300;9;134909468;G;A;0.6106870174407959;290
100..300;9;134909570;C;T;0.7128710150718689;250
100..300;9;134909954;C;T;0.5425530076026917;200
100..300;9;134912514;G;A;0.5742570161819458;200
100..300;9;135547960;T;C;0.5372340083122253;200
100..300;9;135547963;C;T;0.5372340083122253;195
100..300;9;135548708;C;G;0.4666669964790344;230
100..300;9;135548716;T;C;0.4761900007724762;240
100..300;9;135549839;GC;G;0.2857140004634857;125
100..300;9;135549914;A;C;0.3775219917297363;200
100..300;9;135624083;T;G;0.2041880041360855;155
100..300;9;135624145;G;A;0.1884820014238357;160
100..300;9;135624282;T;C;0.2168139964342117;200
100..300;9;135624500;C;CA;0.1653849929571151;215
100..300;9;135765207;G;T;0.5608109831809998;150
100..300;9;135792138;G;A;0.1724140048027038;110
100..300;9;135811630;C;G;0.2068970054388046;130
100..300;9;135850231;G;C;0.2242420017719268;140
100..300;9;135945095;G;GCCT;0.4540539979934692;185
100..300;9;136291438;T;C;0.2397000044584274;225
100..300;9;136340958;T;C;0.2399999946355819;255
100..300;9;136377593;A;C;0.1906780004501342;185
100..300;9;136438951;A;C;0.1611720025539398;215
100..300;9;136502238;T;C;0.1881189942359924;100
100..300;9;136505847;A;C;0.2186229974031448;190
100..300;9;136513480;G;A;0.2091249972581863;210
100..300;9;136515725;C;T;0.1968500018119812;110
100..300;9;136517745;A;G;0.1627909988164901;175
100..300;9;136523808;G;A;0.1820729970932006;280
100..300;9;136723174;A;G;0.1918369978666305;215
100..300;9;136763898;T;C;0.2684819996356964;225
100..300;9;136838010;T;C;0.1832060068845749;100
100..300;9;136946144;A;G;0.1355929970741272;140
100..300;9;136969389;T;C;0.2222220003604889;130
100..300;9;136969457;T;C;0.1666669994592666;125
100..300;9;136969889;G;A;0.460783988237381;100
100..300;9;136969986;C;G;0.1528660058975219;120
100..300;9;136984718;A;G;0.1790390014648437;205
100..300;9;137020441;T;C;0.2334489971399307;235
100..300;9;137022427;T;C;0.160642996430397;195
100..300;9;137032730;A;G;0.2131150066852569;100
100..300;9;137156786;G;A;0.1329109966754913;125
100..300;9;137156924;A;G;0.1276600062847137;175
100..300;9;137188094;T;G;0.1666669994592666;255
100..300;9;137199451;A;G;0.2464790046215057;255
100..300;9;137252821;T;C;0.1919499933719635;260
100..300;9;137272145;A;G;0.1375840008258819;225
100..300;9;137349095;T;C;0.2782610058784485;100
100..300;9;137351340;T;C;0.1961719989776611;170
100..300;9;137426340;C;G;0.2173909991979599;105
100..300;9;137433625;T;C;0.2371789962053299;145
100..300;9;137463396;C;G;0.2620689868927002;125
100..300;9;137614623;C;A;0.1764709949493408;125
100..300;9;137971537;T;A;0.2343100011348724;200
100..300;9;137986862;C;A;0.2367150038480758;160
100..300;9;138017218;T;C;0.1754390001296997;125
100..300;9;138120899;G;A;0.1739130020141601;180
≥300;1;3022133;G;T;0.236842006444931;325
≥300;1;13416600;T;C;0.1619870066642761;.
≥300;1;18700745;G;A;0.2372879981994629;335
≥300;1;22600748;A;G;0.1735749989748001;305
≥300;1;24066110;A;G;0.25;335
≥300;1;26344159;TTCC;T;0.2299270033836364;300
≥300;1;45331833;G;C;0.1796880066394806;315
≥300;1;54225281;C;T;0.2113820016384124;315
≥300;1;152664367;T;A;0.2766990065574646;.
≥300;1;152709204;CAGCTCTGGGGGCTGCTGT;C;0.3412159979343414;305
≥300;1;152812694;A;G;0.1708430051803589;340
≥300;1;153032377;T;C;0.2347829937934875;300
≥300;1;161544752;C;A;0.1398600041866302;310
≥300;1;167126644;A;G;0.1666669994592666;335
≥300;1;171636247;C;T;0.239668995141983;310
≥300;1;175123571;T;C;0.2470020055770874;.
≥300;1;180196564;C;A;0.2492920011281967;305
≥300;1;223864490;C;G;0.6507940292358398;310
≥300;1;225517743;A;G;0.2124350070953369;310
≥300;1;228219559;A;G;0.2213110029697418;300
≥300;1;228224526;C;T;0.1924120038747787;315
≥300;1;228224527;A;G;0.1924120038747787;315
≥300;1;228224607;A;G;0.1475770026445388;340
≥300;1;228264315;C;G;0.2316260039806366;.
≥300;1;245685698;T;C;0.2182320058345794;320
≥300;1;245686142;T;C;0.2088450044393539;345
≥300;1;245687204;C;G;0.2025000005960464;.
≥300;1;245687211;G;C;0.2195120006799698;.
≥300;10;27246671;C;T;0.2358720004558563;340
≥300;10;27250160;T;C;0.2660549879074096;.
≥300;10;27251532;T;C;0.1782180070877075;325
≥300;10;44971756;C;T;0.209756001830101;330
≥300;10;77806874;A;G;0.1777189970016479;300
≥300;10;84214480;C;T;0.1704829931259155;320
≥300;10;95356462;T;C;0.2068970054388046;310
≥300;10;113165732;T;C;0.2687860131263733;300
≥300;10;122211015;C;T;0.2364670038223266;325
≥300;10;128108716;T;C;0.2086510062217712;325
≥300;10;130107832;T;C;0.1898020058870315;300
≥300;11;624674;T;C;0.2357950061559677;305
≥300;11;823809;G;C;0.1915369927883148;.
≥300;11;1241791;T;G;0.2035620063543319;315
≥300;11;1242546;T;C;0.2251520007848739;.
≥300;11;3414981;A;G;0.1867610067129135;345
≥300;11;6217909;G;A;0.2127660065889358;300
≥300;11;7928477;G;A;0.3081400096416473;315
≥300;11;18137908;C;T;0.2165450006723404;345
≥300;11;18173801;T;C;0.2383559942245483;325
≥300;11;58215112;C;T;0.2466119974851608;305
≥300;11;58215148;G;A;0.2244320064783096;310
≥300;11;62910834;T;G;0.2470930069684982;300
≥300;11;68262705;A;C;0.217630997300148;305
≥300;11;69296261;C;G;0.2067179977893829;310
≥300;11;69303648;T;C;0.2169310003519058;310
≥300;11;71435791;T;C;0.1930290013551712;305
≥300;11;71794762;T;C;0.2146459966897964;315
≥300;11;75587752;G;A;0.2471400052309036;.
≥300;11;113412755;G;A;0.2424239963293075;330
≥300;11;118898895;T;C;0.209548994898796;310
≥300;11;124038635;A;G;0.5666670203208923;315
≥300;12;8234282;T;C;0.4268290102481842;300
≥300;12;52434002;T;C;0.2289160043001175;.
≥300;12;52795912;G;C;0.2138890027999878;315
≥300;12;122133746;T;C;0.1940699964761734;315
≥300;12;122995487;A;G;0.1735749989748001;310
≥300;12;124402512;GGCT;G;2.678570032119751;.
≥300;12;132062617;A;G;0.2242310047149658;.
≥300;12;132606232;A;G;0.6042400002479553;300
≥300;13;19177089;C;T;0.1987580060958862;.
≥300;13;19177517;T;G;0.2150000035762787;310
≥300;13;19382653;G;A;0.220669999718666;305
≥300;13;49549513;A;G;0.5573769807815552;305
≥300;13;49549552;T;G;0.5540980100631714;305
≥300;13;52029105;G;A;0.334302008152008;320
≥300;13;52643135;G;A;0.2037529945373535;320
≥300;13;75240208;A;C;0.5248450040817261;340
≥300;13;113406800;T;C;0.2152969986200332;300
≥300;14;19796434;C;G;0.1307850033044815;305
≥300;14;19796655;G;T;0.1718519926071167;.
≥300;14;73492999;CT;C;0.8279569745063782;310
≥300;14;73492999;CTTT;C;0.4193550050258636;310
≥300;14;73492999;CTT;C;0.70967698097229;310
≥300;14;92652323;T;C;0.1855420023202896;345
≥300;14;94290113;A;T;0.2439019978046417;325
≥300;14;94290413;C;T;0.2558749914169311;335
≥300;14;94290457;C;T;0.6849820017814636;325
≥300;14;94382814;A;G;0.1907220035791397;320
≥300;14;100734308;C;T;0.1913270056247711;330
≥300;15;28141480;T;C;0.2426670044660568;310
≥300;15;34752856;A;G;0.2619050145149231;305
≥300;15;43525854;A;G;0.1832460016012191;325
≥300;15;43525881;A;G;0.1746030002832412;320
≥300;15;43989823;A;G;0.3132179975509643;325
≥300;15;74361805;C;T;0.225722000002861;335
≥300;16;670986;A;G;0.2059620022773742;310
≥300;16;672331;T;C;0.2349870055913925;310
≥300;16;1980126;A;G;0.1961330026388168;300
≥300;16;56626904;A;G;0.6443150043487549;.
≥300;16;56626929;T;C;0.6581199765205383;.
≥300;16;74391549;T;C;0.1280580013990402;.
≥300;16;75242649;C;T;0.2258059978485107;300
≥300;16;87701921;A;G;0.2740960121154785;300
≥300;17;3092700;C;T;0.2436970025300979;305
≥300;17;5034056;T;G;0.1435900032520294;310
≥300;17;7513280;A;G;0.5869020223617554;.
≥300;17;9821962;T;C;0.2219389975070953;320
≥300;17;36537477;G;A;0.2210530042648315;335
≥300;17;36602169;C;G;0.1700509935617447;330
≥300;17;38330121;C;T;0.1987950056791305;.
≥300;17;38330919;A;G;0.206044003367424;315
≥300;17;40782305;A;G;0.2022159993648529;300
≥300;17;40966761;A;G;0.2316080033779144;305
≥300;17;40984020;G;A;0.2033489942550659;.
≥300;17;40994032;G;A;0.3031780123710632;310
≥300;17;40999815;G;A;0.2325000017881393;320
≥300;17;41424307;A;T;0.25;.
≥300;17;41424310;C;T;0.25;.
≥300;17;41424408;C;T;0.1710209995508194;335
≥300;17;41487088;G;T;0.1645099967718124;.
≥300;17;45990016;C;T;0.2841230034828186;305
≥300;17;46032108;A;G;0.2773540019989013;340
≥300;17;48058771;C;G;0.2026319950819015;315
≥300;17;50166023;A;G;0.1820220053195953;.
≥300;17;76292181;C;T;0.2179259955883026;.
≥300;17;76292483;C;CTGA;0.2549889981746673;.
≥300;17;81547352;T;C;0.2169010043144226;300
≥300;17;81665333;T;C;0.164351999759674;340
≥300;17;82019339;A;G;0.2379679977893829;320
≥300;17;82830589;C;T;0.6277369856834412;305
≥300;17;82830616;G;A;0.6989250183105469;320
≥300;18;14542649;A;C;0.2619720101356506;305
≥300;18;14543099;T;C;0.1621090024709701;330
≥300;18;22415790;C;T;0.7259259819984436;340
≥300;18;22416048;A;G;0.2485210001468658;300
≥300;18;57436280;T;C;0.1566900014877319;.
≥300;18;59359129;G;A;0.1827960014343261;300
≥300;18;78994444;T;C;0.1909449994564056;.
≥300;18;78994549;C;T;0.1903769969940185;.
≥300;19;3831711;T;C;0.204244002699852;305
≥300;19;5832198;A;G;0.2844040095806122;305
≥300;19;6415165;T;C;0.2198950052261352;310
≥300;19;9126759;G;A;0.3343650102615356;300
≥300;19;11614598;A;G;0.2315039932727813;.
≥300;19;13286746;T;C;0.1784230023622512;.
≥300;19;15615749;T;G;0.2399999946355819;330
≥300;19;15807570;T;C;0.1533329933881759;340
≥300;19;17656091;T;C;0.2324319928884506;305
≥300;19;38466199;T;C;0.2044200003147125;305
≥300;19;41709825;C;T;0.2101269960403442;315
≥300;19;41709853;G;A;0.2238810062408447;310
≥300;19;41709863;C;T;0.2367759943008422;300
≥300;19;42868234;C;T;0.19302299618721;335
≥300;19;42935542;A;G;0.6466670036315918;340
≥300;19;43195184;C;T;0.4224140048027038;300
≥300;19;43613430;C;T;0.2540650069713592;.
≥300;19;43614036;C;A;0.2544380128383636;315
≥300;19;47544564;T;C;0.1923079937696457;305
≥300;19;49154632;TTCC;T;0.15693399310112;300
≥300;19;51416695;A;G;0.2561579942703247;335
≥300;19;51498142;A;G;0.2734380066394806;315
≥300;19;52841923;T;C;0.239668995141983;320
≥300;19;53351144;C;G;0.2189189940690994;315
≥300;19;53490807;G;A;0.2244900017976761;305
≥300;19;54041932;T;C;0.234604001045227;305
≥300;19;54042277;C;T;0.1861699968576431;310
≥300;19;54174203;A;G;0.2135519981384277;.
≥300;19;54222142;G;A;0.1233619973063469;.
≥300;19;54278849;C;G;0.4635420143604278;315
≥300;19;54278855;G;A;0.4819589853286743;325
≥300;19;54278869;A;G;0.5304139852523804;345
≥300;19;54279838;T;C;0.5227270126342773;.
≥300;19;54338192;T;C;0.5098519921302795;.
≥300;19;54338210;G;T;0.5642459988594055;.
≥300;19;54663046;C;T;0.196602001786232;330
≥300;19;54666711;G;A;0.2289469987154007;315
≥300;19;54885488;A;G;0.4415580034255981;310
≥300;19;54939094;A;C;0.2120579928159713;.
≥300;19;54939864;T;C;0.1676529943943023;.
≥300;19;55056716;T;C;0.228643000125885;330
≥300;19;55056717;T;G;0.228643000125885;335
≥300;19;55203941;T;C;0.2048780024051666;330
≥300;19;55203951;G;C;0.2047619968652725;340
≥300;19;55203974;T;C;0.2512690126895904;335
≥300;19;55541034;T;G;0.1951220035552978;305
≥300;19;56027610;C;G;0.1823199987411499;300
≥300;19;57507250;G;A;0.2372879981994629;.
≥300;2;73700951;A;C;0.2552079856395721;325
≥300;2;131626766;T;C;0.2698409855365753;335
≥300;2;131626808;A;G;0.2493949979543686;.
≥300;2;131627015;G;C;0.2557649910449981;.
≥300;2;167713948;C;T;0.6175439953804016;340
≥300;2;218135587;T;C;0.2675679922103882;320
≥300;2;227387917;A;G;0.2368929982185363;.
≥300;20;298541;T;C;0.1435769945383072;310
≥300;20;1635491;A;G;0.2990649938583374;.
≥300;20;2483707;G;A;0.1887249946594238;330
≥300;20;21706706;A;G;0.2597010135650635;305
≥300;20;31845336;A;G;0.2004829943180084;340
≥300;20;38217336;T;C;0.1889760047197342;305
≥300;20;49905793;A;G;0.2692309916019439;310
≥300;20;59024347;A;G;0.1692309975624084;300
≥300;20;61936802;T;C;0.2466669976711273;.
≥300;21;44550929;A;G;0.5936880111694336;.
≥300;21;44601566;T;C;0.1940740048885345;.
≥300;21;44601579;A;G;0.1997060030698776;.
≥300;21;44601692;A;G;0.27360799908638;.
≥300;21;44647267;T;C;0.513725996017456;.
≥300;21;46314928;G;A;0.2370820045471191;300
≥300;22;17818927;C;T;0.1949860006570816;300
≥300;22;20566526;ACAG;A;0.1745280027389526;.
≥300;22;35726677;A;C;0.1829569935798645;335
≥300;3;4983086;C;T;0.2176470011472702;300
≥300;3;39186173;A;G;0.3159340023994446;320
≥300;3;48660221;G;C;0.5756580233573914;320
≥300;3;124796649;T;C;0.2407930046319961;305
≥300;4;52744105;T;C;0.1994609981775283;315
≥300;4;56531030;G;C;0.2428939938545227;340
≥300;4;69589530;T;C;0.2396090030670166;325
≥300;4;153659136;G;A;0.2540110051631927;315
≥300;4;165278193;T;C;0.2707839906215668;.
≥300;5;434607;C;G;0.2366860061883926;300
≥300;5;1036785;T;C;0.6505190134048462;330
≥300;5;1036847;A;C;0.2525880038738251;.
≥300;5;1036869;T;C;0.241236999630928;.
≥300;5;1443084;A;G;0.1813600063323974;320
≥300;5;17605218;T;C;0.2192620038986206;.
≥300;5;69420283;A;T;0.1815789937973022;320
≥300;5;73123790;A;C;0.2253160029649734;325
≥300;5;77785660;A;C;0.209195002913475;.
≥300;5;77785855;T;C;0.2294259965419769;.
≥300;5;140787878;T;C;0.481480985879898;.
≥300;5;140788485;G;A;0.5584729909896851;.
≥300;5;140788566;T;G;0.5399450063705444;.
≥300;5;140795037;A;G;0.5562909841537476;325
≥300;5;140795280;C;G;0.6079999804496765;.
≥300;5;140802307;C;T;0.5629630088806152;305
≥300;5;140802516;T;G;0.4909909963607788;.
≥300;5;140803473;A;G;0.4600549936294555;.
≥300;5;140807352;T;G;0.2270269989967346;330
≥300;5;140807517;G;A;0.3859649896621704;.
≥300;5;140808798;G;T;0.4480200111865997;.
≥300;5;140808816;G;A;0.4389030039310455;.
≥300;5;140823847;T;C;0.6246330142021179;.
≥300;5;140829882;G;T;0.4474329948425293;.
≥300;5;140834796;A;G;0.2763420045375824;300
≥300;5;140836141;G;C;0.2274679988622665;.
≥300;5;140841554;A;G;0.7951809763908386;335
≥300;5;140842572;C;A;0.4292680025100708;.
≥300;5;140843056;G;A;0.3791350126266479;.
≥300;5;141096396;A;G;0.5333330035209656;305
≥300;5;141174900;T;G;0.2214979976415634;.
≥300;5;141175025;C;T;0.2695760130882263;.
≥300;5;141184688;T;C;0.5117369890213013;.
≥300;5;141201937;T;G;0.4639999866485595;.
≥300;5;141330894;C;T;0.2284950017929077;315
≥300;5;141344268;T;C;0.2147970050573349;.
≥300;6;16327633;GTGC;G;0.3043479919433594;.
≥300;6;26033413;A;G;0.165484994649887;335
≥300;6;26199675;T;C;0.1833910048007965;.
≥300;6;26370429;G;A;0.233251005411148;330
≥300;6;26370431;T;C;0.233251005411148;330
≥300;6;26370479;C;T;0.6376309990882874;320
≥300;6;26370520;A;G;0.2743900120258331;300
≥300;6;26597105;G;A;0.2748689949512481;310
≥300;6;27865396;G;A;0.186158001422882;345
≥300;6;27871968;C;T;0.1873349994421005;315
≥300;6;27890643;G;A;0.1920669972896576;.
≥300;6;28272137;A;G;0.2339829951524734;310
≥300;6;29101239;A;G;0.2516269981861114;.
≥300;6;29101487;C;T;0.2290640026330948;.
≥300;6;29101522;T;C;0.2746669948101043;335
≥300;6;29556180;G;A;0.2244389951229095;330
≥300;6;29723526;A;G;0.1879349946975708;.
≥300;6;29726903;C;A;0.2558139860630035;315
≥300;6;29726904;T;A;0.2558139860630035;315
≥300;6;29745652;T;C;0.248879000544548;.
≥300;6;29745688;C;T;0.7448980212211609;340
≥300;6;29792252;C;G;0.1957670003175735;310
≥300;6;29792334;C;G;0.201102003455162;300
≥300;6;29828216;A;G;0.4777069985866546;310
≥300;6;29828592;T;A;0.2439679950475692;330
≥300;6;29829862;T;C;0.2042759954929351;320
≥300;6;29888125;A;G;0.154012992978096;330
≥300;6;29888526;T;C;0.1826920062303543;.
≥300;6;29888662;G;T;0.4689379930496216;.
≥300;6;29888668;T;C;0.4488979876041412;.
≥300;6;29926473;A;T;0.1735939979553222;320
≥300;6;29926492;C;T;0.1696429997682571;.
≥300;6;29926746;A;G;0.1845490038394928;.
≥300;6;29926790;A;G;0.1984920054674148;340
≥300;6;29926807;A;C;0.3377479910850525;315
≥300;6;29927255;C;G;0.1805559992790222;335
≥300;6;29927262;C;A;0.1945080012083053;345
≥300;6;29927322;A;C;0.1590040028095245;.
≥300;6;29928224;A;C;0.2470359951257705;.
≥300;6;29942547;C;G;0.2815130054950714;320
≥300;6;29943309;C;T;0.1279069930315017;335
≥300;6;29957504;G;C;0.237975001335144;330
≥300;6;29972425;A;G;0.2890619933605194;325
≥300;6;30103553;T;C;0.2520549893379211;315
≥300;6;30110498;T;C;0.2345969974994659;.
≥300;6;30110553;T;C;0.2761510014533996;.
≥300;6;30112497;A;G;0.1967590004205703;345
≥300;6;30112719;A;G;0.2643049955368042;310
≥300;6;30199109;T;C;0.2202380001544952;305
≥300;6;30547266;C;T;0.2678569853305816;310
≥300;6;30685004;T;C;0.1914130002260208;.
≥300;6;30703873;G;A;0.1853449940681457;.
≥300;6;30889295;C;G;0.1946309953927993;.
≥300;6;30894646;T;C;0.2025000005960464;320
≥300;6;30897427;C;A;0.2418140023946762;315
≥300;6;30923211;A;G;0.1689009964466095;300
≥300;6;30951614;A;G;0.2613860070705414;.
≥300;6;30952347;A;G;0.2334219962358474;335
≥300;6;30987096;A;G;0.1958930045366287;.
≥300;6;30987636;C;G;0.1958529949188232;.
≥300;6;31056453;G;C;0.2088170051574707;.
≥300;6;31056724;T;C;0.1762109994888305;.
≥300;6;31111867;A;G;0.4947369992733001;.
≥300;6;31112239;G;C;0.244948998093605;345
≥300;6;31116393;C;A;0.1737519949674606;.
≥300;6;31116862;T;C;0.1932269930839538;.
≥300;6;31144960;A;C;0.2453829944133758;320
≥300;6;31148469;A;G;0.6460480093955994;320
≥300;6;31154705;A;G;0.2641080021858215;.
≥300;6;31154723;A;G;0.2523579895496368;.
≥300;6;31161533;T;C;0.2134290039539337;335
≥300;6;31170330;A;G;0.2321790009737014;.
≥300;6;31271672;G;C;0.4098359942436218;.
≥300;6;31271825;A;G;0.3033710122108459;305
≥300;6;31410610;C;T;0.2011830061674118;.
≥300;6;31410611;A;G;0.2011830061674118;.
≥300;6;31410648;G;A;0.2078649997711181;.
≥300;6;31410709;C;T;0.2207289934158325;.
≥300;6;31410733;A;G;0.225610002875328;.
≥300;6;31411996;T;C;0.2177779972553253;320
≥300;6;31412017;T;C;0.2252070009708404;335
≥300;6;31412018;G;A;0.2252070009708404;335
≥300;6;31412030;T;C;0.2107360064983368;340
≥300;6;31412040;C;T;0.2109380066394806;330
≥300;6;31412046;G;C;0.2154150009155273;335
≥300;6;31412154;A;G;0.1909449994564056;.
≥300;6;31412314;CT;C;0.2409240007400512;300
≥300;6;31558196;A;G;0.2299070060253143;.
≥300;6;31630712;G;A;0.1941179931163787;.
≥300;6;31635190;A;G;0.2066330015659332;320
≥300;6;31636814;T;C;0.2180290073156356;.
≥300;6;31664357;A;C;0.2429910004138946;.
≥300;6;31765689;C;T;0.209999993443489;330
≥300;6;31766568;T;G;0.2000000029802322;345
≥300;6;31972121;T;C;0.1610880047082901;.
≥300;6;32058086;T;C;0.2794519960880279;330
≥300;6;32061428;A;G;0.2078240066766739;340
≥300;6;32096949;C;T;0.1947479993104934;.
≥300;6;32154695;A;C;0.2234759926795959;.
≥300;6;32157868;T;C;0.2459020018577575;300
≥300;6;32166733;A;G;0.1820510029792785;315
≥300;6;32179919;A;G;0.2428259998559951;.
≥300;6;32180254;G;A;0.2150260061025619;325
≥300;6;32184157;G;A;0.3090380132198334;310
≥300;6;32192179;C;T;0.2358970046043396;330
≥300;6;32200994;T;G;0.25;.
≥300;6;32202470;T;C;0.1752139925956726;.
≥300;6;32293475;G;T;0.3609629869461059;.
≥300;6;32293730;C;T;0.8785420060157776;335
≥300;6;32746090;T;C;0.2307689934968948;315
≥300;6;32843868;G;A;0.1675129979848861;300
≥300;6;32850459;A;G;0.206277996301651;345
≥300;6;32850997;C;T;0.2652069926261902;.
≥300;6;32853214;G;A;0.1354719996452331;.
≥300;6;32938809;T;C;0.2226720005273819;.
≥300;6;32938875;A;T;0.1581290066242218;340
≥300;6;32949721;G;C;0.1991149932146072;.
≥300;6;33007480;T;C;0.1808120012283325;.
≥300;6;33068728;C;G;0.2838200032711029;320
≥300;6;33069076;C;A;0.2371360063552856;.
≥300;6;33069173;T;C;0.2116499990224838;.
≥300;6;33069174;G;A;0.2116499990224838;.
≥300;6;33069182;A;G;0.2284570038318634;.
≥300;6;33069194;T;C;0.2314050048589706;.
≥300;6;33069222;C;T;0.2205239981412887;.
≥300;6;33080829;C;G;0.4230769872665405;.
≥300;6;33080851;C;A;0.2766880095005035;.
≥300;6;33080884;G;A;0.2941179871559143;.
≥300;6;33080886;A;G;0.2941179871559143;.
≥300;6;33080909;A;G;0.2765960097312927;315
≥300;6;33080912;A;G;0.2765960097312927;305
≥300;6;33080914;G;C;0.2765960097312927;305
≥300;6;33084991;C;T;0.1827159970998764;335
≥300;6;33085026;A;G;0.2058169990777969;.
≥300;6;33085173;C;T;0.2227489948272705;345
≥300;6;33085181;T;C;0.2136150002479553;345
≥300;6;43175858;T;C;0.1714289933443069;300
≥300;6;128067654;T;G;0.2086510062217712;320
≥300;6;150021096;A;G;0.1978020071983337;305
≥300;6;168287601;G;T;0.1784899979829788;.
≥300;7;23586070;G;A;0.2024389952421188;340
≥300;7;39339726;T;C;0.275626003742218;.
≥300;7;74056384;A;G;0.229664996266365;325
≥300;7;101196120;A;G;0.2203390002250671;305
≥300;7;131511158;G;T;0.2367690056562423;310
≥300;8;1565843;A;C;0.2043479979038238;.
≥300;8;1668474;A;G;0.2493830025196075;.
≥300;8;1909382;C;T;0.2204719930887222;300
≥300;8;127416411;C;A;0.1580000072717666;.
≥300;8;127416506;G;A;0.2271759957075119;.
≥300;8;142542011;A;C;0.1592690050601959;300
≥300;8;143538076;G;A;0.2361519932746887;310
≥300;8;143560645;T;C;0.2372449934482574;315
≥300;8;143792787;A;G;0.1936269998550415;320
≥300;8;143813383;A;G;0.20448899269104;315
≥300;8;143871023;C;T;0.1846760064363479;.
≥300;9;7799606;A;C;0.2321839928627014;.
≥300;9;7799653;T;G;0.2467530071735382;315
≥300;9;15055609;A;G;0.245508998632431;300
≥300;9;35811488;A;ACCAGGACCAGAG;0.2000000029802322;.
≥300;9;81992843;A;T;0.6245489716529846;305
≥300;9;82059881;G;A;0.6112409830093384;.
≥300;9;114403966;G;A;0.6690139770507812;310
≥300;9;122628848;T;C;0.248538002371788;300
≥300;9;130338307;C;T;0.1675820052623748;305
≥300;9;134041883;A;G;0.1940300017595291;325
