coverage;chromosome;position;alt_allele;ref_allele;vaf;Coverage
50..100;5;55294086;G;A;0.0370000004768371;80
100..300;10;33263768;G;A;0.050000000745058;145
100..300;10;94842866;G;A;0.0729999989271164;185
100..300;10;129842102;A;G;0.0299999993294477;160
100..300;11;125609599;A;C;0.032999999821186;145
100..300;16;724517;T;C;0.0179999992251396;220
100..300;19;33204693;T;C;0.0299999993294477;240
100..300;2;214767532;G;A;0.0829999968409538;130
100..300;2;233682324;G;T;0.0970000028610229;175
100..300;20;2432480;T;C;0.0469999983906745;125
100..300;5;41061614;G;A;0.0320000015199184;180
100..300;6;52237152;G;T;0.0199999995529651;150
100..300;6;96203696;C;G;0.025000000372529;160
100..300;6;145881637;C;T;0.0260000005364418;150
100..300;9;101623430;G;A;0.0570000000298023;100
100..300;9;130668331;T;C;0.0299999993294477;105
≥300;22;21468303;T;C;0.0170000009238719;335
≥300;6;31811832;C;T;0.0120000001043081;.
