coverage;chromosome;position;alt_allele;ref_allele;vaf;Coverage
1..10;19;22665226;C;G;0.1694920063018798;1
10..30;12;8177532;C;T;0.1293099969625473;10
10..30;16;74391401;T;C;0.1367190033197403;20
10..30;19;35372324;T;G;0.167939007282257;25
10..30;3;198157341;T;C;0.1851850003004074;25
10..30;4;69214515;G;A;0.2628209888935089;20
30..50;10;38392035;T;G;0.1225809976458549;45
30..50;10;79870424;T;C;0.31147500872612;30
30..50;2;161507419;A;G;0.3603599965572357;40
30..50;22;23313032;A;G;0.1639340072870254;45
30..50;6;32662186;T;C;0.4285709857940674;30
30..50;7;67238341;A;G;0.248649001121521;40
50..100;1;7623970;A;G;0.1519999951124191;95
50..100;1;12097231;C;T;0.2142859995365142;95
50..100;1;16062085;A;C;0.134453997015953;80
50..100;1;20526702;A;C;0.1379310041666031;90
50..100;1;66976592;T;C;0.145455002784729;85
50..100;1;74706968;C;T;0.19200000166893;95
50..100;1;79521816;C;T;0.1862750053405761;85
50..100;1;112597961;C;T;0.145455002784729;75
50..100;1;114433602;C;A;0.1415929943323135;80
50..100;1;114857263;G;C;0.1206900030374527;95
50..100;1;117994519;C;T;0.1280000060796737;95
50..100;1;119853675;T;C;0.125;90
50..100;1;149933386;A;G;0.2105260044336319;95
50..100;1;158674315;A;T;0.1370970010757446;95
50..100;1;160816880;G;A;0.1260499954223632;95
50..100;1;170866621;A;G;0.3428570032119751;95
50..100;1;196713817;A;G;0.1313129961490631;75
50..100;1;212052002;A;G;15.0;95
50..100;1;212895062;C;T;0.1681420058012008;85
50..100;1;223995906;C;T;0.2178220003843307;75
50..100;1;229651283;A;G;0.1519999951124191;90
50..100;1;230921501;T;A;0.168066993355751;90
50..100;1;237456749;C;T;0.3555560111999511;85
50..100;10;12198692;G;GT;0.1910109966993332;80
50..100;10;16933079;A;G;0.1610170006752014;95
50..100;10;17323170;G;A;0.1452990025281906;85
50..100;10;27134815;C;T;0.1826090067625045;95
50..100;10;30380949;C;G;0.1574800014495849;90
50..100;10;52413009;A;G;0.1818179935216903;95
50..100;10;52413055;A;C;0.1320749968290329;85
50..100;10;63168063;G;C;0.1929820030927658;85
50..100;10;69162403;C;T;0.2173909991979599;95
50..100;10;70114163;T;C;0.1299999952316284;85
50..100;10;79611942;T;C;0.1470589935779571;75
50..100;10;92935798;A;G;0.3076919913291931;85
50..100;10;100947740;T;C;0.1727270036935806;85
50..100;10;133467829;T;C;0.1721310019493103;90
50..100;11;24738309;A;G;0.1840000003576278;95
50..100;11;26711376;G;A;0.3086419999599457;65
50..100;11;33583339;T;C;0.1393440067768097;95
50..100;11;56612658;G;C;0.1418920010328292;85
50..100;11;58291949;G;A;0.2244900017976761;80
50..100;11;68015477;T;G;0.1639340072870254;95
50..100;11;69072929;C;T;0.1351349949836731;85
50..100;11;69072944;G;C;0.136363998055458;80
50..100;11;74138957;C;G;0.1339289993047714;95
50..100;11;100979471;A;G;0.1333329975605011;85
50..100;11;101583461;A;G;0.1496060043573379;80
50..100;11;131661121;G;T;0.2718450129032135;95
50..100;12;8229550;A;G;0.3466669917106628;90
50..100;12;8359511;T;TG;0.1481480002403259;95
50..100;12;18346702;T;C;0.1550389975309372;95
50..100;12;21178615;C;T;0.158730000257492;95
50..100;12;26602613;T;C;0.3636359870433807;95
50..100;12;42374844;GT;G;0.1842110008001327;80
50..100;12;42374844;G;GT;0.052631601691246;80
50..100;12;52490951;G;A;0.1390130072832107;75
50..100;12;58244565;T;C;0.1293099969625473;85
50..100;12;85038262;A;T;0.1327430009841919;80
50..100;12;95867108;C;T;0.209876999258995;65
50..100;12;109199383;C;G;0.2477059960365295;90
50..100;12;120694088;T;C;0.1452990025281906;95
50..100;12;123692742;C;T;0.119047999382019;90
50..100;13;19126502;T;C;0.1278200000524521;95
50..100;13;19670820;CT;C;1.272729992866516;90
50..100;13;24709356;T;C;0.1666669994592666;80
50..100;13;27017670;G;A;0.2100840061903;95
50..100;13;40621274;A;G;0.1801799982786178;90
50..100;13;41604196;C;A;0.1935479938983917;70
50..100;13;42129546;C;T;0.4545449912548065;85
50..100;13;42895075;A;G;0.320387989282608;90
50..100;13;49567140;T;C;0.1545449942350387;85
50..100;13;53409132;A;C;0.1714289933443069;90
50..100;13;77059507;A;G;0.1271190047264099;90
50..100;13;77260492;C;A;0.1500000059604644;85
50..100;13;89361962;A;T;0.211008995771408;90
50..100;13;98385833;T;C;0.2363640069961547;95
50..100;14;19975713;G;C;0.117646999657154;55
50..100;14;90278328;A;G;0.2833330035209656;95
50..100;14;92142990;C;T;0.1515150070190429;85
50..100;15;22727158;C;G;0.179309993982315;70
50..100;15;23121326;T;A;0.3366340100765228;80
50..100;15;45433057;G;C;0.159291997551918;90
50..100;15;50402109;G;A;0.1240309998393058;90
50..100;15;53716692;G;GA;0.1327430009841919;90
50..100;15;59678099;A;C;0.1460669934749603;70
50..100;15;63642950;G;A;0.3153150081634521;95
50..100;15;89260812;T;C;0.1908400058746338;95
50..100;15;89263479;T;C;0.1317829936742782;95
50..100;16;1986047;C;T;0.1475410014390945;95
50..100;16;51278630;G;A;0.1500000059604644;95
50..100;16;55329326;A;G;0.1964289993047714;95
50..100;16;71746582;A;G;0.1311479955911636;95
50..100;16;81159828;C;G;0.3603599965572357;95
50..100;16;83180875;A;C;0.2280700057744979;95
50..100;17;22205050;T;C;0.1304350048303604;90
50..100;17;43200626;T;C;0.1360000073909759;95
50..100;17;47391476;T;A;0.1320749968290329;75
50..100;17;58360940;A;G;0.1367519944906234;85
50..100;17;66029213;G;A;0.1487600058317184;90
50..100;17;73236991;G;A;0.1896550059318542;95
50..100;17;75591266;A;G;0.1749999970197677;90
50..100;17;75621024;C;A;0.1333329975605011;95
50..100;18;6980524;C;T;0.140625;95
50..100;18;32470393;T;C;0.1194029971957206;85
50..100;18;52923870;G;T;0.1885250061750412;90
50..100;18;61957742;A;G;0.1441439986228943;85
50..100;18;63954571;C;G;0.1797749996185302;65
50..100;18;74248438;G;C;0.1648350059986114;70
50..100;18;79378068;C;T;0.1584160029888153;85
50..100;19;1495278;T;C;0.1487600058317184;90
50..100;19;2833146;CT;C;0.1512610018253326;95
50..100;19;14061967;T;C;0.136363998055458;80
50..100;19;14917370;G;A;0.3367350101470947;80
50..100;19;15794695;C;T;0.1412640064954757;65
50..100;19;40826266;T;C;0.2787880003452301;70
50..100;19;51019030;T;C;0.1417320072650909;95
50..100;19;56192732;A;G;0.1297709941864013;80
50..100;2;10819258;G;A;0.1439390033483505;95
50..100;2;20858504;A;G;0.3584910035133362;95
50..100;2;21028042;A;G;0.2307689934968948;90
50..100;2;23926569;A;G;0.1650490015745163;75
50..100;2;26232259;A;G;0.2086959928274154;95
50..100;2;32441343;C;T;0.1468529999256134;95
50..100;2;33539219;C;T;0.3394500017166137;95
50..100;2;49167566;G;T;0.1268659979104995;95
50..100;2;61420766;G;A;0.1271190047264099;85
50..100;2;74754838;G;A;0.2429910004138946;90
50..100;2;75680225;C;T;0.1475410014390945;95
50..100;2;86492028;C;A;0.1730770021677017;85
50..100;2;98228211;G;C;0.2242989987134933;85
50..100;2;100398162;A;G;0.125;95
50..100;2;127637302;CT;C;0.0967741981148719;95
50..100;2;127637302;T;C;0.0967741981148719;95
50..100;2;127738071;A;G;0.2429910004138946;90
50..100;2;152558721;G;T;0.1923079937696457;90
50..100;2;152558730;TC;T;0.1923079937696457;95
50..100;2;152558730;C;T;0.2307689934968948;95
50..100;2;162033632;T;C;0.1376149952411651;85
50..100;2;171744206;A;C;0.1271190047264099;95
50..100;2;179399974;C;T;0.1709399968385696;95
50..100;2;181549631;C;T;0.1981980055570602;80
50..100;2;184936832;G;A;0.163792997598648;95
50..100;2;184936870;G;A;0.163792997598648;95
50..100;2;189083970;A;G;0.1531530022621154;80
50..100;2;195957280;G;A;0.1404960006475448;95
50..100;2;196027971;C;T;0.1282050013542175;85
50..100;2;227057605;G;A;0.1481480002403259;75
50..100;2;230469048;G;A;0.1360000073909759;90
50..100;2;233182513;A;G;0.2978720068931579;90
50..100;2;240561091;C;T;0.1547619998455047;60
50..100;20;1240394;C;T;0.1923079937696457;80
50..100;20;32798643;C;T;0.1743119955062866;80
50..100;20;48632270;T;C;0.2017540037631988;90
50..100;20;62323449;T;C;0.1417320072650909;95
50..100;21;13527649;A;G;0.1312219947576522;85
50..100;21;14546256;C;G;0.1721310019493103;90
50..100;21;20425096;C;G;0.1395349949598312;95
50..100;21;31060653;T;A;0.3902440071105957;80
50..100;21;40055840;G;A;0.1636359989643097;85
50..100;21;42385547;C;T;0.122137002646923;95
50..100;22;50776757;T;C;0.125;85
50..100;3;11034714;G;C;0.2568809986114502;95
50..100;3;32635240;A;G;0.1578949987888336;75
50..100;3;32635250;T;C;0.140186995267868;85
50..100;3;44813071;G;A;0.4036700129508972;95
50..100;3;46532928;G;A;0.1913039982318878;95
50..100;3;49357401;A;G;0.186721995472908;95
50..100;3;70126255;CT;C;0.337662011384964;95
50..100;3;70126255;C;CT;0.0779220983386039;95
50..100;3;102462287;G;A;0.1818179935216903;85
50..100;3;113400570;G;A;0.1836729943752288;70
50..100;3;128463231;A;G;0.1739130020141601;95
50..100;3;149145364;G;A;0.1923079937696457;75
50..100;3;154023946;A;G;0.2222220003604889;70
50..100;3;191382772;A;C;0.1721310019493103;95
50..100;3;194666571;T;C;0.3157890141010284;95
50..100;4;8088301;T;C;0.1832060068845749;95
50..100;4;20490794;T;G;0.2735039889812469;95
50..100;4;39898359;C;G;0.1261260062456131;90
50..100;4;48539956;G;A;0.1652169972658157;85
50..100;4;61935010;C;T;0.3195880055427551;90
50..100;4;69410946;T;C;0.2478629946708679;90
50..100;4;75655880;T;C;0.2432429939508438;90
50..100;4;75782851;C;T;0.1693550050258636;95
50..100;4;78499710;C;T;0.2735849916934967;90
50..100;4;86025531;A;T;0.1376149952411651;80
50..100;4;98416730;T;C;0.2090909928083419;85
50..100;4;112426453;CT;C;0.175257995724678;80
50..100;4;112426453;C;CT;0.0206186007708311;80
50..100;4;116598196;A;C;0.163792997598648;95
50..100;4;122271085;C;A;0.2314810007810592;95
50..100;4;129204151;C;T;0.3292680084705353;75
50..100;4;140343717;G;A;0.1515150070190429;95
50..100;4;143997521;G;T;0.1515150070190429;75
50..100;4;153555772;C;T;0.1262139976024627;85
50..100;4;153723385;C;T;0.2857140004634857;90
50..100;4;155722024;A;T;0.147826001048088;90
50..100;4;155785330;A;G;0.3823530077934265;95
50..100;4;176192613;C;A;0.225490003824234;80
50..100;4;184713017;CA;C;0.1186439990997314;60
50..100;4;184713017;C;CA;0.2033900022506714;60
50..100;4;184713017;C;CAA;0.0508475005626678;60
50..100;5;57423048;C;T;0.1339289993047714;95
50..100;5;79236835;T;C;0.1333329975605011;90
50..100;5;86287689;G;T;0.1257140040397644;90
50..100;5;110948089;A;T;0.1854840070009231;95
50..100;5;113515266;A;G;0.1465519964694976;85
50..100;5;119525243;C;T;0.1693550050258636;95
50..100;5;119652611;T;C;0.1463409960269928;95
50..100;5;126836282;T;C;0.1574070006608963;85
50..100;5;147923273;G;C;0.119047999382019;95
50..100;5;148100464;A;G;0.1982759982347488;90
50..100;5;148116744;A;G;0.1570249944925308;85
50..100;6;25435530;G;A;0.1707320064306259;90
50..100;6;27457865;C;G;0.1491229981184005;85
50..100;6;29803334;T;C;0.194690003991127;90
50..100;6;29929190;T;C;0.1304350048303604;95
50..100;6;32288641;C;T;0.2786889970302582;95
50..100;6;32349858;A;G;0.2347829937934875;95
50..100;6;32661352;C;T;0.2788459956645965;75
50..100;6;32661378;A;C;0.3271029889583587;75
50..100;6;32662159;T;C;;55
50..100;6;33106012;C;T;0.1858409941196441;90
50..100;6;35140004;A;G;0.1607140004634857;85
50..100;6;38803320;C;T;0.1875;75
50..100;6;39883903;G;A;0.1359219998121261;80
50..100;6;43433367;A;G;0.1382109969854354;95
50..100;6;54625192;G;A;0.1565220057964325;95
50..100;6;75715572;G;A;0.209524005651474;85
50..100;6;87472986;C;G;0.1739130020141601;70
50..100;6;87511385;C;T;0.1443299949169159;90
50..100;6;108477295;G;A;0.1500000059604644;90
50..100;6;124936991;T;C;0.1879699975252151;95
50..100;6;129313110;A;G;0.2376240044832229;90
50..100;6;129831375;C;A;0.3508769869804382;95
50..100;6;130215860;A;G;0.1679999977350235;95
50..100;6;152995191;G;A;0.1428570002317428;75
50..100;6;160032946;G;A;0.1574070006608963;90
50..100;7;32817273;TG;T;0.1730770021677017;70
50..100;7;38476848;T;G;0.2705880105495453;75
50..100;7;43973248;A;G;0.202127993106842;55
50..100;7;45917456;C;G;0.1652169972658157;95
50..100;7;63138930;T;C;0.3300969898700714;95
50..100;7;63938080;C;A;0.2080000042915344;95
50..100;7;72949377;C;G;0.1318179965019226;75
50..100;7;75516169;A;G;0.1196580007672309;90
50..100;7;102841395;C;T;0.1875;95
50..100;7;128477173;A;G;0.1584910005331039;70
50..100;7;137444084;C;T;0.264151006937027;95
50..100;7;142434344;G;A;0.3904759883880615;90
50..100;7;142602301;G;A;0.1649480015039444;75
50..100;8;413192;A;G;0.2302629947662353;90
50..100;8;431344;G;C;0.1451610028743744;95
50..100;8;3219437;C;T;0.2090909928083419;90
50..100;8;3754048;C;G;0.1272729933261871;75
50..100;8;12743211;A;T;0.280701994895935;95
50..100;8;24952123;G;C;0.2828280031681061;85
50..100;8;27651636;A;G;0.1904760003089904;95
50..100;8;38452200;G;GACAC;2.0;95
50..100;8;62747076;A;G;0.1875;85
50..100;8;81443386;G;A;0.1653539985418319;90
50..100;8;94176688;A;G;0.1472869962453842;95
50..100;8;119982146;A;G;0.1284399926662445;95
50..100;8;131940480;AT;A;0.2409639954566955;75
50..100;8;131940480;A;AT;0.0722891986370086;75
50..100;9;19063110;C;T;0.2222220003604889;85
50..100;9;26978261;G;A;0.252032995223999;95
50..100;9;72223107;C;T;0.2788459956645965;90
50..100;9;72432145;G;C;0.2283460050821304;95
50..100;9;75069774;C;A;0.1428570002317428;90
50..100;9;76292218;A;AT;0.189189001917839;90
50..100;9;92616071;A;G;0.1531530022621154;90
50..100;9;111707847;G;A;0.1333329975605011;90
50..100;9;125056019;T;C;0.3058820068836212;70
50..100;9;127724105;T;C;0.1568630039691925;90
50..100;9;127724106;GC;G;0.1568630039691925;90
50..100;9;136969889;G;A;0.1858409941196441;90
100..300;1;948519;G;T;0.125;175
100..300;1;1487901;A;G;0.137254998087883;180
100..300;1;2491175;A;G;0.1379310041666031;120
100..300;1;2521130;C;T;0.1209440007805824;265
100..300;1;2596694;C;T;0.1666669994592666;160
100..300;1;3022360;G;T;0.122698999941349;250
100..300;1;3787146;A;G;0.1261000037193298;270
100..300;1;3836572;T;A;0.1832669973373413;205
100..300;1;3844915;T;C;0.2173909991979599;180
100..300;1;3883678;G;A;0.264068990945816;195
100..300;1;6124032;G;A;0.2135590016841888;225
100..300;1;6128486;A;G;0.1360950022935867;130
100..300;1;6136809;G;A;0.169173002243042;195
100..300;1;6136883;G;A;0.1375000029802322;120
100..300;1;6151123;A;G;0.2156859934329986;155
100..300;1;6633037;G;A;0.119266003370285;165
100..300;1;7622713;C;T;0.1237619966268539;155
100..300;1;7622734;G;T;0.1229949966073036;145
100..300;1;8951527;G;T;0.1164380013942718;230
100..300;1;8951663;T;G;0.1268289983272552;165
100..300;1;9264611;G;A;0.1111110001802444;290
100..300;1;10130826;T;A;0.25;140
100..300;1;10375266;A;C;0.1356779932975769;150
100..300;1;10506158;G;A;0.2352939993143081;170
100..300;1;10653708;C;T;0.1462260037660598;170
100..300;1;11046878;A;G;0.16143499314785;195
100..300;1;11779866;T;C;0.1320129930973053;230
100..300;1;11788011;C;G;0.1103900000452995;230
100..300;1;11794419;G;T;0.1206900030374527;200
100..300;1;11816605;A;G;0.1621620059013366;115
100..300;1;12022869;G;A;0.2666670083999634;185
100..300;1;12838814;G;C;0.1205480024218559;145
100..300;1;15112737;GC;G;0.1292780041694641;240
100..300;1;15487341;C;T;0.1445430070161819;250
100..300;1;15770398;T;C;0.2171050012111663;125
100..300;1;15807577;T;C;0.1122990027070045;285
100..300;1;15993321;G;A;0.1494249999523162;135
100..300;1;16028095;T;A;0.1120330020785331;175
100..300;1;16030002;G;C;0.1951220035552978;225
100..300;1;16049015;A;G;0.1367779970169067;255
100..300;1;16051720;T;C;0.1261679977178573;160
100..300;1;16051836;C;G;0.1243240013718605;125
100..300;1;16148628;T;C;0.1285710036754608;280
100..300;1;16148631;T;C;0.1285710036754608;290
100..300;1;16398835;A;G;0.1470589935779571;120
100..300;1;16409637;C;T;0.1409090012311935;165
100..300;1;19173066;C;T;0.1231530010700225;160
100..300;1;19345272;A;T;0.1436170041561126;145
100..300;1;19897659;A;G;0.1182800009846687;135
100..300;1;20330331;G;A;0.1125539988279342;165
100..300;1;20354225;A;G;0.1196170002222061;165
100..300;1;20664780;A;G;0.1604280024766922;145
100..300;1;21887634;G;A;0.2592589855194092;205
100..300;1;22009812;T;C;0.2452230006456375;245
100..300;1;22009815;A;G;0.2452230006456375;245
100..300;1;22509184;G;A;0.1179250031709671;155
100..300;1;22526222;C;G;0.1210760027170181;165
100..300;1;22589260;C;T;0.194365993142128;275
100..300;1;22593601;G;C;0.2233330011367797;240
100..300;1;22597292;A;G;0.1933699995279312;145
100..300;1;22597871;A;G;0.1682689934968948;170
100..300;1;22600821;G;A;0.17985600233078;235
100..300;1;22882432;A;G;0.1385540068149566;120
100..300;1;22955424;T;G;0.1496600061655044;110
100..300;1;23441703;A;G;0.1510419994592666;150
100..300;1;24082675;T;C;0.1297069936990738;170
100..300;1;24089643;T;C;0.1233479976654052;165
100..300;1;24354425;T;C;0.1235060021281242;175
100..300;1;26161528;A;G;0.1219509989023208;155
100..300;1;27382648;G;A;0.1209679991006851;185
100..300;1;30878666;A;G;0.1359219998121261;160
100..300;1;30953968;G;A;0.1656800061464309;135
100..300;1;31692773;C;T;0.1932770013809204;185
100..300;1;31698605;G;T;0.3730159997940063;120
100..300;1;31699894;T;G;0.2095810025930404;275
100..300;1;31728046;C;T;0.2044029980897903;250
100..300;1;31756312;A;G;0.109375;195
100..300;1;32207307;G;T;0.1434260010719299;195
100..300;1;32229218;G;A;0.1377779990434646;160
100..300;1;32231027;C;A;0.1343279927968979;160
100..300;1;33559328;C;T;0.1643189936876297;160
100..300;1;33559430;G;A;0.2385790050029754;155
100..300;1;37557715;T;C;0.1353140026330948;215
100..300;1;37719975;A;G;0.1169809997081756;195
100..300;1;37723025;C;T;0.1282050013542175;115
100..300;1;37723096;T;C;0.1146249994635582;185
100..300;1;37723115;G;A;0.1306120008230209;185
100..300;1;37984238;C;T;0.1151319965720176;210
100..300;1;38709824;T;C;0.1111110001802444;160
100..300;1;38864727;A;G;0.1348309963941574;130
100..300;1;38874610;T;C;0.1226420029997825;165
100..300;1;38886599;T;G;0.1301120072603225;195
100..300;1;39387318;C;T;0.1297300010919571;150
100..300;1;39523127;A;G;0.1156070008873939;235
100..300;1;41510858;T;C;0.1145510002970695;245
100..300;1;41580076;C;T;0.1139239966869354;245
100..300;1;41581537;G;C;0.1812690049409866;280
100..300;1;43605020;G;A;0.1687500029802322;125
100..300;1;43824858;G;A;0.1470589935779571;155
100..300;1;44753223;T;A;0.1359219998121261;150
100..300;1;44759326;C;A;0.1290320008993148;130
100..300;1;44827194;A;G;0.1111110001802444;215
100..300;1;44827846;G;A;0.2150000035762787;175
100..300;1;44841834;A;G;0.1656440049409866;130
100..300;1;44958837;C;G;0.1466670036315918;120
100..300;1;44988221;C;A;0.1541669964790344;195
100..300;1;45003914;A;G;0.1739130020141601;125
100..300;1;45628355;G;A;0.2326530069112777;200
100..300;1;45629600;C;T;0.2736319899559021;170
100..300;1;45729703;C;T;0.2178220003843307;160
100..300;1;46194623;C;T;0.1897229999303817;210
100..300;1;46341925;A;G;0.1388009935617447;250
100..300;1;46405089;A;C;0.1762299984693527;180
100..300;1;46511045;T;C;0.2415090054273605;220
100..300;1;46614993;T;C;0.2209299951791763;205
100..300;1;46615007;A;G;0.2238810062408447;220
100..300;1;46615069;T;C;0.2139919996261596;195
100..300;1;46815074;G;GAT;0.2399999946355819;210
100..300;1;46815187;A;G;0.2537310123443603;220
100..300;1;46815212;T;C;0.2345129996538162;190
100..300;1;46817100;T;C;0.2522520124912262;170
100..300;1;46900378;T;G;0.1242939978837966;115
100..300;1;47142179;T;A;0.1330049932003021;140
100..300;1;47144621;T;C;0.1477269977331161;100
100..300;1;47994235;T;C;0.1830510050058365;240
100..300;1;48232079;T;C;0.1201409995555877;210
100..300;1;49045752;G;A;0.1428570002317428;135
100..300;1;50405456;A;G;0.1360000073909759;100
100..300;1;51288232;A;G;0.1452990025281906;175
100..300;1;52525966;T;C;0.1584910005331039;205
100..300;1;53888985;G;T;0.140625;100
100..300;1;54139645;TGG;T;;250
100..300;1;54758458;C;T;0.115556001663208;180
100..300;1;55072879;G;T;0.14444400370121;130
100..300;1;56536941;A;G;0.1564629971981048;115
100..300;1;56536955;T;C;0.1355929970741272;135
100..300;1;56744022;C;T;0.1346150040626526;120
100..300;1;56753866;A;C;0.2000000029802322;105
100..300;1;58534040;A;G;0.1568630039691925;125
100..300;1;61766458;C;T;0.1901410073041916;125
100..300;1;62266749;C;T;0.1464439928531646;165
100..300;1;64632626;A;G;0.1843319982290268;165
100..300;1;64845531;C;G;0.1115539968013763;185
100..300;1;64869412;C;T;0.1132809966802597;185
100..300;1;65218865;C;G;0.1290320008993148;100
100..300;1;66676992;C;T;0.1333329975605011;110
100..300;1;66777341;A;C;0.1323529928922653;155
100..300;1;68494666;C;T;0.1145830005407333;120
100..300;1;69919618;T;C;0.1222710013389587;180
100..300;1;74199809;A;G;0.1565220057964325;185
100..300;1;75732751;C;T;0.1193180009722709;135
100..300;1;75744069;A;G;0.1124619990587234;255
100..300;1;75744604;T;C;0.1505790054798126;200
100..300;1;78629896;C;T;0.3796299993991852;100
100..300;1;79521225;A;C;0.1261679977178573;170
100..300;1;86428558;T;C;0.1623380035161972;125
100..300;1;88807604;A;G;0.115385003387928;120
100..300;1;91319330;A;G;0.4033609926700592;110
100..300;1;91394244;G;A;0.2867130041122436;125
100..300;1;91720100;T;C;0.1336030066013336;200
100..300;1;94001103;G;A;0.1646340042352676;125
100..300;1;94005598;T;C;0.1386860013008117;115
100..300;1;94008289;C;T;0.1729959994554519;175
100..300;1;94008308;T;C;0.1890549957752227;150
100..300;1;94008772;C;T;0.1357139945030212;110
100..300;1;97515865;T;C;0.1494249999523162;125
100..300;1;98953091;C;G;0.1547619998455047;130
100..300;1;101772262;T;C;0.524590015411377;115
100..300;1;107441476;G;A;0.231343001127243;105
100..300;1;107505351;T;C;0.1701239943504333;195
100..300;1;108851942;C;T;0.1666669994592666;230
100..300;1;110039158;G;T;0.1279069930315017;130
100..300;1;111184247;A;G;0.2733809947967529;110
100..300;1;111241360;A;C;0.1390729993581771;125
100..300;1;111241360;T;C;0.152318000793457;125
100..300;1;111755960;G;A;0.1583330035209655;180
100..300;1;111766709;C;T;0.1395349949598312;140
100..300;1;112694059;T;C;0.1184829995036125;155
100..300;1;112694549;G;A;0.1490910053253173;205
100..300;1;112696760;A;G;0.1263539940118789;205
100..300;1;115058907;G;C;0.1274510025978088;150
100..300;1;115791113;C;T;0.3418799936771393;100
100..300;1;115857214;T;C;0.1359650045633316;185
100..300;1;116714075;C;A;0.3333329856395721;120
100..300;1;116768525;A;C;0.1196909993886947;205
100..300;1;117101436;G;A;0.1416999995708465;185
100..300;1;119085233;T;C;0.253589004278183;185
100..300;1;119085331;C;T;0.1330650001764297;190
100..300;1;119126639;A;C;0.5600000023841858;110
100..300;1;119445799;T;C;0.121018998324871;125
100..300;1;119445889;A;G;0.1260499954223632;105
100..300;1;119446065;A;G;0.1774190068244934;140
100..300;1;119605239;A;G;0.1827410012483596;150
100..300;1;119894128;C;T;0.1590909957885742;250
100..300;1;119895095;A;G;0.1089740023016929;250
100..300;1;119895261;G;A;0.1217710003256797;215
100..300;1;119915381;T;A;0.1204190030694007;140
100..300;1;119929234;T;C;0.160193994641304;170
100..300;1;119931555;T;C;0.1544719934463501;100
100..300;1;145899155;A;G;0.2837840020656585;145
100..300;1;145927267;A;T;0.2589290142059326;110
100..300;1;149900352;C;G;0.1407410055398941;220
100..300;1;150510879;T;C;0.1342590004205703;170
100..300;1;150553930;T;C;0.1286759972572326;225
100..300;1;150967881;T;G;0.1477829962968826;155
100..300;1;150967882;T;C;0.1477829962968826;155
100..300;1;151132600;A;G;0.1214059963822364;225
100..300;1;151524900;A;G;0.1313869953155517;105
100..300;1;152350656;T;G;0.1210760027170181;170
100..300;1;152358764;A;G;0.1541849970817566;170
100..300;1;152737689;T;G;0.2809920012950897;220
100..300;1;152759960;C;G;0.2633329927921295;270
100..300;1;152760825;A;T;0.2516559958457947;265
100..300;1;152972118;T;C;0.1365640014410019;190
100..300;1;153458959;G;T;0.1291390061378479;225
100..300;1;154965759;C;G;0.1435409933328628;160
100..300;1;154966186;C;T;0.1555559933185577;185
100..300;1;155023444;A;G;0.1202189996838569;145
100..300;1;155177242;A;G;0.1304350048303604;130
100..300;1;155216938;T;C;0.1447030007839203;265
100..300;1;155321462;T;C;0.1205359995365142;170
100..300;1;155357300;A;G;0.1760559976100921;105
100..300;1;156134501;A;G;0.1188519969582557;170
100..300;1;156158429;C;T;0.1111110001802444;220
100..300;1;156232382;G;A;0.1807910054922104;130
100..300;1;156344706;T;C;0.1301369965076446;110
100..300;1;156530336;C;T;0.2204719930887222;110
100..300;1;156548587;A;G;0.2307689934968948;155
100..300;1;156736767;C;A;;190
100..300;1;156736767;G;A;;190
100..300;1;156738452;G;C;0.1267610043287277;175
100..300;1;156815190;C;T;0.1770830005407333;235
100..300;1;156815825;A;G;0.209876999258995;195
100..300;1;156815987;A;G;0.2669680118560791;200
100..300;1;156908005;A;C;0.1311050057411193;285
100..300;1;156914792;T;C;0.125;150
100..300;1;156932430;A;G;0.1187210008502006;160
100..300;1;156932489;G;T;0.1106719970703125;180
100..300;1;156939903;A;G;0.1394229978322982;160
100..300;1;156969275;A;G;0.1309520006179809;130
100..300;1;157587911;A;G;0.2111800014972686;140
100..300;1;157589332;T;C;0.269663006067276;215
100..300;1;157630127;G;A;0.3726420104503631;200
100..300;1;157630147;A;T;0.3574880063533783;190
100..300;1;158765805;T;C;0.3391810059547424;155
100..300;1;158765901;C;T;0.3644860088825226;190
100..300;1;158765950;G;A;0.3461540043354034;200
100..300;1;158766102;G;A;0.3464910089969635;205
100..300;1;158766655;T;C;0.2458329945802688;195
100..300;1;159016687;C;G;0.1296299993991851;165
100..300;1;159032587;A;C;0.1379310041666031;215
100..300;1;159032599;A;T;0.1342280060052871;225
100..300;1;159440550;A;T;0.1148149967193603;205
100..300;1;159815623;T;C;0.1611109972000122;140
100..300;1;159815635;G;A;0.1646340042352676;125
100..300;1;159884461;C;T;0.1751410067081451;140
100..300;1;160425147;C;A;0.1157020032405853;185
100..300;1;160425213;A;G;0.1289310008287429;230
100..300;1;161000299;T;C;0.1081079989671707;215
100..300;1;161099046;C;A;0.139174997806549;150
100..300;1;161166434;A;C;0.1178859993815422;185
100..300;1;161193843;T;C;0.115226000547409;195
100..300;1;161379107;A;T;0.125;155
100..300;1;161711990;G;A;0.1821710020303726;210
100..300;1;161781951;G;A;0.1468529999256134;100
100..300;1;162397281;T;C;0.2108840048313141;115
100..300;1;164357216;C;G;0.1171550005674362;185
100..300;1;164357352;G;T;0.2013420015573501;125
100..300;1;165249442;T;C;0.1526319980621338;150
100..300;1;165428878;C;T;0.1433819979429245;210
100..300;1;165679472;T;C;0.1282050013542175;145
100..300;1;166747404;C;A;0.3050850033760071;110
100..300;1;166747856;C;G;0.2025319933891296;140
100..300;1;166747861;CAAG;C;0.2083330005407333;145
100..300;1;167697079;C;T;0.1689189970493316;125
100..300;1;167870340;A;G;0.1567800045013427;175
100..300;1;169514323;C;T;0.1468529999256134;110
100..300;1;169542640;G;T;0.168950006365776;170
100..300;1;169542801;C;T;0.1191489994525909;180
100..300;1;169544345;T;G;0.15625;175
100..300;1;169552615;G;A;0.1402709931135177;155
100..300;1;169617043;T;C;0.152438998222351;130
100..300;1;170166528;T;C;0.1380950063467025;160
100..300;1;170166619;C;T;0.1679999977350235;195
100..300;1;170166624;C;T;0.169291004538536;195
100..300;1;170369796;G;C;0.3529410064220428;130
100..300;1;170989888;T;C;0.1333329975605011;110
100..300;1;170989947;T;C;0.1508380025625229;130
100..300;1;170996540;C;T;0.1354169994592666;135
100..300;1;171334697;A;G;0.1428570002317428;140
100..300;1;171339693;G;A;0.1888889968395233;230
100..300;1;172532503;C;T;0.1258739978075027;220
100..300;1;173503326;A;G;0.1161290034651756;110
100..300;1;177954305;G;T;0.1574070006608963;165
100..300;1;178747028;A;G;0.1803279966115951;155
100..300;1;179663401;G;A;0.1168219968676567;160
100..300;1;180084023;C;A;0.1768710017204284;115
100..300;1;180196564;C;A;0.1408839970827102;290
100..300;1;181049044;G;C;0.119047999382019;115
100..300;1;181055268;A;G;0.2380950003862381;170
100..300;1;182057678;C;G;0.111455000936985;250
100..300;1;182057887;T;C;0.1119130030274391;210
100..300;1;182602142;T;C;0.1311479955911636;140
100..300;1;185551468;A;G;0.2333330065011978;120
100..300;1;186057342;C;T;0.4903849959373474;100
100..300;1;186061909;T;C;0.43333300948143;110
100..300;1;186977737;G;A;0.1428570002317428;115
100..300;1;190764921;A;G;0.1691180020570755;105
100..300;1;193181089;G;A;0.1871349960565567;150
100..300;1;196673103;A;G;0.1140350028872489;160
100..300;1;196685194;C;A;0.3759399950504303;115
100..300;1;196690107;T;C;0.3254440128803253;140
100..300;1;196831912;T;G;0.1516250073909759;185
100..300;1;196831948;T;A;0.1777780055999755;160
100..300;1;196951018;T;C;0.1708540022373199;150
100..300;1;197159596;A;G;0.2222220003604889;120
100..300;1;200407567;T;C;0.2408159971237182;220
100..300;1;201009251;C;G;0.1223020032048225;105
100..300;1;201197255;A;G;0.1610170006752014;170
100..300;1;201207840;G;A;0.1384620070457458;270
100..300;1;201208118;C;T;0.1118879988789558;225
100..300;1;201208410;T;G;0.1219509989023208;230
100..300;1;201212792;T;G;0.1466280072927475;275
100..300;1;201215147;T;C;0.1290320008993148;145
100..300;1;201313445;G;A;0.1239439994096756;265
100..300;1;201372047;C;CAGAAG;0.2773109972476959;215
100..300;1;202012090;G;C;0.1214059963822364;215
100..300;1;202562613;T;C;0.158620998263359;115
100..300;1;202605656;A;G;0.188072994351387;175
100..300;1;203183673;C;T;0.2980769872665405;175
100..300;1;203483592;T;C;0.1085859984159469;290
100..300;1;204162058;G;T;0.2191240042448043;200
100..300;1;204618112;A;G;0.1409839987754821;245
100..300;1;204954892;T;C;0.122867003083229;205
100..300;1;204975313;A;G;0.1565220057964325;185
100..300;1;204975326;A;G;0.1383399963378906;195
100..300;1;204976806;G;A;0.1226050034165382;190
100..300;1;204979531;G;A;0.2820509970188141;195
100..300;1;204997300;G;C;0.2266290038824081;290
100..300;1;205058609;A;G;0.1192310005426406;190
100..300;1;205061988;T;C;0.1346150040626526;150
100..300;1;205303855;G;C;0.1166670024394989;240
100..300;1;205339240;T;C;0.1294959932565689;215
100..300;1;205351242;G;A;0.1630430072546005;150
100..300;1;206012565;G;A;0.1174239963293075;200
100..300;1;206584745;T;A;0.2444439977407455;120
100..300;1;207126725;A;G;0.1321839988231659;135
100..300;1;207480019;G;A;0.1333329975605011;125
100..300;1;209611861;A;G;0.1171879991889;195
100..300;1;214657249;G;A;0.143885001540184;215
100..300;1;216046439;G;A;0.1333329975605011;110
100..300;1;216175422;T;C;0.3407410085201263;120
100..300;1;220314315;T;C;0.1719750016927719;125
100..300;1;223005219;C;A;0.2801719903945923;205
100..300;1;223111186;G;A;0.1181429997086525;175
100..300;1;223863737;T;C;0.3691279888153076;160
100..300;1;223863759;G;A;0.1199999973177909;185
100..300;1;223864224;C;T;0.1089920029044151;275
100..300;1;225340481;A;C;0.1616770029067993;125
100..300;1;225345982;G;A;0.1325969994068145;145
100..300;1;225346517;C;T;0.1197599992156028;120
100..300;1;226164797;G;T;0.3006989955902099;120
100..300;1;226367601;G;A;0.3117649853229522;145
100..300;1;226402257;A;G;0.2688170075416565;240
100..300;1;228321726;G;A;0.1295679956674575;240
100..300;1;228338964;C;T;0.1520269960165023;225
100..300;1;230249191;C;T;0.1569509953260421;180
100..300;1;232428551;A;T;0.1160219982266426;130
100..300;1;232439175;C;T;0.2510820031166076;190
100..300;1;232445690;A;G;0.2352939993143081;220
100..300;1;232462241;A;T;0.2972970008850097;120
100..300;1;232998340;T;C;0.1122810021042823;205
100..300;1;233362280;T;C;0.117646999657154;120
100..300;1;234446905;C;T;0.1622810065746307;165
100..300;1;234448485;T;C;0.2878789901733398;110
100..300;1;235160983;C;T;0.1226160004734993;270
100..300;1;235777150;T;C;0.1521739959716797;175
100..300;1;235781994;C;T;0.2054049968719482;145
100..300;1;235809135;C;T;0.1261260062456131;165
100..300;1;235809567;C;T;0.139831006526947;200
100..300;1;235991065;T;G;0.1676300019025802;130
100..300;1;236484250;A;C;0.2234040051698684;150
100..300;1;237454457;T;C;0.3539330065250397;160
100..300;1;241548834;T;C;0.2109380066394806;100
100..300;1;241870961;G;A;0.2054049968719482;150
100..300;1;244572556;G;A;0.1673000007867813;215
100..300;1;244583848;A;G;0.1554400026798248;145
100..300;1;247491196;A;G;0.1192409992218017;280
100..300;1;247672648;C;T;0.1357470005750656;165
100..300;1;247723647;C;T;0.1204380020499229;225
100..300;1;247991045;T;C;0.1220339983701706;220
100..300;1;248038987;C;T;0.1405750066041946;250
100..300;1;248204004;A;T;0.1599999964237213;135
100..300;1;248323998;T;C;0.3551400005817413;190
100..300;1;248348762;G;T;0.2384620010852813;120
100..300;1;248348792;T;C;0.2383719980716705;150
100..300;1;248349335;T;C;0.2982459962368011;205
100..300;1;248349447;A;G;0.2376679927110672;200
100..300;1;248349465;T;G;0.2146120071411132;190
100..300;10;864285;G;A;0.1954890042543411;110
100..300;10;1199953;T;A;0.7599999904632568;170
100..300;10;5200074;T;C;0.1280490010976791;125
100..300;10;5761405;G;A;0.115385003387928;130
100..300;10;5943662;A;C;0.1285710036754608;200
100..300;10;7348338;G;A;0.1503269970417022;115
100..300;10;8161339;C;T;0.1774190068244934;145
100..300;10;8161346;A;C;0.1842110008001327;145
100..300;10;8161641;A;C;0.139831006526947;185
100..300;10;8161722;A;T;0.1276600062847137;185
100..300;10;13183119;A;G;0.1186439990997314;135
100..300;10;14932844;A;G;0.1196580007672309;170
100..300;10;14932906;C;T;0.1490200012922287;190
100..300;10;14934728;C;G;0.1262629926204681;155
100..300;10;14987265;G;A;0.152318000793457;115
100..300;10;14999909;A;C;0.2540979981422424;180
100..300;10;15008689;A;G;0.2074470072984695;145
100..300;10;15064442;G;A;0.1285710036754608;160
100..300;10;16505059;G;A;0.1825730055570602;185
100..300;10;16840519;C;T;0.1747570037841797;165
100..300;10;17594310;A;G;0.2235289961099624;130
100..300;10;17714597;C;T;0.1428570002317428;145
100..300;10;24433017;C;A;0.1777780055999755;180
100..300;10;25023760;G;A;0.3825500011444092;150
100..300;10;25024889;T;C;0.3117649853229522;155
100..300;10;26173861;A;G;0.2345679998397827;210
100..300;10;26216893;A;G;0.1842110008001327;110
100..300;10;27014676;T;A;0.2764230072498321;100
100..300;10;27028911;T;C;0.1455699950456619;110
100..300;10;27092420;C;T;0.2205879986286163;105
100..300;10;27149035;C;T;0.1418920010328292;115
100..300;10;27247771;T;TTAGA;0.1235290020704269;140
100..300;10;29532160;T;C;0.2393620014190673;160
100..300;10;29532594;C;T;0.2784090042114258;155
100..300;10;29533230;C;T;0.25;225
100..300;10;29550584;G;A;0.3391300141811371;105
100..300;10;29550858;G;A;0.2529639899730682;230
100..300;10;29551109;G;A;0.2518520057201385;230
100..300;10;29551235;G;A;0.1485709995031356;140
100..300;10;29554904;T;C;0.311024010181427;230
100..300;10;32583192;T;C;0.1621620059013366;115
100..300;10;32848623;C;T;0.1410260051488876;115
100..300;10;33180253;G;A;0.1515150070190429;225
100..300;10;33206339;T;C;0.3450289964675903;155
100..300;10;33213312;T;C;0.1594830006361007;190
100..300;10;33221735;A;G;0.25;120
100..300;10;33221840;A;G;0.2369939982891082;135
100..300;10;33263767;T;C;;160
100..300;10;36523323;T;C;0.1356469988822937;240
100..300;10;42566985;A;G;0.1386139988899231;155
100..300;10;43387894;A;T;0.181101992726326;105
100..300;10;43605076;G;C;0.202127993106842;245
100..300;10;43616358;A;G;0.3481009900569916;150
100..300;10;43616797;A;G;0.2227070033550262;195
100..300;10;44297907;A;G;0.1156459972262382;105
100..300;10;46297471;C;T;0.1590909957885742;170
100..300;10;46297485;A;G;0.1804119944572448;150
100..300;10;48451601;G;A;0.1280789971351623;155
100..300;10;48634610;T;C;0.2387100011110305;130
100..300;10;48760447;A;G;0.12568299472332;135
100..300;10;48790779;T;C;0.1692309975624084;145
100..300;10;48964066;T;C;0.1242239996790885;125
100..300;10;48978370;T;C;0.1256279945373535;150
100..300;10;49616071;A;G;0.1287879943847656;195
100..300;10;50679198;A;G;0.1178160011768341;260
100..300;10;50727636;C;T;0.1284720003604889;160
100..300;10;50809877;A;G;0.1751819998025894;110
100..300;10;52412414;A;G;0.1684779971837997;145
100..300;10;53823145;T;G;0.1494249999523162;145
100..300;10;54132882;C;T;0.1946309953927993;110
100..300;10;55599937;T;C;0.1383650004863739;115
100..300;10;58517789;C;A;0.1594199985265731;100
100..300;10;59654418;A;G;0.1706349998712539;205
100..300;10;60071893;G;C;0.1584700047969818;160
100..300;10;62198353;C;T;0.2619050145149231;110
100..300;10;66379281;A;G;0.1545449942350387;165
100..300;10;68174212;A;G;0.1180329993367195;225
100..300;10;68174501;G;C;0.201116994023323;285
100..300;10;68199485;A;C;0.1144070029258728;175
100..300;10;68341660;C;G;0.1279619932174682;160
100..300;10;68414950;A;T;0.2266670018434524;125
100..300;10;68885620;C;A;0.1146949976682663;225
100..300;10;69133035;T;C;0.2402600049972534;125
100..300;10;69186084;T;C;0.2797200083732605;115
100..300;10;69232908;T;C;0.2361810058355331;175
100..300;10;70566644;A;G;0.1455940008163452;195
100..300;10;70758074;A;G;0.1534879952669143;165
100..300;10;70758253;G;A;0.1201919987797737;155
100..300;10;71675131;C;G;0.1900829970836639;180
100..300;10;71773420;G;A;0.2032970041036605;140
100..300;10;71791212;A;G;0.2443609982728958;210
100..300;10;71799095;G;A;0.1878450065851211;140
100..300;10;71799129;A;G;0.1958329975605011;190
100..300;10;71799195;T;C;0.1716170012950897;230
100..300;10;71802987;A;G;0.2226420044898986;215
100..300;10;71815086;A;G;0.1181820034980773;245
100..300;10;71819125;C;T;0.1894270032644271;180
100..300;10;77184832;A;G;0.1243520006537437;150
100..300;10;77781211;C;T;0.137254998087883;200
100..300;10;79892150;G;A;0.1420120000839233;130
100..300;10;80166110;C;T;0.1467390060424804;135
100..300;10;84219183;A;G;0.1254130005836486;220
100..300;10;84219235;T;C;0.1237460002303123;220
100..300;10;86138972;A;G;0.125;190
100..300;10;86706708;T;C;0.134453997015953;175
100..300;10;89593209;A;G;0.1255609989166259;160
100..300;10;89611689;A;G;;105
100..300;10;89762791;G;A;0.1390729993581771;110
100..300;10;89978799;A;C;0.136584997177124;165
100..300;10;91054274;T;C;0.25;140
100..300;10;92118852;G;A;0.1485709995031356;155
100..300;10;93062929;T;C;0.1621620059013366;145
100..300;10;93402356;C;G;0.1420120000839233;130
100..300;10;93635607;G;C;0.2416110038757324;125
100..300;10;94344908;G;T;0.2101909965276718;125
100..300;10;94842865;T;C;;200
100..300;10;94941844;C;G;0.1542859971523285;135
100..300;10;95038992;C;T;0.2026139944791793;120
100..300;10;95067273;T;C;0.1553400009870529;240
100..300;10;95067362;TA;T;0.1400970071554184;200
100..300;10;95067421;C;T;0.2874250113964081;165
100..300;10;95687616;T;A;0.1513160020112991;120
100..300;10;96189816;C;A;0.1377550065517425;160
100..300;10;97469742;T;C;0.125;170
100..300;10;99845793;C;G;0.1351349949836731;170
100..300;10;99847104;T;G;0.1255410015583038;170
100..300;10;99850776;T;C;0.1308410018682479;165
100..300;10;99850808;A;G;0.137254998087883;125
100..300;10;100204555;A;G;0.1165639981627464;115
100..300;10;100746313;C;G;0.2249130010604858;245
100..300;10;100973056;C;A;0.1293530017137527;165
100..300;10;101006817;G;A;0.1878789961338043;255
100..300;10;101489279;G;A;0.1986750066280365;120
100..300;10;102425196;G;C;0.1428570002317428;100
100..300;10;102470028;T;C;0.1545449942350387;165
100..300;10;102471297;G;A;0.2145919948816299;190
100..300;10;102472959;A;G;0.2138729989528656;130
100..300;10;102504350;T;C;0.1473210006952285;165
100..300;10;103089711;A;G;0.1119399964809417;200
100..300;10;104315323;A;G;0.1516849994659423;275
100..300;10;110810372;C;G;0.176923006772995;100
100..300;10;113633160;A;T;0.1324499994516372;110
100..300;10;113634189;T;C;0.1407040059566497;140
100..300;10;113650081;T;C;0.1236559972167015;140
100..300;10;113651839;A;C;0.1630900055170059;175
100..300;10;113653034;G;A;0.1290320008993148;140
100..300;10;114045297;C;G;0.1825399994850158;100
100..300;10;116469251;C;T;0.139174997806549;145
100..300;10;121580593;G;A;0.1435189992189407;160
100..300;10;122211015;C;T;0.1351349949836731;280
100..300;10;122211054;T;C;0.1360760033130645;260
100..300;10;122983342;A;G;0.1138209998607635;180
100..300;10;123842505;T;C;0.1275169998407364;120
100..300;10;124981787;A;G;0.1321839988231659;125
100..300;10;125026585;G;A;0.1907510012388229;280
100..300;10;125027060;T;C;0.2081910073757171;255
100..300;10;127176357;T;C;0.1957450062036514;175
100..300;10;128102594;T;C;0.1385280042886734;170
100..300;10;128103237;C;G;0.1727270036935806;280
100..300;10;128103483;T;C;0.1660650074481964;225
100..300;10;128109346;A;G;0.1124500036239624;190
100..300;10;130068270;G;A;0.1705880016088485;130
100..300;10;132869351;T;C;0.1143909990787506;195
100..300;10;132922540;A;G;0.1210940033197403;200
100..300;10;133218872;G;A;0.1144279986619949;155
100..300;10;133456284;A;G;0.1388889998197555;160
100..300;10;133457333;T;TC;0.1244020015001297;155
100..300;10;133466248;T;C;0.1624999940395355;125
100..300;10;133555086;C;T;0.1302330046892166;160
100..300;10;133555331;T;C;0.1315789967775344;135
100..300;11;233212;A;C;0.1379310041666031;185
100..300;11;1102586;T;C;0.2096070051193237;180
100..300;11;1104729;A;G;0.2764230072498321;100
100..300;11;1174639;G;C;0.1337209939956665;140
100..300;11;1177356;C;T;0.125460997223854;220
100..300;11;1182438;C;T;0.3065690100193023;255
100..300;11;1194354;G;A;0.1594199985265731;115
100..300;11;1194472;G;A;0.1382980048656463;160
100..300;11;1195858;C;T;0.1739130020141601;165
100..300;11;1196002;C;T;0.2094019949436187;185
100..300;11;1196902;A;G;0.1952379941940307;165
100..300;11;1227730;A;G;0.1330650001764297;185
100..300;11;1486565;A;G;0.1234569996595382;125
100..300;11;2420373;A;G;0.1158299967646598;200
100..300;11;2561911;G;A;0.2171719968318939;160
100..300;11;2631427;G;T;0.2525250017642975;100
100..300;11;2633443;A;G;0.3014709949493408;120
100..300;11;2662187;T;C;0.139831006526947;185
100..300;11;2667296;A;G;0.2542369961738586;100
100..300;11;2669063;C;A;0.3172410130500793;130
100..300;11;2670270;A;G;0.1478870064020156;120
100..300;11;2673812;T;C;0.1927080005407333;165
100..300;11;2677404;C;T;0.12568299472332;150
100..300;11;2678630;G;A;0.151078999042511;105
100..300;11;2684113;T;A;0.1472389996051788;135
100..300;11;2687789;G;A;0.1462260037660598;165
100..300;11;2694225;A;G;0.1264369934797287;135
100..300;11;2696450;T;C;0.1756760030984878;120
100..300;11;2929328;G;A;0.1226050034165382;185
100..300;11;3101587;G;A;0.1238529980182647;160
100..300;11;3228599;A;G;0.112245000898838;235
100..300;11;3371581;A;G;0.1503760069608688;100
100..300;11;3414815;T;C;0.1201720014214515;180
100..300;11;3415262;G;A;0.1926349997520446;265
100..300;11;3418199;G;C;0.1298079937696457;145
100..300;11;3418225;C;A;0.1181100010871887;170
100..300;11;3418249;A;G;0.2391300052404403;175
100..300;11;4211488;T;C;0.1382109969854354;105
100..300;11;4475383;A;C;0.3099420070648193;160
100..300;11;4475616;T;C;0.2720589935779571;115
100..300;11;4475686;T;C;0.3888890147209167;100
100..300;11;4587032;C;A;0.1502889990806579;230
100..300;11;4988319;C;A;0.1352940052747726;125
100..300;11;5200415;G;C;0.534883975982666;185
100..300;11;5323362;C;A;0.2601630091667175;110
100..300;11;5343512;T;C;0.2045450061559677;105
100..300;11;5453940;C;G;0.1145040020346641;200
100..300;11;5454276;A;G;0.1396400034427642;165
100..300;11;5571518;C;T;0.2209739983081817;230
100..300;11;5571579;T;C;0.2365590035915374;245
100..300;11;5571969;A;G;0.3464570045471191;225
100..300;11;5571977;A;G;0.3666670024394989;220
100..300;11;5572080;G;A;0.2914290130138397;155
100..300;11;5581208;A;T;0.1467390060424804;290
100..300;11;5581385;G;A;0.1979169994592666;245
100..300;11;5581449;C;T;0.1746580004692077;230
100..300;11;5581560;G;A;0.2201489955186844;230
100..300;11;5581698;C;G;0.223021999001503;240
100..300;11;5581738;A;G;0.25;225
100..300;11;5737156;T;C;0.1267610043287277;170
100..300;11;5755365;G;T;0.1428570002317428;200
100..300;11;5788760;A;G;0.1313129961490631;150
100..300;11;6026826;C;T;0.1133600026369094;185
100..300;11;6045978;A;C;0.1739130020141601;135
100..300;11;6108607;T;C;0.2829580008983612;260
100..300;11;6217909;G;A;0.1260049939155578;280
100..300;11;6609785;T;C;0.1519609987735748;170
100..300;11;6768698;A;C;0.2664229869842529;245
100..300;11;6785265;C;T;0.2401569932699203;210
100..300;11;6785596;T;G;0.2844040095806122;190
100..300;11;6785932;G;C;0.2969920039176941;235
100..300;11;6870154;A;G;0.2452829927206039;265
100..300;11;6877264;C;T;0.2965120077133178;160
100..300;11;7635578;A;G;0.1152070015668869;155
100..300;11;8625123;G;T;0.1174089983105659;190
100..300;11;8671858;A;G;0.2295079976320266;125
100..300;11;8671858;T;G;1.75409996509552;125
100..300;11;8702732;C;CGAT;0.1348839998245239;165
100..300;11;8921395;T;C;0.1151520013809204;240
100..300;11;9094677;T;G;0.2216220051050186;165
100..300;11;10534039;G;C;0.117646999657154;160
100..300;11;10626155;A;G;0.2238270044326782;240
100..300;11;10764628;T;C;0.1651789993047714;165
100..300;11;12204399;G;T;0.3346010148525238;225
100..300;11;13010508;A;C;0.1342280060052871;115
100..300;11;16484260;C;T;0.1194439977407455;265
100..300;11;17097140;C;T;0.147826001048088;175
100..300;11;17430945;A;G;0.2443179935216903;140
100..300;11;17531558;A;G;0.2671230137348175;125
100..300;11;18209742;A;C;0.2020200043916702;165
100..300;11;18742479;C;G;0.375;185
100..300;11;21613736;G;C;0.3853209912776947;100
100..300;11;21613749;G;T;0.4144139885902405;100
100..300;11;22859456;T;C;0.1788080036640167;115
100..300;11;23404344;C;A;0.1459459960460662;150
100..300;11;26565254;A;G;0.544642984867096;115
100..300;11;26565443;C;T;0.1901410073041916;125
100..300;11;26565586;C;T;0.5309730172157288;125
100..300;11;27093241;T;C;0.2064519971609115;120
100..300;11;27125723;A;G;0.1335880011320114;190
100..300;11;27368134;T;C;0.1785710006952285;165
100..300;11;27699390;T;C;0.1151319965720176;220
100..300;11;29725946;G;A;0.1318680047988891;135
100..300;11;32683530;T;C;0.1294119954109192;115
100..300;11;33542577;C;T;0.1382350027561187;260
100..300;11;33559760;A;G;0.1438360065221786;115
100..300;11;33645787;G;A;0.1120330020785331;180
100..300;11;34461361;T;C;0.1152070015668869;150
100..300;11;35032270;T;A;0.189872995018959;125
100..300;11;35204608;G;A;0.1164020001888275;135
100..300;11;36574050;G;A;0.1570509970188141;240
100..300;11;43523281;C;A;0.1621620059013366;120
100..300;11;44275396;T;C;0.1102660000324249;190
100..300;11;46784521;A;G;0.1351349949836731;165
100..300;11;48144715;C;G;0.2335029989480972;155
100..300;11;48264682;G;A;0.1744190007448196;135
100..300;11;48264704;T;C;0.1964289993047714;130
100..300;11;48365634;G;A;0.3795619904994964;130
100..300;11;48991502;T;C;0.3677130043506622;205
100..300;11;49059064;C;T;0.2620970010757446;205
100..300;11;49186746;G;A;0.1261260062456131;135
100..300;11;55343762;A;C;0.1704549938440323;240
100..300;11;55367959;T;C;0.1538459956645965;185
100..300;11;55554735;G;A;0.1354579925537109;215
100..300;11;55572322;T;C;0.1171879991889;210
100..300;11;55811464;A;G;0.1367920041084289;155
100..300;11;55820438;G;A;0.1563519984483719;235
100..300;11;55839342;T;C;0.1328410059213638;225
100..300;11;55885487;G;A;0.136363998055458;110
100..300;11;55885688;A;G;0.1578949987888336;150
100..300;11;56232590;A;G;0.1920289993286132;225
100..300;11;56290721;A;G;0.1424729973077774;295
100..300;11;56346099;G;A;0.1396400034427642;170
100..300;11;56346117;A;C;0.1428570002317428;185
100..300;11;56417412;A;G;0.1235060021281242;190
100..300;11;56664358;G;A;0.14130400121212;210
100..300;11;56740556;A;G;0.1748629957437515;150
100..300;11;56820024;C;CA;0.30621999502182;200
100..300;11;56989546;A;G;0.1353709995746612;170
100..300;11;57018744;T;C;0.2479339987039566;105
100..300;11;57576551;T;G;0.1139239966869354;235
100..300;11;58203723;A;G;0.1700679957866668;250
100..300;11;58203729;A;G;0.1611839979887008;255
100..300;11;58215112;C;T;0.1445779949426651;260
100..300;11;58215148;G;A;0.1415659934282302;260
100..300;11;58215424;T;G;0.1223879978060722;250
100..300;11;58215722;G;A;0.141414001584053;135
100..300;11;58267071;T;C;0.1163640022277832;205
100..300;11;58358832;T;A;0.1428570002317428;135
100..300;11;58724448;T;A;0.189872995018959;120
100..300;11;58834836;T;C;0.1428570002317428;100
100..300;11;59457292;C;A;0.1171170026063919;260
100..300;11;59492373;T;C;0.1107489988207817;220
100..300;11;59855960;A;G;0.1255230009555816;175
100..300;11;60046700;A;G;0.1130950003862381;120
100..300;11;60763791;G;A;0.1162789985537529;190
100..300;11;61343874;G;C;0.140186995267868;160
100..300;11;61720218;A;G;0.1150790005922317;175
100..300;11;61962564;A;G;0.1483519971370697;295
100..300;11;62169472;T;C;0.2211840003728866;265
100..300;11;62331471;TGAC;T;6.0;105
100..300;11;62611329;C;T;0.1199999973177909;285
100..300;11;62909748;A;G;0.1474650055170059;170
100..300;11;62910834;T;G;0.1159420013427734;280
100..300;11;62984439;A;C;0.1157409995794296;165
100..300;11;63014974;T;C;0.138727992773056;145
100..300;11;63143785;A;C;0.13297900557518;150
100..300;11;63290453;A;G;0.1343870013952255;195
100..300;11;63297351;C;T;0.1341989934444427;170
100..300;11;63304838;T;C;0.1185569986701011;145
100..300;11;64117815;T;C;0.1368079930543899;240
100..300;11;64200298;G;C;0.1446540057659149;120
100..300;11;65021722;C;T;0.2514289915561676;150
100..300;11;65214382;T;G;0.2716050148010254;135
100..300;11;65411339;T;C;0.139174997806549;140
100..300;11;65552241;A;G;0.1106719970703125;200
100..300;11;65728100;T;C;0.1231530010700225;155
100..300;11;66316311;A;G;0.3212999999523163;265
100..300;11;66341562;C;T;0.234375;160
100..300;11;67647021;T;C;0.1818179935216903;195
100..300;11;67801137;G;T;0.1502349972724914;160
100..300;11;67975047;G;A;0.2243590056896209;115
100..300;11;67995753;A;G;0.1226420029997825;225
100..300;11;68022775;T;C;0.1909549981355667;160
100..300;11;69086544;G;A;0.1273290067911148;240
100..300;11;70167400;T;C;0.122698999941349;125
100..300;11;70339219;T;C;0.1245670020580291;215
100..300;11;72577606;T;TG;0.2206899970769882;140
100..300;11;72579585;A;G;0.1428570002317428;195
100..300;11;73235263;A;T;0.2041880041360855;155
100..300;11;73970045;T;C;0.1305969953536987;195
100..300;11;74074281;C;T;0.1581919938325882;140
100..300;11;74338524;G;A;0.1260869950056076;170
100..300;11;77214596;T;C;0.1837839931249618;140
100..300;11;77243743;TA;T;0.1287550032138824;165
100..300;11;77243767;C;T;0.1126760020852088;195
100..300;11;77243788;A;G;0.1184210032224655;210
100..300;11;77701601;A;G;0.129963994026184;235
100..300;11;78079609;C;G;;220
100..300;11;78114274;C;T;0.1485709995031356;135
100..300;11;78726137;A;G;0.119047999382019;180
100..300;11;82824921;T;C;0.1403509974479675;100
100..300;11;82853252;G;T;0.1310340017080307;105
100..300;11;83166001;A;G;0.1895419955253601;135
100..300;11;85916065;C;T;0.119718000292778;105
100..300;11;86556591;T;C;0.1219509989023208;150
100..300;11;86622392;T;A;0.1690140068531036;140
100..300;11;88175178;G;C;0.2810809910297394;170
100..300;11;90135587;A;G;0.1208790019154548;135
100..300;11;90282710;G;A;0.125;270
100..300;11;92353828;T;C;0.1534879952669143;180
100..300;11;92890711;A;G;0.1972479969263076;180
100..300;11;93396317;C;G;0.1467390060424804;130
100..300;11;93396318;G;A;0.1467390060424804;130
100..300;11;93726994;C;A;0.1942449957132339;115
100..300;11;94589186;T;A;0.1390729993581771;115
100..300;11;94589187;A;G;0.1390729993581771;115
100..300;11;95831095;G;A;0.137254998087883;120
100..300;11;100992365;G;A;0.1828570067882537;140
100..300;11;100992623;A;C;0.1490380018949508;160
100..300;11;101476362;G;A;0.1623039990663528;155
100..300;11;102527862;T;C;0.1314740031957626;195
100..300;11;102695089;A;C;0.2558139860630035;105
100..300;11;108173261;T;C;0.1172839999198913;130
100..300;11;108509585;C;T;0.1574070006608963;175
100..300;11;108675741;G;A;0.1473679989576339;140
100..300;11;110773809;C;T;0.2974680066108703;130
100..300;11;110788295;G;A;0.2554109990596771;205
100..300;11;111926180;G;A;0.1137439981102943;165
100..300;11;113399293;C;G;0.1114749982953071;245
100..300;11;113400106;A;G;0.1756760030984878;180
100..300;11;113411573;G;T;0.1298079937696457;145
100..300;11;113789854;G;A;0.1846150010824203;150
100..300;11;117395596;G;C;0.2259259968996048;215
100..300;11;117439306;G;A;0.125;165
100..300;11;117465006;C;T;0.2511210143566131;185
100..300;11;117993348;G;A;0.1307190060615539;225
100..300;11;118015738;T;C;0.1244020015001297;160
100..300;11;118167098;T;G;0.1242239996790885;125
100..300;11;118264079;AGCCC;A;0.1544120013713836;110
100..300;11;118339245;C;A;0.1828570067882537;135
100..300;11;118534353;G;A;0.1236559972167015;155
100..300;11;118534590;A;G;0.1333329975605011;160
100..300;11;118600708;C;T;0.1168830022215843;110
100..300;11;118601639;A;C;0.1329479962587356;130
100..300;11;119092106;A;C;0.2085890024900436;135
100..300;11;119345794;T;C;0.1245670020580291;215
100..300;11;120458149;C;T;0.1256040036678314;150
100..300;11;121157872;G;C;0.1491709947586059;140
100..300;11;121362877;C;G;0.1571429967880249;205
100..300;11;122809891;T;C;0.1555559933185577;105
100..300;11;122867553;G;A;0.354544997215271;100
100..300;11;123458932;G;A;0.1677419990301132;130
100..300;11;123906791;T;C;0.632652997970581;170
100..300;11;123907029;C;T;0.3769629895687103;185
100..300;11;123943116;A;G;0.2056739926338195;230
100..300;11;123943233;C;G;0.2471480071544647;230
100..300;11;123943782;G;A;0.2937850058078766;155
100..300;11;123976685;C;G;0.3709680140018463;120
100..300;11;123994598;A;G;0.281125009059906;230
100..300;11;124009874;C;T;0.1761360019445419;140
100..300;11;124023527;G;A;0.2150260061025619;290
100..300;11;124023695;G;A;0.2153279930353164;235
100..300;11;124038366;G;C;0.2005649954080581;245
100..300;11;124038465;A;G;0.1754869967699051;225
100..300;11;124038943;G;C;0.2289559990167617;150
100..300;11;124038946;T;G;0.2289559990167617;155
100..300;11;124038949;A;G;0.2289559990167617;155
100..300;11;124137193;T;C;0.1317829936742782;190
100..300;11;124516869;G;C;0.1242939978837966;130
100..300;11;124625017;C;T;0.119497001171112;115
100..300;11;124872469;A;G;0.1855199933052063;170
100..300;11;125582418;G;A;0.1294119954109192;130
100..300;11;125609601;T;C;0.1358020007610321;125
100..300;11;125747715;G;A;0.1888110041618347;110
100..300;11;126021267;G;A;0.1794870048761367;100
100..300;11;126521402;G;T;0.2804880142211914;205
100..300;11;129442765;T;C;0.1434430032968521;180
100..300;11;130120692;G;A;0.1452510058879852;135
100..300;11;130672987;T;C;0.1588239967823028;125
100..300;11;130880747;C;A;0.1171550005674362;175
100..300;11;130907991;A;G;0.1203010007739067;190
100..300;11;130914593;G;A;0.1858740001916885;210
100..300;11;130914721;C;T;0.1594199985265731;215
100..300;11;130915310;A;G;0.1311479955911636;200
100..300;11;131180999;C;G;0.1238100007176399;155
100..300;11;131661106;C;T;0.2786889970302582;110
100..300;12;139036;G;C;0.1538459956645965;125
100..300;12;202783;G;A;0.2627120018005371;185
100..300;12;548238;A;G;0.1125399991869926;230
100..300;12;881746;C;A;0.2318840026855468;170
100..300;12;883063;T;C;0.1308410018682479;150
100..300;12;889199;T;G;0.2971430122852325;150
100..300;12;2782270;A;T;0.1282050013542175;125
100..300;12;3640708;C;T;0.1794870048761367;115
100..300;12;3673481;T;A;0.1143909990787506;205
100..300;12;3840332;A;T;0.1219509989023208;260
100..300;12;3842028;T;C;0.1102660000324249;205
100..300;12;4097647;C;T;0.1650490015745163;175
100..300;12;4627876;A;G;0.2228920012712478;145
100..300;12;5967474;G;A;0.1355929970741272;135
100..300;12;5981834;G;A;0.2117120027542114;180
100..300;12;5985618;C;T;0.1622519940137863;225
100..300;12;5985679;A;G;0.2788459956645965;170
100..300;12;6453587;G;A;0.2046979963779449;235
100..300;12;6453644;G;A;0.1805559992790222;220
100..300;12;6465878;T;G;0.2055560052394867;140
100..300;12;6537154;C;T;0.1238529980182647;170
100..300;12;6537943;C;T;0.1183210015296936;200
100..300;12;8234282;T;C;0.191099002957344;295
100..300;12;8235753;G;A;0.25;165
100..300;12;10112395;C;G;0.1304350048303604;145
100..300;12;10160476;C;T;0.2037039995193481;135
100..300;12;10702026;A;G;0.2064779996871948;190
100..300;12;10806432;T;C;0.1411290019750595;200
100..300;12;10809516;G;A;0.1265430003404617;250
100..300;12;10986336;C;T;0.1752990037202835;215
100..300;12;11186175;C;A;0.1434980034828186;180
100..300;12;11186377;T;C;0.1277779936790466;145
100..300;12;11870089;G;C;0.2755559980869293;215
100..300;12;11870839;A;C;0.2352939993143081;160
100..300;12;11870909;A;C;0.1142859980463981;165
100..300;12;11871007;T;C;0.235848993062973;190
100..300;12;11872176;G;A;0.1314290016889572;145
100..300;12;11875223;T;G;0.1459850072860717;105
100..300;12;11884244;A;G;0.1274899989366531;200
100..300;12;12094660;G;A;0.1304350048303604;165
100..300;12;12094682;C;T;0.119266003370285;170
100..300;12;12477412;A;G;0.111455000936985;250
100..300;12;12827392;A;T;0.1396649926900863;125
100..300;12;12949671;A;G;0.1224490031599998;235
100..300;12;13213665;T;C;0.1179490014910698;160
100..300;12;13865843;C;G;0.1355140060186386;175
100..300;12;14806457;C;T;0.1601559966802597;215
100..300;12;14823244;A;T;0.1220469996333122;190
100..300;12;14823483;C;CTA;0.1295550018548965;195
100..300;12;16272722;T;A;0.1297300010919571;145
100..300;12;16400156;C;T;0.1854840070009231;200
100..300;12;18290875;A;C;0.1294959932565689;110
100..300;12;18496123;T;C;0.2013889998197555;110
100..300;12;18503291;A;G;0.1528660058975219;110
100..300;12;19456569;G;A;0.2290499955415725;155
100..300;12;19456819;G;A;0.1531530022621154;190
100..300;12;19456995;A;G;0.247748002409935;195
100..300;12;19457018;G;A;0.2202640026807785;190
100..300;12;19457019;C;A;0.2202640026807785;190
100..300;12;19457097;C;T;0.1254899948835373;190
100..300;12;20875274;C;G;0.1589740067720413;150
100..300;12;24832719;A;G;0.2710840106010437;145
100..300;12;24901957;A;G;0.2111109942197799;225
100..300;12;25146987;A;G;0.1333329975605011;130
100..300;12;26495159;T;C;0.2773720026016235;110
100..300;12;27082448;A;G;0.1658540070056915;150
100..300;12;27470725;A;T;0.1783780008554458;145
100..300;12;27692876;T;C;0.1320749968290329;120
100..300;12;27920239;A;T;0.2409639954566955;140
100..300;12;30719244;A;G;0.1515150070190429;120
100..300;12;30726042;C;G;0.2195120006799698;100
100..300;12;30728875;C;T;0.1520909965038299;210
100..300;12;30753424;A;G;0.1235060021281242;175
100..300;12;31982009;G;A;0.1818179935216903;155
100..300;12;31983004;G;A;0.1391299962997436;185
100..300;12;31985476;G;A;0.2034880071878433;150
100..300;12;38202865;A;G;0.3231709897518158;145
100..300;12;40429552;C;G;0.1472869962453842;100
100..300;12;40479224;A;G;0.1790390014648437;190
100..300;12;40479853;A;G;0.1330800056457519;215
100..300;12;40479961;A;G;0.1123600006103515;205
100..300;12;42459282;A;C;0.1677419990301132;120
100..300;12;42679110;T;C;0.137254998087883;120
100..300;12;43660428;G;A;0.3142859935760498;130
100..300;12;47844974;G;A;0.2426780015230178;205
100..300;12;47879112;G;A;0.1115539968013763;185
100..300;12;47982508;A;G;0.1478600054979324;190
100..300;12;48133403;T;C;0.1487600058317184;180
100..300;12;48203092;CA;C;0.1331270039081573;260
100..300;12;48486168;G;T;0.2063490003347396;150
100..300;12;48494811;T;C;0.2768360078334808;155
100..300;12;48525876;C;T;0.3013699948787689;275
100..300;12;48525877;A;G;0.3013699948787689;270
100..300;12;48526013;T;C;0.203125;260
100..300;12;48560257;G;A;0.28125;200
100..300;12;48560442;C;G;0.2283740043640136;240
100..300;12;50090230;A;G;0.1220929995179176;125
100..300;12;50350798;T;A;0.1170890033245086;250
100..300;12;51125004;G;C;0.1102039963006973;190
100..300;12;52229200;A;G;0.1218490004539489;175
100..300;12;52469307;T;G;0.1206229999661445;210
100..300;12;52573333;T;C;0.1466670036315918;230
100..300;12;52601458;A;G;0.1437910050153732;120
100..300;12;52777217;A;G;0.1295769959688186;275
100..300;12;52808399;G;C;0.1725659966468811;180
100..300;12;52811973;C;T;0.1758240014314651;140
100..300;12;53315126;G;A;0.2129629999399185;175
100..300;12;53945268;A;C;0.1502590030431747;160
100..300;12;54517642;T;C;0.1595740020275116;145
100..300;12;54802939;T;C;0.1195219978690147;200
100..300;12;55469614;A;G;0.1343279927968979;105
100..300;12;55575165;A;G;0.163792997598648;185
100..300;12;55683815;T;A;0.1589400023221969;125
100..300;12;55688241;C;G;0.1349480003118515;225
100..300;12;56712876;T;A;0.1294119954109192;210
100..300;12;56720523;T;A;0.1314879953861236;225
100..300;12;57732451;A;C;0.1513759940862655;155
100..300;12;59779575;T;A;0.1836729943752288;115
100..300;12;61879443;C;G;0.2594340145587921;170
100..300;12;61880351;T;G;0.2191780060529709;130
100..300;12;63150429;G;A;0.1124500036239624;185
100..300;12;63871944;T;C;0.1869920045137405;105
100..300;12;64830394;G;A;0.1156459972262382;110
100..300;12;65120486;C;T;0.1173909977078437;160
100..300;12;66305115;C;T;0.1152070015668869;160
100..300;12;68223439;T;C;0.1894740015268325;140
100..300;12;68689025;A;G;0.1273889988660812;115
100..300;12;68690761;G;A;0.1234569996595382;120
100..300;12;68721918;A;G;0.1655170023441314;110
100..300;12;69957904;A;C;0.1208050027489662;110
100..300;12;70534836;A;G;0.1446540057659149;120
100..300;12;70596274;C;T;0.2628209888935089;135
100..300;12;70920322;T;C;0.2818790078163147;125
100..300;12;74292636;C;T;0.2328770011663437;125
100..300;12;75298975;T;A;0.1555559933185577;105
100..300;12;75506808;G;A;0.1638419926166534;130
100..300;12;76060186;A;G;0.2089550048112869;150
100..300;12;78177134;C;G;0.1515150070190429;105
100..300;12;80588318;G;A;0.1385540068149566;135
100..300;12;89523260;A;G;0.1589960008859634;205
100..300;12;89635124;C;T;0.2428569942712783;125
100..300;12;92428084;C;CT;0.2684560120105743;130
100..300;12;99246381;C;G;0.1284399926662445;170
100..300;12;99655061;A;T;0.215827003121376;120
100..300;12;100578871;T;A;0.3174600005149841;115
100..300;12;100579381;C;T;0.4464290142059326;115
100..300;12;100579931;T;C;0.3553720116615295;120
100..300;12;100739970;C;A;0.3248409926891327;145
100..300;12;101158297;A;G;0.1513160020112991;115
100..300;12;101166550;A;C;0.131068006157875;145
100..300;12;101193740;T;C;0.1289200037717819;210
100..300;12;101632148;G;C;0.1756760030984878;115
100..300;12;101675299;G;A;0.1422020047903061;165
100..300;12;101723811;T;C;0.1638419926166534;125
100..300;12;101764985;C;T;0.1146949976682663;225
100..300;12;103777964;T;C;0.1333329975605011;275
100..300;12;104251606;G;C;0.1393440067768097;185
100..300;12;105039745;A;T;0.2298139929771423;130
100..300;12;105040689;T;C;0.2380950003862381;150
100..300;12;105820515;A;G;0.3716810047626495;100
100..300;12;106195880;G;C;0.1327009946107864;155
100..300;12;106239791;T;C;0.153558000922203;225
100..300;12;107642126;C;T;0.1794870048761367;145
100..300;12;107657629;A;G;0.1333329975605011;255
100..300;12;108292231;G;C;0.2536759972572326;250
100..300;12;108592255;T;C;0.1286309957504272;185
100..300;12;109199567;C;G;0.1323529928922653;155
100..300;12;109233933;A;C;0.2870369851589203;185
100..300;12;112875665;T;C;0.2514289915561676;135
100..300;12;112881795;T;C;0.2690060138702392;140
100..300;12;112887824;C;T;0.1985290050506591;105
100..300;12;115970733;G;A;0.1434780061244964;170
100..300;12;116008640;T;C;0.1123600006103515;210
100..300;12;117280881;C;G;0.1266669929027557;115
100..300;12;120224174;C;T;0.109043002128601;270
100..300;12;120446525;T;C;0.1137119978666305;250
100..300;12;120655818;A;AGTGC;0.1951220035552978;175
100..300;12;120783658;G;A;0.1397060006856918;105
100..300;12;121016345;T;C;0.1619430035352707;195
100..300;12;121177300;A;G;0.1545449942350387;175
100..300;12;121184760;A;G;0.2131150066852569;160
100..300;12;121222984;C;T;0.2735430002212524;185
100..300;12;123694870;C;T;0.1755730062723159;105
100..300;12;124347928;A;G;0.1287879943847656;200
100..300;12;124935820;CT;C;0.4574469923973083;125
100..300;12;124935828;G;T;0.1170210018754005;115
100..300;12;124935828;T;TA;0.1170210018754005;115
100..300;12;124954070;C;A;0.1648939996957779;145
100..300;12;124956813;C;T;0.2172410041093826;240
100..300;12;124964924;A;G;0.1360000073909759;180
100..300;12;125350254;A;G;0.1333329975605011;195
100..300;12;128794319;G;A;0.2009570002555847;165
100..300;12;129014381;G;A;0.1307689994573593;100
100..300;12;130354620;A;G;0.1219509989023208;215
100..300;12;132023844;G;A;0.1172410026192665;215
100..300;12;132054955;AT;A;0.0064516100101172;145
100..300;12;132054955;A;AT;0.1935479938983917;145
100..300;12;132139773;C;G;0.1281139999628067;215
100..300;12;132606232;A;G;0.1916670054197311;275
100..300;12;132625629;A;G;0.1647730022668838;135
100..300;12;132632300;T;C;0.1883119940757751;120
100..300;12;132643245;C;T;0.1527090072631836;150
100..300;12;132643940;C;T;0.1658989936113357;170
100..300;12;132659414;T;C;0.2307689934968948;220
100..300;12;132728018;T;C;0.1369049996137619;120
100..300;12;132786420;A;G;0.1813949942588806;170
100..300;12;132851656;A;G;0.2595419883728027;220
100..300;12;133063073;A;G;0.1293099969625473;180
100..300;12;133151899;C;A;0.1199999973177909;105
100..300;12;133234294;T;C;0.1282050013542175;145
100..300;13;19051200;A;G;0.1502889990806579;130
100..300;13;19051230;G;A;0.1510419994592666;140
100..300;13;19369630;G;A;0.1242939978837966;120
100..300;13;19382831;C;G;0.1359219998121261;245
100..300;13;19382860;C;T;0.139610007405281;245
100..300;13;19564790;G;A;0.1654929965734481;215
100..300;13;21287727;A;G;0.1544120013713836;100
100..300;13;23134284;A;G;0.1568630039691925;125
100..300;13;23941368;T;C;0.1317570060491562;215
100..300;13;24321421;G;A;0.1814949959516525;140
100..300;13;24455080;T;C;0.1243520006537437;145
100..300;13;24486175;G;A;0.1484719961881637;175
100..300;13;24698732;T;C;0.2595160007476806;230
100..300;13;25469044;C;A;0.1230280026793479;230
100..300;13;25551513;A;G;0.1496600061655044;115
100..300;13;27273029;T;C;0.1776320040225982;130
100..300;13;27988468;G;T;0.1142859980463981;135
100..300;13;28049622;T;C;0.1173179969191551;145
100..300;13;29306932;A;C;0.1836729943752288;115
100..300;13;29535802;A;G;0.1209679991006851;100
100..300;13;30646969;T;C;0.1180120036005973;115
100..300;13;31933289;C;T;0.1639340072870254;140
100..300;13;32135016;C;A;0.1243240013718605;145
100..300;13;32173517;A;C;0.1411760002374649;130
100..300;13;32202479;A;T;0.1194690018892288;165
100..300;13;32310634;C;T;0.2937850058078766;145
100..300;13;32311517;C;T;0.1844259947538375;205
100..300;13;32337751;G;A;0.1605840027332306;115
100..300;13;32355095;G;A;0.1367190033197403;205
100..300;13;32362509;C;T;0.2941179871559143;115
100..300;13;33054001;G;T;0.2462310045957565;190
100..300;13;33054056;C;G;0.1935479938983917;205
100..300;13;33054102;A;G;0.1706349998712539;205
100..300;13;33126237;G;T;0.2568309903144836;155
100..300;13;33129519;C;T;0.2478989958763122;215
100..300;13;33129928;C;T;0.1774650067090988;290
100..300;13;35810894;T;G;0.1317829936742782;190
100..300;13;35822894;G;C;0.1283780038356781;120
100..300;13;35827772;C;T;0.2480619996786117;110
100..300;13;36170663;A;G;0.1353709995746612;175
100..300;13;39012206;C;G;0.1276600062847137;135
100..300;13;39013728;C;A;0.1158299967646598;200
100..300;13;39013752;C;T;0.1196909993886947;200
100..300;13;40941235;T;C;0.1155119985342025;225
100..300;13;41611560;C;T;0.2288140058517456;100
100..300;13;42070444;T;A;0.1142859980463981;165
100..300;13;42127581;G;A;0.1493510007858276;115
100..300;13;43029735;T;C;0.2786889970302582;100
100..300;13;43968535;T;C;0.1552799940109253;105
100..300;13;45436541;T;C;0.1314979940652847;260
100..300;13;46098786;C;G;0.1180120036005973;220
100..300;13;46257136;T;A;0.1291210055351257;265
100..300;13;46834899;A;G;0.146465003490448;155
100..300;13;49506691;T;G;0.1800000071525573;150
100..300;13;49549513;A;G;0.2581599950790405;280
100..300;13;49549552;T;G;0.2535209953784942;290
100..300;13;49551486;T;C;0.1641789972782135;105
100..300;13;49559963;C;T;0.2324559986591339;180
100..300;13;49560014;G;A;0.286884993314743;200
100..300;13;49567226;A;G;0.1603769958019256;160
100..300;13;51799678;C;G;0.3615379929542541;115
100..300;13;52135802;C;A;0.1534650027751922;150
100..300;13;53028942;C;T;0.1104099974036216;235
100..300;13;58528741;C;T;0.1362009942531585;215
100..300;13;59666827;T;C;0.1449279934167862;165
100..300;13;67902265;C;T;0.2477879971265792;105
100..300;13;70924211;T;G;0.1216220036149025;175
100..300;13;72755220;A;G;0.1168219968676567;150
100..300;13;75326374;A;G;0.1370970010757446;185
100..300;13;75341125;C;A;0.1624999940395355;120
100..300;13;76957226;T;C;0.1495330035686493;255
100..300;13;77000848;G;A;0.1172410026192665;115
100..300;13;89361587;C;G;0.1337579935789108;120
100..300;13;89991965;T;G;0.1369860023260116;110
100..300;13;89992074;A;G;0.125;125
100..300;13;94382495;A;G;0.1369290053844452;175
100..300;13;97992999;G;A;0.1487600058317184;100
100..300;13;98390136;C;T;0.1902649998664856;180
100..300;13;98395734;A;G;0.2692309916019439;250
100..300;13;98395772;C;T;0.2800000011920929;245
100..300;13;98884963;T;G;0.218542993068695;120
100..300;13;98888141;G;A;0.3247860074043274;100
100..300;13;98914181;A;G;0.3522010147571563;155
100..300;13;98923314;A;G;0.1989250034093856;145
100..300;13;100635086;T;C;0.2780269980430603;190
100..300;13;100636738;T;C;0.1803279966115951;145
100..300;13;100670368;C;G;0.1943130046129226;165
100..300;13;101067948;G;T;0.2450329959392547;120
100..300;13;106663811;C;T;0.2478629946708679;100
100..300;13;106714750;ACTGCTGCTG;A;1.727270007133484;135
100..300;13;110161362;A;G;0.2080920040607452;140
100..300;13;110198495;G;A;0.1743119955062866;175
100..300;13;110206722;C;G;0.2910450100898742;120
100..300;13;110469273;T;C;0.1974789947271347;185
100..300;13;110480209;T;C;0.1353379935026168;105
100..300;13;110503432;A;G;0.117646999657154;185
100..300;13;110508071;T;C;0.1162789985537529;255
100..300;13;110937240;C;G;0.256410002708435;180
100..300;13;110937681;G;A;0.2173909991979599;170
100..300;13;110938918;A;G;0.2359150052070617;240
100..300;13;112819284;C;CAT;0.2000000029802322;120
100..300;14;19975784;G;A;0.1327009946107864;110
100..300;14;19975853;T;A;0.1476790010929107;180
100..300;14;19975867;G;T;0.1652169972658157;190
100..300;14;19976034;C;A;0.1369860023260116;165
100..300;14;19976282;A;C;0.1666669994592666;125
100..300;14;20002693;C;CT;0.1275860071182251;255
100..300;14;20060091;T;G;0.1187499985098838;125
100..300;14;20060162;G;A;0.1641030013561248;150
100..300;14;20060203;G;A;;150
100..300;14;20060523;C;T;0.1633660048246383;165
100..300;14;20197631;A;T;0.2041669934988021;200
100..300;14;20197681;A;G;0.2007579952478408;220
100..300;14;20229430;T;C;0.1310340017080307;110
100..300;14;21162664;T;C;0.1213390007615089;180
100..300;14;21665635;G;A;0.1322309970855713;190
100..300;14;22086736;C;T;0.1624999940395355;135
100..300;14;22105548;A;T;0.2372879981994629;115
100..300;14;22105548;TA;T;0.2372879981994629;115
100..300;14;22469569;T;A;0.1375660002231598;140
100..300;14;22478914;T;C;0.1685390025377273;135
100..300;14;22545118;G;C;0.1428570002317428;130
100..300;14;22634064;G;A;0.1791040003299713;220
100..300;14;22634135;T;C;0.1346800029277801;240
100..300;14;22634450;T;C;0.1871919929981231;245
100..300;14;22778903;G;A;0.1189590021967887;180
100..300;14;22829926;T;G;0.2088609933853149;165
100..300;14;22884857;C;G;0.1114209964871406;265
100..300;14;23307890;A;G;0.1860470026731491;180
100..300;14;23423679;G;A;0.1188409999012947;250
100..300;14;23563818;A;G;0.1256279945373535;150
100..300;14;23750320;A;G;0.1407770067453384;165
100..300;14;24051009;C;T;0.1256040036678314;140
100..300;14;24074599;C;G;0.1227440014481544;205
100..300;14;24409279;A;G;0.1150790005922317;195
100..300;14;24428000;G;C;0.1243240013718605;140
100..300;14;24432227;T;C;0.1318680047988891;290
100..300;14;24507368;C;T;0.1278540045022964;160
100..300;14;25267262;C;G;0.1150790005922317;180
100..300;14;30906116;T;A;0.3205130100250244;130
100..300;14;30912145;C;T;0.3444440066814422;155
100..300;14;30956251;T;A;0.1400000005960464;110
100..300;14;31109556;T;C;0.1520909965038299;210
100..300;14;31129042;G;A;0.1314740031957626;195
100..300;14;32637966;G;A;0.115385003387928;110
100..300;14;34629893;G;A;0.1542059928178787;160
100..300;14;34740374;C;G;0.2201829999685287;180
100..300;14;34740685;A;G;0.2510119974613189;110
100..300;14;34740780;A;G;0.2292490005493164;160
100..300;14;34794777;C;T;0.1576759964227676;185
100..300;14;35077167;C;T;0.1822659969329834;155
100..300;14;35761018;G;T;0.1911759972572326;110
100..300;14;36759299;T;C;0.136363998055458;120
100..300;14;39348824;G;A;0.1507689952850341;250
100..300;14;39386051;C;T;0.1500000059604644;140
100..300;14;50760282;G;A;0.122137002646923;200
100..300;14;52027354;A;G;0.137254998087883;115
100..300;14;53991531;C;CTTCTT;0.1942860037088394;160
100..300;14;55766351;T;G;0.1414629966020584;165
100..300;14;56296635;T;C;0.1137439981102943;160
100..300;14;56585793;T;G;0.2586210072040558;140
100..300;14;58138132;C;A;0.1116280034184455;165
100..300;14;58371950;G;A;0.2038220018148422;120
100..300;14;58371983;T;C;0.1971829980611801;110
100..300;14;59565278;A;G;0.1164020001888275;140
100..300;14;59576605;A;G;0.1748629957437515;140
100..300;14;61996048;C;T;0.136691004037857;110
100..300;14;62283828;T;C;0.1294119954109192;125
100..300;14;62708242;T;C;0.2346149981021881;230
100..300;14;64442127;A;G;0.2204719930887222;210
100..300;14;64564816;T;C;0.274073988199234;120
100..300;14;64787031;T;C;0.1086260005831718;225
100..300;14;64793509;G;T;0.1156070008873939;265
100..300;14;64796582;T;C;0.1163790002465248;170
100..300;14;64796629;T;C;0.1214289963245391;205
100..300;14;64800751;C;T;0.126581996679306;175
100..300;14;64804932;G;A;0.1183430030941963;135
100..300;14;66013050;C;A;0.2038830071687698;245
100..300;14;66013479;A;G;0.1157409995794296;160
100..300;14;67579885;T;C;0.1419350057840347;120
100..300;14;69229075;A;G;0.3257580101490021;125
100..300;14;69237836;T;G;0.4207650125026703;170
100..300;14;69527850;T;C;0.1119399964809417;190
100..300;14;69796931;T;C;0.1480139940977096;220
100..300;14;69886100;A;G;0.3351959884166717;150
100..300;14;70013498;A;T;0.2459889948368072;150
100..300;14;70167829;T;C;0.2000000029802322;205
100..300;14;70247244;A;G;0.1568630039691925;160
100..300;14;70247245;C;T;0.1568630039691925;160
100..300;14;70247264;G;A;0.3300490081310272;160
100..300;14;70247374;T;C;0.1265310049057006;100
100..300;14;70247542;G;A;0.3239440023899078;140
100..300;14;70457885;G;T;0.1254750043153762;190
100..300;14;70595626;G;A;0.1834319978952407;135
100..300;14;70595718;T;C;0.1409689933061599;170
100..300;14;72662275;C;T;0.1337579935789108;105
100..300;14;72753312;G;A;0.1165409982204437;200
100..300;14;72938087;A;G;0.1456950008869171;110
100..300;14;72958607;T;C;0.1137249991297721;190
100..300;14;73260801;G;T;0.1904760003089904;140
100..300;14;73595264;C;T;0.2614839971065521;255
100..300;14;73988110;A;C;0.1215469986200332;140
100..300;14;74057246;A;G;0.1291289925575256;245
100..300;14;74526097;G;A;0.1571429967880249;160
100..300;14;76310914;T;C;0.1409090012311935;160
100..300;14;77413962;T;C;0.1666669994592666;140
100..300;14;85622971;A;G;0.1184210032224655;240
100..300;14;89932563;A;G;0.1712329983711242;110
100..300;14;90279078;C;T;0.203791007399559;170
100..300;14;92121658;G;T;0.1443659961223602;230
100..300;14;92454027;T;C;0.1981569975614547;180
100..300;14;92932736;A;G;0.1103449985384941;215
100..300;14;94290113;A;T;0.1145040020346641;295
100..300;14;94446462;A;G;0.1476320028305053;265
100..300;14;94446559;G;T;0.125;215
100..300;14;95407315;C;A;0.1823900043964386;125
100..300;14;95439984;A;G;0.1985819935798645;215
100..300;14;95452288;C;T;0.2546299993991852;175
100..300;14;96086522;C;G;0.1369860023260116;120
100..300;14;96833516;G;A;0.1538459956645965;190
100..300;14;98716289;C;T;0.1493059992790222;215
100..300;14;98973311;A;G;0.1727939993143081;215
100..300;14;99909370;T;C;0.1348309963941574;200
100..300;14;102434864;G;A;0.2469639927148819;220
100..300;14;102875712;C;T;0.1715980023145675;125
100..300;14;102974136;C;G;0.2238810062408447;205
100..300;14;104174144;C;G;0.1674640029668808;160
100..300;14;104712857;C;T;0.2283460050821304;200
100..300;14;104714228;C;T;0.2028989940881729;175
100..300;14;104714369;G;A;0.1338579952716827;280
100..300;14;105221745;T;C;0.1137119978666305;235
100..300;15;22943162;C;T;0.125;215
100..300;15;24508923;A;G;0.3205130100250244;140
100..300;15;25679947;G;C;0.3580250144004822;155
100..300;15;25681039;A;G;0.2047780007123947;235
100..300;15;25971227;C;G;0.1473679989576339;140
100..300;15;27327045;A;G;0.1319440007209777;115
100..300;15;27328788;T;C;0.124378003180027;145
100..300;15;27328821;C;T;0.1316870003938675;185
100..300;15;27871136;C;T;0.1232229992747306;160
100..300;15;27896158;A;G;0.1666669994592666;115
100..300;15;30005534;T;C;0.1255809962749481;165
100..300;15;30005555;A;G;0.1459459960460662;145
100..300;15;30005618;C;G;0.3888890147209167;115
100..300;15;31050541;T;C;0.217522993683815;265
100..300;15;32101283;CT;C;2.7272698879241943;130
100..300;15;32101283;CTT;C;0.6666669845581055;130
100..300;15;32101283;C;CT;0.1818179935216903;130
100..300;15;32898822;G;A;0.1134020015597343;140
100..300;15;33067169;T;C;0.1118419989943504;245
100..300;15;33601568;T;C;0.2576690018177032;135
100..300;15;33823080;T;C;0.1611109972000122;135
100..300;15;40272854;A;G;0.3101600110530853;165
100..300;15;40364523;T;C;0.1197919994592666;140
100..300;15;41016167;C;A;0.1194690018892288;165
100..300;15;41565018;A;G;0.1193180009722709;115
100..300;15;41699117;T;A;0.1666669994592666;115
100..300;15;41734566;T;C;0.2348989993333816;120
100..300;15;41749514;A;G;0.406699001789093;205
100..300;15;41842173;C;G;0.2071429938077926;115
100..300;15;41843790;T;C;0.1641789972782135;200
100..300;15;41845084;A;G;0.2311830073595047;175
100..300;15;41846840;A;G;0.1793480068445205;145
100..300;15;41853738;C;G;0.1497980058193206;200
100..300;15;41856602;T;C;0.1506849974393844;175
100..300;15;41876202;T;C;0.1353140026330948;215
100..300;15;42070100;G;T;0.1895419955253601;125
100..300;15;42079554;T;A;0.116466000676155;190
100..300;15;42081612;C;G;0.1293710023164749;215
100..300;15;42878595;G;A;0.1780299991369247;195
100..300;15;42878625;T;C;0.1757320016622543;170
100..300;15;43239213;C;G;0.1627119928598404;220
100..300;15;43369604;C;T;0.1604939997196197;140
100..300;15;43432448;G;T;0.2150540053844452;165
100..300;15;43456106;G;A;0.2291669994592666;185
100..300;15;43469998;T;C;0.1406839936971664;200
100..300;15;43475576;C;G;0.1515150070190429;150
100..300;15;43523801;T;C;0.1210760027170181;175
100..300;15;43524719;A;G;0.2687749862670898;220
100..300;15;43525206;A;G;0.1277959942817688;260
100..300;15;43525208;C;T;0.1277959942817688;260
100..300;15;43647444;T;C;0.125;175
100..300;15;43801729;C;T;0.1127270013093948;200
100..300;15;47765874;A;G;0.3480660021305084;165
100..300;15;51218671;C;A;0.1188810020685195;110
100..300;15;51236915;C;T;0.1161620020866394;135
100..300;15;51383428;T;C;0.1550800055265426;140
100..300;15;51491623;C;T;0.1625619977712631;155
100..300;15;51499362;G;A;0.121358998119831;150
100..300;15;51954468;A;G;0.2000000029802322;130
100..300;15;52061301;G;C;0.132652997970581;150
100..300;15;54237572;T;C;0.1411039978265762;245
100..300;15;54321483;T;C;0.2746480107307434;115
100..300;15;55915613;G;T;0.1355929970741272;145
100..300;15;55916337;A;G;0.125;130
100..300;15;56071433;A;G;0.183908000588417;135
100..300;15;57963929;T;C;0.1980679929256439;165
100..300;15;59224676;T;C;0.1369860023260116;105
100..300;15;60361006;A;C;0.1308899968862533;135
100..300;15;62260361;A;G;0.2444439977407455;150
100..300;15;62838918;A;T;0.1404259949922561;180
100..300;15;63600712;A;G;0.1703300029039383;140
100..300;15;63630553;A;T;0.2751089930534363;195
100..300;15;63640314;C;G;0.2399999946355819;190
100..300;15;63645010;G;C;0.3697479963302612;105
100..300;15;63660954;G;A;0.2397660017013549;130
100..300;15;63661830;T;C;0.2169120013713836;230
100..300;15;63678257;C;T;0.2341269999742508;205
100..300;15;63692573;C;T;0.2773720026016235;120
100..300;15;63696158;G;C;0.235602006316185;150
100..300;15;63703224;T;C;0.2912090122699737;150
100..300;15;64216564;A;G;0.128491997718811;130
100..300;15;64529299;G;A;0.1226420029997825;170
100..300;15;64821294;A;G;0.1857919991016388;155
100..300;15;65003167;T;C;0.126922994852066;200
100..300;15;65078012;T;C;;240
100..300;15;65624189;T;A;0.2757200002670288;220
100..300;15;66329008;G;A;0.1455399990081787;155
100..300;15;66349079;C;T;0.158620998263359;110
100..300;15;67000858;C;T;0.1383929997682571;150
100..300;15;69035886;T;C;0.1342760026454925;210
100..300;15;70891939;T;G;0.234483003616333;245
100..300;15;70892156;G;A;0.1585900038480758;175
100..300;15;71748435;T;C;0.2840909957885742;155
100..300;15;73740442;G;A;0.1453740000724792;185
100..300;15;73985454;C;T;0.1297069936990738;175
100..300;15;76005791;G;A;0.1386860013008117;105
100..300;15;77986142;A;G;0.1439390033483505;215
100..300;15;78776779;G;A;0.1627909988164901;160
100..300;15;78894130;T;C;0.1928929984569549;120
100..300;15;79457785;G;A;0.1178160011768341;275
100..300;15;82138804;T;C;0.1705880016088485;130
100..300;15;82317590;T;C;0.1395349949598312;130
100..300;15;82677266;T;TC;0.2156859934329986;120
100..300;15;82833313;C;A;0.1159870028495788;245
100..300;15;82833314;G;C;0.1159870028495788;245
100..300;15;82849766;A;G;0.1255609989166259;170
100..300;15;83942615;C;G;0.1323529928922653;150
100..300;15;83970598;T;C;0.2188840061426162;175
100..300;15;84643606;C;T;0.1423839926719665;230
100..300;15;88003409;G;C;0.1346150040626526;115
100..300;15;88069284;A;G;0.1461540013551712;110
100..300;15;88119140;A;G;0.1353379935026168;110
100..300;15;88878096;G;A;0.2532469928264618;260
100..300;15;88878174;A;G;0.1385869979858398;280
100..300;15;88879055;T;C;0.1223959997296333;280
100..300;15;88881350;G;A;0.1165049970149993;165
100..300;15;88893013;C;T;0.1442009955644607;235
100..300;15;88893064;A;G;0.1310980021953582;245
100..300;15;89193327;C;T;0.1320749968290329;160
100..300;15;89211723;A;G;0.1419350057840347;120
100..300;15;89292997;C;G;0.1355929970741272;130
100..300;15;89315371;C;T;0.1306820064783096;135
100..300;15;89625462;A;T;0.282353013753891;230
100..300;15;89627006;T;C;0.2423080056905746;215
100..300;15;89645161;T;A;0.1469189971685409;165
100..300;15;89652777;T;C;0.1578949987888336;235
100..300;15;89667032;G;A;0.1180120036005973;240
100..300;15;89688239;A;G;0.2586210072040558;105
100..300;15;90360270;A;G;0.1121499985456466;240
100..300;15;90491327;G;C;0.1777780055999755;150
100..300;15;90885060;T;C;0.2014389932155609;110
100..300;15;90885359;G;T;0.2740209996700287;245
100..300;15;90885406;A;G;0.2234040051698684;235
100..300;15;90887387;A;G;0.2558139860630035;110
100..300;15;92281628;C;T;0.1445779949426651;130
100..300;15;92281744;T;C;0.1229050010442733;145
100..300;15;92795989;C;T;0.1215810030698776;245
100..300;15;93045059;A;G;0.126922994852066;205
100..300;15;93052380;T;C;0.1152649968862533;240
100..300;15;99258298;C;A;0.1292130053043365;145
100..300;15;99258729;A;G;0.2000000029802322;140
100..300;15;99334110;C;T;0.1703300029039383;145
100..300;15;99729430;C;G;0.1468250006437301;200
100..300;15;99729532;A;G;0.20346300303936;200
100..300;15;99729544;A;G;0.1921399980783462;200
100..300;15;99792594;C;A;0.4140619933605194;175
100..300;15;99792602;T;C;0.418518990278244;170
100..300;15;100152748;A;G;0.1834859997034073;160
100..300;16;263407;G;A;0.1702129989862442;145
100..300;16;274052;G;A;0.2006919980049133;225
100..300;16;347044;T;G;0.1242420002818107;250
100..300;16;520233;A;G;0.1522990018129348;265
100..300;16;574713;T;C;0.1182800009846687;140
100..300;16;576346;C;A;0.2125750035047531;280
100..300;16;583125;C;T;0.205035999417305;230
100..300;16;583353;C;T;0.1685709953308105;265
100..300;16;583354;A;G;0.1685709953308105;265
100..300;16;661582;G;C;0.1377779990434646;195
100..300;16;667523;T;G;0.1111110001802444;250
100..300;16;672331;T;C;0.1185569986701011;280
100..300;16;682287;G;GC;0.2422360032796859;150
100..300;16;725947;C;G;0.1187049970030784;220
100..300;16;792706;A;G;0.1205359995365142;175
100..300;16;792826;G;A;0.1748879998922348;180
100..300;16;879711;T;C;0.1210760027170181;165
100..300;16;1456129;T;C;0.1220159977674484;285
100..300;16;1487450;G;C;0.1871349960565567;250
100..300;16;1777835;C;T;0.1255410015583038;180
100..300;16;1978401;C;A;0.1118640005588531;230
100..300;16;1980126;A;G;0.1091810017824173;295
100..300;16;1999639;G;A;0.2199999988079071;165
100..300;16;2089874;A;G;0.1179490014910698;145
100..300;16;2295708;A;G;0.1258060038089752;220
100..300;16;2462541;C;G;0.1208790019154548;135
100..300;16;2497033;G;C;0.1184210032224655;175
100..300;16;2771572;T;C;0.1204819977283477;185
100..300;16;2992911;A;C;0.1206900030374527;220
100..300;16;3090615;C;T;0.1351349949836731;135
100..300;16;3091559;T;C;0.1395349949598312;130
100..300;16;3589229;A;G;0.1126760020852088;265
100..300;16;4899136;A;G;0.1238529980182647;170
100..300;16;6913969;T;C;0.1692309975624084;120
100..300;16;10907886;A;G;0.2896170020103454;175
100..300;16;11553636;C;T;0.1458330005407333;220
100..300;16;11556469;A;G;0.2322269976139068;175
100..300;16;11758498;C;A;0.2654320001602173;130
100..300;16;11765485;G;A;0.2184869945049286;100
100..300;16;11875867;C;G;0.2773109972476959;210
100..300;16;12526556;T;G;0.1623380035161972;120
100..300;16;12908502;C;T;0.2644230127334595;170
100..300;16;12908530;T;C;0.2541669905185699;195
100..300;16;13920383;A;G;0.1746030002832412;145
100..300;16;13948101;C;T;0.235506996512413;245
100..300;16;16079375;T;G;0.1886789947748184;205
100..300;16;18854886;G;C;0.139394000172615;135
100..300;16;19223170;T;C;0.1825399994850158;105
100..300;16;19460249;A;G;0.1761360019445419;135
100..300;16;19487243;G;A;0.1641789972782135;215
100..300;16;19536968;A;G;0.1371680051088333;180
100..300;16;20431331;A;G;0.176828995347023;125
100..300;16;21174063;A;G;0.1808869987726211;220
100..300;16;22132997;T;C;0.1137719973921775;245
100..300;16;22251193;A;C;0.2127660065889358;105
100..300;16;22815018;G;A;0.1433960050344467;205
100..300;16;25244185;T;C;0.1191340014338493;210
100..300;16;25454404;T;C;0.1653539985418319;105
100..300;16;28591670;G;A;0.1121790036559104;220
100..300;16;28845498;T;C;0.1320749968290329;120
100..300;16;28887472;C;T;0.1358020007610321;195
100..300;16;29397634;T;C;0.1148649975657463;195
100..300;16;29897112;G;C;0.1704549938440323;140
100..300;16;31085174;C;G;0.1111110001802444;270
100..300;16;31547360;A;G;0.1949149966239929;100
100..300;16;31568951;T;C;0.2539680004119873;225
100..300;16;31569209;C;A;0.1973090022802353;180
100..300;16;49396623;A;G;0.1659750044345855;190
100..300;16;50058779;A;G;0.1366460025310516;145
100..300;16;50608290;C;G;0.1569509953260421;165
100..300;16;50699948;G;C;0.1515150070190429;140
100..300;16;50711672;G;T;0.1138790026307106;215
100..300;16;51138766;A;G;0.1347520053386688;215
100..300;16;52439351;G;A;0.2098210006952285;185
100..300;16;52935001;G;A;0.1199999973177909;140
100..300;16;53649037;T;C;0.1555559933185577;165
100..300;16;55327581;T;C;0.2146890014410019;160
100..300;16;55460772;G;C;;130
100..300;16;55846568;C;A;0.1273889988660812;240
100..300;16;55871764;T;C;0.122137002646923;100
100..300;16;56633330;A;T;0.1949689984321594;250
100..300;16;56677646;T;C;0.2712419927120209;250
100..300;16;56687861;T;A;0.1351349949836731;140
100..300;16;57661692;T;C;0.1134020015597343;145
100..300;16;57920544;G;A;0.1512610018253326;100
100..300;16;57998122;A;G;0.1843750029802322;265
100..300;16;58541585;A;G;0.1237619966268539;150
100..300;16;58546309;C;T;0.1304350048303604;110
100..300;16;59754458;C;T;0.1564629971981048;115
100..300;16;59754538;C;T;0.1568630039691925;165
100..300;16;66778894;T;C;0.1396649926900863;135
100..300;16;66914421;A;G;0.1871349960565567;130
100..300;16;67003151;C;A;0.1244020015001297;155
100..300;16;68698146;C;A;0.1282050013542175;235
100..300;16;69143365;T;C;0.1159870028495788;240
100..300;16;69270145;G;A;0.1285710036754608;155
100..300;16;69320779;T;C;0.1435409933328628;155
100..300;16;69322709;G;C;0.1730770021677017;125
100..300;16;69347866;T;C;0.1218129992485046;255
100..300;16;69385491;A;G;0.1472389996051788;125
100..300;16;69982670;A;G;0.1107779964804649;235
100..300;16;70664191;A;G;0.121358998119831;145
100..300;16;71230658;G;A;0.1384620070457458;295
100..300;16;71449594;G;C;0.1359650045633316;195
100..300;16;71734597;C;T;0.1666669994592666;125
100..300;16;71949873;C;G;0.1304350048303604;170
100..300;16;71953096;A;G;0.1304350048303604;110
100..300;16;71967211;A;G;0.1198630034923553;210
100..300;16;71970053;C;G;0.1224490031599998;220
100..300;16;72008783;C;A;0.1135729998350143;265
100..300;16;72150667;T;C;0.1918819993734359;220
100..300;16;73941295;G;A;0.2631579935550689;190
100..300;16;74465691;A;G;0.2285709977149963;165
100..300;16;75235636;T;C;0.1987770050764084;270
100..300;16;75236823;A;C;0.2553189992904663;195
100..300;16;75714908;C;T;0.1402990072965622;260
100..300;16;76448850;G;C;0.1417320072650909;190
100..300;16;76553305;G;T;0.1556600034236908;165
100..300;16;76553434;C;T;0.1408450007438659;165
100..300;16;77212620;A;C;0.1348309963941574;130
100..300;16;77735937;A;G;0.1165049970149993;225
100..300;16;78574199;C;T;0.3288139998912811;255
100..300;16;79133791;G;A;0.1244020015001297;145
100..300;16;81061486;G;A;0.2260269969701767;250
100..300;16;81108652;C;T;0.2413789927959442;145
100..300;16;81133709;A;G;0.1310340017080307;110
100..300;16;81268089;T;A;0.114155001938343;170
100..300;16;81476117;C;T;0.1942449957132339;225
100..300;16;81786071;T;A;0.1183210015296936;195
100..300;16;82148776;G;T;0.1317829936742782;185
100..300;16;82858432;G;A;0.1297300010919571;140
100..300;16;83981020;T;C;0.1088709980249404;180
100..300;16;84195974;T;C;0.1319019943475723;235
100..300;16;84657827;T;C;0.1349209994077682;190
100..300;16;84845858;G;A;0.2454210072755813;220
100..300;16;87052881;A;G;0.3630140125751495;135
100..300;16;87644538;C;T;0.1981129944324493;265
100..300;16;87701921;A;G;0.113314002752304;285
100..300;16;87708056;A;C;0.1473679989576339;140
100..300;16;88429600;C;T;0.1389960050582885;190
100..300;16;88712624;C;G;0.1403509974479675;165
100..300;16;89100730;C;G;;250
100..300;16;89102592;T;C;0.1270720064640045;135
100..300;16;89198687;T;C;0.1104289963841438;245
100..300;16;89198693;A;C;0.1910109966993332;245
100..300;16;89227322;T;C;0.1174499988555908;240
100..300;16;89282969;C;G;0.1122990027070045;295
100..300;16;89911245;A;G;0.1434430032968521;180
100..300;17;744917;A;G;0.1189429983496666;180
100..300;17;1827927;G;A;0.124498002231121;185
100..300;17;2692670;A;G;0.1470589935779571;210
100..300;17;2696892;A;G;0.114155001938343;155
100..300;17;3092278;A;G;0.1724140048027038;120
100..300;17;3116431;C;T;0.15625;160
100..300;17;3116477;TC;T;0.1126279979944229;225
100..300;17;3116525;A;G;0.1305640041828155;245
100..300;17;3116587;T;C;0.1436949968338012;270
100..300;17;3117358;C;T;0.1875;105
100..300;17;3278090;T;C;0.2682929933071136;210
100..300;17;3690982;T;TG;0.1659750044345855;190
100..300;17;3732474;C;A;0.2123550027608871;210
100..300;17;3753865;T;C;0.2862449884414673;215
100..300;17;3761183;AATT;A;0.2201260030269622;155
100..300;17;4448265;A;G;0.2024289965629577;185
100..300;17;4453080;T;G;0.2173909991979599;250
100..300;17;4892979;C;T;0.1568630039691925;190
100..300;17;4892991;T;C;0.1505379974842071;205
100..300;17;4895994;T;C;0.1231530010700225;160
100..300;17;4900416;A;G;0.1152739971876144;240
100..300;17;4972333;G;A;0.1167190000414848;240
100..300;17;5583844;G;C;0.2399999946355819;225
100..300;17;6503563;T;C;0.1368419975042343;215
100..300;17;6538056;A;G;0.1521739959716797;130
100..300;17;6620978;A;T;0.1478870064020156;115
100..300;17;6695776;A;G;0.119047999382019;215
100..300;17;7001615;G;A;0.1500000059604644;170
100..300;17;7078078;G;A;0.1500000059604644;205
100..300;17;7196492;A;G;0.1157890036702156;140
100..300;17;7383007;A;T;0.2477879971265792;180
100..300;17;7463332;G;C;0.1267219930887222;275
100..300;17;7496547;A;G;0.1740739941596985;215
100..300;17;7508451;T;C;0.2275130003690719;155
100..300;17;7564960;T;C;0.3650789856910705;185
100..300;17;7630399;C;T;0.3142859935760498;110
100..300;17;7776841;A;G;0.136691004037857;100
100..300;17;8080651;C;G;0.117977999150753;125
100..300;17;8263180;A;G;0.1145249977707862;250
100..300;17;8798481;T;G;0.1331270039081573;260
100..300;17;9682848;T;C;0.2287230044603347;145
100..300;17;9821774;A;G;0.1476790010929107;195
100..300;17;9821776;T;C;0.1476790010929107;195
100..300;17;9861214;G;A;0.2746480107307434;125
100..300;17;10328100;T;C;0.1558440029621124;180
100..300;17;10524607;A;G;0.2303030043840408;235
100..300;17;10795417;T;G;0.2651929855346679;155
100..300;17;10795437;A;T;0.2409639954566955;140
100..300;17;11834621;A;G;0.1641789972782135;110
100..300;17;11834624;T;C;0.1641789972782135;110
100..300;17;11854239;G;C;0.1239439994096756;270
100..300;17;14345059;G;A;0.2025319933891296;105
100..300;17;15230858;G;T;0.1168830022215843;230
100..300;17;15593416;G;A;0.1267610043287277;240
100..300;17;15628833;A;G;0.1367779970169067;240
100..300;17;16933111;A;G;0.1189019978046417;235
100..300;17;17142710;A;C;0.1115700006484985;175
100..300;17;17158927;G;C;0.1655630022287368;225
100..300;17;17165791;A;G;0.280254989862442;280
100..300;17;17796723;A;AAGG;0.145015001296997;285
100..300;17;18138193;T;C;0.2263370007276535;190
100..300;17;18144511;A;G;0.1447370052337646;110
100..300;17;18153853;T;A;0.2239580005407333;150
100..300;17;18155207;T;C;0.2623569965362549;220
100..300;17;18156180;T;C;0.2739729881286621;120
100..300;17;18969024;C;T;0.1182269975543022;295
100..300;17;18976955;A;C;0.1528660058975219;240
100..300;17;19497061;T;C;0.1183430030941963;135
100..300;17;19705460;A;G;0.25;200
100..300;17;19713923;T;G;0.1930840015411377;265
100..300;17;19739639;C;G;0.1753730028867721;210
100..300;17;20754485;C;T;0.1321839988231659;125
100..300;17;27083289;G;A;0.168831005692482;185
100..300;17;27083613;C;T;0.1641789972782135;165
100..300;17;27083661;G;C;0.1538459956645965;160
100..300;17;27588547;A;G;0.1497009992599487;125
100..300;17;28620634;A;G;0.1203010007739067;100
100..300;17;29097298;A;G;0.1527779996395111;160
100..300;17;30451799;C;T;0.1666669994592666;180
100..300;17;31517891;G;A;0.132530003786087;130
100..300;17;31901637;A;G;0.1282050013542175;175
100..300;17;31994548;G;T;0.1615380048751831;100
100..300;17;32112305;A;G;0.1278689950704574;245
100..300;17;32206951;G;A;0.1447370052337646;175
100..300;17;32227931;G;A;0.1428570002317428;125
100..300;17;32369277;A;G;0.1973679959774017;215
100..300;17;35106468;T;C;0.3203119933605194;110
100..300;17;35118530;A;G;0.1590909957885742;165
100..300;17;35363600;T;G;0.2727270126342773;205
100..300;17;35441180;A;G;0.1428570002317428;265
100..300;17;35554612;C;T;0.119047999382019;170
100..300;17;35554699;A;G;0.1573030054569244;130
100..300;17;35554715;G;A;0.2014929950237274;110
100..300;17;36507785;A;G;0.1282050013542175;150
100..300;17;36989342;C;T;0.2642860114574432;240
100..300;17;38770478;G;T;0.1172640025615692;230
100..300;17;39162776;G;T;0.135231003165245;205
100..300;17;40300899;A;G;0.1087720021605491;205
100..300;17;40488873;G;A;0.1268440037965774;250
100..300;17;40834751;C;T;0.2695649862289428;210
100..300;17;40978837;A;G;0.109043002128601;290
100..300;17;40983096;G;A;0.14444400370121;135
100..300;17;41437470;T;C;0.1122109964489936;220
100..300;17;41449108;T;G;0.1225809976458549;105
100..300;17;41477065;G;A;0.1877730041742324;180
100..300;17;41477097;C;G;0.1605840027332306;210
100..300;17;41478373;G;A;0.3512539863586426;240
100..300;17;41480992;G;A;0.2440000027418136;210
100..300;17;41486553;G;A;0.1181429997086525;180
100..300;17;41487394;A;G;0.1651089936494827;245
100..300;17;41489769;G;A;0.1872909963130951;235
100..300;17;41505114;C;G;0.1234569996595382;245
100..300;17;41727420;A;G;0.2537310123443603;165
100..300;17;41727813;A;C;0.1621620059013366;170
100..300;17;41973846;A;G;0.2094590067863464;245
100..300;17;43079499;T;C;0.1418689936399459;230
100..300;17;43082453;G;A;0.122977003455162;220
100..300;17;43091983;C;T;0.1275720000267028;180
100..300;17;43092919;A;G;0.175257995724678;160
100..300;17;43093449;A;G;0.1603769958019256;160
100..300;17;43178007;C;T;0.122698999941349;120
100..300;17;43209941;G;A;0.119047999382019;155
100..300;17;43917426;T;C;0.2114540040493011;185
100..300;17;44210151;T;C;0.1278200000524521;205
100..300;17;44229293;T;C;0.1497009992599487;130
100..300;17;47810585;T;G;0.1642509996891021;160
100..300;17;47827054;T;C;0.1725890040397644;155
100..300;17;49207321;T;C;0.1581629961729049;145
100..300;17;50189930;C;G;0.1111110001802444;240
100..300;17;50278899;C;G;0.1104289963841438;235
100..300;17;50353671;A;G;0.1784510016441345;235
100..300;17;50353836;T;C;0.1744190007448196;220
100..300;17;50354963;C;G;0.2317460030317306;250
100..300;17;50378624;T;A;0.1861699968576431;150
100..300;17;50378832;C;T;0.2399999946355819;185
100..300;17;50635344;A;G;0.2000000029802322;145
100..300;17;50676062;T;C;0.1390130072832107;165
100..300;17;50836029;A;G;0.1437499970197677;240
100..300;17;56834978;A;G;0.1330939978361129;220
100..300;17;56950489;C;T;0.2579509913921356;235
100..300;17;57045591;A;G;0.1452990025281906;100
100..300;17;57046387;T;C;0.1282050013542175;180
100..300;17;57401387;G;A;0.1283420026302337;135
100..300;17;57739471;C;T;0.2156859934329986;165
100..300;17;57879707;A;G;0.1333329975605011;180
100..300;17;59874612;A;G;0.119047999382019;205
100..300;17;61467502;A;G;0.1530050039291381;135
100..300;17;62140530;T;C;0.1792829930782318;240
100..300;17;62267164;A;G;0.1281410008668899;265
100..300;17;62274096;A;G;0.1195650026202201;135
100..300;17;62746863;G;A;0.3048779964447021;140
100..300;17;62841241;A;T;0.1804119944572448;145
100..300;17;63811101;A;G;0.1222219988703727;135
100..300;17;63910584;A;C;0.109324999153614;240
100..300;17;64044120;C;T;0.2097260057926178;260
100..300;17;65549504;C;T;0.1283780038356781;115
100..300;17;66688960;A;G;0.1818179935216903;135
100..300;17;67056188;A;G;0.139394000172615;250
100..300;17;67114320;G;A;0.3065690100193023;110
100..300;17;68271509;G;T;0.1198159977793693;165
100..300;17;68420216;T;C;0.1160219982266426;135
100..300;17;68537514;G;A;0.2470590025186538;220
100..300;17;68542098;T;G;0.2041520029306411;220
100..300;17;68543706;T;C;0.1666669994592666;115
100..300;17;68600322;T;C;0.1476510018110275;105
100..300;17;68876661;C;G;0.2148759961128235;195
100..300;17;69253781;C;T;0.1395349949598312;105
100..300;17;73196524;A;G;0.145455002784729;125
100..300;17;73196734;G;A;0.2482270002365112;130
100..300;17;73200670;G;A;0.189189001917839;165
100..300;17;73201609;A;G;0.2217569947242736;200
100..300;17;73209715;G;A;0.1886789947748184;215
100..300;17;73236548;C;T;0.2471040040254593;225
100..300;17;73236668;C;T;;195
100..300;17;73236742;C;G;0.2737640142440796;235
100..300;17;73242294;A;G;0.1895910054445266;220
100..300;17;73242877;T;C;0.2416110038757324;125
100..300;17;73414752;T;C;0.1948720067739486;150
100..300;17;74355267;T;C;0.1114860028028488;210
100..300;17;74372411;C;T;0.2761510014533996;210
100..300;17;74473819;G;A;0.2444439977407455;255
100..300;17;74473827;A;G;0.1127170026302337;255
100..300;17;74525758;A;G;0.1346150040626526;130
100..300;17;74941700;A;G;0.2600620090961456;265
100..300;17;75591187;T;C;0.1201919987797737;150
100..300;17;75602823;G;C;0.1212119981646537;120
100..300;17;75610229;A;G;0.2335769981145858;115
100..300;17;75615742;C;T;0.1645569950342178;120
100..300;17;75620008;C;T;0.119047999382019;130
100..300;17;76001558;A;C;0.126581996679306;115
100..300;17;76088931;A;G;0.125;135
100..300;17;76137893;T;C;0.114155001938343;160
100..300;17;76291123;G;C;0.1144070029258728;175
100..300;17;76293419;A;G;0.1529410034418106;195
100..300;17;76293827;G;A;0.1203700006008148;170
100..300;17;76311656;C;T;0.1587979942560196;175
100..300;17;77482399;T;C;0.1193180009722709;285
100..300;17;78050595;A;C;0.1282050013542175;245
100..300;17;78064785;G;C;0.1208330020308494;175
100..300;17;78182670;T;C;0.2053570002317428;135
100..300;17;78399553;T;C;0.1732279956340789;105
100..300;17;78425383;T;C;0.1185569986701011;140
100..300;17;78425386;G;A;0.1185569986701011;140
100..300;17;78437817;A;G;;220
100..300;17;79796038;C;T;0.1494249999523162;140
100..300;17;79952692;A;G;0.1448760032653808;215
100..300;17;80298430;G;C;0.1140070036053657;225
100..300;17;80317214;G;A;0.1408450007438659;160
100..300;17;80976736;G;A;0.1244440004229545;185
100..300;17;81252464;C;T;0.1357139945030212;225
100..300;17;81460363;A;G;0.1275860071182251;215
100..300;17;81696850;C;T;0.1212119981646537;215
100..300;17;81696901;C;T;0.1233329996466636;230
100..300;17;81701522;T;C;0.1155230030417442;195
100..300;17;81701634;T;C;0.1407040059566497;145
100..300;17;82056985;G;T;0.1424580067396164;275
100..300;17;82081605;A;G;0.1391299962997436;175
100..300;17;82083590;A;G;0.1167510002851486;150
100..300;17;82113368;C;T;0.1301780045032501;135
100..300;17;82127757;G;A;0.2561579942703247;175
100..300;17;82127827;T;G;0.2107280045747757;210
100..300;17;82128510;T;C;0.1980199962854385;155
100..300;17;82128513;T;C;0.1980199962854385;160
100..300;17;82128519;C;T;0.2119819968938827;170
100..300;17;82398311;A;G;0.1140350028872489;175
100..300;17;82659676;A;G;0.296970009803772;140
100..300;17;82965660;T;C;0.3484160006046295;205
100..300;17;83035056;C;A;0.2598429918289184;105
100..300;17;83048753;T;C;0.3286379873752594;205
100..300;18;346821;T;C;0.1174089983105659;195
100..300;18;2616458;C;G;0.1496600061655044;105
100..300;18;2700879;G;A;0.1392409950494766;120
100..300;18;3168818;A;G;0.1283420026302337;130
100..300;18;5416161;C;T;0.1277959942817688;250
100..300;18;6985508;A;G;;100
100..300;18;6986260;A;G;0.1277260035276413;240
100..300;18;7015715;C;T;0.1637430042028427;130
100..300;18;7231867;T;C;0.1136360019445419;235
100..300;18;10468456;T;C;0.152318000793457;115
100..300;18;10759842;A;C;0.1185770034790039;185
100..300;18;11610164;C;G;;190
100..300;18;12978734;G;C;0.1582729965448379;110
100..300;18;14537971;T;C;0.1990740001201629;155
100..300;18;22419188;T;C;0.1428570002317428;110
100..300;18;24440503;A;T;0.1264369934797287;130
100..300;18;31874681;G;A;0.1369860023260116;160
100..300;18;31962744;G;A;0.1446280032396316;195
100..300;18;32018884;T;C;0.1386139988899231;145
100..300;18;32196578;C;T;0.1394419968128204;190
100..300;18;33224794;C;A;;115
100..300;18;34864076;A;G;0.1210530027747154;135
100..300;18;34875415;C;T;0.1513160020112991;120
100..300;18;36122199;A;G;0.2014649957418441;215
100..300;18;36251226;A;C;0.1342280060052871;115
100..300;18;36652580;A;G;0.1497009992599487;135
100..300;18;37067213;C;T;0.1168090030550956;260
100..300;18;37067359;T;G;0.1186439990997314;195
100..300;18;37067360;G;T;0.1186439990997314;195
100..300;18;37067360;A;T;0.0974576026201248;195
100..300;18;37302969;A;G;0.303737998008728;185
100..300;18;44708512;T;A;0.1313869953155517;100
100..300;18;49491450;G;A;0.2166669964790344;190
100..300;18;50276984;T;C;0.2813850045204162;210
100..300;18;50806833;G;C;0.1468929946422577;135
100..300;18;51051412;C;G;0.2275449931621551;125
100..300;18;53402906;G;A;0.1388889998197555;105
100..300;18;55403683;A;G;0.2222220003604889;115
100..300;18;57697598;A;G;0.3081760108470917;135
100..300;18;59225715;C;T;0.1650000065565109;155
100..300;18;59447971;C;T;0.1376519948244094;180
100..300;18;61507526;A;C;0.1155780032277107;160
100..300;18;62101142;G;A;0.1666669994592666;100
100..300;18;62106804;T;C;0.1646340042352676;130
100..300;18;62113191;G;A;0.1635510027408599;165
100..300;18;62442327;T;C;0.1994049996137619;290
100..300;18;62442484;T;C;0.2571429908275604;280
100..300;18;62443051;C;T;0.2781960070133209;250
100..300;18;62574499;T;C;0.1377950012683868;205
100..300;18;63532717;C;G;0.2269939929246902;125
100..300;18;63933150;T;C;0.3821989893913269;175
100..300;18;67511270;C;T;0.1513160020112991;250
100..300;18;70088101;G;T;0.1504420042037964;170
100..300;18;70325043;A;G;0.1245549991726875;230
100..300;18;74390053;T;C;0.1127270013093948;220
100..300;18;74390067;G;A;0.1360290050506591;225
100..300;18;74390239;G;A;0.1286309957504272;180
100..300;18;74436547;C;T;0.1084749996662139;210
100..300;18;74518940;TC;T;0.1349209994077682;105
100..300;18;74556356;GTGC;G;0.1969700008630752;155
100..300;18;77436046;G;A;0.2027029991149902;125
100..300;18;77436060;A;G;0.2253520041704177;125
100..300;18;77436072;C;A;0.2397260069847107;130
100..300;18;77436580;C;T;0.1158799976110458;185
100..300;18;77436826;T;C;0.1657750010490417;155
100..300;18;79110397;A;G;0.1321589946746826;165
100..300;18;79968135;T;G;0.2285709977149963;170
100..300;18;80135800;G;A;0.1128399968147277;190
100..300;18;80137309;A;G;0.1181820034980773;255
100..300;19;367089;A;G;0.134100005030632;190
100..300;19;731077;C;G;0.2277780026197433;150
100..300;19;731078;T;G;0.2277780026197433;155
100..300;19;731144;G;A;0.1974920034408569;245
100..300;19;746712;T;C;0.1244810000061988;190
100..300;19;1079960;A;G;0.1106190010905265;185
100..300;19;2421859;T;C;0.1241829991340637;115
100..300;19;2732988;C;T;0.1212119981646537;125
100..300;19;3028873;C;G;0.1567160040140152;215
100..300;19;3062859;C;T;0.1604939997196197;175
100..300;19;4945902;C;A;0.2671760022640228;225
100..300;19;4945905;T;C;0.2671760022640228;220
100..300;19;4954442;T;C;0.1139239966869354;210
100..300;19;5560801;C;G;0.132652997970581;150
100..300;19;5668165;T;C;0.1157409995794296;160
100..300;19;5892943;C;T;0.1693989932537078;150
100..300;19;6156499;G;A;0.1392409950494766;125
100..300;19;6731293;A;G;0.1107140034437179;200
100..300;19;6913800;G;A;0.1340209990739822;155
100..300;19;6919613;C;A;0.1403509974479675;205
100..300;19;7696926;G;A;0.2149530053138733;175
100..300;19;7932759;A;G;0.1189190000295639;140
100..300;19;7967796;T;C;0.1491940021514892;195
100..300;19;8111685;A;G;0.1138610020279884;150
100..300;19;8586678;G;A;0.1278200000524521;205
100..300;19;8677305;A;C;0.1304350048303604;265
100..300;19;8698023;G;T;0.1644439995288849;180
100..300;19;8729090;CT;C;0.1672469973564148;255
100..300;19;8729197;A;G;0.194594994187355;155
100..300;19;8939050;A;G;0.1386139988899231;160
100..300;19;8953002;G;T;0.1344829946756363;225
100..300;19;8953259;A;G;0.1523440033197403;200
100..300;19;8962066;C;T;0.151078999042511;210
100..300;19;8964274;T;G;0.1267119944095611;220
100..300;19;8965061;C;T;0.1229240000247955;235
100..300;19;8965293;T;C;0.1508200019598007;245
100..300;19;8965407;A;G;0.1201549991965293;205
100..300;19;8966182;T;C;0.1601559966802597;205
100..300;19;8966253;G;T;0.1385280042886734;185
100..300;19;8966588;G;T;0.1271480023860931;225
100..300;19;8966760;A;G;0.1428570002317428;190
100..300;19;8967127;C;T;0.1544719934463501;195
100..300;19;9126210;G;A;0.1289200037717819;235
100..300;19;9126866;C;T;0.1107949987053871;270
100..300;19;9529645;A;G;0.1481480002403259;125
100..300;19;9683302;T;C;0.1593409925699234;150
100..300;19;9758010;A;T;0.1282050013542175;205
100..300;19;10284116;A;G;0.1120939999818801;260
100..300;19;10315746;C;A;0.1456950008869171;120
100..300;19;10315952;C;T;0.1976740062236786;205
100..300;19;10581324;C;T;0.1259540021419525;190
100..300;19;11359694;G;C;0.118367001414299;190
100..300;19;12878746;A;G;0.148386999964714;230
100..300;19;13757855;A;G;0.1897229999303817;190
100..300;19;13768808;C;T;0.1170210018754005;155
100..300;19;13972949;C;T;0.1214950010180473;155
100..300;19;14799628;A;G;;245
100..300;19;14852340;T;C;0.1241829991340637;125
100..300;19;14852920;C;T;0.136363998055458;130
100..300;19;14917284;C;T;0.1463409960269928;130
100..300;19;14927469;C;T;0.2196969985961914;220
100..300;19;15010495;G;C;0.1804119944572448;150
100..300;19;15119408;G;C;0.1361259967088699;165
100..300;19;15611659;A;G;0.1293099969625473;190
100..300;19;15611669;C;T;0.1264819949865341;205
100..300;19;15615778;A;C;0.1356379985809326;270
100..300;19;15629544;T;C;0.1563979983329773;160
100..300;19;15647117;C;T;0.3022220134735107;205
100..300;19;15652881;A;G;0.1122810021042823;210
100..300;19;15652965;A;G;0.1263159960508346;140
100..300;19;15658815;G;A;0.2162159979343414;175
100..300;19;15664165;T;G;0.3388890027999878;165
100..300;19;15761226;T;A;0.1736530065536499;155
100..300;19;15794658;G;T;0.1258060038089752;160
100..300;19;16509491;T;C;0.1692309975624084;105
100..300;19;17060075;T;C;0.1101320013403892;155
100..300;19;17250307;A;G;0.1111110001802444;235
100..300;19;17808215;T;A;0.1959179937839508;210
100..300;19;17811986;A;G;0.1477659940719604;220
100..300;19;17821480;T;C;0.1538459956645965;130
100..300;19;18069603;G;C;0.2163009941577911;245
100..300;19;18069641;G;A;0.2424239963293075;240
100..300;19;18075765;A;G;0.1674419939517974;160
100..300;19;18075808;C;T;0.1576759964227676;175
100..300;19;18077598;T;C;0.1329309940338134;235
100..300;19;18086825;A;G;0.1875;230
100..300;19;18107634;G;A;0.1653849929571151;195
100..300;19;18175134;A;G;0.1221119984984397;230
100..300;19;19276934;C;A;0.1715690046548843;165
100..300;19;19495825;A;G;0.1290320008993148;245
100..300;19;19535463;C;T;0.1218639984726905;220
100..300;19;20645716;G;A;0.1263740062713623;135
100..300;19;21150004;T;C;0.2193550020456314;130
100..300;19;21294629;C;T;0.1769910007715225;175
100..300;19;21405116;T;G;0.1804119944572448;145
100..300;19;21536599;C;T;0.1915889978408813;175
100..300;19;22138132;A;C;0.1256279945373535;155
100..300;19;22138443;G;A;0.1220469996333122;205
100..300;19;22138471;T;C;0.1204819977283477;200
100..300;19;22601267;A;G;0.1566269993782043;130
100..300;19;22610236;G;A;0.117646999657154;125
100..300;19;22610281;G;A;0.1242600008845329;135
100..300;19;22769309;G;A;0.1225489974021911;150
100..300;19;23145630;G;A;0.1639340072870254;105
100..300;19;23935813;G;A;0.1428570002317428;115
100..300;19;32976609;C;T;0.1238100007176399;240
100..300;19;32996165;T;G;0.959999978542328;215
100..300;19;33126677;T;C;0.136363998055458;235
100..300;19;33624642;C;T;0.2253520041704177;175
100..300;19;34093232;G;A;0.2903229892253876;225
100..300;19;34684844;G;C;0.1835439950227737;140
100..300;19;34943544;G;A;0.1162789985537529;145
100..300;19;34958505;A;G;0.1121210008859634;255
100..300;19;35151403;G;T;0.1093119978904724;185
100..300;19;35250553;C;T;0.1895910054445266;220
100..300;19;35279153;A;G;0.1545449942350387;270
100..300;19;35279271;G;A;0.1809519976377487;180
100..300;19;35352468;A;G;0.1194029971957206;150
100..300;19;35511808;A;C;0.1451610028743744;140
100..300;19;35513269;A;C;0.1167659983038902;265
100..300;19;35542558;T;C;0.2317879945039749;125
100..300;19;35547319;C;T;0.25;205
100..300;19;35768513;A;G;0.1666669994592666;160
100..300;19;35777869;T;C;0.1861310005187988;225
100..300;19;35779013;C;T;0.3030300140380859;110
100..300;19;35780237;T;C;0.2597399950027466;125
100..300;19;35785501;G;T;0.1985290050506591;115
100..300;19;35787568;G;C;0.1666669994592666;230
100..300;19;35812019;C;T;0.2802200019359588;160
100..300;19;35812762;C;G;0.1825100034475326;200
100..300;19;35831368;T;C;0.2427749931812286;150
100..300;19;36111195;T;C;0.1167879998683929;215
100..300;19;36548167;C;A;0.1238529980182647;170
100..300;19;38469040;T;C;0.1369860023260116;160
100..300;19;38706105;T;C;0.204818993806839;125
100..300;19;39098549;T;C;0.1255059987306594;180
100..300;19;39100315;A;G;0.238317996263504;170
100..300;19;39464893;A;G;0.1246199980378151;245
100..300;19;39504071;C;T;0.1161620020866394;160
100..300;19;39927135;A;G;0.1193419992923736;190
100..300;19;39972455;C;T;0.140064999461174;240
100..300;19;40395104;C;G;0.1386429965496063;285
100..300;19;40395697;G;A;0.1926909983158111;255
100..300;19;40395707;G;A;0.1803279966115951;250
100..300;19;40423037;G;A;0.1466169953346252;225
100..300;19;40423456;C;T;0.1549299955368042;160
100..300;19;40590283;G;A;0.2346149981021881;215
100..300;19;40605163;A;G;0.1776999980211258;230
100..300;19;40623937;T;C;0.1171170026063919;180
100..300;19;40822291;T;C;0.1887550055980682;195
100..300;19;40845495;A;G;0.1351349949836731;130
100..300;19;40877248;G;A;0.2170329988002777;270
100..300;19;41116202;GC;G;0.1977719962596893;285
100..300;19;41116284;A;G;0.2179490029811859;260
100..300;19;41709949;G;A;0.1234259977936744;290
100..300;19;41709953;C;T;0.1234259977936744;295
100..300;19;42287842;C;T;0.1326860040426254;245
100..300;19;42868789;C;T;0.1131640002131462;120
100..300;19;43195184;C;T;0.25;275
100..300;19;43195265;G;A;0.2397959977388382;155
100..300;19;43205467;T;C;0.2925170063972473;185
100..300;19;43205495;A;G;0.3184520006179809;225
100..300;19;43212386;G;A;0.2336450070142746;160
100..300;19;43212469;G;A;0.147826001048088;150
100..300;19;43269447;C;T;0.2439019978046417;230
100..300;19;43652320;C;T;0.2552300095558166;195
100..300;19;43718961;A;G;0.1336210072040558;185
100..300;19;43718986;T;G;0.1442310065031051;170
100..300;19;43848487;A;G;0.1488099992275238;140
100..300;19;43873517;A;G;0.1937499940395355;130
100..300;19;43913423;G;A;0.1528660058975219;130
100..300;19;44106690;T;C;0.1297300010919571;160
100..300;19;44386535;A;G;0.1365640014410019;155
100..300;19;44387622;T;C;0.1484100073575973;235
100..300;19;44392323;G;C;0.1491709947586059;130
100..300;19;44477583;C;T;0.1590909957885742;150
100..300;19;44477615;C;T;0.1631209999322891;125
100..300;19;44520547;C;G;0.1181429997086525;180
100..300;19;45621273;A;G;0.1219509989023208;120
100..300;19;46353758;T;C;0.1347150057554245;150
100..300;19;46470724;A;G;0.1111110001802444;235
100..300;19;46471049;C;A;0.1476510018110275;120
100..300;19;47539719;T;C;0.1290320008993148;180
100..300;19;47745650;C;G;0.1194029971957206;195
100..300;19;48575989;T;C;0.1111110001802444;235
100..300;19;48592808;T;C;0.1297069936990738;170
100..300;19;48831734;T;C;0.1422590017318725;180
100..300;19;48847892;T;C;0.1236559972167015;140
100..300;19;48873327;A;G;0.1222219988703727;210
100..300;19;48874616;A;G;0.1309520006179809;260
100..300;19;48896564;A;G;0.1358020007610321;125
100..300;19;48961106;T;C;0.1509429961442947;130
100..300;19;49030123;T;G;0.1269039958715438;160
100..300;19;49155110;T;C;0.113314002752304;270
100..300;19;49155133;C;T;0.1385540068149566;265
100..300;19;49365794;G;T;0.1850219964981079;185
100..300;19;50249640;A;G;0.1230769976973533;195
100..300;19;50858059;T;C;0.1355929970741272;185
100..300;19;51003764;G;T;0.2236289978027343;185
100..300;19;51014966;A;G;0.2123290002346038;115
100..300;19;51016090;C;G;0.175257995724678;215
100..300;19;51225221;T;C;0.1500000059604644;200
100..300;19;51347036;A;G;0.1795919984579086;185
100..300;19;51498028;A;G;0.1301120072603225;205
100..300;19;51701689;A;G;0.1157890036702156;140
100..300;19;51824531;T;C;0.132202997803688;235
100..300;19;51945416;C;G;0.1402709931135177;170
100..300;19;52033949;T;C;0.1291670054197311;195
100..300;19;52034323;G;T;0.1235959976911544;290
100..300;19;52067461;G;C;0.1502889990806579;145
100..300;19;52067530;G;A;0.1629209965467453;135
100..300;19;52800452;G;T;0.1762820035219192;265
100..300;19;52841448;G;A;0.1391589939594268;250
100..300;19;52841823;C;T;0.1276600062847137;225
100..300;19;52841842;A;G;0.1320219933986663;265
100..300;19;52841857;G;A;0.1356379985809326;280
100..300;19;53109467;C;T;0.1330049932003021;165
100..300;19;53109736;G;A;0.1348839998245239;175
100..300;19;53289789;A;G;0.1795669943094253;255
100..300;19;53290321;G;A;0.2013420015573501;245
100..300;19;53490416;A;G;0.1125399991869926;250
100..300;19;53804068;A;G;;215
100..300;19;53804068;T;G;;215
100..300;19;54277612;G;C;0.2043340057134628;180
100..300;19;54663046;C;T;0.1253200024366378;285
100..300;19;55141929;C;A;0.1280789971351623;155
100..300;19;55187587;T;C;0.1219509989023208;125
100..300;19;55196507;T;C;0.1369049996137619;140
100..300;19;55197189;G;A;0.2145590037107467;210
100..300;19;55202167;A;G;0.248649001121521;295
100..300;19;55486895;T;C;0.1270720064640045;125
100..300;19;55810151;C;T;0.1439390033483505;110
100..300;19;56027874;T;C;0.111455000936985;255
100..300;19;56384127;T;C;0.1276600062847137;155
100..300;19;56442216;C;T;0.3089889883995056;165
100..300;19;56550704;C;T;0.1274510025978088;160
100..300;19;57326650;G;C;0.1201919987797737;150
100..300;19;57357511;C;T;0.1199999973177909;260
100..300;19;57445460;G;T;0.3533830046653747;125
100..300;19;57508524;A;G;0.1806170046329498;180
100..300;19;57513074;A;G;0.1277779936790466;125
100..300;19;57639970;T;TG;0.1651789993047714;170
100..300;19;58294717;C;T;0.1358489990234375;200
100..300;19;58415848;T;C;0.1452050060033798;265
100..300;19;58416932;T;A;0.229884997010231;255
100..300;19;58416942;T;C;0.1173020005226135;255
100..300;19;58435466;C;T;0.1666669994592666;160
100..300;19;58511799;A;G;0.1350360065698623;210
100..300;19;58511807;G;A;0.128028005361557;215
100..300;2;41647;G;A;0.1788080036640167;115
100..300;2;242800;C;T;0.1619720011949539;100
100..300;2;243504;T;C;0.1502349972724914;160
100..300;2;1839196;C;T;0.2068970054388046;140
100..300;2;3580793;A;C;0.325203001499176;110
100..300;2;3606252;A;C;0.2264149934053421;245
100..300;2;3778797;C;T;0.1462260037660598;160
100..300;2;6496292;T;G;0.1673000007867813;220
100..300;2;6849889;T;C;0.1194029971957206;140
100..300;2;9494727;G;A;0.1607140004634857;125
100..300;2;10772593;A;G;0.1359650045633316;165
100..300;2;10819335;T;G;0.122698999941349;115
100..300;2;10820826;A;G;0.2643170058727264;175
100..300;2;11102484;T;C;0.1244639977812767;180
100..300;2;11211739;C;T;0.2153110057115554;165
100..300;2;11249781;T;C;0.1700679957866668;110
100..300;2;11611040;T;C;0.161764994263649;105
100..300;2;17284591;T;G;0.1437129974365234;135
100..300;2;17284745;C;T;0.1346150040626526;150
100..300;2;17284808;G;A;0.2954550087451935;115
100..300;2;17385367;G;A;0.2678569853305816;145
100..300;2;17385589;T;C;0.1489360034465789;160
100..300;2;17515852;A;T;0.196721002459526;105
100..300;2;17805416;T;G;0.128833994269371;120
100..300;2;18555347;G;A;0.1390369981527328;150
100..300;2;20251684;A;G;0.1760559976100921;110
100..300;2;20619004;T;C;0.122137002646923;195
100..300;2;21002628;G;A;0.1911759972572326;120
100..300;2;21022941;A;G;0.1373389959335327;175
100..300;2;23703363;T;C;0.2102269977331161;140
100..300;2;23872415;C;A;0.2000000029802322;120
100..300;2;24841324;A;G;0.1569769978523254;130
100..300;2;26141157;G;T;0.1500000059604644;105
100..300;2;26280007;C;T;0.2468349933624267;120
100..300;2;26282990;G;A;0.2424239963293075;165
100..300;2;26444262;G;A;0.1564629971981048;215
100..300;2;26941938;A;G;0.124378003180027;155
100..300;2;27056145;G;A;0.1578949987888336;120
100..300;2;27256909;A;C;0.1286550015211105;135
100..300;2;28632091;T;C;0.1764709949493408;225
100..300;2;28642894;C;T;0.240908995270729;185
100..300;2;29193615;C;T;0.1270900070667266;235
100..300;2;29223336;A;G;0.1321839988231659;135
100..300;2;29232333;T;A;0.1187499985098838;125
100..300;2;30459604;T;A;0.1546390056610107;150
100..300;2;30734460;G;A;0.115385003387928;160
100..300;2;31197277;T;C;0.1142859980463981;125
100..300;2;32758413;A;G;0.1380749940872192;180
100..300;2;33263352;A;G;0.1168830022215843;165
100..300;2;37228089;A;C;0.1134449988603591;185
100..300;2;38075401;A;G;0.1258739978075027;110
100..300;2;39615000;C;G;0.1283420026302337;135
100..300;2;43292838;T;C;0.1235290020704269;130
100..300;2;43844500;T;C;0.1314290016889572;120
100..300;2;43844604;G;A;0.1736530065536499;120
100..300;2;46759577;G;C;0.1260869950056076;180
100..300;2;46905488;A;G;0.1468529999256134;110
100..300;2;48580657;C;A;0.1306309998035431;175
100..300;2;48580837;C;T;0.1371240019798278;235
100..300;2;48581013;C;G;0.1142859980463981;210
100..300;2;48915268;G;T;0.1402440071105957;120
100..300;2;52571655;C;G;0.2058819979429245;170
100..300;2;52572436;T;A;0.1744969934225082;220
100..300;2;53808371;C;G;0.125;160
100..300;2;54255852;T;C;0.2305189967155456;270
100..300;2;54267311;A;G;0.1263740062713623;135
100..300;2;54360522;C;G;0.2026139944791793;130
100..300;2;55881747;C;T;0.421875;120
100..300;2;58461772;A;G;0.1492059975862503;250
100..300;2;61842223;C;T;0.1528380066156387;180
100..300;2;63622357;C;T;0.270700991153717;280
100..300;2;64100410;T;G;0.2638039886951446;125
100..300;2;64100458;C;T;0.2916670143604278;155
100..300;2;65205723;C;T;0.1337050050497055;260
100..300;2;65205818;C;T;0.1145830005407333;250
100..300;2;66125662;G;C;0.1421319991350174;150
100..300;2;68655336;C;T;0.1483519971370697;290
100..300;2;69788049;T;C;0.1314290016889572;120
100..300;2;69935402;G;T;0.1512199938297271;150
100..300;2;70963254;T;C;0.331818014383316;190
100..300;2;71077608;A;G;0.1199999973177909;220
100..300;2;71124357;A;G;0.2363010048866272;240
100..300;2;72480745;G;A;0.1392409950494766;125
100..300;2;73081250;T;C;0.125899001955986;220
100..300;2;73214257;G;C;0.3113769888877868;145
100..300;2;73264386;T;C;0.1919189989566803;235
100..300;2;74255765;C;T;0.1321839988231659;130
100..300;2;74460654;A;G;0.1166670024394989;175
100..300;2;74498017;C;T;0.2274370044469833;240
100..300;2;74754710;T;A;0.2265619933605194;100
100..300;2;85344587;G;A;0.1790120005607605;120
100..300;2;85398164;C;G;0.1533740013837814;125
100..300;2;85542588;G;C;0.1302520036697387;180
100..300;2;85579143;T;C;0.1645019948482513;185
100..300;2;85668215;G;T;0.1142859980463981;125
100..300;2;85697606;T;C;0.1428570002317428;150
100..300;2;85698544;A;G;0.3268480002880096;230
100..300;2;85698557;G;T;0.3176900148391723;245
100..300;2;88096601;A;G;0.1505379974842071;145
100..300;2;88096604;G;C;0.1505379974842071;150
100..300;2;88096655;C;T;0.1568630039691925;190
100..300;2;88529261;C;T;0.1068489998579025;270
100..300;2;94871823;T;C;0.1128209978342056;265
100..300;2;95575303;A;G;0.1434780061244964;175
100..300;2;96132566;T;C;0.1428570002317428;160
100..300;2;98236710;A;G;0.2184469997882843;165
100..300;2;100480498;T;C;0.1574469953775406;180
100..300;2;101011463;T;C;0.1719460040330886;175
100..300;2;101022366;T;C;0.137036994099617;200
100..300;2;101068666;T;C;0.2290080040693283;105
100..300;2;101860991;T;C;0.1677419990301132;125
100..300;2;102226007;C;T;0.245614007115364;135
100..300;2;102384942;T;C;0.2049690037965774;125
100..300;2;102478945;A;G;0.2570419907569885;235
100..300;2;105405031;G;C;0.2430939972400665;145
100..300;2;108002058;T;C;0.1538459956645965;105
100..300;2;108247194;C;A;0.4042550027370453;135
100..300;2;111092938;T;C;0.1206900030374527;175
100..300;2;112022487;G;A;0.1245139986276626;205
100..300;2;112028314;T;C;0.1244440004229545;190
100..300;2;112028472;A;G;0.139053001999855;270
100..300;2;112028780;A;G;0.1404110044240951;230
100..300;2;112647131;A;G;0.3114039897918701;210
100..300;2;112722037;A;G;0.2422679960727691;150
100..300;2;112779646;A;C;0.1309520006179809;130
100..300;2;113028927;G;A;0.1241379976272583;110
100..300;2;117825524;A;G;0.1409090012311935;165
100..300;2;117975255;A;G;0.1210940033197403;190
100..300;2;119247993;T;C;0.2613640129566192;230
100..300;2;121239544;A;G;0.1180120036005973;120
100..300;2;127564195;A;G;0.1495330035686493;160
100..300;2;127631215;A;G;0.1687240004539489;185
100..300;2;127631287;C;G;0.1385039985179901;260
100..300;2;127635714;C;T;0.149067997932434;125
100..300;2;127636225;C;T;0.1313129961490631;140
100..300;2;127706542;A;G;0.1483249962329864;165
100..300;2;127850610;T;C;0.1629630029201507;100
100..300;2;128182225;T;C;0.1518519967794418;210
100..300;2;131140151;T;G;0.1212119981646537;115
100..300;2;131500253;A;T;0.115385003387928;150
100..300;2;131601505;T;C;0.1851850003004074;140
100..300;2;132560316;G;C;0.1780820041894912;170
100..300;2;137663426;G;A;0.30833300948143;100
100..300;2;140373126;T;C;0.223021999001503;110
100..300;2;151525940;G;C;0.2386360019445419;140
100..300;2;151531039;C;T;0.2922370135784149;180
100..300;2;151565562;G;C;0.3146849870681762;125
100..300;2;151565573;G;A;0.3161759972572326;125
100..300;2;151633705;G;A;0.2147890031337738;235
100..300;2;158703536;A;C;0.3025209903717041;110
100..300;2;158807087;C;T;0.1846690028905868;225
100..300;2;158815740;A;G;0.1304350048303604;150
100..300;2;159819839;C;T;0.171875;145
100..300;2;159854534;C;G;0.1307689994573593;105
100..300;2;160045006;G;A;0.1286759972572326;215
100..300;2;161504064;C;T;0.2923080027103424;130
100..300;2;161505080;C;T;0.1428570002317428;140
100..300;2;161506555;A;G;0.2182539999485016;215
100..300;2;161839904;T;C;0.2081220000982284;150
100..300;2;162033598;G;C;0.1185190007090568;105
100..300;2;164729956;C;T;0.1318680047988891;135
100..300;2;165679408;T;C;0.215596005320549;185
100..300;2;166441621;A;G;0.1400970071554184;155
100..300;2;169510589;A;G;0.1323529928922653;210
100..300;2;169531430;A;G;0.1377779990434646;165
100..300;2;169701587;G;A;0.1341460049152374;125
100..300;2;170792892;T;C;0.125;145
100..300;2;171375293;G;C;0.1323529928922653;110
100..300;2;171517568;G;C;0.2291669994592666;120
100..300;2;171517610;A;G;0.2159619927406311;160
100..300;2;172475080;A;G;0.1833329945802688;140
100..300;2;172479746;G;A;0.1666669994592666;145
100..300;2;172487375;T;C;0.1679690033197403;195
100..300;2;172595912;C;T;0.1278540045022964;160
100..300;2;173263785;T;C;0.2592589855194092;150
100..300;2;174423050;A;G;0.1734099984169006;135
100..300;2;174436269;A;G;0.109375;240
100..300;2;174759379;G;GA;0.2147240042686462;170
100..300;2;176242364;C;G;0.1845239996910095;135
100..300;2;177875895;C;A;0.1260869950056076;170
100..300;2;177997733;C;A;0.1685820072889328;205
100..300;2;178575302;A;G;0.1538459956645965;205
100..300;2;178576659;A;G;0.1163429990410804;275
100..300;2;178597767;G;A;0.1388889998197555;145
100..300;2;178632406;T;C;0.1657460033893585;150
100..300;2;178689578;T;C;0.1532260030508041;100
100..300;2;178856319;A;G;0.1276600062847137;135
100..300;2;179121826;C;T;0.1321839988231659;130
100..300;2;185796946;G;A;0.5199999809265137;125
100..300;2;185800236;A;C;0.3983049988746643;105
100..300;2;186505946;C;G;0.1181429997086525;175
100..300;2;188994347;A;T;0.125;110
100..300;2;189039507;G;T;0.1145370006561279;170
100..300;2;189088782;T;C;0.1666669994592666;100
100..300;2;191009941;G;A;0.13714300096035;130
100..300;2;193277046;A;G;0.2000000029802322;200
100..300;2;200572325;G;A;0.2615379989147186;115
100..300;2;200858104;A;C;0.1407040059566497;155
100..300;2;201138447;G;A;0.125;150
100..300;2;201340026;G;A;0.1197919994592666;135
100..300;2;203867991;G;A;0.1213240027427673;190
100..300;2;203959601;C;A;0.1534090042114257;135
100..300;2;205950105;T;C;0.1402709931135177;185
100..300;2;206420046;G;A;0.140186995267868;175
100..300;2;207681666;C;A;0.1639340072870254;110
100..300;2;210477778;A;G;0.1380950063467025;160
100..300;2;213422259;T;C;0.1277260035276413;230
100..300;2;214730440;A;G;0.1527779996395111;110
100..300;2;214730921;T;C;0.1354839950799942;115
100..300;2;214767531;T;C;;140
100..300;2;214769331;T;C;0.1328669935464859;105
100..300;2;214955289;A;G;0.1493780016899109;180
100..300;2;216610710;G;GT;0.1226420029997825;245
100..300;2;217427418;C;T;0.2595419883728027;110
100..300;2;217427435;G;C;;115
100..300;2;217880962;A;G;0.121018998324871;230
100..300;2;218640742;A;G;0.1189429983496666;165
100..300;2;219027511;A;T;0.2336069941520691;205
100..300;2;219040574;T;C;0.1227440014481544;210
100..300;2;219557964;T;C;0.1596090048551559;240
100..300;2;221442814;T;G;0.1185190007090568;110
100..300;2;222694370;C;T;0.1390729993581771;115
100..300;2;223765159;CCAT;C;6.0;110
100..300;2;223765159;CCATCAT;C;60.0;110
100..300;2;224380171;G;A;0.1217949986457824;125
100..300;2;224854976;A;G;0.1654680073261261;110
100..300;2;227010486;G;A;0.1171879991889;190
100..300;2;227282377;G;A;0.121018998324871;115
100..300;2;227587234;C;T;0.1687240004539489;200
100..300;2;227599123;C;T;0.1089320033788681;265
100..300;2;228018313;C;A;0.1544400006532669;210
100..300;2;228019005;C;T;0.1451610028743744;160
100..300;2;230172052;C;T;0.1212119981646537;125
100..300;2;230177560;G;A;0.2698409855365753;160
100..300;2;230212395;T;C;0.1223020032048225;195
100..300;2;230245867;T;C;0.1783439964056015;120
100..300;2;230292797;G;A;0.1527779996395111;165
100..300;2;230573382;T;A;0.2080540060997009;130
100..300;2;230573483;T;C;0.1781609952449798;140
100..300;2;230573581;G;A;0.1682689934968948;170
100..300;2;230573632;T;C;0.1756100058555603;165
100..300;2;230573673;A;G;0.1800000071525573;175
100..300;2;230573706;C;T;0.1302520036697387;195
100..300;2;231000375;C;T;0.1238939985632896;165
100..300;2;232087546;T;C;0.1472389996051788;250
100..300;2;232263269;C;T;0.1288889944553375;175
100..300;2;233034416;A;C;0.1114460006356239;250
100..300;2;233184389;A;G;0.172662004828453;105
100..300;2;233460175;C;T;0.2272730022668838;180
100..300;2;233462705;A;G;0.1935479938983917;190
100..300;2;233485841;A;G;0.2453529983758926;225
100..300;2;233511715;T;C;0.1219509989023208;115
100..300;2;233523335;T;G;0.1203010007739067;200
100..300;2;233585489;T;G;0.1549299955368042;215
100..300;2;233682323;G;A;0.6363639831542969;180
100..300;2;233818764;A;C;0.1928929984569549;150
100..300;2;236465666;T;C;0.1612900048494339;135
100..300;2;237336280;T;C;0.1107269972562789;225
100..300;2;237340465;C;T;0.1319800019264221;155
100..300;2;237344509;T;C;0.140077993273735;200
100..300;2;237368930;A;C;0.1216220036149025;235
100..300;2;237735264;A;G;0.2801930010318756;170
100..300;2;237760159;G;A;0.304544985294342;185
100..300;2;237762685;G;A;0.1951220035552978;225
100..300;2;237764060;G;C;0.1707320064306259;260
100..300;2;237824373;A;G;0.3263890147209167;125
100..300;2;238125402;C;A;0.1356779932975769;150
100..300;2;239139704;T;C;0.1183210015296936;200
100..300;2;240557353;A;C;0.1428570002317428;125
100..300;2;240618980;A;G;0.1105989962816238;155
100..300;2;240630675;T;C;0.1260270029306411;270
100..300;2;240630832;C;A;0.1598169952630996;170
100..300;2;240965418;A;G;0.1380749940872192;200
100..300;2;240989811;G;A;0.2777779996395111;120
100..300;2;241090011;A;G;0.1445779949426651;185
100..300;2;241122747;T;C;0.127358004450798;155
100..300;2;241233983;A;G;0.1324499994516372;115
100..300;2;241678436;G;A;0.167939007282257;105
100..300;20;96130;T;C;0.1265310049057006;180
100..300;20;365220;T;C;0.2089550048112869;105
100..300;20;417634;T;G;0.1241829991340637;125
100..300;20;765454;A;G;0.1369049996137619;265
100..300;20;1127479;T;C;0.1287550032138824;165
100..300;20;1242851;A;G;0.132530003786087;130
100..300;20;1370065;C;T;0.1148940026760101;165
100..300;20;1477265;A;C;0.1221859976649284;240
100..300;20;1915413;A;G;0.1316460072994232;285
100..300;20;1915414;C;T;0.1316460072994232;285
100..300;20;1915454;T;C;0.1766780018806457;220
100..300;20;2340459;C;G;0.2268040031194687;155
100..300;20;2432479;T;C;;120
100..300;20;2484338;C;T;0.1261830031871795;250
100..300;20;2758937;C;T;0.1114860028028488;210
100..300;20;2860127;T;C;0.1297300010919571;140
100..300;20;3228725;A;G;0.1293099969625473;190
100..300;20;3361996;C;T;0.1868689954280853;160
100..300;20;4060116;C;T;0.2333330065011978;155
100..300;20;5106293;T;A;0.1666669994592666;145
100..300;20;5118870;A;G;0.1736530065536499;130
100..300;20;5119563;C;G;0.280701994895935;105
100..300;20;5942557;C;T;0.1152419969439506;210
100..300;20;5942558;C;T;0.1152419969439506;210
100..300;20;5952462;A;C;0.1196170002222061;160
100..300;20;6770387;G;A;0.117646999657154;195
100..300;20;10049540;A;T;0.1205210015177726;240
100..300;20;10051765;G;T;0.1257490068674087;125
100..300;20;10622678;G;A;0.1255809962749481;180
100..300;20;10623102;A;G;0.1824820041656494;230
100..300;20;13625256;T;A;0.1197599992156028;120
100..300;20;15619559;T;C;0.1336629986763;150
100..300;20;16367284;A;C;0.1161290034651756;235
100..300;20;17969902;T;A;0.1215690001845359;190
100..300;20;18315217;A;G;0.1233329996466636;225
100..300;20;18814070;T;C;0.1603379994630813;200
100..300;20;18814110;T;C;0.1681420058012008;195
100..300;20;19585027;A;G;0.1130739971995353;205
100..300;20;21706706;A;G;0.1335150003433227;295
100..300;20;25206577;A;G;0.2228569984436035;140
100..300;20;25213313;A;G;0.1471700072288513;190
100..300;20;25280295;G;A;0.2272730022668838;190
100..300;20;25282153;C;T;0.1620109975337982;135
100..300;20;25284178;C;T;0.1778849959373474;160
100..300;20;25302308;G;A;0.2361110001802444;170
100..300;20;25476252;G;A;0.189300000667572;200
100..300;20;25476413;G;GCTCCCA;0.1388009935617447;265
100..300;20;25479128;G;T;0.1151079982519149;205
100..300;20;32800830;C;T;0.1205359995365142;160
100..300;20;32908386;G;A;0.1513759940862655;155
100..300;20;32996372;A;G;0.1202529966831207;115
100..300;20;33002880;A;C;0.2317070066928863;205
100..300;20;33020324;T;C;0.1376519948244094;175
100..300;20;33034277;A;G;0.238317996263504;170
100..300;20;33039485;G;A;0.2283100038766861;180
100..300;20;33056714;C;T;0.3030300140380859;150
100..300;20;33064486;A;G;0.191780999302864;170
100..300;20;33066893;G;A;0.1395349949598312;190
100..300;20;33068826;G;C;0.256756991147995;180
100..300;20;33086040;G;A;0.2057420015335083;160
100..300;20;33088998;C;A;0.1702129989862442;145
100..300;20;33676869;T;C;0.1192049980163574;230
100..300;20;33965241;G;T;0.2356690019369125;120
100..300;20;33965289;T;C;0.2913390100002289;105
100..300;20;34123168;A;G;0.2279790043830871;160
100..300;20;34476025;C;A;0.1923079937696457;195
100..300;20;34516787;C;G;0.1213869974017143;255
100..300;20;34986962;C;T;0.247422993183136;160
100..300;20;34998390;T;C;0.1648939996957779;145
100..300;20;34999395;C;G;0.2422910034656524;195
100..300;20;35001304;A;G;0.194690003991127;100
100..300;20;35004445;T;C;0.1773400008678436;170
100..300;20;35115804;T;C;0.2014389932155609;235
100..300;20;35269908;C;A;0.1599999964237213;170
100..300;20;35306660;G;A;0.149067997932434;120
100..300;20;37137934;G;A;0.1163790002465248;165
100..300;20;37179387;GCTTATAGACAGGGCCCCGCGGCCGGCACT;G;0.6022729873657227;185
100..300;20;38310476;C;T;0.1333329975605011;130
100..300;20;42085839;A;G;0.1614580005407333;150
100..300;20;43702906;T;G;0.1485150009393692;160
100..300;20;44337223;T;C;0.1194029971957206;200
100..300;20;44337385;C;T;0.1776860058307647;200
100..300;20;45610102;G;T;0.1387760043144226;180
100..300;20;45641343;C;T;0.1447370052337646;105
100..300;20;46566265;G;C;0.2789700031280517;200
100..300;20;48632651;C;T;0.1968500018119812;110
100..300;20;48639762;T;C;0.1545449942350387;170
100..300;20;48642225;T;C;0.1637430042028427;135
100..300;20;48644398;G;A;0.2213740050792694;100
100..300;20;48644479;C;T;0.1624999940395355;125
100..300;20;48651402;A;G;0.1674879938364029;155
100..300;20;48657188;T;C;0.1182269975543022;155
100..300;20;48941880;T;C;0.1131220012903213;155
100..300;20;50960127;G;T;0.1203010007739067;200
100..300;20;51131405;T;A;0.1513160020112991;120
100..300;20;51791427;T;C;0.1643359959125518;235
100..300;20;54157275;A;G;0.1239669993519783;180
100..300;20;56451939;A;G;0.1469530016183853;220
100..300;20;57173150;A;G;0.1146500036120414;225
100..300;20;57610247;A;G;0.1097920015454292;250
100..300;20;58715291;G;C;0.2271289974451065;260
100..300;20;59035004;A;C;0.1496060043573379;100
100..300;20;59479393;A;G;0.1604280024766922;145
100..300;20;61352949;G;A;0.1657750010490417;135
100..300;20;61352974;A;G;0.1771429926156997;130
100..300;20;62193559;A;G;0.1385280042886734;175
100..300;20;62273292;T;C;0.181318998336792;135
100..300;20;62289334;T;C;0.1919189989566803;155
100..300;20;62310086;A;C;0.1064430028200149;270
100..300;20;62324150;T;C;0.2182410061359405;240
100..300;20;62345568;G;A;0.1277779936790466;130
100..300;20;62345831;A;G;0.2123550027608871;205
100..300;20;62352356;A;G;0.2966099977493286;210
100..300;20;62388290;CT;C;0.0578035004436969;160
100..300;20;62388290;C;CT;0.1560689955949783;160
100..300;20;62388438;T;C;0.1155909970402717;265
100..300;20;63247657;T;G;0.1136360019445419;190
100..300;20;63560205;A;G;0.2454870045185089;235
100..300;20;63561666;T;C;0.2830190062522888;220
100..300;20;63563360;C;A;0.1369049996137619;130
100..300;20;63564319;T;C;0.2371789962053299;135
100..300;20;63564680;T;C;0.2195120006799698;205
100..300;20;63564829;C;G;0.2086610049009323;210
100..300;20;63569223;A;G;;220
100..300;20;63590413;T;C;0.1602790057659149;230
100..300;20;63700637;G;T;0.1242939978837966;130
100..300;20;63701289;C;T;;100
100..300;20;63945638;A;G;0.1523810029029846;155
100..300;20;63964194;T;C;0.1413429975509643;215
100..300;20;63967462;T;C;0.1158540025353431;245
100..300;21;13827294;T;C;0.1235060021281242;175
100..300;21;14967968;T;C;0.3686870038509369;180
100..300;21;17518892;G;A;0.3131310045719147;175
100..300;21;17796901;C;G;0.3741010129451751;135
100..300;21;18294584;A;T;0.1438360065221786;115
100..300;21;18341504;T;C;0.1441860049962997;155
100..300;21;19244974;T;G;0.2886599898338318;175
100..300;21;19245707;C;T;0.2519690096378326;110
100..300;21;20425224;A;C;0.3050850033760071;100
100..300;21;20828226;CA;C;0.1654929965734481;235
100..300;21;26651051;C;T;0.2868219912052154;100
100..300;21;26966104;G;C;0.2393819987773895;215
100..300;21;28969569;G;A;0.2710280120372772;185
100..300;21;28984842;T;G;0.1428570002317428;155
100..300;21;29036349;T;A;0.1385540068149566;120
100..300;21;29591128;G;A;0.1443299949169159;135
100..300;21;30215475;G;A;0.1439999938011169;205
100..300;21;31061981;C;T;0.2209939956665039;155
100..300;21;31672065;A;G;0.1221119984984397;235
100..300;21;31696649;C;T;0.1404680013656616;215
100..300;21;32726890;T;C;0.1407410055398941;195
100..300;21;33241945;C;T;0.1269039958715438;150
100..300;21;33241950;G;T;0.1237619966268539;155
100..300;21;33262774;CT;C;0.0819671973586082;155
100..300;21;33262774;C;CT;0.2622950077056885;155
100..300;21;34707992;T;C;0.1186439990997314;175
100..300;21;36369631;C;T;0.1163790002465248;185
100..300;21;36486624;G;A;0.1187210008502006;165
100..300;21;36486653;G;C;0.1243240013718605;140
100..300;21;36486659;C;A;0.1314290016889572;135
100..300;21;36741697;A;C;0.1445779949426651;130
100..300;21;36994952;G;C;0.1342280060052871;120
100..300;21;37067386;G;A;0.1962029933929443;130
100..300;21;38253857;A;C;0.1544120013713836;105
100..300;21;38299554;A;G;0.2289559990167617;255
100..300;21;39127630;C;G;0.1199999973177909;175
100..300;21;39127709;A;G;0.1196170002222061;260
100..300;21;39127809;T;G;0.328357994556427;250
100..300;21;41449186;C;T;0.1150000020861625;155
100..300;21;41499346;C;T;0.1421049982309341;160
100..300;21;41749197;G;C;0.1457290053367614;150
100..300;21;41756639;G;T;0.1460320055484771;250
100..300;21;41756672;G;A;0.1391589939594268;245
100..300;21;41918839;C;A;0.1847829967737198;145
100..300;21;42119183;A;G;0.1137249991297721;180
100..300;21;42259328;C;T;0.1223020032048225;105
100..300;21;42259403;T;C;0.1168219968676567;155
100..300;21;42366403;T;C;0.1761009991168975;125
100..300;21;42383058;C;T;0.1531530022621154;165
100..300;21;44288394;T;C;0.1264369934797287;185
100..300;21;44305832;G;A;0.2647059857845306;135
100..300;21;44600627;C;T;0.1389729976654052;260
100..300;21;44702809;A;G;0.122137002646923;205
100..300;21;46003475;A;G;0.1544719934463501;190
100..300;21;46003593;A;G;0.2240660041570663;195
100..300;21;46003722;T;C;0.1810339987277984;200
100..300;21;46215713;G;C;0.1868129968643188;270
100..300;21;46215799;A;G;0.1754390001296997;210
100..300;21;46222695;A;G;0.1171550005674362;180
100..300;21;46277736;G;A;0.2666670083999634;115
100..300;21;46283735;A;G;0.1881189942359924;225
100..300;21;46284982;A;G;0.1840489953756332;280
100..300;21;46346225;C;T;0.2402600049972534;125
100..300;21;46346736;A;G;0.3706899881362915;115
100..300;21;46353189;A;C;0.1919189989566803;230
100..300;21;46391357;T;C;0.1737090051174163;165
100..300;21;46416739;T;C;0.161764994263649;270
100..300;21;46430491;T;C;0.2987009882926941;140
100..300;21;46430570;C;G;0.2014389932155609;220
100..300;21;46431839;G;A;0.1820989996194839;260
100..300;21;46440851;C;T;0.1632650047540664;120
100..300;21;46541798;A;G;0.1365309953689575;190
100..300;21;46550668;A;G;0.1494659930467605;220
100..300;22;16857817;T;G;0.3532609939575195;165
100..300;22;16858151;A;G;;175
100..300;22;16858352;A;G;0.215596005320549;190
100..300;22;16858862;A;G;0.2912620007991791;175
100..300;22;16859187;G;A;0.2555559873580932;150
100..300;22;16859529;C;T;0.348484992980957;130
100..300;22;16859749;T;C;0.1630430072546005;145
100..300;22;16859779;T;C;0.1822659969329834;170
100..300;22;16904256;C;T;0.128491997718811;135
100..300;22;17209519;A;G;0.2062149941921234;290
100..300;22;17887150;G;A;0.1224490031599998;150
100..300;22;18083522;G;C;0.1150439977645874;165
100..300;22;19014496;T;G;0.1224490031599998;110
100..300;22;19039100;G;A;0.1886789947748184;175
100..300;22;19060900;G;A;0.2884620130062103;125
100..300;22;19060936;A;G;0.126581996679306;115
100..300;22;19125502;T;C;0.1457290053367614;160
100..300;22;19125515;A;G;0.1367920041084289;165
100..300;22;20369542;C;T;0.1375840008258819;200
100..300;22;20583314;T;C;0.117977999150753;135
100..300;22;20589868;G;A;0.120567001402378;115
100..300;22;20626150;G;A;0.1637430042028427;130
100..300;22;21045993;C;G;0.1255410015583038;160
100..300;22;21965385;A;AG;0.132530003786087;135
100..300;22;23096004;T;C;0.1150159984827041;245
100..300;22;23187981;G;T;0.1502349972724914;175
100..300;22;23191451;AAACAAC;A;0.1538459956645965;130
100..300;22;23196170;C;T;0.136363998055458;145
100..300;22;23196550;C;T;0.1533740013837814;140
100..300;22;23197124;G;A;0.1791040003299713;110
100..300;22;23197209;A;G;0.1159420013427734;110
100..300;22;23198612;G;A;0.1300809979438781;195
100..300;22;23198726;T;C;0.2349729984998703;155
100..300;22;23199301;T;C;0.1341989934444427;190
100..300;22;24072436;A;G;0.1383929997682571;165
100..300;22;24585970;T;C;0.1236750036478042;215
100..300;22;24748945;T;C;0.1395349949598312;130
100..300;22;24749504;G;A;0.3189660012722015;105
100..300;22;25319956;A;G;0.1565220057964325;250
100..300;22;25319964;G;A;0.1554249972105026;250
100..300;22;25357354;A;G;0.2786889970302582;250
100..300;22;25437629;T;C;0.2713179886341095;115
100..300;22;26670771;C;T;0.1276600062847137;115
100..300;22;26673035;T;C;0.1329109966754913;125
100..300;22;29260400;T;G;0.2022790014743805;280
100..300;22;30294009;A;G;0.1120449975132942;255
100..300;22;30468623;G;A;0.1350480020046234;235
100..300;22;30468805;T;C;0.1185190007090568;105
100..300;22;30617432;T;C;0.1151079982519149;200
100..300;22;31442099;A;G;0.1452990025281906;185
100..300;22;31550296;C;T;0.1327009946107864;155
100..300;22;31580313;C;T;0.1302330046892166;150
100..300;22;31712489;T;C;0.1270489990711212;195
100..300;22;31714957;A;G;0.1546390056610107;155
100..300;22;31833991;A;G;0.1149829998612403;215
100..300;22;32229223;T;C;0.1491229981184005;165
100..300;22;32269802;T;C;0.1304350048303604;180
100..300;22;32271520;A;G;0.3333329856395721;150
100..300;22;32272384;A;G;0.1875;220
100..300;22;32360757;G;A;0.158046007156372;230
100..300;22;32395016;C;A;0.2671760022640228;110
100..300;22;32399654;T;C;0.1297709941864013;190
100..300;22;32408189;T;G;0.1179490014910698;140
100..300;22;32414391;G;T;0.14130400121212;130
100..300;22;32415965;G;A;0.2234639972448349;140
100..300;22;35067169;G;A;0.1576759964227676;190
100..300;22;35067186;C;T;0.1581030040979385;190
100..300;22;35551538;A;C;0.2088609933853149;135
100..300;22;36991464;A;C;0.124378003180027;155
100..300;22;37002160;A;C;0.1128399968147277;205
100..300;22;37185382;C;G;0.1280000060796737;185
100..300;22;37185445;A;C;0.3333329856395721;155
100..300;22;37207705;T;C;0.1208790019154548;210
100..300;22;37374026;T;G;0.2000000029802322;235
100..300;22;37374317;G;A;0.2411350011825561;240
100..300;22;37375118;A;G;0.2145110070705413;265
100..300;22;37701352;G;C;0.1337579935789108;115
100..300;22;37734452;T;G;0.1223630011081695;180
100..300;22;37877742;C;T;0.1226420029997825;245
100..300;22;41224821;T;C;0.1226420029997825;170
100..300;22;42020052;G;A;0.1533329933881759;110
100..300;22;42871399;C;T;0.1198500022292137;190
100..300;22;43176348;T;C;0.135231003165245;210
100..300;22;43180874;A;C;0.1599999964237213;140
100..300;22;43183043;C;T;0.1173179969191551;260
100..300;22;43203985;T;C;0.1286550015211105;135
100..300;22;43672313;A;G;0.1285710036754608;100
100..300;22;43886396;G;A;0.1396829932928085;240
100..300;22;43886427;A;G;0.1487890034914016;225
100..300;22;43889548;A;G;0.1458330005407333;125
100..300;22;43889787;A;G;0.257310003042221;150
100..300;22;43891182;G;A;0.1894740015268325;220
100..300;22;46247126;C;A;0.1127599999308586;235
100..300;22;46258426;A;G;0.1164020001888275;150
100..300;22;46260582;G;A;0.1158299967646598;205
100..300;22;46260614;G;A;0.1279069930315017;215
100..300;22;46260710;A;G;0.1578949987888336;210
100..300;22;46261901;G;A;0.1338910013437271;195
100..300;22;46721008;A;G;0.1370970010757446;100
100..300;22;50041679;T;C;0.2100840061903;180
100..300;22;50278700;G;T;0.1269039958715438;150
100..300;22;50436464;T;C;0.1947370022535324;155
100..300;22;50439767;A;G;0.2258059978485107;265
100..300;22;50489527;T;C;0.1199999973177909;165
100..300;22;50573504;C;T;;115
100..300;22;50573508;G;A;;120
100..300;3;3098273;C;T;0.1434980034828186;170
100..300;3;4313013;A;G;0.1683669984340667;155
100..300;3;4316526;G;A;0.3473049998283386;165
100..300;3;4700567;G;A;0.2950820028781891;160
100..300;3;7146493;C;T;0.1730770021677017;155
100..300;3;9741397;T;C;0.1199999973177909;150
100..300;3;9878454;C;G;0.189300000667572;185
100..300;3;10177824;C;T;0.1458330005407333;150
100..300;3;10385333;C;G;0.1315789967775344;140
100..300;3;11807400;C;G;0.1534090042114257;145
100..300;3;11839286;C;T;0.1496060043573379;190
100..300;3;11844977;A;G;0.1461990028619766;125
100..300;3;12501699;A;G;0.1650940030813217;170
100..300;3;14493539;G;C;0.1148149967193603;205
100..300;3;14541920;G;A;0.1400000005960464;115
100..300;3;16271057;T;C;0.1462260037660598;165
100..300;3;16286402;T;C;0.125;130
100..300;3;16604489;A;G;0.1390369981527328;135
100..300;3;16728589;T;C;0.2702699899673462;125
100..300;3;17012007;G;A;0.2114289999008178;145
100..300;3;19905613;C;A;0.3521130084991455;130
100..300;3;19933647;T;C;0.2447260022163391;205
100..300;3;20012456;G;C;0.1320749968290329;125
100..300;3;24127490;T;C;0.1528660058975219;125
100..300;3;24165115;C;G;0.1628960072994232;170
100..300;3;25528074;T;C;0.1150790005922317;185
100..300;3;27290686;C;T;0.15310999751091;155
100..300;3;30801066;C;G;0.152438998222351;125
100..300;3;32260018;T;C;0.1411760002374649;140
100..300;3;32260068;G;C;0.1542550027370453;145
100..300;3;32621039;C;T;0.1493780016899109;190
100..300;3;32621311;A;C;0.1130739971995353;215
100..300;3;32621315;C;T;0.1130739971995353;215
100..300;3;32621427;T;C;0.1506849974393844;240
100..300;3;32621446;C;T;0.136363998055458;250
100..300;3;32621468;G;A;0.137254998087883;250
100..300;3;32621548;C;T;0.1180329993367195;235
100..300;3;33097057;A;G;0.2380950003862381;150
100..300;3;38045533;T;C;0.1366460025310516;120
100..300;3;38550915;G;A;0.2648079991340637;265
100..300;3;38742538;C;T;0.1242939978837966;130
100..300;3;40233970;T;C;0.1423220038414001;180
100..300;3;40250345;T;C;0.1191710010170936;160
100..300;3;42209837;T;C;0.1139239966869354;180
100..300;3;42210006;C;G;0.122529998421669;195
100..300;3;42739784;T;G;0.1329479962587356;130
100..300;3;42758273;A;G;0.139842003583908;285
100..300;3;44243092;A;G;0.2518520057201385;130
100..300;3;44843155;A;C;0.170983999967575;145
100..300;3;46439310;G;A;0.1330469995737075;180
100..300;3;46439467;G;C;0.1171550005674362;180
100..300;3;46446446;T;C;0.1538459956645965;160
100..300;3;46579270;G;T;0.1457629948854446;230
100..300;3;46579311;A;G;0.1337790042161941;225
100..300;3;46671967;G;C;0.2096219956874847;230
100..300;3;46688267;G;C;0.2356690019369125;130
100..300;3;46712486;C;T;0.1263740062713623;135
100..300;3;46733832;G;A;0.122867003083229;225
100..300;3;46733893;G;A;0.1243240013718605;145
100..300;3;47002132;A;G;0.119266003370285;160
100..300;3;47409921;T;C;0.1197919994592666;160
100..300;3;48566583;G;C;0.1822219938039779;175
100..300;3;48621034;A;C;0.2947979867458343;150
100..300;3;48632014;T;C;0.1636359989643097;155
100..300;3;48633394;T;G;0.2063490003347396;210
100..300;3;48640578;C;G;0.3013699948787689;130
100..300;3;48641538;G;T;0.1287879943847656;100
100..300;3;48643620;T;C;0.3251529932022095;140
100..300;3;48645225;T;C;0.2327589988708496;100
100..300;3;48653883;C;T;0.2417059987783432;185
100..300;3;48662086;T;C;0.2162159979343414;265
100..300;3;48688274;T;C;0.25;125
100..300;3;48695047;C;T;0.1801239997148513;265
100..300;3;49026677;G;A;0.213929995894432;170
100..300;3;49030471;C;T;0.2113820016384124;100
100..300;3;49103683;A;G;0.1953639984130859;245
100..300;3;49119040;G;C;0.1955559998750686;170
100..300;3;49175597;C;T;0.225610002875328;145
100..300;3;49178533;T;C;0.2268909960985183;190
100..300;3;49256817;A;C;0.3008129894733429;225
100..300;3;49276545;T;C;0.1802819967269897;275
100..300;3;49284594;A;T;0.4560000002384186;125
100..300;3;49324936;T;C;0.2831859886646271;190
100..300;3;49335612;G;A;0.1823900043964386;130
100..300;3;49417897;T;C;0.1666669994592666;220
100..300;3;49532767;T;C;0.2034479975700378;240
100..300;3;49651777;A;G;0.2325579971075058;255
100..300;3;49653063;T;C;0.2006369978189468;255
100..300;3;49664550;A;G;0.2705880105495453;145
100..300;3;49676792;C;T;0.2254340052604675;155
100..300;3;49684099;A;G;0.1861200034618377;235
100..300;3;49684365;A;C;0.2222220003604889;170
100..300;3;49712543;A;G;0.1914889961481094;260
100..300;3;50066484;A;G;0.2654320001602173;155
100..300;3;52506757;C;T;0.2304960042238235;225
100..300;3;53229263;G;A;0.2901790142059326;205
100..300;3;53233139;A;G;0.2073169946670532;135
100..300;3;53811209;A;G;0.1391589939594268;230
100..300;3;57352120;G;C;0.1360950022935867;120
100..300;3;57508411;C;A;0.14444400370121;135
100..300;3;57559427;C;T;0.1333329975605011;120
100..300;3;58096161;C;T;0.1120690032839775;170
100..300;3;58105076;A;G;0.1162789985537529;160
100..300;3;58123435;A;G;0.1220469996333122;200
100..300;3;58126761;T;C;0.1764709949493408;110
100..300;3;58168600;T;C;0.1159999966621398;185
100..300;3;58205539;T;C;0.1571429967880249;105
100..300;3;58530656;A;G;0.179309993982315;120
100..300;3;59502614;C;T;0.1951220035552978;160
100..300;3;59752338;T;A;0.1392409950494766;120
100..300;3;59922400;G;A;0.1356779932975769;145
100..300;3;61201523;T;C;0.1138610020279884;145
100..300;3;61989708;C;T;0.1306309998035431;165
100..300;3;63831754;C;G;0.125786006450653;115
100..300;3;63996406;A;G;0.1433449983596801;220
100..300;3;64157183;T;C;0.1257490068674087;130
100..300;3;66236632;A;G;0.1266970038414001;175
100..300;3;68988937;G;A;0.1513160020112991;110
100..300;3;69005190;C;T;0.123710997402668;145
100..300;3;69077344;C;T;0.2805759906768799;105
100..300;3;69122139;T;C;0.1656049937009811;125
100..300;3;71774431;T;C;0.1338910013437271;180
100..300;3;73384935;G;A;0.1325969994068145;150
100..300;3;74136598;A;T;0.1599999964237213;145
100..300;3;78614806;A;G;0.3020130097866058;135
100..300;3;88466201;G;C;0.1608700007200241;190
100..300;3;89472452;TC;T;0.1384620070457458;100
100..300;3;97874536;A;G;0.1324789971113205;190
100..300;3;97959130;A;G;0.1335619986057281;210
100..300;3;98065331;A;C;0.258992999792099;120
100..300;3;98149578;G;A;0.1741289943456649;140
100..300;3;98498334;A;T;0.117646999657154;150
100..300;3;98548445;T;C;0.2978720068931579;125
100..300;3;98784932;G;A;0.1376810073852539;100
100..300;3;100167818;A;G;0.1160219982266426;135
100..300;3;100748174;C;T;0.1481480002403259;165
100..300;3;100754661;T;C;0.183908000588417;140
100..300;3;100839572;C;T;0.1623380035161972;120
100..300;3;100842016;A;G;0.1219509989023208;120
100..300;3;101366569;A;G;0.3098590075969696;190
100..300;3;101513077;C;T;0.1405619978904724;180
100..300;3;105541674;A;G;0.5666670203208923;125
100..300;3;108428696;A;C;0.1235520020127296;190
100..300;3;109005136;T;C;0.1818179935216903;105
100..300;3;109308310;T;C;0.1333329975605011;120
100..300;3;112109537;GT;G;0.2898550033569336;125
100..300;3;112109629;G;A;0.2301589995622635;105
100..300;3;112827459;A;C;0.1283019930124282;205
100..300;3;113493194;A;G;0.1782950013875961;105
100..300;3;113503189;A;G;0.1279069930315017;130
100..300;3;113960742;A;C;0.1236559972167015;135
100..300;3;114232449;G;C;0.2125979959964752;115
100..300;3;114236340;C;A;0.117646999657154;240
100..300;3;119792490;G;T;0.1474359929561615;120
100..300;3;120416036;C;T;0.2275449931621551;125
100..300;3;121432965;C;G;0.1428570002317428;160
100..300;3;121467575;A;G;0.1387560069561004;155
100..300;3;121467604;C;T;0.125;140
100..300;3;121993958;C;G;0.2171950042247772;180
100..300;3;122635190;G;A;0.3615379929542541;125
100..300;3;122635869;T;C;0.4836069941520691;120
100..300;3;122661767;A;C;0.2000000029802322;170
100..300;3;122662041;T;C;0.2128710001707077;180
100..300;3;122662076;C;G;0.2709360122680664;175
100..300;3;122662270;T;C;0.1935479938983917;175
100..300;3;122961294;G;A;0.3544969856739044;170
100..300;3;123915199;A;G;0.3141030073165893;140
100..300;3;123947055;G;T;0.3383080065250397;185
100..300;3;125084037;G;A;0.2666670083999634;155
100..300;3;125084044;T;C;0.259458988904953;145
100..300;3;125135792;T;A;0.2785710096359253;120
100..300;3;126499324;A;G;0.1494850069284439;145
100..300;3;126572455;A;C;0.1515150070190429;250
100..300;3;126989610;C;T;0.1417620033025741;215
100..300;3;127028347;A;G;0.1791040003299713;110
100..300;3;128909090;T;C;0.1327430009841919;175
100..300;3;131029889;G;A;0.1304350048303604;120
100..300;3;132243984;A;G;0.1655170023441314;125
100..300;3;133623144;C;T;0.1162789985537529;120
100..300;3;133746439;G;A;0.119047999382019;155
100..300;3;134222476;T;C;0.1677419990301132;120
100..300;3;134350819;A;G;0.2046329975128173;190
100..300;3;134507127;C;T;0.1210530027747154;135
100..300;3;136001698;G;A;0.2168139964342117;185
100..300;3;136001831;C;T;0.1288660019636154;155
100..300;3;136003422;G;A;0.1319800019264221;155
100..300;3;136369196;A;G;0.171875;100
100..300;3;136854598;G;A;0.1146790012717247;170
100..300;3;136855659;G;A;0.1538459956645965;150
100..300;3;136959543;C;G;0.1283780038356781;105
100..300;3;138024666;T;A;0.155689001083374;120
100..300;3;138570379;T;C;0.1232229992747306;155
100..300;3;139538761;G;A;0.1935479938983917;130
100..300;3;142404999;T;C;0.167382001876831;175
100..300;3;142459302;T;C;0.1656800061464309;135
100..300;3;142469495;C;A;0.1341460049152374;120
100..300;3;142558733;T;A;0.1230769976973533;140
100..300;3;147390969;G;C;0.1179250031709671;165
100..300;3;148741608;T;C;0.2258059978485107;190
100..300;3;148986000;G;T;0.1410260051488876;225
100..300;3;149474889;A;G;0.3333329856395721;175
100..300;3;149657086;T;G;0.1294959932565689;105
100..300;3;149741554;G;A;0.2874250113964081;140
100..300;3;149750743;G;T;0.2599999904632568;130
100..300;3;149761514;T;C;0.5233640074729919;105
100..300;3;149767506;C;T;0.2895930111408233;210
100..300;3;152340660;G;A;0.3519549965858459;170
100..300;3;152836568;G;A;0.1856539994478225;200
100..300;3;156714226;G;A;0.1837459951639175;155
100..300;3;156810476;T;C;0.1875;260
100..300;3;156810612;A;G;0.2675589919090271;260
100..300;3;158602914;A;C;0.1255609989166259;165
100..300;3;160452585;T;C;0.123710997402668;235
100..300;3;169122674;C;T;0.1459230035543441;180
100..300;3;169832971;A;G;0.1360539942979812;115
100..300;3;170113480;C;T;0.1639340072870254;135
100..300;3;170708167;C;G;0.4545449912548065;135
100..300;3;172648042;G;T;0.213235005736351;220
100..300;3;173049032;A;G;0.1958039999008178;115
100..300;3;174279363;A;G;0.1242600008845329;130
100..300;3;179259033;A;G;0.1103200018405914;210
100..300;3;179260290;G;T;0.1147539988160133;220
100..300;3;179260901;G;A;0.1658290028572082;180
100..300;3;179260930;T;C;0.1658540070056915;165
100..300;3;180324779;G;A;0.2040819972753524;170
100..300;3;183180132;G;A;0.2491230070590973;220
100..300;3;183494118;G;A;0.306533008813858;175
100..300;3;183494238;T;C;0.1220929995179176;130
100..300;3;183762226;A;G;0.1380749940872192;180
100..300;3;184182044;T;C;0.1231879964470863;220
100..300;3;184328682;T;C;0.2322099953889846;215
100..300;3;184575981;C;T;0.2881360054016113;195
100..300;3;184581379;C;T;0.2379309982061386;250
100..300;3;186620751;C;T;0.1161829978227615;195
100..300;3;186722454;A;G;0.2265190035104751;150
100..300;3;186742138;C;T;0.3096449971199035;190
100..300;3;187370824;T;C;0.1187210008502006;165
100..300;3;188866398;A;G;0.1621620059013366;115
100..300;3;189995416;C;T;0.1318680047988891;130
100..300;3;190388453;C;T;0.2562499940395355;140
100..300;3;191357084;G;C;0.2023809999227523;135
100..300;3;191375264;C;T;0.1266970038414001;175
100..300;3;191375386;A;T;0.2524749934673309;180
100..300;3;191375521;G;A;0.2167489975690841;160
100..300;3;193276754;G;A;0.1542859971523285;130
100..300;3;193363333;T;G;0.112195000052452;145
100..300;3;193617202;A;G;0.1208330020308494;175
100..300;3;193657175;C;T;0.115385003387928;160
100..300;3;193993393;A;G;0.1666669994592666;125
100..300;3;194653103;C;T;0.1457490026950836;195
100..300;3;194653104;A;G;0.1457490026950836;195
100..300;3;194670140;GA;G;0.1724140048027038;100
100..300;3;195750915;T;C;0.2010439932346344;290
100..300;3;195752355;A;G;0.2324720025062561;220
100..300;3;196886201;C;A;0.1144070029258728;190
100..300;3;196943223;GAC;G;0.1840000003576278;175
100..300;3;197015419;C;T;0.1241829991340637;230
100..300;3;198119765;A;C;0.5;210
100..300;4;734150;G;C;0.1191710010170936;145
100..300;4;2193297;G;T;0.1213869974017143;130
100..300;4;3316686;G;A;0.1238100007176399;265
100..300;4;3448054;A;G;0.198630005121231;155
100..300;4;3520212;A;T;0.1437499970197677;120
100..300;4;3935514;G;A;0.119497001171112;105
100..300;4;3936394;T;C;0.1266970038414001;155
100..300;4;4197907;T;A;0.2897529900074005;245
100..300;4;4202572;C;T;0.2746480107307434;110
100..300;4;4302795;C;A;0.1330469995737075;180
100..300;4;4320943;T;C;0.1274130046367645;220
100..300;4;5752817;C;T;0.1546960026025772;150
100..300;4;5965074;C;T;0.1164020001888275;135
100..300;4;5994377;C;T;0.1215469986200332;130
100..300;4;6291182;T;C;0.1949999928474426;160
100..300;4;6291188;G;A;0.209756001830101;170
100..300;4;6291969;G;C;0.2043009996414184;210
100..300;4;6301295;T;C;0.2229969948530197;245
100..300;4;6302228;A;G;0.2081449925899505;185
100..300;4;6302360;G;A;0.229884997010231;215
100..300;4;7729583;A;G;0.2727270126342773;145
100..300;4;7855503;T;C;0.282927006483078;175
100..300;4;8581129;G;T;0.174342006444931;230
100..300;4;9584015;A;C;0.1231530010700225;140
100..300;4;13599713;A;G;0.1900449991226196;190
100..300;4;20850621;G;A;0.172662004828453;105
100..300;4;23814039;T;C;0.25;220
100..300;4;26584259;T;C;0.1167879998683929;200
100..300;4;36150962;T;G;0.1573030054569244;135
100..300;4;36284155;A;G;0.1133000031113624;160
100..300;4;36308443;A;G;0.1300449967384338;165
100..300;4;37960565;C;G;0.2316180020570755;235
100..300;4;38773268;C;T;0.1428570002317428;155
100..300;4;38773419;G;A;0.135000005364418;165
100..300;4;38774301;T;G;0.126581996679306;120
100..300;4;38774486;G;T;0.3196719884872436;110
100..300;4;38774559;A;C;0.1203010007739067;105
100..300;4;38774682;C;T;0.1273889988660812;130
100..300;4;38774870;G;T;0.264151006937027;150
100..300;4;38827542;C;A;0.1979700028896331;175
100..300;4;38828391;C;G;0.1357139945030212;120
100..300;4;38828729;G;A;0.3005779981613159;160
100..300;4;38878425;C;T;0.1314290016889572;140
100..300;4;39115291;C;T;0.2688170075416565;230
100..300;4;39121077;T;C;0.2485879957675933;145
100..300;4;39300409;C;T;0.198863998055458;145
100..300;4;40335506;T;C;0.1578949987888336;145
100..300;4;52745501;C;T;0.1114860028028488;220
100..300;4;52745534;C;G;0.1317069977521896;160
100..300;4;53145359;G;A;0.1485709995031356;135
100..300;4;53498823;A;G;0.1294119954109192;130
100..300;4;54258293;T;C;0.1407410055398941;105
100..300;4;54263911;C;T;0.136363998055458;165
100..300;4;54275333;T;C;0.1538459956645965;130
100..300;4;54275365;T;A;0.181207999587059;125
100..300;4;54276943;G;A;0.119047999382019;135
100..300;4;54285873;T;C;0.1162789985537529;160
100..300;4;54736599;C;G;0.1242600008845329;135
100..300;4;55609171;A;G;0.2429910004138946;180
100..300;4;56338611;C;A;0.1295679956674575;240
100..300;4;56356368;A;C;0.1162789985537529;160
100..300;4;57020984;T;C;0.128712996840477;145
100..300;4;61934836;A;G;0.4201680123806;115
100..300;4;67914681;G;A;0.1193419992923736;170
100..300;4;69107234;T;C;0.3461540043354034;135
100..300;4;69214257;G;A;0.213235005736351;115
100..300;4;69418955;T;A;0.15625;120
100..300;4;69589530;T;C;0.1198979988694191;280
100..300;4;70249239;T;G;0.2453529983758926;225
100..300;4;72567405;G;GA;0.2180850058794021;160
100..300;4;73419522;T;C;0.1503269970417022;115
100..300;4;73445127;G;A;0.1568630039691925;105
100..300;4;73576632;C;G;0.1315789967775344;120
100..300;4;76103983;T;C;0.1242600008845329;115
100..300;4;76132681;C;T;0.1185569986701011;145
100..300;4;76271715;A;G;0.284615010023117;115
100..300;4;76278261;A;C;0.2284640073776245;220
100..300;4;76384193;G;A;0.1322309970855713;195
100..300;4;76739578;G;C;0.1896550059318542;240
100..300;4;76741156;T;C;0.1511629968881607;125
100..300;4;78499715;T;C;0.2631579935550689;100
100..300;4;78499716;G;C;0.2631579935550689;100
100..300;4;78516001;T;C;0.3160920143127441;155
100..300;4;78526609;C;T;0.2162159979343414;145
100..300;4;78534560;G;C;0.2121209949254989;130
100..300;4;78534579;T;C;0.2671760022640228;110
100..300;4;79984837;T;G;0.1742420047521591;175
100..300;4;82275383;A;G;0.1212119981646537;175
100..300;4;82660911;T;G;0.1233479976654052;175
100..300;4;82661058;G;C;0.3208560049533844;165
100..300;4;83309466;C;T;0.3223139941692352;100
100..300;4;85994695;C;T;0.1729959994554519;180
100..300;4;85994770;A;G;0.1201300024986267;235
100..300;4;87127011;AT;A;0.1500000059604644;115
100..300;4;87207192;A;G;0.1187499985098838;125
100..300;4;87892723;C;T;0.1485150009393692;175
100..300;4;87981540;C;T;0.1576759964227676;190
100..300;4;89114398;G;A;0.1218639984726905;215
100..300;4;89248774;G;A;0.1205210015177726;240
100..300;4;94276369;T;C;0.2235289961099624;125
100..300;4;97972325;T;C;0.1258279979228973;110
100..300;4;99207596;C;T;0.2127660065889358;110
100..300;4;99522563;A;G;0.1305840015411377;215
100..300;4;99522625;C;T;0.1170210018754005;210
100..300;4;99522627;G;C;0.1170210018754005;215
100..300;4;99522643;A;G;0.1230769976973533;200
100..300;4;101918130;A;G;0.1142859980463981;130
100..300;4;102025190;G;A;0.2406020015478134;115
100..300;4;102025235;A;G;0.1386550068855285;180
100..300;4;103140836;G;C;0.3728809952735901;110
100..300;4;103161192;T;C;0.3833329975605011;115
100..300;4;105275794;G;A;0.1388889998197555;170
100..300;4;105938392;C;G;0.1437499970197677;120
100..300;4;107631692;A;G;0.1557790040969848;155
100..300;4;107654833;A;G;0.2043479979038238;175
100..300;4;108165124;T;C;0.126581996679306;175
100..300;4;108789485;T;C;0.1179250031709671;170
100..300;4;108942214;T;C;0.1292520016431808;105
100..300;4;110400371;A;G;0.1493510007858276;125
100..300;4;112357450;T;C;0.1210940033197403;200
100..300;4;112456602;A;G;0.130741998553276;215
100..300;4;116598211;C;T;0.3391300141811371;110
100..300;4;116598277;C;G;0.1374049931764602;195
100..300;4;116598343;C;T;0.3214290142059326;225
100..300;4;116598397;T;C;0.2653850018978119;230
100..300;4;116598525;T;C;0.2204470038414001;260
100..300;4;116599152;C;T;0.1679999977350235;295
100..300;4;116599386;G;A;0.2808220088481903;265
100..300;4;116599575;C;T;0.2171429991722107;150
100..300;4;118523301;A;G;0.1352660059928894;140
100..300;4;119026830;C;G;0.1216619983315467;265
100..300;4;119338058;G;A;0.1275510042905807;130
100..300;4;119553704;G;A;0.218309998512268;115
100..300;4;121036404;A;G;0.1226769983768463;210
100..300;4;121037536;C;T;0.1262460052967071;235
100..300;4;121879832;C;T;0.1375000029802322;115
100..300;4;122250504;A;T;0.1778849959373474;160
100..300;4;122743049;A;G;0.1297470033168792;240
100..300;4;122743764;G;A;0.1626510024070739;140
100..300;4;125490999;A;G;0.1473210006952285;190
100..300;4;129003822;A;C;0.4079999923706054;115
100..300;4;129102604;T;A;0.2898550033569336;175
100..300;4;129136560;T;C;0.1666669994592666;110
100..300;4;129136652;A;G;0.125;115
100..300;4;137448289;T;A;0.1896550059318542;100
100..300;4;139602701;A;G;0.125;110
100..300;4;140461967;T;A;0.4263570010662079;120
100..300;4;145655266;C;G;0.1421799957752227;170
100..300;4;146217170;G;A;0.1231530010700225;155
100..300;4;151175028;C;T;0.125;230
100..300;4;153593813;C;T;0.1756760030984878;160
100..300;4;153703504;C;T;0.3985509872436523;135
100..300;4;153710435;G;C;0.4074069857597351;150
100..300;4;153712582;C;G;0.2692309916019439;125
100..300;4;154320420;A;G;0.2083330005407333;100
100..300;4;154489498;C;T;0.1341460049152374;135
100..300;4;154489515;A;G;0.1290320008993148;125
100..300;4;154567669;T;C;0.126581996679306;180
100..300;4;154604818;A;G;0.244604006409645;125
100..300;4;155214524;T;C;0.2427980005741119;205
100..300;4;155214875;T;C;0.1612900048494339;190
100..300;4;155353225;C;T;0.3441559970378876;135
100..300;4;155381191;T;A;0.2666670083999634;110
100..300;4;158278190;C;G;0.1387560069561004;170
100..300;4;158278262;T;C;0.1277530044317245;180
100..300;4;159356124;T;C;0.2155169993638992;190
100..300;4;168427253;T;C;0.1743119955062866;170
100..300;4;168448711;T;A;0.149067997932434;120
100..300;4;168511522;T;C;0.1356589943170547;190
100..300;4;168512175;C;T;0.1443299949169159;230
100..300;4;168512176;A;G;0.1443299949169159;235
100..300;4;168512182;T;C;0.1501709967851638;230
100..300;4;168512293;T;C;0.1389729976654052;250
100..300;4;168742464;G;T;0.33057901263237;105
100..300;4;170069224;T;C;0.172662004828453;105
100..300;4;176192685;T;C;0.2336959987878799;150
100..300;4;176216837;T;C;0.1384620070457458;100
100..300;4;183282837;T;C;0.1651380062103271;165
100..300;4;183315715;A;G;0.1368419975042343;140
100..300;4;183679448;G;A;0.141631007194519;170
100..300;4;183691400;C;G;0.1231879964470863;105
100..300;4;183697783;C;G;0.1157020032405853;170
100..300;4;184657331;T;C;0.1428570002317428;110
100..300;4;184678335;A;G;0.1369860023260116;105
100..300;4;184694610;A;C;0.1269840002059936;180
100..300;4;184694614;G;T;0.1269840002059936;180
100..300;4;184710184;G;A;0.167939007282257;100
100..300;4;184764878;T;C;0.224043995141983;145
100..300;4;185175891;T;C;0.1194439977407455;265
100..300;4;185429405;T;C;0.1858969926834106;120
100..300;4;185502501;A;G;0.1417910009622573;105
100..300;4;186254568;A;T;0.2295079976320266;100
100..300;4;186609868;G;A;0.1302080005407333;145
100..300;4;186617788;G;T;3.4411799907684326;160
100..300;4;188388394;T;G;0.1751819998025894;115
100..300;4;188389405;T;TAG;0.132652997970581;155
100..300;4;189172080;T;C;0.3011359870433807;150
100..300;4;189941000;G;T;0.1129480004310607;270
100..300;4;189955040;T;C;0.1398600041866302;105
100..300;5;483449;G;A;0.1145370006561279;170
100..300;5;639116;A;C;0.1515150070190429;150
100..300;5;665165;C;T;0.1768710017204284;230
100..300;5;677947;G;A;0.1861860007047653;265
100..300;5;908473;G;A;0.1260869950056076;170
100..300;5;1225498;A;G;0.1875;170
100..300;5;1225511;A;T;0.2008029967546463;195
100..300;5;1225573;C;T;;205
100..300;5;1320607;T;C;0.1142859980463981;185
100..300;5;7706909;A;C;0.1970800012350082;115
100..300;5;7835442;G;C;0.1294640004634857;165
100..300;5;10973615;A;G;0.1564420014619827;255
100..300;5;13844936;A;G;0.1223020032048225;200
100..300;5;13844998;G;A;0.1461990028619766;130
100..300;5;17635014;A;G;0.1360290050506591;230
100..300;5;33461912;G;A;0.1631209999322891;110
100..300;5;33502854;T;G;0.1699350029230117;130
100..300;5;33649702;A;C;0.1489360034465789;105
100..300;5;34807823;T;C;0.2824859917163849;150
100..300;5;34811032;G;T;0.3235290050506592;120
100..300;5;34998772;A;C;0.1813469976186752;155
100..300;5;35037010;T;C;0.140625;135
100..300;5;35641480;C;A;0.187049999833107;120
100..300;5;35654609;T;C;0.1781380027532577;185
100..300;5;36143290;T;C;0.1298699975013733;160
100..300;5;37195926;T;C;0.1449809968471527;195
100..300;5;37210241;C;T;0.1128529980778694;235
100..300;5;39719344;G;A;0.1314290016889572;135
100..300;5;39719808;A;G;0.125;160
100..300;5;41008678;G;A;0.2424239963293075;160
100..300;5;41048431;T;C;0.1461990028619766;125
100..300;5;41061613;T;C;22.0;180
100..300;5;41199857;T;G;0.3744080066680908;190
100..300;5;42699942;G;A;0.3154760003089905;140
100..300;5;42719137;C;A;0.2510119974613189;215
100..300;5;43232535;G;A;0.1543209999799728;130
100..300;5;56275759;G;A;0.1675679981708526;165
100..300;5;56276075;G;A;0.1137439981102943;160
100..300;5;56749254;C;T;0.1847829967737198;135
100..300;5;57424168;C;G;0.1689189970493316;125
100..300;5;64695646;C;G;0.3120569884777069;120
100..300;5;64977191;A;G;0.1172410026192665;105
100..300;5;67196584;G;C;0.1666669994592666;125
100..300;5;68227023;C;A;0.1714289933443069;170
100..300;5;69069020;G;C;0.1121079996228218;170
100..300;5;71635139;G;A;0.2459020018577575;105
100..300;5;72196907;T;C;0.1141870021820068;225
100..300;5;72726113;C;T;0.1223400011658668;145
100..300;5;73776529;C;T;0.1181820034980773;155
100..300;5;73780686;A;C;0.1390130072832107;165
100..300;5;73794436;C;T;0.1347150057554245;145
100..300;5;73849020;G;A;0.4126980006694793;110
100..300;5;73868006;T;C;0.1311479955911636;145
100..300;5;76627460;T;C;0.2864579856395721;165
100..300;5;76631363;T;C;0.248321995139122;125
100..300;5;76637044;T;C;0.2538459897041321;110
100..300;5;76637140;C;G;0.3519999980926513;110
100..300;5;76652825;G;A;0.1987950056791305;125
100..300;5;77291441;A;G;0.1712329983711242;245
100..300;5;77433171;C;T;0.1199999973177909;150
100..300;5;77784936;A;G;0.1203320026397705;200
100..300;5;77784944;G;A;0.1254899948835373;210
100..300;5;77784965;A;G;0.1309899985790252;250
100..300;5;77786010;T;C;0.1477659940719604;240
100..300;5;78116187;G;A;0.1447370052337646;110
100..300;5;78885654;T;C;0.1501709967851638;230
100..300;5;79044473;G;T;0.1296299993991851;155
100..300;5;79732903;G;A;0.2801930010318756;185
100..300;5;79733771;C;T;0.2677600085735321;175
100..300;5;80079901;C;G;0.1485709995031356;135
100..300;5;80501414;G;T;0.1985290050506591;120
100..300;5;80519839;C;T;0.2191780060529709;190
100..300;5;81113910;C;T;0.2469879984855651;145
100..300;5;81304800;G;C;0.1548119932413101;180
100..300;5;81335823;T;C;0.1410260051488876;170
100..300;5;82305411;C;T;0.1650000065565109;150
100..300;5;90674063;G;A;0.1301369965076446;110
100..300;5;90855813;G;C;0.1573030054569244;130
100..300;5;95834979;T;C;0.1387560069561004;170
100..300;5;95835015;T;C;0.1435640007257461;165
100..300;5;96393194;G;C;0.123208999633789;275
100..300;5;96695865;G;A;0.1408450007438659;110
100..300;5;96785820;T;C;0.1804119944572448;155
100..300;5;96790494;G;A;0.134453997015953;100
100..300;5;96790605;G;A;0.1418440043926239;105
100..300;5;98213432;A;G;0.1270720064640045;135
100..300;5;98576447;T;C;0.2216980010271072;180
100..300;5;103032551;C;T;0.1488099992275238;130
100..300;5;103097705;A;G;0.1449279934167862;205
100..300;5;103184699;C;A;0.1294119954109192;120
100..300;5;110948671;C;A;0.2550339996814728;135
100..300;5;111192553;C;T;0.1578949987888336;130
100..300;5;111192719;T;A;0.1866669952869415;120
100..300;5;111192740;G;A;0.2119210064411163;125
100..300;5;113340327;G;C;0.3053889870643616;145
100..300;5;113434330;G;T;0.2331079989671707;245
100..300;5;132304843;G;A;0.1347520053386688;105
100..300;5;132385512;C;T;0.1315789967775344;145
100..300;5;132589791;C;G;0.1761009991168975;125
100..300;5;135029306;T;G;0.1156070008873939;135
100..300;5;135951340;C;T;0.1693550050258636;185
100..300;5;136429234;C;A;0.1612900048494339;135
100..300;5;138164976;A;G;0.2429579943418502;240
100..300;5;138398202;G;A;0.1681420058012008;180
100..300;5;138419119;A;G;0.1221859976649284;230
100..300;5;138424359;A;G;0.128833994269371;125
100..300;5;138430377;A;G;0.1118879988789558;215
100..300;5;140228801;G;C;0.1116070002317428;160
100..300;5;140802149;G;A;0.2105260044336319;200
100..300;5;140821835;C;T;0.2032790035009384;255
100..300;5;140928161;G;C;0.2520659863948822;210
100..300;5;140967127;C;T;0.3000000119209289;130
100..300;5;140967468;T;C;0.1755100041627884;210
100..300;5;141122595;A;G;0.226619005203247;235
100..300;5;141150948;A;G;0.2173909991979599;245
100..300;5;141183164;A;G;0.2413789927959442;255
100..300;5;141184004;T;C;0.1734690070152282;130
100..300;5;141187690;T;G;0.1844259947538375;190
100..300;5;141187871;G;A;0.2451609969139099;260
100..300;5;141188452;C;T;0.2687070071697235;280
100..300;5;141241224;G;A;0.2262299954891204;260
100..300;5;141360307;A;G;0.1428570002317428;215
100..300;5;141930259;A;G;0.1288660019636154;140
100..300;5;143134121;G;A;0.1170210018754005;145
100..300;5;143281925;G;A;0.1666669994592666;115
100..300;5;146458877;A;G;0.25;110
100..300;5;147906491;A;G;0.234483003616333;120
100..300;5;148101392;G;A;0.2030079960823059;100
100..300;5;148101867;G;A;0.1170729994773864;140
100..300;5;148120053;T;C;0.1354839950799942;115
100..300;5;148120107;T;C;0.115385003387928;120
100..300;5;148125553;A;G;0.1159999966621398;185
100..300;5;148131303;C;T;0.1202189996838569;130
100..300;5;149230713;A;C;0.1410260051488876;110
100..300;5;149247940;T;C;0.1458330005407333;155
100..300;5;149944343;G;T;0.1178859993815422;185
100..300;5;150127140;A;G;0.1142859980463981;165
100..300;5;150127273;T;G;0.1340209990739822;160
100..300;5;150128912;T;C;0.1384620070457458;145
100..300;5;150128981;G;C;0.1563789993524551;185
100..300;5;150129548;T;C;0.2183910012245178;140
100..300;5;150129707;G;A;0.2216220051050186;165
100..300;5;150137672;A;G;0.1446280032396316;200
100..300;5;150141407;G;A;0.1356779932975769;160
100..300;5;150141693;C;G;0.1124029979109764;190
100..300;5;150145626;A;G;0.1374409943819046;165
100..300;5;150153169;G;T;0.1428570002317428;185
100..300;5;150204634;A;G;0.2156859934329986;125
100..300;5;150222659;G;GAC;0.1301939934492111;280
100..300;5;150396669;T;C;0.1601310074329376;245
100..300;5;150405095;G;A;0.119047999382019;210
100..300;5;150446963;T;C;0.3312880098819732;145
100..300;5;151027895;C;T;0.2000000029802322;105
100..300;5;151138797;G;A;0.1768710017204284;110
100..300;5;151138798;A;G;0.1768710017204284;110
100..300;5;152376455;T;G;0.4675320088863373;145
100..300;5;152392277;C;T;0.1324789971113205;175
100..300;5;152392291;A;G;0.1319150030612945;175
100..300;5;154966699;G;A;0.1299439966678619;140
100..300;5;156344569;C;T;0.1564889997243881;200
100..300;5;156852012;T;C;0.1268659979104995;100
100..300;5;157675177;G;A;0.1278540045022964;160
100..300;5;157737881;C;T;0.1666669994592666;105
100..300;5;157737954;C;T;0.1507540047168731;150
100..300;5;168247467;A;G;0.135231003165245;220
100..300;5;168516822;A;G;0.1330800056457519;195
100..300;5;168671230;G;A;0.1260499954223632;190
100..300;5;168710880;A;G;0.1129940003156662;135
100..300;5;169689340;A;G;0.1330280005931854;155
100..300;5;169702418;G;A;0.2777779996395111;160
100..300;5;169883209;C;A;0.119047999382019;190
100..300;5;172422467;A;G;0.1504420042037964;180
100..300;5;172897894;T;A;0.1881719976663589;140
100..300;5;173146764;C;T;0.2700420022010803;200
100..300;5;174336337;C;G;;145
100..300;5;174336337;T;G;;145
100..300;5;175526740;A;G;0.1376149952411651;160
100..300;5;176568834;A;G;0.1272729933261871;180
100..300;5;176574188;A;G;0.1216220036149025;110
100..300;5;176889454;T;C;0.1424150019884109;255
100..300;5;177089630;A;G;0.1219509989023208;240
100..300;5;177509645;T;C;;250
100..300;5;177971860;CA;C;0.1824100017547607;280
100..300;5;178867058;C;T;0.2311560064554214;155
100..300;5;178883445;T;C;0.3472220003604889;195
100..300;5;178964859;A;G;0.1199999973177909;205
100..300;5;179207618;T;C;0.1910829991102218;235
100..300;5;179263724;A;G;0.2183910012245178;140
100..300;5;179609356;A;G;0.1500000059604644;135
100..300;5;180791668;G;A;0.1234040036797523;185
100..300;6;2784337;A;G;0.158730000257492;145
100..300;6;3006573;G;A;0.1318179965019226;170
100..300;6;5609271;C;T;0.1677419990301132;120
100..300;6;5972934;A;T;0.1557089984416961;225
100..300;6;6222149;G;T;0.1614910066127777;130
100..300;6;6269065;C;G;0.2139039933681488;155
100..300;6;7295372;G;A;0.1353379935026168;100
100..300;6;7584384;T;C;0.1851850003004074;180
100..300;6;7590391;T;C;0.2450979948043823;175
100..300;6;8427904;AAGT;A;0.2088609933853149;120
100..300;6;10709399;A;G;0.1126129999756813;165
100..300;6;13599071;T;C;0.1391299962997436;170
100..300;6;15615406;A;G;0.3032790124416351;105
100..300;6;16145094;G;A;0.1158799976110458;180
100..300;6;22569960;C;T;0.2081629931926727;195
100..300;6;22570016;A;G;0.1944440007209777;170
100..300;6;24828262;T;C;0.1357470005750656;165
100..300;6;25023951;G;T;0.1446280032396316;195
100..300;6;25426540;A;G;0.189189001917839;110
100..300;6;25914625;A;G;0.1119130030274391;205
100..300;6;25925759;A;G;0.1275720000267028;180
100..300;6;26365358;C;T;0.1322750002145767;145
100..300;6;26370377;C;T;0.2973859906196594;265
100..300;6;26392287;C;G;0.1322309970855713;195
100..300;6;26405607;A;G;0.1333329975605011;220
100..300;6;26409662;C;G;0.134453997015953;185
100..300;6;26423089;A;G;0.1409399956464767;225
100..300;6;26426259;A;G;0.1304350048303604;125
100..300;6;26431112;G;A;0.1474359929561615;125
100..300;6;26468098;A;G;0.126800999045372;280
100..300;6;26504907;T;C;0.2131150066852569;105
100..300;6;27452269;C;G;0.1660079956054687;210
100..300;6;27807896;G;A;0.1070500016212463;295
100..300;6;28129415;A;G;0.1306820064783096;130
100..300;6;28251883;A;G;0.1284399926662445;175
100..300;6;28732723;T;C;0.1420769989490509;150
100..300;6;29044290;T;C;0.1379310041666031;175
100..300;6;29607226;A;G;0.1280989944934845;185
100..300;6;29608616;G;A;0.1290320008993148;235
100..300;6;29726793;G;A;0.1368820071220398;210
100..300;6;29745496;T;G;0.139737993478775;195
100..300;6;29750767;T;C;0.1241829991340637;110
100..300;6;29750974;CA;C;0.1412429958581924;155
100..300;6;29750974;CG;C;0.1016950011253357;155
100..300;6;29751013;A;G;0.1521739959716797;140
100..300;6;29801286;A;T;0.1920289993286132;215
100..300;6;29801555;A;G;0.1304350048303604;140
100..300;6;29801720;C;A;0.1412429958581924;130
100..300;6;29801730;T;A;0.1369049996137619;125
100..300;6;29803844;G;C;0.125;155
100..300;6;29803877;G;A;0.1538459956645965;140
100..300;6;29827859;A;G;0.134453997015953;255
100..300;6;29827880;A;G;0.1493330001831054;275
100..300;6;29828326;C;T;0.2133889943361282;210
100..300;6;29828338;C;A;0.242574006319046;190
100..300;6;29828349;AC;A;0.2052980065345764;170
100..300;6;29828375;C;G;0.2173909991979599;145
100..300;6;29828529;A;G;0.2286999970674514;195
100..300;6;29829919;G;A;0.2852759957313537;265
100..300;6;29830363;G;A;0.2477339953184127;265
100..300;6;29890476;A;G;0.1785710006952285;115
100..300;6;29926612;C;A;0.1074919998645782;290
100..300;6;29926615;T;G;0.1074919998645782;290
100..300;6;29926616;G;C;0.1172640025615692;285
100..300;6;29926629;A;C;0.1925130039453506;285
100..300;6;29926630;A;G;0.1925130039453506;285
100..300;6;29926823;T;G;0.1131580024957656;280
100..300;6;29926859;CA;C;0.1192310005426406;210
100..300;6;29928328;A;G;0.1165919974446296;205
100..300;6;29928331;T;A;0.1165919974446296;200
100..300;6;29928335;T;C;0.1165919974446296;190
100..300;6;29928480;T;C;0.1253820061683654;245
100..300;6;29928514;C;T;0.1294119954109192;255
100..300;6;29929240;A;C;0.5510200262069702;100
100..300;6;29934088;C;G;0.1275510042905807;165
100..300;6;29943024;A;C;0.1472389996051788;240
100..300;6;29972201;A;C;0.1655170023441314;120
100..300;6;30007270;T;G;0.1172839999198913;145
100..300;6;30032743;A;C;0.1282050013542175;130
100..300;6;30032910;C;T;0.125;140
100..300;6;30198489;T;C;0.1315789967775344;275
100..300;6;30199109;T;C;0.123989000916481;285
100..300;6;30891080;T;C;0.1364829987287521;270
100..300;6;30897052;C;T;0.2801420092582702;235
100..300;6;30909983;C;A;0.1098589971661567;260
100..300;6;30921612;C;T;0.1201039999723434;280
100..300;6;30926164;A;G;0.1325969994068145;275
100..300;6;30931747;C;T;0.161993995308876;250
100..300;6;30953180;A;G;0.158620998263359;135
100..300;6;31025663;A;G;0.1440919935703277;280
100..300;6;31056824;A;C;0.125;220
100..300;6;31059616;C;A;0.1306820064783096;135
100..300;6;31111663;T;C;0.1084010004997253;295
100..300;6;31142614;C;G;0.125899001955986;195
100..300;6;31148469;A;G;0.1955309957265854;275
100..300;6;31271324;T;G;;130
100..300;6;31271324;C;G;;130
100..300;6;31275763;A;G;0.1353379935026168;105
100..300;6;31275827;A;G;0.14130400121212;155
100..300;6;31276069;T;G;0.1823199987411499;150
100..300;6;31276082;T;C;0.1635220050811767;150
100..300;6;31276085;T;G;0.1635220050811767;155
100..300;6;31276107;A;G;0.3271610140800476;150
100..300;6;31277012;T;A;0.1259260028600692;105
100..300;6;31277303;A;G;0.2532469928264618;145
100..300;6;31277437;C;T;0.2035399973392486;190
100..300;6;31278019;T;C;0.159291997551918;100
100..300;6;31278044;G;A;0.1382109969854354;105
100..300;6;31278547;C;A;0.1657750010490417;155
100..300;6;31280716;C;T;0.122977003455162;235
100..300;6;31281379;T;C;0.1269840002059936;135
100..300;6;31281440;A;G;0.1218269988894462;100
100..300;6;31356889;C;A;3.75;130
100..300;6;31356987;A;C;0.6666669845581055;230
100..300;6;31411200;A;G;0.131194993853569;270
100..300;6;31411282;T;A;0.1316729933023452;215
100..300;6;31506180;G;C;0.1188120022416114;225
100..300;6;31539285;C;G;0.1434600055217743;175
100..300;6;32223843;T;C;0.125;180
100..300;6;32325478;C;G;0.2739129960536957;205
100..300;6;32332045;A;G;0.1400000005960464;110
100..300;6;32394044;T;C;0.1436460018157959;135
100..300;6;32394892;G;T;0.1165800020098686;295
100..300;6;32394964;T;C;0.1213110014796257;240
100..300;6;32394968;A;G;0.1213110014796257;235
100..300;6;32642029;T;C;0.3333329856395721;110
100..300;6;32660224;C;T;0.2371129989624023;135
100..300;6;32661960;T;C;0.2402600049972534;175
100..300;6;32662091;G;A;0.3204419910907745;215
100..300;6;32746090;T;C;0.1349399983882904;290
100..300;6;32814610;A;G;0.1199999973177909;265
100..300;6;32815309;G;A;0.1773580014705658;225
100..300;6;32830099;G;A;0.1424050033092498;250
100..300;6;32837529;T;C;0.1331170052289962;235
100..300;6;32847198;C;T;0.1111110001802444;160
100..300;6;33007604;G;A;0.2421050071716308;245
100..300;6;33008092;A;G;0.1179039999842643;170
100..300;6;33069303;A;G;0.1178340017795562;255
100..300;6;33069305;G;A;0.1178340017795562;250
100..300;6;33076153;G;A;0.1360000073909759;190
100..300;6;33079655;C;A;0.1530050039291381;140
100..300;6;33079689;C;T;0.1657750010490417;140
100..300;6;33085249;G;C;0.1439390033483505;205
100..300;6;33106125;C;A;0.1823900043964386;120
100..300;6;33171551;T;C;0.1501339972019195;285
100..300;6;33669130;T;C;0.2026139944791793;120
100..300;6;33670403;T;C;0.2305079996585846;235
100..300;6;33673602;C;T;0.1800000071525573;140
100..300;6;35078666;C;G;0.1238100007176399;160
100..300;6;35120604;G;C;0.1376149952411651;160
100..300;6;35835415;A;C;0.1330650001764297;185
100..300;6;36217904;C;G;0.1675390005111694;145
100..300;6;36677811;C;A;0.2151899933815002;130
100..300;6;36677919;G;A;0.2525250017642975;150
100..300;6;36684562;G;C;0.203125;110
100..300;6;36822164;CG;C;0.1179490014910698;170
100..300;6;36856623;T;C;0.1491229981184005;170
100..300;6;36954908;C;A;0.1178859993815422;195
100..300;6;38984222;T;C;0.1255809962749481;150
100..300;6;39311018;C;G;0.136691004037857;105
100..300;6;41198102;C;T;0.180645003914833;110
100..300;6;41198411;G;A;0.1987179964780807;130
100..300;6;41198413;G;A;0.1987179964780807;130
100..300;6;41198416;C;G;0.1987179964780807;125
100..300;6;41198417;C;T;0.1987179964780807;125
100..300;6;42857169;A;G;0.1191340014338493;200
100..300;6;43305866;G;A;0.2139039933681488;150
100..300;6;43450953;A;G;0.1160949990153312;280
100..300;6;43450995;A;G;0.1333329975605011;280
100..300;6;44250173;G;A;0.1527090072631836;170
100..300;6;44343117;A;G;0.1141730025410652;175
100..300;6;46161608;A;G;0.1447959989309311;185
100..300;6;46652503;T;C;0.1408929973840713;225
100..300;6;49728760;T;G;0.2681159973144531;110
100..300;6;51721973;A;G;0.2611460089683532;130
100..300;6;51748379;T;C;0.3502300083637237;205
100..300;6;51856074;G;A;0.1472869962453842;105
100..300;6;52479101;C;T;0.1304350048303604;150
100..300;6;54321349;C;T;0.3312099874019623;130
100..300;6;54625188;A;G;0.1565220057964325;100
100..300;6;56598612;C;T;0.1477269977331161;130
100..300;6;56605892;A;G;0.1788080036640167;125
100..300;6;56606604;A;G;0.2071010023355484;135
100..300;6;56606852;T;C;0.1573030054569244;150
100..300;6;56607197;T;C;0.2111109942197799;160
100..300;6;56618003;G;C;0.12568299472332;145
100..300;6;56619960;T;C;0.162879005074501;215
100..300;6;63984461;T;C;0.1229949966073036;135
100..300;6;64912570;G;A;0.3856210112571716;140
100..300;6;65295995;T;C;0.1509429961442947;115
100..300;6;65495052;A;G;0.1275510042905807;170
100..300;6;66094179;G;C;0.1575089991092682;230
100..300;6;70180332;A;G;0.1255230009555816;185
100..300;6;70234554;C;T;0.1302080005407333;140
100..300;6;70272091;G;A;0.202454000711441;130
100..300;6;70859387;C;T;0.370166003704071;160
100..300;6;72987585;A;G;0.1358699947595596;150
100..300;6;73292207;G;A;0.14130400121212;215
100..300;6;73638419;C;T;0.1218269988894462;150
100..300;6;73787286;G;A;0.1633470058441162;190
100..300;6;75314644;T;C;0.1399179995059967;200
100..300;6;75666836;A;G;0.2043009996414184;145
100..300;6;75931086;A;G;0.1235959976911544;130
100..300;6;78947674;A;G;0.1148649975657463;110
100..300;6;78969860;G;A;0.151078999042511;105
100..300;6;84430460;C;A;0.2109380066394806;115
100..300;6;85288182;A;G;0.1219509989023208;125
100..300;6;85735754;C;T;0.1306529939174652;155
100..300;6;87677985;C;A;0.126581996679306;120
100..300;6;89329951;C;G;0.2262440025806427;180
100..300;6;89630557;A;G;0.1501979976892471;195
100..300;6;89680724;A;C;0.1404259949922561;180
100..300;6;89693121;G;C;0.4421769976615906;220
100..300;6;89698870;G;A;0.202796995639801;105
100..300;6;89950600;C;T;0.1470589935779571;270
100..300;6;96648521;T;C;0.1241829991340637;115
100..300;6;98179534;A;C;0.1336629986763;150
100..300;6;98926524;A;G;0.1741289943456649;165
100..300;6;99371503;C;T;0.2775120139122009;170
100..300;6;99446210;G;C;0.1317570060491562;235
100..300;6;99867151;G;A;0.3553720116615295;110
100..300;6;100516271;C;G;0.1527090072631836;155
100..300;6;105402837;G;A;0.1866029947996139;145
100..300;6;107721012;T;C;;120
100..300;6;108785847;G;A;0.1169349998235702;195
100..300;6;108785883;T;C;0.1174380034208297;215
100..300;6;109196503;A;G;0.1909549981355667;155
100..300;6;109198408;A;G;0.2598429918289184;105
100..300;6;109198420;T;C;0.2635659873485565;105
100..300;6;109227101;T;C;0.1348309963941574;130
100..300;6;109264859;T;C;0.3235290050506592;150
100..300;6;109286353;A;G;0.337579995393753;135
100..300;6;110438805;G;A;0.1487600058317184;175
100..300;6;112087407;C;T;0.1343870013952255;190
100..300;6;112356173;A;C;0.1620370000600814;170
100..300;6;116278502;C;T;0.179640993475914;130
100..300;6;116792490;C;T;0.1201919987797737;155
100..300;6;116792862;A;G;0.1162789985537529;175
100..300;6;116793060;A;T;0.1441439986228943;180
100..300;6;117387808;T;C;0.1188810020685195;105
100..300;6;117404285;G;T;0.1904760003089904;135
100..300;6;117431994;T;C;0.1474650055170059;155
100..300;6;118566140;C;T;0.151078999042511;235
100..300;6;118894542;A;G;0.123710997402668;135
100..300;6;125957084;C;G;0.1802120059728622;210
100..300;6;126258237;T;C;0.1490200012922287;200
100..300;6;126258242;A;G;0.1428570002317428;190
100..300;6;129486569;A;G;0.2815530002117157;175
100..300;6;131674173;G;A;0.1627909988164901;110
100..300;6;131819939;CT;C;0.3947370052337646;105
100..300;6;132315681;G;C;0.2183910012245178;145
100..300;6;132570617;G;A;0.1166179999709129;275
100..300;6;132997785;A;G;0.151078999042511;115
100..300;6;134966395;G;A;0.1297300010919571;140
100..300;6;135037429;G;T;0.1328669935464859;115
100..300;6;138908735;T;C;0.1324789971113205;165
100..300;6;143502020;C;T;0.1272729933261871;155
100..300;6;143503967;T;G;0.1217949986457824;110
100..300;6;143760472;T;C;0.1658769994974136;170
100..300;6;147314249;G;C;0.3596490025520324;100
100..300;6;147314277;G;A;0.3893130123615265;125
100..300;6;147359223;G;A;0.3353660106658935;145
100..300;6;148544121;G;A;0.2232419997453689;285
100..300;6;150043291;C;G;0.1366119980812072;150
100..300;6;150064594;G;T;0.1800000071525573;160
100..300;6;152143704;G;A;0.1255410015583038;175
100..300;6;152994560;T;C;0.1734690070152282;130
100..300;6;154039373;T;G;0.1394419968128204;210
100..300;6;157186564;C;G;0.1517239958047866;105
100..300;6;157299382;G;C;0.1204819977283477;125
100..300;6;158237433;A;T;0.1235959976911544;210
100..300;6;158763430;G;A;0.1666669994592666;210
100..300;6;158764531;A;T;0.2249000072479248;205
100..300;6;158767096;G;A;0.282353013753891;150
100..300;6;158770756;T;C;0.1542859971523285;135
100..300;6;158784636;A;G;0.2723740041255951;210
100..300;6;159713959;T;C;0.1143790036439895;225
100..300;6;159775311;G;A;0.1621620059013366;120
100..300;6;159777363;A;G;0.1300809979438781;180
100..300;6;159907588;T;C;0.1649480015039444;155
100..300;6;160122091;C;T;0.1114289984107017;270
100..300;6;160585045;T;C;0.1875;110
100..300;6;160711114;T;C;0.2590360045433044;130
100..300;6;160718825;G;A;0.2872929871082306;155
100..300;6;160722576;C;T;0.2352939993143081;140
100..300;6;160731208;A;G;0.2133329957723617;130
100..300;6;160739051;A;G;0.2418300062417984;130
100..300;6;161136630;A;G;0.1761009991168975;120
100..300;6;161749007;T;C;0.1290320008993148;165
100..300;6;162568950;G;C;0.1239669993519783;100
100..300;6;165301971;C;G;0.1341850012540817;260
100..300;6;165302184;G;A;0.1294959932565689;220
100..300;6;166326158;C;T;0.1683170050382614;155
100..300;6;166459522;T;C;0.1485940068960189;185
100..300;6;167040031;AT;A;5.206900119781494;170
100..300;6;167040031;ATT;A;0.8620690107345581;170
100..300;6;167305948;A;G;0.238317996263504;170
100..300;6;167315287;A;G;0.1636359989643097;120
100..300;6;169762419;C;A;0.2516559958457947;125
100..300;6;170553212;C;G;0.1338289976119995;200
100..300;6;170569705;C;T;0.2753620147705078;165
100..300;6;170583012;C;T;0.2809920012950897;105
100..300;7;256773;A;G;0.2573530077934265;115
100..300;7;860398;A;G;0.2266670018434524;125
100..300;7;886080;A;G;0.2490420043468475;205
100..300;7;1057638;T;C;0.1328900009393692;235
100..300;7;4805681;G;T;0.1192980036139488;200
100..300;7;4860710;A;G;0.1211180016398429;250
100..300;7;4993791;C;T;0.1137719973921775;120
100..300;7;4996797;A;C;0.1383399963378906;190
100..300;7;5064644;A;G;0.1379310041666031;160
100..300;7;5064728;A;G;0.1534090042114257;150
100..300;7;5302782;C;T;0.1868129968643188;135
100..300;7;5352071;G;C;0.1711229979991912;140
100..300;7;5357084;C;T;0.1501599997282028;245
100..300;7;5528735;G;A;0.1341460049152374;200
100..300;7;6031484;G;A;0.1458330005407333;215
100..300;7;6154752;T;C;0.1284050047397613;175
100..300;7;12389115;A;G;0.1860470026731491;110
100..300;7;12423483;T;C;0.181101992726326;100
100..300;7;12471686;A;G;0.1485150009393692;160
100..300;7;16544845;G;A;0.1275169998407364;110
100..300;7;16783492;G;T;0.1500000059604644;105
100..300;7;16864444;C;T;0.1317829936742782;205
100..300;7;16864813;C;T;0.1490200012922287;215
100..300;7;21725834;T;C;0.2290080040693283;115
100..300;7;21892426;T;C;0.2261900007724762;135
100..300;7;22438588;T;G;0.3804349899291992;170
100..300;7;23689297;A;G;0.1196170002222061;150
100..300;7;23689312;C;T;0.1158799976110458;165
100..300;7;24717332;T;C;0.1118210032582283;220
100..300;7;24871738;G;T;0.1465519964694976;170
100..300;7;25168355;C;T;0.1298249959945678;215
100..300;7;25168375;A;G;0.1223779991269111;210
100..300;7;25226781;A;G;0.1209679991006851;190
100..300;7;28279615;C;A;0.1208790019154548;145
100..300;7;30755715;G;A;0.126470997929573;265
100..300;7;31642839;T;C;0.1144779995083808;225
100..300;7;31692475;G;C;0.1440680027008056;175
100..300;7;31707223;T;C;0.1304350048303604;150
100..300;7;32169847;T;C;0.1206900030374527;215
100..300;7;32869570;A;G;0.1485709995031356;155
100..300;7;32988571;A;G;0.1314740031957626;165
100..300;7;34750392;T;C;0.1720000058412552;200
100..300;7;34751589;A;G;0.1223020032048225;215
100..300;7;34751723;A;G;0.1732279956340789;220
100..300;7;34778501;T;A;0.145455002784729;120
100..300;7;34811781;G;C;0.1491709947586059;130
100..300;7;35147875;T;C;0.1182800009846687;130
100..300;7;36855737;T;C;0.1500000059604644;105
100..300;7;37741197;A;C;0.1293099969625473;175
100..300;7;37876853;G;A;0.1646340042352676;125
100..300;7;38317248;T;C;0.1684210002422332;160
100..300;7;41965989;A;G;0.1205359995365142;170
100..300;7;41965990;A;C;0.1205359995365142;165
100..300;7;43248885;G;A;0.2760420143604278;155
100..300;7;43942742;A;G;0.6440680027008057;135
100..300;7;43965914;A;G;0.1923079937696457;150
100..300;7;44060774;T;C;0.2960889935493469;145
100..300;7;44108954;G;A;0.2720589935779571;115
100..300;7;44139027;G;A;0.2105260044336319;155
100..300;7;44969726;A;G;0.1656049937009811;125
100..300;7;45101315;T;C;0.2312500029802322;130
100..300;7;45872996;T;C;0.2352939993143081;120
100..300;7;47873982;A;G;;180
100..300;7;47874017;A;G;0.1436170041561126;140
100..300;7;47876079;G;A;0.156028002500534;105
100..300;7;48466969;G;A;0.1270360052585601;225
100..300;7;48467045;G;A;0.1336410045623779;160
100..300;7;50134181;G;A;0.1776320040225982;120
100..300;7;50136085;T;C;0.1597629934549331;130
100..300;7;50528202;C;T;0.1275510042905807;140
100..300;7;51600444;A;G;0.2602739930152893;185
100..300;7;51600494;A;G;0.2657659947872162;190
100..300;7;51600578;T;C;0.3169009983539581;125
100..300;7;53035861;G;C;0.2352939993143081;265
100..300;7;53035878;A;G;0.2281879931688308;255
100..300;7;53188825;C;T;0.1277530044317245;175
100..300;7;54419901;T;C;0.1475410014390945;145
100..300;7;55645624;C;A;0.1384620070457458;160
100..300;7;56228709;G;A;0.2080000042915344;105
100..300;7;56229035;G;A;0.1491940021514892;195
100..300;7;56229053;C;T;0.1445779949426651;185
100..300;7;56229291;T;C;0.1111110001802444;185
100..300;7;57425167;A;G;0.1391299962997436;170
100..300;7;63113858;G;T;0.2000000029802322;175
100..300;7;63770442;T;C;0.1666669994592666;115
100..300;7;63893284;T;C;0.2407409995794296;190
100..300;7;63910319;C;T;0.1871349960565567;140
100..300;7;64220023;T;C;0.1833810061216354;295
100..300;7;64266267;C;T;0.3597880005836487;185
100..300;7;64266300;A;T;0.3333329856395721;190
100..300;7;64706424;T;G;0.2529410123825073;140
100..300;7;64864229;T;C;0.2549020051956177;215
100..300;7;64992360;A;G;0.2295719981193542;225
100..300;7;65335519;T;C;0.1937499940395355;125
100..300;7;65964372;A;G;0.220096006989479;165
100..300;7;66423483;C;T;0.2763819992542267;175
100..300;7;66423583;A;C;0.2584750056266784;205
100..300;7;66824053;T;C;0.2870810031890869;180
100..300;7;67183212;A;G;0.2039999961853027;115
100..300;7;75441099;A;T;0.1423839926719665;160
100..300;7;75494199;T;G;0.1354839950799942;130
100..300;7;75985969;A;G;0.1111110001802444;235
100..300;7;76000956;C;T;0.1627909988164901;165
100..300;7;77256452;G;A;0.1336629986763;145
100..300;7;77571075;T;A;0.181101992726326;100
100..300;7;77794257;A;G;0.2592589855194092;215
100..300;7;80798179;A;C;0.1182800009846687;125
100..300;7;82915671;G;A;0.1245139986276626;195
100..300;7;87182209;G;T;0.1327430009841919;180
100..300;7;87462869;A;G;0.1448599994182586;160
100..300;7;87509329;G;A;0.1328669935464859;200
100..300;7;87521774;C;T;0.3832339942455292;165
100..300;7;87550285;G;A;0.2433860003948211;155
100..300;7;87935182;G;C;0.1695909947156906;135
100..300;7;88639665;G;A;0.2890619933605194;110
100..300;7;88794175;G;T;0.1646340042352676;130
100..300;7;89335845;G;T;0.1734099984169006;140
100..300;7;90385094;A;G;0.1189190000295639;140
100..300;7;92164994;A;G;0.1543209999799728;130
100..300;7;93341535;T;C;0.1106870025396347;180
100..300;7;94413962;G;A;0.1451610028743744;145
100..300;7;94665370;A;C;0.1690959930419922;275
100..300;7;95316772;T;A;0.3149169981479645;155
100..300;7;95372243;T;C;0.1173179969191551;130
100..300;7;95394734;G;A;0.1212119981646537;100
100..300;7;98304289;T;C;0.1576920002698898;190
100..300;7;99876804;G;A;0.1329109966754913;245
100..300;7;99903276;C;T;0.1685390025377273;135
100..300;7;99903288;G;A;0.1581919938325882;135
100..300;7;100600019;A;G;0.1529410034418106;135
100..300;7;101128436;A;G;0.1304350048303604;230
100..300;7;101196120;A;G;0.1405410021543502;290
100..300;7;101204117;A;G;0.1581629961729049;155
100..300;7;102822189;C;T;0.1461540013551712;290
100..300;7;102973690;A;C;0.1298699975013733;285
100..300;7;104667897;T;A;0.1123600006103515;240
100..300;7;104667904;G;T;0.1274240016937255;255
100..300;7;104668963;G;A;0.2443609982728958;225
100..300;7;106022244;C;T;0.2027650028467178;170
100..300;7;108994352;C;G;0.1570679992437362;150
100..300;7;112457066;T;C;0.1149429976940155;135
100..300;7;114656490;C;A;0.1329109966754913;110
100..300;7;116500454;C;CG;0.1201409995555877;235
100..300;7;116757518;G;A;0.1225809976458549;120
100..300;7;122393325;G;A;0.1439390033483505;115
100..300;7;123169180;C;T;0.1609199941158294;130
100..300;7;123511965;T;C;0.2608700096607208;110
100..300;7;123511981;C;T;0.265625;120
100..300;7;123616373;T;C;0.1966290026903152;140
100..300;7;123953710;C;T;0.2599999904632568;125
100..300;7;127582467;A;G;0.1198630034923553;230
100..300;7;127584139;G;A;0.1240879967808723;110
100..300;7;128498131;A;G;0.1256040036678314;145
100..300;7;128675737;G;C;0.2268909960985183;200
100..300;7;128675828;A;C;0.2577320039272308;165
100..300;7;128677604;T;C;0.16143499314785;180
100..300;7;128677828;C;T;0.1895419955253601;130
100..300;7;128682980;G;A;0.213591992855072;170
100..300;7;130185375;C;T;0.1379310041666031;135
100..300;7;130989722;A;G;0.1583710014820099;165
100..300;7;133169748;G;C;0.1381819993257522;230
100..300;7;134296475;A;G;0.2818790078163147;120
100..300;7;134304791;G;A;0.2295079976320266;105
100..300;7;134993502;A;T;0.1867469996213913;135
100..300;7;135010022;CT;C;0.1573030054569244;120
100..300;7;135010022;C;CT;0.3146069943904876;120
100..300;7;135594567;C;A;0.3823530077934265;130
100..300;7;135643362;T;C;0.198412999510765;100
100..300;7;135708128;C;T;0.324176013469696;165
100..300;7;135721428;G;A;0.1261679977178573;160
100..300;7;135929992;C;T;0.1666669994592666;140
100..300;7;138580565;G;A;0.1321839988231659;120
100..300;7;139047711;A;G;0.1470589935779571;200
100..300;7;139341406;G;T;0.1125539988279342;165
100..300;7;141664912;A;G;0.1809210032224655;240
100..300;7;141665328;C;T;0.2552079856395721;160
100..300;7;141764965;T;C;0.1142859980463981;195
100..300;7;141778508;C;T;0.1615380048751831;100
100..300;7;141779000;A;G;0.1361500024795532;175
100..300;7;141790438;T;G;0.1214059963822364;250
100..300;7;141837935;G;T;0.1205879971385002;260
100..300;7;141972804;C;T;0.1527090072631836;160
100..300;7;142384603;T;G;0.2276419997215271;210
100..300;7;142384737;C;A;0.2713409960269928;280
100..300;7;142384802;G;A;0.2423309981822967;255
100..300;7;142384825;T;C;0.2444439977407455;220
100..300;7;142544396;G;A;0.1832460016012191;155
100..300;7;142544491;C;T;0.1857140064239502;160
100..300;7;142544533;A;G;0.1477829962968826;155
100..300;7;142555135;G;T;0.1243520006537437;145
100..300;7;142563803;A;G;0.1559630036354065;175
100..300;7;142563940;T;C;0.4110429883003235;175
100..300;7;142581165;G;C;0.1348309963941574;150
100..300;7;142588240;A;G;0.135000005364418;145
100..300;7;142593062;T;C;0.1217949986457824;120
100..300;7;142615809;G;C;0.2458100020885467;135
100..300;7;142619093;T;C;0.293749988079071;135
100..300;7;142627134;T;A;0.2470590025186538;140
100..300;7;143388917;T;C;0.1451610028743744;190
100..300;7;147486051;G;A;0.1502889990806579;130
100..300;7;148229642;G;A;0.1428570002317428;125
100..300;7;148614023;GT;G;0.1320749968290329;125
100..300;7;148809304;C;A;0.1337209939956665;130
100..300;7;149239787;T;G;0.1184829995036125;140
100..300;7;149455966;C;G;0.121127001941204;275
100..300;7;149814814;T;C;0.1318179965019226;180
100..300;7;149820889;T;G;0.1138610020279884;165
100..300;7;150692505;C;T;0.1385769993066787;215
100..300;7;150692768;G;A;0.1771219968795776;215
100..300;7;151055521;G;T;0.1255230009555816;185
100..300;7;151066568;A;T;0.1220929995179176;255
100..300;7;151223805;A;G;0.1178570017218589;210
100..300;7;155070881;C;G;0.1652889996767044;105
100..300;7;156676439;G;C;0.1681959927082061;250
100..300;7;156676485;T;C;0.2165610045194625;255
100..300;7;156676496;G;A;0.2000000029802322;255
100..300;7;158133657;G;T;0.1268659979104995;110
100..300;8;492389;A;G;0.1345030069351196;135
100..300;8;1909382;C;T;0.1150899976491928;280
100..300;8;3214585;C;G;0.122807003557682;165
100..300;8;3493625;A;G;0.1395349949598312;125
100..300;8;3493673;A;C;0.1171170026063919;160
100..300;8;6823734;C;A;0.1420120000839233;130
100..300;8;8378000;C;G;0.1245279982686042;205
100..300;8;9011689;G;T;0.1300809979438781;100
100..300;8;10482989;T;TC;0.2901549935340881;165
100..300;8;10532942;T;C;0.2730500102043152;235
100..300;8;10613063;T;C;0.1143700033426284;260
100..300;8;11549084;C;T;0.1867700070142746;195
100..300;8;11757066;G;A;0.2441470026969909;250
100..300;8;12728755;C;A;0.3630140125751495;135
100..300;8;13021334;A;C;0.1284399926662445;180
100..300;8;13031234;G;A;0.1122990027070045;280
100..300;8;17538871;A;G;0.2568309903144836;145
100..300;8;17538906;C;G;0.2571429908275604;145
100..300;8;17684490;C;T;0.1195650026202201;205
100..300;8;18400344;C;T;0.1380600035190582;220
100..300;8;19059480;C;A;0.3196719884872436;100
100..300;8;20179316;G;C;0.1297069936990738;180
100..300;8;21990344;C;G;0.1244440004229545;165
100..300;8;22566731;C;T;0.1123190000653266;205
100..300;8;23341219;A;C;0.1229050010442733;145
100..300;8;23806140;A;C;0.2322580069303512;125
100..300;8;24956691;T;G;0.1887760013341903;170
100..300;8;24956889;C;T;0.2179490029811859;140
100..300;8;25460308;T;A;0.1607719957828521;245
100..300;8;26770511;G;A;0.1169809997081756;210
100..300;8;26779389;A;T;0.1201300024986267;220
100..300;8;26779401;C;T;0.1201409995555877;205
100..300;8;26779408;C;T;0.115385003387928;185
100..300;8;27397611;C;T;0.1460669934749603;135
100..300;8;27397629;A;G;0.1352660059928894;155
100..300;8;27451068;C;A;0.132420003414154;165
100..300;8;27516406;C;T;0.2279070019721985;170
100..300;8;27904718;C;T;0.1742739975452423;195
100..300;8;27909654;A;G;0.1237619966268539;150
100..300;8;30237431;G;A;0.1242939978837966;135
100..300;8;30843082;C;T;0.5;100
100..300;8;31064419;A;G;0.2115380018949508;130
100..300;8;32738425;TAC;T;21.0;110
100..300;8;37095400;G;A;0.1484719961881637;180
100..300;8;38238144;T;C;0.1305840015411377;220
100..300;8;38424140;A;G;0.1435640007257461;160
100..300;8;38425145;CT;C;0.0454544983804225;130
100..300;8;38425145;C;CT;0.1742420047521591;130
100..300;8;38434629;C;A;0.1210530027747154;145
100..300;8;38435945;A;G;0.14130400121212;140
100..300;8;38435959;C;T;0.123710997402668;145
100..300;8;38438225;C;T;0.1440680027008056;100
100..300;8;38441901;A;G;0.1538459956645965;175
100..300;8;38442106;C;T;0.1204190030694007;155
100..300;8;38442197;C;G;0.1146500036120414;120
100..300;8;38838478;C;T;0.2089550048112869;105
100..300;8;40013616;T;C;0.1352660059928894;150
100..300;8;41668396;T;C;0.2129029929637909;255
100..300;8;41690485;C;T;0.1645569950342178;135
100..300;8;54626835;T;A;0.2255640029907226;110
100..300;8;54629980;A;G;0.2878789901733398;115
100..300;8;55449662;T;A;0.1428570002317428;205
100..300;8;55452088;A;G;0.1179039999842643;180
100..300;8;55453888;G;A;0.1217949986457824;120
100..300;8;56073255;C;T;0.1515150070190429;150
100..300;8;56102193;A;G;0.1195650026202201;135
100..300;8;56166374;T;G;0.1612900048494339;125
100..300;8;58603197;A;G;0.2598429918289184;110
100..300;8;60938530;T;C;0.1205210015177726;240
100..300;8;60938907;C;T;0.1409689933061599;170
100..300;8;61576775;T;C;0.1194029971957206;150
100..300;8;63409165;T;C;0.1105770021677017;160
100..300;8;65779776;T;C;0.2025319933891296;115
100..300;8;70734040;T;A;0.1208050027489662;120
100..300;8;72069083;A;G;0.1565839946269989;210
100..300;8;72075403;A;G;0.1286759972572326;195
100..300;8;72937968;A;G;0.1416999995708465;195
100..300;8;79571320;C;T;0.1213869974017143;140
100..300;8;80064579;A;C;0.1935479938983917;150
100..300;8;81444877;C;T;0.1534090042114257;135
100..300;8;94146031;A;G;0.1244639977812767;175
100..300;8;94643368;C;T;0.1186439990997314;165
100..300;8;94668001;T;C;0.2600899934768677;200
100..300;8;96331098;A;ATCTTGT;0.141975000500679;140
100..300;8;97865331;A;T;0.1502349972724914;160
100..300;8;97865337;A;T;0.1658769994974136;165
100..300;8;98102916;G;A;0.1692309975624084;110
100..300;8;98883712;A;G;0.120119996368885;240
100..300;8;99832530;C;T;0.1423839926719665;215
100..300;8;100140796;A;G;0.1906979978084564;175
100..300;8;100240956;A;G;0.2465749979019165;125
100..300;8;101689366;A;G;0.1193180009722709;270
100..300;8;101872131;C;T;0.137363001704216;150
100..300;8;105802428;C;G;0.1207550019025802;200
100..300;8;107958139;G;A;0.1531910002231598;170
100..300;8;109400290;A;G;0.1479289978742599;130
100..300;8;109425155;G;A;0.1346150040626526;155
100..300;8;109436406;G;A;0.1202189996838569;135
100..300;8;109464764;G;A;0.147826001048088;190
100..300;8;109464837;T;C;0.1255059987306594;200
100..300;8;109479611;G;C;0.1428570002317428;125
100..300;8;112265476;A;T;0.1979700028896331;150
100..300;8;116771736;T;C;0.1232879981398582;170
100..300;8;118379627;A;G;0.1333329975605011;175
100..300;8;119557637;G;T;0.1225489974021911;145
100..300;8;124049654;A;G;0.2617189884185791;220
100..300;8;124486306;T;C;0.1560979932546615;165
100..300;8;124487122;A;G;0.1483519971370697;155
100..300;8;124567732;T;C;0.1983470022678375;200
100..300;8;124567749;T;C;0.2025859951972961;195
100..300;8;131970577;G;A;0.2843140065670013;170
100..300;8;132095758;G;A;0.1868129968643188;135
100..300;8;132098934;A;G;0.1313869953155517;100
100..300;8;133220781;A;G;0.1140350028872489;250
100..300;8;133464770;C;G;0.1383650004863739;125
100..300;8;134509727;A;G;0.1139900013804435;135
100..300;8;138619446;T;C;0.1471859961748123;170
100..300;8;138630731;C;T;0.3837839961051941;175
100..300;8;138826728;T;C;0.1592040061950683;150
100..300;8;139618747;G;A;0.232025995850563;245
100..300;8;141136609;C;T;0.2409240007400512;255
100..300;8;141160785;T;C;0.2790699899196625;135
100..300;8;141166408;C;T;0.2229730039834976;130
100..300;8;142661023;C;T;0.1369049996137619;140
100..300;8;142682072;C;T;0.1141870021820068;220
100..300;8;143249912;C;T;0.2674899995326996;215
100..300;8;143719133;A;G;0.1216220036149025;220
100..300;8;143741778;T;A;0.1209679991006851;190
100..300;8;143745035;CTT;C;0.1504849940538406;165
100..300;8;144318103;T;G;0.1137249991297721;190
100..300;8;144318358;A;G;0.1497330069541931;145
100..300;8;144396341;A;G;0.121358998119831;155
100..300;8;144414342;C;T;0.2682929933071136;235
100..300;9;390512;T;C;0.2596679925918579;145
100..300;9;730054;G;A;0.1323529928922653;110
100..300;9;846952;C;G;0.1428570002317428;120
100..300;9;2029199;A;G;0.2810809910297394;160
100..300;9;2096774;A;G;0.1923079937696457;100
100..300;9;2876417;G;C;0.3279570043087005;170
100..300;9;4574022;C;A;0.2481199949979782;115
100..300;9;4576680;C;T;0.1219509989023208;215
100..300;9;5921881;A;G;0.1541350036859512;200
100..300;9;6012734;C;A;0.3333329856395721;160
100..300;9;6748784;A;C;0.2026430070400238;155
100..300;9;7103816;T;C;0.2016810029745102;185
100..300;9;14116328;G;C;0.1428570002317428;120
100..300;9;14722479;C;G;0.1199999973177909;225
100..300;9;14722618;A;G;0.1748629957437515;145
100..300;9;14747414;G;A;0.2000000029802322;120
100..300;9;14775861;A;G;0.3442620038986206;175
100..300;9;14776142;T;C;0.1437910050153732;235
100..300;9;14801689;C;T;0.1367920041084289;165
100..300;9;14816831;C;G;0.1244440004229545;155
100..300;9;14824801;A;G;0.1203010007739067;105
100..300;9;14859358;C;T;0.1291670054197311;185
100..300;9;15055132;T;G;0.1410260051488876;190
100..300;9;15055609;A;G;0.1325969994068145;295
100..300;9;15784633;G;A;0.1884060055017471;155
100..300;9;18775812;A;C;0.2491800040006637;240
100..300;9;18777198;C;A;0.1741939932107925;245
100..300;9;18777370;C;T;0.2096070051193237;190
100..300;9;18777424;A;G;0.2274679988622665;195
100..300;9;18995152;A;C;0.320261001586914;135
100..300;9;19076675;C;G;0.1917099952697754;140
100..300;9;19379369;A;G;0.1263159960508346;150
100..300;9;20776744;C;A;0.1367920041084289;150
100..300;9;20944630;A;G;0.218309998512268;115
100..300;9;21077717;A;G;0.4491020143032074;160
100..300;9;24545515;A;G;0.3389120101928711;220
100..300;9;26978172;G;A;0.2399999946355819;135
100..300;9;27205023;A;G;0.1209679991006851;180
100..300;9;32480253;T;A;0.1134449988603591;170
100..300;9;33354072;T;TTTTTA;0.2599999904632568;130
100..300;9;33469193;T;C;0.1423359960317611;220
100..300;9;33568689;A;T;0.1731840074062347;140
100..300;9;33568791;G;T;0.1155780032277107;145
100..300;9;33613837;G;A;0.1476189941167831;150
100..300;9;33613915;G;T;;200
100..300;9;33613917;G;A;;200
100..300;9;33675631;C;A;0.1313129961490631;225
100..300;9;33676096;G;C;0.1178449988365173;225
100..300;9;34089397;C;T;0.1521739959716797;115
100..300;9;35107768;A;C;0.1894740015268325;155
100..300;9;35618526;A;G;0.1120000034570694;195
100..300;9;35713184;T;C;0.1823199987411499;145
100..300;9;35749848;C;G;0.1127820014953613;195
100..300;9;35910791;A;T;0.1263740062713623;275
100..300;9;36013202;A;G;0.2605629861354828;120
100..300;9;36021855;G;A;0.1935479938983917;115
100..300;9;37441316;G;A;0.128491997718811;150
100..300;9;37735683;A;G;0.1181100010871887;190
100..300;9;37948727;C;T;0.1266379952430725;175
100..300;9;37974746;C;T;0.2090400010347366;280
100..300;9;69248059;T;C;0.1157020032405853;175
100..300;9;74800368;C;A;0.3804880082607269;190
100..300;9;74821725;A;G;0.2857140004634857;150
100..300;9;74827700;T;C;0.2108840048313141;125
100..300;9;75137594;T;C;0.125;155
100..300;9;75891229;A;G;0.1609199941158294;185
100..300;9;75891271;C;T;0.1618120074272155;215
100..300;9;76358515;A;G;0.1500000059604644;115
100..300;9;76692003;A;G;0.3428570032119751;105
100..300;9;76704005;G;A;0.2672060132026672;215
100..300;9;76706955;T;C;0.261260986328125;200
100..300;9;76707152;T;G;0.2707419991493225;200
100..300;9;76709219;ATGACTGTTGCAG;A;0.168066993355751;225
100..300;9;76709263;A;G;0.2560980021953583;220
100..300;9;76709825;C;T;0.3091790080070495;180
100..300;9;76710642;C;G;0.3400810062885284;225
100..300;9;77315426;G;C;0.2013420015573501;120
100..300;9;77339629;C;T;0.2834649980068207;115
100..300;9;77369316;C;T;0.2298139929771423;125
100..300;9;78178337;A;G;0.1174239963293075;195
100..300;9;81994247;C;G;0.1218750029802322;250
100..300;9;84676160;C;T;0.1400000005960464;115
100..300;9;84678866;A;T;0.1459850072860717;105
100..300;9;84680237;A;G;0.1366119980812072;140
100..300;9;84682279;T;C;0.1258739978075027;105
100..300;9;84688251;C;G;0.1693989932537078;145
100..300;9;84688441;G;C;0.1581629961729049;150
100..300;9;84689350;T;A;0.1182800009846687;145
100..300;9;84697596;T;C;0.1236559972167015;150
100..300;9;85167296;C;T;0.211678996682167;110
100..300;9;86079264;T;G;0.1397850066423416;135
100..300;9;87084875;C;G;0.1256539970636367;160
100..300;9;87885490;C;A;0.2341140061616897;255
100..300;9;87886533;A;C;0.1944440007209777;250
100..300;9;87887543;A;T;0.2608700096607208;230
100..300;9;87887904;C;T;0.2391300052404403;235
100..300;9;87888092;G;A;0.2086089998483657;250
100..300;9;87888536;A;G;0.2631579935550689;285
100..300;9;89339933;G;C;0.1366460025310516;120
100..300;9;89388764;T;C;0.2835249900817871;225
100..300;9;89450455;C;T;0.1412210017442703;215
100..300;9;90887733;A;T;0.1340779960155487;135
100..300;9;92172327;G;C;0.1257140040397644;125
100..300;9;92172343;T;C;0.1395349949598312;125
100..300;9;92173160;T;C;0.1294959932565689;105
100..300;9;92474742;CTCA;C;14.0;160
100..300;9;92522700;G;T;0.1883410066366195;175
100..300;9;92836800;T;C;0.125;150
100..300;9;94293045;A;G;0.1172410026192665;215
100..300;9;94301346;C;G;0.125899001955986;220
100..300;9;94459181;A;G;0.1371839940547943;205
100..300;9;97068444;G;C;0.2399999946355819;100
100..300;9;97428498;G;A;0.3011359870433807;145
100..300;9;97432124;C;T;0.3195270001888275;145
100..300;9;97625837;T;G;0.1783439964056015;125
100..300;9;97922437;C;A;0.1130739971995353;205
100..300;9;97927411;G;A;0.1272729933261871;110
100..300;9;98293840;C;T;0.1274130046367645;195
100..300;9;98306298;A;G;0.1524160057306289;210
100..300;9;98496521;A;G;0.2272730022668838;140
100..300;9;99015983;T;G;0.1254239976406097;225
100..300;9;99306630;T;C;0.4123710095882416;105
100..300;9;99833403;T;C;0.3169400095939636;150
100..300;9;101623429;T;C;0.168831005692482;110
100..300;9;101686816;T;C;0.1674640029668808;170
100..300;9;106925122;G;A;0.1275860071182251;225
100..300;9;106929395;G;A;0.1218750029802322;245
100..300;9;107010864;T;A;0.1330049932003021;155
100..300;9;108123199;T;C;0.112745001912117;145
100..300;9;109194319;A;G;0.1139239966869354;295
100..300;9;110407350;C;T;0.1280000060796737;205
100..300;9;110407351;A;G;0.1280000060796737;205
100..300;9;110434453;C;A;0.1520739942789077;165
100..300;9;111328121;A;G;0.160304993391037;215
100..300;9;111597344;A;C;0.3166669905185699;155
100..300;9;111609213;T;C;0.1214289963245391;215
100..300;9;111692264;C;T;0.2777779996395111;110
100..300;9;112041893;A;G;0.1650940030813217;155
100..300;9;112998281;T;C;0.1794870048761367;125
100..300;9;113354346;A;C;0.1702129989862442;200
100..300;9;113360674;G;A;0.2466959953308105;185
100..300;9;114002003;T;C;0.224043995141983;145
100..300;9;114008496;T;C;0.2314810007810592;180
100..300;9;114008505;A;G;0.2190479934215545;175
100..300;9;114240237;T;C;0.1889400035142898;175
100..300;9;114270742;C;T;0.1174089983105659;180
100..300;9;114403926;T;G;0.2800000011920929;240
100..300;9;114403966;G;A;0.2364130020141601;295
100..300;9;114407961;C;G;0.1708540022373199;150
100..300;9;114424432;T;C;0.234726995229721;255
100..300;9;115035318;C;T;0.1383929997682571;165
100..300;9;115042265;C;T;0.1256040036678314;160
100..300;9;115084291;T;C;0.1231879964470863;215
100..300;9;116344602;A;C;0.2540540099143982;155
100..300;9;120798555;T;C;0.1875;130
100..300;9;121006922;T;C;0.1370559930801391;150
100..300;9;122628848;T;C;0.1530050039291381;290
100..300;9;122629398;C;T;0.2307689934968948;240
100..300;9;123035214;T;C;0.1162789985537529;195
100..300;9;123368882;A;G;0.1348309963941574;125
100..300;9;123372263;A;G;0.2069890052080154;290
100..300;9;124021154;C;G;0.2480310052633285;210
100..300;9;124467839;T;C;0.3105590045452118;135
100..300;9;124468612;A;G;0.2548080086708069;165
100..300;9;124469495;G;C;0.1623619943857193;205
100..300;9;124493169;A;G;0.304093986749649;145
100..300;9;124995031;T;C;0.2608700096607208;135
100..300;9;125150878;T;C;0.2598870098590851;165
100..300;9;125207551;T;C;0.2176869958639145;120
100..300;9;125213375;T;C;0.1923079937696457;125
100..300;9;126662440;G;A;0.2705309987068176;170
100..300;9;126989960;T;C;0.174698993563652;125
100..300;9;127712732;C;T;0.2607359886169433;270
100..300;9;127713163;C;A;0.1941750049591064;165
100..300;9;127723339;A;G;0.2893080115318298;140
100..300;9;127727279;G;A;0.1282050013542175;205
100..300;9;127731234;G;A;0.2015810012817382;220
100..300;9;127733354;G;C;0.1696429997682571;290
100..300;9;128222476;T;C;0.1947569996118545;210
100..300;9;128753268;T;G;0.2022060006856918;215
100..300;9;129059206;A;G;0.1339869946241378;215
100..300;9;129084678;C;T;0.1505379974842071;200
100..300;9;129638201;A;G;0.1159029975533485;280
100..300;9;129875433;A;G;0.115726999938488;250
100..300;9;129878447;G;T;0.1566269993782043;125
100..300;9;130286222;A;G;0.1770830005407333;140
100..300;9;130430524;A;G;0.2416359931230545;225
100..300;9;130904061;G;A;0.1388889998197555;140
100..300;9;131512152;A;G;0.151078999042511;100
100..300;9;131525948;A;C;;215
100..300;9;131525948;T;C;;215
100..300;9;132226867;T;C;0.1818179935216903;180
100..300;9;132679179;A;G;0.1335880011320114;210
100..300;9;133475078;G;T;0.2324559986591339;185
100..300;9;134026248;T;G;0.1442310065031051;165
100..300;9;134880818;G;A;0.1655630022287368;115
100..300;9;134887180;T;C;0.1194029971957206;150
100..300;9;134909570;C;T;0.2324839979410171;265
100..300;9;134909954;C;T;0.2304349988698959;195
100..300;9;134912514;G;A;0.2304349988698959;190
100..300;9;135547960;T;C;0.1405619978904724;195
100..300;9;135547963;C;T;0.1405619978904724;190
100..300;9;135548708;C;G;0.231672003865242;245
100..300;9;135548716;T;C;0.232353001832962;245
100..300;9;135549839;GC;G;0.1384180039167404;145
100..300;9;135549914;A;C;0.1573850065469741;190
100..300;9;135765207;G;T;0.309783011674881;150
100..300;9;135945095;G;GCCT;0.1531910002231598;200
100..300;9;136340958;T;C;0.1294499933719635;235
100..300;9;136763898;T;C;0.1286170035600662;230
100..300;9;136984718;A;G;0.1196580007672309;195
100..300;9;137349095;T;C;0.1369860023260116;115
100..300;9;137433625;T;C;0.125786006450653;145
≥300;1;2512975;A;G;0.1070659980177879;335
≥300;1;2562891;A;G;0.1199039965867996;310
≥300;1;3022133;G;T;0.1431979984045028;330
≥300;1;6149303;C;T;0.2338709980249405;300
≥300;1;27882794;G;A;0.1898400038480758;315
≥300;1;27882851;C;T;0.1960780024528503;310
≥300;1;27882855;G;A;0.1960780024528503;310
≥300;1;45331833;G;C;0.1221200004220008;330
≥300;1;152664367;T;A;0.1144070029258728;.
≥300;1;152709204;CAGCTCTGGGGGCTGCTGT;C;0.1559139937162399;320
≥300;1;156913423;A;C;0.1264919936656952;310
≥300;1;223864490;C;G;0.2085710018873214;305
≥300;1;245685698;T;C;0.1113800033926963;320
≥300;1;245687204;C;G;0.1343960016965866;.
≥300;1;245687211;G;C;0.1328829973936081;.
≥300;10;27246671;C;T;0.1336629986763;305
≥300;10;27250160;T;C;0.1454969942569732;.
≥300;10;27251532;T;C;0.1175059974193573;320
≥300;10;44971756;C;T;0.1232229992747306;310
≥300;10;128108716;T;C;0.1336629986763;315
≥300;11;3413899;G;A;0.1244340017437934;330
≥300;11;7928477;G;A;0.1212119981646537;310
≥300;11;71435791;T;C;0.122078001499176;300
≥300;11;113412755;G;A;0.1280989944934845;.
≥300;11;117381773;C;T;0.2068060040473938;305
≥300;11;124038635;A;G;0.2070589959621429;320
≥300;12;52434002;T;C;0.1070659980177879;.
≥300;12;124402512;GGCT;G;2.571429967880249;.
≥300;12;132062617;A;G;0.1214639991521835;.
≥300;13;52029105;G;A;0.139174997806549;320
≥300;13;75240208;A;C;0.1689810007810592;345
≥300;14;73492999;CT;C;0.6759260296821594;315
≥300;14;73492999;CTTT;C;0.2777779996395111;315
≥300;14;73492999;CTT;C;0.6203699707984924;315
≥300;14;94290413;C;T;0.1106380000710487;.
≥300;14;94290457;C;T;0.2316509932279586;.
≥300;14;94366459;A;G;0.209974005818367;305
≥300;14;100734308;C;T;0.1082350015640258;315
≥300;15;43525881;A;G;0.1133000031113624;320
≥300;15;43989823;A;G;0.1333329975605011;315
≥300;15;74361805;C;T;0.1086419969797134;315
≥300;16;56626904;A;G;0.159509003162384;.
≥300;16;56626929;T;C;0.1447370052337646;.
≥300;17;3092700;C;T;0.1243650019168853;300
≥300;17;7513280;A;G;0.2306340038776397;.
≥300;17;38738586;A;G;0.205714002251625;300
≥300;17;40799709;A;G;0.190882995724678;300
≥300;17;40966761;A;G;0.115385003387928;315
≥300;17;40978955;G;A;0.21875;325
≥300;17;40984020;G;A;0.1180899962782859;310
≥300;17;40994032;G;A;0.1300970017910003;.
≥300;17;41424408;C;T;0.1087870001792907;.
≥300;17;46032108;A;G;0.1099589988589286;340
≥300;17;58599007;C;T;0.1447030007839203;305
≥300;17;63910342;T;C;0.1401620060205459;300
≥300;17;81547352;T;C;0.1210649982094764;315
≥300;17;82830589;C;T;0.2043009996414184;305
≥300;17;82830616;G;A;0.2000000029802322;310
≥300;18;14542649;A;C;0.1165919974446296;315
≥300;18;22415790;C;T;0.250667005777359;340
≥300;18;26862428;A;C;0.1977079957723617;300
≥300;18;79337360;T;A;0.1159090027213096;315
≥300;19;6040124;T;C;0.1092230007052421;300
≥300;19;9126759;G;A;0.1326780021190643;315
≥300;19;11614598;A;G;0.12984099984169;340
≥300;19;17656091;T;C;0.1170959994196891;325
≥300;19;34958169;A;G;0.1243650019168853;310
≥300;19;41709825;C;T;0.1214289963245391;310
≥300;19;41709853;G;A;0.1400000005960464;300
≥300;19;41709863;C;T;0.1331660002470016;300
≥300;19;42868234;C;T;0.1319150030612945;340
≥300;19;42935542;A;G;0.2330320030450821;.
≥300;19;47544564;T;C;0.1096939966082573;300
≥300;19;49154453;A;ACAT;0.1641789972782135;345
≥300;19;51367941;A;G;0.1456310003995895;315
≥300;19;51498142;A;G;0.1431919932365417;305
≥300;19;52841923;T;C;0.1350650042295456;305
≥300;19;53351144;C;G;0.1265510022640228;315
≥300;19;53490807;G;A;0.1105529963970184;320
≥300;19;54108253;G;C;0.1313669979572296;300
≥300;19;54278849;C;G;0.2253520041704177;.
≥300;19;54278855;G;A;0.2276259958744049;.
≥300;19;54278869;A;G;0.2553189992904663;.
≥300;19;54279838;T;C;0.2290250062942505;.
≥300;19;54338192;T;C;0.2148589938879013;.
≥300;19;54338210;G;T;0.2210530042648315;.
≥300;19;54885488;A;G;0.1755200028419494;.
≥300;19;54939094;A;C;0.1058200001716613;.
≥300;19;55203941;T;C;0.1150230020284652;310
≥300;19;55203951;G;C;0.113425999879837;315
≥300;19;55203974;T;C;0.1133000031113624;305
≥300;19;55228237;T;C;0.1157409995794296;320
≥300;19;58067210;T;C;0.2513970136642456;305
≥300;2;131627015;G;C;0.111853003501892;.
≥300;2;167713948;C;T;0.2770079970359802;320
≥300;2;176100176;A;G;0.1116390004754066;310
≥300;2;218135587;T;C;0.1409209966659546;300
≥300;2;227387917;A;G;0.1107209995388984;.
≥300;20;1635491;A;G;0.1525769978761673;.
≥300;21;44550929;A;G;0.2484659999608993;.
≥300;21;44601566;T;C;0.1125539988279342;.
≥300;21;44601692;A;G;0.1404259949922561;.
≥300;21;44647267;T;C;0.2158730030059814;.
≥300;22;35726677;A;C;0.1127099990844726;320
≥300;3;39186173;A;G;0.1158389970660209;310
≥300;3;48660221;G;C;0.2463340014219284;300
≥300;3;63995959;T;C;0.1185190007090568;315
≥300;4;2829656;G;T;0.1270209997892379;330
≥300;4;6301627;A;G;0.2577899992465973;305
≥300;4;56531030;G;C;0.1134900003671646;.
≥300;4;153659136;G;A;0.1147129982709884;300
≥300;5;1036785;T;C;0.2153470069169998;330
≥300;5;1036847;A;C;0.1195650026202201;.
≥300;5;69420283;A;T;0.1307899951934814;300
≥300;5;140787878;T;C;0.1905660033226013;.
≥300;5;140788485;G;A;0.2177260071039199;.
≥300;5;140788566;T;G;0.189979001879692;.
≥300;5;140795037;A;G;0.1947370022535324;325
≥300;5;140795280;C;G;0.2478629946708679;.
≥300;5;140802307;C;T;0.2123890072107315;300
≥300;5;140802516;T;G;0.2154400050640106;.
≥300;5;140803473;A;G;0.2036200016736984;345
≥300;5;140807517;G;A;0.1694560050964355;.
≥300;5;140807737;T;C;0.179747000336647;320
≥300;5;140808798;G;T;0.1702540069818496;.
≥300;5;140808816;G;A;0.1650670021772384;.
≥300;5;140823847;T;C;0.2421710044145584;.
≥300;5;140829882;G;T;0.1790480017662048;.
≥300;5;140841554;A;G;0.2765569984912872;.
≥300;5;140842572;C;A;0.1396230012178421;.
≥300;5;140843056;G;A;0.1746360063552856;.
≥300;5;141096396;A;G;0.2247709929943084;305
≥300;5;141175025;C;T;0.1163870021700859;.
≥300;5;141184688;T;C;0.1689420044422149;.
≥300;5;141201937;T;G;0.2060929983854293;.
≥300;5;141330894;C;T;0.1101119965314865;335
≥300;6;16327633;GTGC;G;0.185366004705429;.
≥300;6;26370429;G;A;0.1180899962782859;305
≥300;6;26370431;T;C;0.1180899962782859;305
≥300;6;26370479;C;T;0.3110469877719879;305
≥300;6;26370520;A;G;0.1739130020141601;305
≥300;6;26597105;G;A;0.1362529993057251;305
≥300;6;29101239;A;G;0.1443299949169159;.
≥300;6;29101487;C;T;0.1246939972043037;310
≥300;6;29101522;T;C;0.1159420013427734;310
≥300;6;29556180;G;A;0.1403120011091232;345
≥300;6;29726903;C;A;0.1544300019741058;320
≥300;6;29726904;T;A;0.1544300019741058;320
≥300;6;29745652;T;C;0.1531320065259933;335
≥300;6;29745688;C;T;0.2307689934968948;305
≥300;6;29828216;A;G;0.1973090022802353;.
≥300;6;29888662;G;T;0.1819649934768676;.
≥300;6;29888668;T;C;0.1648000031709671;.
≥300;6;29926807;A;C;0.2568309903144836;300
≥300;6;29942547;C;G;0.1453900039196014;345
≥300;6;29972425;A;G;0.1229699999094009;310
≥300;6;30110498;T;C;0.1141080036759376;.
≥300;6;30110553;T;C;0.1132080033421516;.
≥300;6;30547266;C;T;0.125;305
≥300;6;30951614;A;G;0.1101970002055168;.
≥300;6;31056453;G;C;0.1138999983668327;.
≥300;6;31111867;A;G;0.1773580014705658;.
≥300;6;31112239;G;C;0.1191489994525909;.
≥300;6;31271672;G;C;0.4102559983730316;.
≥300;6;31271825;A;G;0.2800000011920929;.
≥300;6;31271839;A;C;0.2222220003604889;330
≥300;6;31271840;T;G;0.2222220003604889;330
≥300;6;31271844;A;T;0.2222220003604889;315
≥300;6;31410648;G;A;0.1132080033421516;.
≥300;6;31558196;A;G;0.105784997344017;.
≥300;6;31636814;T;C;0.107074998319149;.
≥300;6;31766568;T;G;0.1111110001802444;335
≥300;6;32058086;T;C;0.1361390054225921;320
≥300;6;32157868;T;C;0.148837000131607;325
≥300;6;32184157;G;A;0.1218959987163543;335
≥300;6;32293475;G;T;0.143776997923851;.
≥300;6;32293730;C;T;0.3628570139408111;340
≥300;6;32394862;A;G;0.1095239967107772;310
≥300;6;32850459;A;G;0.1154640018939971;.
≥300;6;32938809;T;C;0.1328119933605194;.
≥300;6;33069076;C;A;0.1149189993739128;.
≥300;6;33080829;C;G;0.1918240040540695;.
≥300;6;33080851;C;A;0.1234569996595382;.
≥300;6;33080884;G;A;0.1186769977211952;.
≥300;6;33080886;A;G;0.1186769977211952;.
≥300;6;33085181;T;C;0.1120000034570694;.
≥300;6;33085209;C;T;0.1221200004220008;310
≥300;7;42172590;C;T;0.205263003706932;305
≥300;7;74056384;A;G;0.1242109984159469;345
≥300;8;1565843;A;C;0.1148509979248046;.
≥300;8;143562235;A;G;0.1198979988694191;300
≥300;8;143804639;T;C;0.1283950060606002;310
≥300;9;81992843;A;T;0.2460319995880127;335
≥300;9;82059881;G;A;0.2357999980449676;.
≥300;9;122628962;A;G;0.1156629994511604;315
≥300;9;134909468;G;A;0.2377050071954727;315
