coverage;chromosome;position;alt_allele;ref_allele;vaf;Coverage
10..30;4;69214515;G;A;0.1435640007257461;25
10..30;6;32662186;T;C;0.2477879971265792;20
30..50;6;32662159;T;C;0.2734380066394806;40
50..100;1;6213146;T;C;0.0551180988550186;80
50..100;1;7623970;A;G;0.0656934008002281;90
50..100;1;27967201;A;G;0.078125;90
50..100;1;52842993;G;C;0.0306748002767562;95
50..100;1;56744022;C;T;0.0808824002742767;90
50..100;1;56753866;A;C;0.1172410026192665;95
50..100;1;66976592;T;C;0.0608108006417751;95
50..100;1;74706968;C;T;0.0689655020833015;90
50..100;1;78629896;C;T;0.156028002500534;90
50..100;1;86428558;T;C;0.0615384988486766;90
50..100;1;87168246;G;A;0.0517240986227989;75
50..100;1;94008772;C;T;0.0503596998751163;95
50..100;1;94078720;A;G;0.0357142984867095;95
50..100;1;97515865;T;C;0.0714285969734191;95
50..100;1;101772262;T;C;0.1623380035161972;95
50..100;1;107441476;G;A;0.1159420013427734;85
50..100;1;112597961;C;T;0.067164197564125;80
50..100;1;114433602;C;A;0.0409835986793041;80
50..100;1;117994519;C;T;0.1088439971208572;95
50..100;1;119853675;T;C;0.0681817978620529;90
50..100;1;119931555;T;C;0.0390625;90
50..100;1;151524900;A;G;0.0486111007630825;95
50..100;1;155357300;A;G;0.0466667003929615;95
50..100;1;156925033;T;C;0.0375940017402172;95
50..100;1;169514323;C;T;0.1086959987878799;90
50..100;1;185271342;G;A;0.0684932023286819;90
50..100;1;186061909;T;C;0.2071429938077926;90
50..100;1;190764921;A;G;0.1554049998521804;95
50..100;1;196713817;A;G;0.0902255997061729;85
50..100;1;197428956;G;A;0.0583942010998725;95
50..100;1;198256348;A;G;0.0438596010208129;75
50..100;1;204151824;T;G;0.0670732036232948;95
50..100;1;212895062;C;T;0.0714285969734191;90
50..100;1;223995906;C;T;0.1621620059013366;90
50..100;1;225340481;A;C;0.0942028984427452;95
50..100;1;227430982;A;G;0.0575539991259574;95
50..100;1;228316969;T;C;0.050000000745058;90
50..100;1;229651283;A;G;0.0681817978620529;90
50..100;1;230921501;T;A;0.0366972014307975;70
50..100;1;235231195;T;TA;0.0579710006713867;85
50..100;1;237456749;C;T;0.0970873981714248;65
50..100;10;3147974;A;C;0.0563380010426044;95
50..100;10;5915389;T;C;0.0704225003719329;95
50..100;10;13796604;G;A;0.0555556006729602;85
50..100;10;14987265;G;A;0.0884353965520858;95
50..100;10;15008801;C;T;0.0349650010466575;90
50..100;10;20831187;G;A;0.0896551981568336;95
50..100;10;27028849;C;T;0.0316455997526645;95
50..100;10;28120685;G;C;0.0799999982118606;85
50..100;10;30380949;C;G;0.0344827994704246;90
50..100;10;32456320;C;A;0.0816327035427093;95
50..100;10;32848623;C;T;0.0489509999752044;90
50..100;10;62218221;T;C;0.0434782989323139;90
50..100;10;70114163;T;C;0.035087700933218;80
50..100;10;88673588;A;T;0.0758621022105217;95
50..100;10;89611689;A;G;0.0413222983479499;95
50..100;10;89709168;G;C;0.0359711982309818;90
50..100;10;92935798;A;G;0.1258279979228973;95
50..100;10;94355078;A;G;0.0813008025288581;80
50..100;10;95315130;C;T;0.044871799647808;95
50..100;10;100947740;T;C;0.0620689988136291;90
50..100;10;103139440;G;C;0.0560000017285347;85
50..100;10;110810372;C;G;0.0567376017570495;90
50..100;10;113633160;A;T;0.0408162996172905;95
50..100;10;113884281;A;G;0.0491802990436553;70
50..100;10;114045297;C;G;0.1056339964270591;95
50..100;10;121713659;G;A;0.0387597009539604;95
50..100;11;1104729;A;G;0.0814815014600753;85
50..100;11;2610380;T;C;0.0338983014225959;80
50..100;11;2667296;A;G;0.1029409989714622;95
50..100;11;3371581;A;G;0.0567376017570495;95
50..100;11;3973969;C;T;0.067164197564125;90
50..100;11;4475686;T;C;0.161764994263649;90
50..100;11;5323362;C;A;0.0378788001835346;90
50..100;11;5698558;G;A;0.0601503998041152;90
50..100;11;21613736;G;C;0.1476510018110275;95
50..100;11;21613749;G;T;0.1464969962835312;95
50..100;11;24738309;A;G;0.0610686987638473;90
50..100;11;26711376;G;A;0.0695651993155479;70
50..100;11;33057899;T;G;0.0597014985978603;95
50..100;11;33583339;T;C;0.058823499828577;90
50..100;11;57018744;T;C;0.0629371032118797;95
50..100;11;58291949;G;A;0.0973450988531112;75
50..100;11;58358147;C;T;0.051094900816679;95
50..100;11;62331471;TGAC;T;0.125;85
50..100;11;74138957;C;G;0.0645160973072052;90
50..100;11;74355292;G;A;0.0508475005626678;95
50..100;11;82824921;T;C;0.0420168004930019;85
50..100;11;82853252;G;T;0.0805369019508361;95
50..100;11;85916065;C;T;0.0328947007656097;95
50..100;11;93352371;G;T;0.041958000510931;95
50..100;11;93408414;A;C;0.0707964971661567;75
50..100;11;93668840;G;A;0.0629371032118797;90
50..100;11;94528089;G;C;0.0703125;80
50..100;11;95795550;T;C;0.0359711982309818;90
50..100;11;100979471;A;G;0.1374049931764602;80
50..100;11;101583461;A;G;0.0886076018214225;95
50..100;11;108173364;A;T;0.0887096971273422;85
50..100;11;113323446;C;A;0.1034480035305023;95
50..100;11;122867553;G;A;0.1589400023221969;95
50..100;11;126021267;G;A;0.041958000510931;95
50..100;12;6509705;T;C;0.079645998775959;75
50..100;12;7367230;G;A;0.0567376017570495;90
50..100;12;8359511;T;TG;0.0431655012071132;90
50..100;12;11875223;T;G;0.0342466011643409;95
50..100;12;21178615;C;T;0.0687023028731346;85
50..100;12;25158555;T;G;0.0324674993753433;95
50..100;12;26602613;T;C;0.0916031002998352;85
50..100;12;30726042;C;G;0.0921986028552055;90
50..100;12;52250612;C;A;0.0759494006633758;90
50..100;12;52250628;G;A;0.095238097012043;85
50..100;12;58244544;T;C;0.0373134016990661;90
50..100;12;58244565;T;C;0.0507245995104312;90
50..100;12;68731733;T;G;0.0753424987196922;90
50..100;12;68731734;T;G;0.0753424987196922;90
50..100;12;69796628;C;A;0.0492958016693592;90
50..100;12;81216923;A;G;0.0454544983804225;75
50..100;12;85038262;A;T;0.0821918025612831;90
50..100;12;95867108;C;T;0.0967741981148719;60
50..100;12;101363752;A;G;0.0359711982309818;95
50..100;12;101653096;A;AC;0.0808824002742767;95
50..100;12;102101071;C;T;0.0496454015374183;90
50..100;12;109199383;C;G;0.1386860013008117;90
50..100;12;120694088;T;C;0.0431655012071132;95
50..100;12;123694870;C;T;0.0413792990148067;95
50..100;12;125136873;G;A;0.0583942010998725;95
50..100;12;133191482;G;A;0.0592592991888523;95
50..100;13;19048653;T;G;0.0645160973072052;75
50..100;13;19366648;G;A;0.0816327035427093;90
50..100;13;24500352;T;C;0.0275861993432045;90
50..100;13;24709356;T;C;0.0580645017325878;90
50..100;13;27017670;G;A;0.1023619994521141;80
50..100;13;29535802;A;G;0.0813008025288581;90
50..100;13;41604196;C;A;0.058823499828577;80
50..100;13;42895075;A;G;0.201550006866455;85
50..100;13;43029735;T;C;0.1476510018110275;95
50..100;13;49541661;G;A;0.0279719997197389;95
50..100;13;49567140;T;C;0.096296302974224;95
50..100;13;67902265;C;T;0.1102939993143081;95
50..100;13;72795504;G;A;0.0747663974761962;75
50..100;13;76992289;T;C;0.0394737012684345;80
50..100;13;77059507;A;G;0.0852712988853454;85
50..100;13;77260492;C;A;0.0437956005334854;80
50..100;13;97992999;G;A;0.039682500064373;95
50..100;13;98385833;T;C;0.0857143029570579;95
50..100;13;110480209;T;C;0.0444444008171558;95
50..100;14;52027354;A;G;0.1118879988789558;95
50..100;14;77377020;G;A;0.0707070976495742;50
50..100;14;90278328;A;G;0.0833332985639572;80
50..100;14;99174568;A;G;0.0466667003929615;95
50..100;14;103102392;G;A;0.0344827994704246;70
50..100;15;23121326;T;A;0.1140350028872489;70
50..100;15;39021201;G;C;0.0492958016693592;95
50..100;15;39254327;C;G;0.0661764964461326;90
50..100;15;43210328;T;C;0.0583942010998725;95
50..100;15;45403247;G;C;0.0606060996651649;85
50..100;15;50402109;G;A;0.1145040020346641;80
50..100;15;66349079;C;T;0.0540541000664234;95
50..100;15;84113665;C;A;0.0778442993760109;95
50..100;15;88021541;A;G;0.0827068015933036;95
50..100;15;88069284;A;G;0.0341879986226558;95
50..100;15;94384008;C;T;0.0405405014753341;95
50..100;15;101562774;G;A;0.0300751999020576;85
50..100;16;31547360;A;G;0.0808824002742767;95
50..100;16;57440756;A;G;0.0458015017211437;85
50..100;16;58546309;C;T;0.0370370000600814;95
50..100;16;81859103;A;T;0.0563380010426044;95
50..100;16;82170181;G;C;0.0402684994041919;90
50..100;16;83180875;A;C;0.1101690009236335;80
50..100;17;22205050;T;C;0.0461537986993789;95
50..100;17;35186572;C;A;0.0689655020833015;85
50..100;17;47370466;G;A;0.0434782989323139;90
50..100;17;47391476;T;A;0.1078429967164993;65
50..100;17;66029213;G;A;0.0671140998601913;95
50..100;17;73236991;G;A;0.0763889029622078;95
50..100;18;31524601;A;C;0.0924369990825653;90
50..100;18;32470393;T;C;0.051282100379467;90
50..100;18;33224794;C;A;0.0636942982673645;95
50..100;18;44708512;T;A;0.0634920969605445;85
50..100;18;52923870;G;T;0.0373831987380981;70
50..100;18;61957742;A;G;0.107692003250122;85
50..100;18;62143330;G;A;0.0540541000664234;75
50..100;18;63954571;C;G;0.0888888984918594;85
50..100;18;74248438;G;C;0.0423729009926319;75
50..100;18;79378068;C;T;0.0666666999459266;75
50..100;19;797517;C;G;0.0359711982309818;80
50..100;19;991968;C;T;0.0429448001086711;95
50..100;19;1495278;T;C;0.0839160978794097;95
50..100;19;7927167;C;A;0.0441175997257232;90
50..100;19;14061967;T;C;0.050000000745058;85
50..100;19;14917370;G;A;0.0909091010689735;85
50..100;19;19678719;G;A;0.052631601691246;95
50..100;19;22596349;A;C;0.0547945015132427;90
50..100;19;39247938;A;G;0.0333333015441894;90
50..100;19;49108062;T;C;0.0434782989323139;90
50..100;19;57572099;T;C;0.0597014985978603;90
50..100;2;3580793;A;C;0.051094900816679;95
50..100;2;15618169;C;T;0.0479042008519172;95
50..100;2;23926569;A;G;0.0555556006729602;95
50..100;2;29023178;C;T;0.0559441000223159;90
50..100;2;46612338;C;T;0.0731706991791725;75
50..100;2;48646443;T;C;0.057142898440361;75
50..100;2;48916128;A;G;0.0567376017570495;90
50..100;2;49167566;G;T;0.0496454015374183;85
50..100;2;55535874;A;G;0.0420168004930019;85
50..100;2;61420766;G;A;0.0751880034804344;85
50..100;2;68024002;A;G;0.0381679013371467;85
50..100;2;75680225;C;T;0.0576923005282878;95
50..100;2;86492028;C;A;0.0555556006729602;85
50..100;2;88103041;A;G;0.0394737012684345;95
50..100;2;98656339;A;G;0.0612245015799999;95
50..100;2;101295189;G;A;0.079645998775959;75
50..100;2;106122379;G;A;0.0397351011633873;90
50..100;2;108791752;A;G;0.0287769995629787;90
50..100;2;140373126;T;C;0.0743243023753166;95
50..100;2;152558730;C;T;0.0291971005499362;95
50..100;2;152626743;C;T;0.0555556006729602;85
50..100;2;157628563;T;G;0.0584416016936302;85
50..100;2;158703536;A;C;0.0887096971273422;90
50..100;2;162033632;T;C;0.0489509999752044;95
50..100;2;164722071;G;A;0.0606060996651649;90
50..100;2;171744206;A;C;0.0373134016990661;90
50..100;2;174445064;C;T;0.0878378003835678;90
50..100;2;178689578;T;C;0.0862068980932235;80
50..100;2;179399974;C;T;0.0451127998530864;95
50..100;2;185800236;A;C;0.136691004037857;90
50..100;2;189083970;A;G;0.0689655020833015;90
50..100;2;196027971;C;T;0.0431655012071132;90
50..100;2;200572325;G;A;0.0592592991888523;95
50..100;2;201812569;T;A;0.0428570993244648;85
50..100;2;227057605;G;A;0.1020409986376762;90
50..100;2;230469048;G;A;0.0718953981995582;95
50..100;2;230990963;T;C;0.0327868983149528;75
50..100;2;233327103;C;G;0.0349650010466575;95
50..100;2;241217672;T;C;0.0496454015374183;90
50..100;20;1240394;C;T;0.0410959012806415;95
50..100;20;2075712;A;T;0.0425532013177871;90
50..100;20;33965289;T;C;0.0902255997061729;90
50..100;20;48632270;T;C;0.1111110001802444;95
50..100;21;18294584;A;T;0.122137002646923;95
50..100;21;20425096;C;G;0.0814815014600753;95
50..100;21;31060653;T;A;0.1557379961013794;80
50..100;21;36486912;A;G;0.051020398736;70
50..100;21;36994952;G;C;0.0378788001835346;95
50..100;22;21048937;C;G;0.054263599216938;85
50..100;22;23189844;T;C;0.046875;85
50..100;22;23197124;G;A;0.106795996427536;70
50..100;22;23197209;A;G;0.0652173981070518;90
50..100;22;50267952;A;G;0.0462962985038757;65
50..100;3;1227996;A;G;0.0740740969777107;90
50..100;3;17878019;T;C;0.0434782989323139;85
50..100;3;22990618;A;G;0.0359711982309818;90
50..100;3;46532928;G;A;0.0625;85
50..100;3;57227919;C;G;0.0399999991059303;75
50..100;3;64160083;C;T;0.0492958016693592;90
50..100;3;69009632;T;C;0.0916031002998352;95
50..100;3;69077344;C;T;0.1292520016431808;95
50..100;3;90257406;G;GC;0.0703125;95
50..100;3;100813666;A;T;0.0841121971607208;70
50..100;3;100842016;A;G;0.0518518984317779;95
50..100;3;102462287;G;A;0.101851999759674;70
50..100;3;105541674;A;G;0.1351349949836731;95
50..100;3;112109629;G;A;0.0979020968079567;85
50..100;3;113400570;G;A;0.1000000014901161;55
50..100;3;113493194;A;G;0.0482758991420269;95
50..100;3;142359917;T;C;0.0615384988486766;80
50..100;3;149145364;G;A;0.0583942010998725;90
50..100;3;149761514;T;C;0.1969700008630752;90
50..100;3;154023946;A;G;0.070175401866436;75
50..100;3;175096948;A;G;0.0423729009926319;90
50..100;3;194666571;T;C;0.1167879998683929;90
50..100;3;194670140;GA;G;0.0763358995318412;90
50..100;4;20490794;T;G;0.1702129989862442;90
50..100;4;25407216;A;G;0.0601503998041152;85
50..100;4;36339131;A;G;0.0445859991014003;95
50..100;4;38773164;G;A;0.0530973002314567;90
50..100;4;41644634;C;G;0.0259739998728036;95
50..100;4;48539956;G;A;0.0647481977939605;85
50..100;4;54275365;T;A;0.0530303008854389;95
50..100;4;54276524;G;C;0.0370370000600814;80
50..100;4;57032563;G;A;0.0546875;85
50..100;4;61935010;C;T;0.1071429997682571;90
50..100;4;75782851;C;T;0.1156459972262382;95
50..100;4;78499710;C;T;0.1491229981184005;80
50..100;4;78499715;T;C;0.1451610028743744;90
50..100;4;78499716;G;C;0.1496060043573379;90
50..100;4;86025531;A;T;0.0547945015132427;90
50..100;4;97972286;G;A;0.0583333000540733;75
50..100;4;105474024;A;G;0.0575539991259574;85
50..100;4;129204151;C;T;0.0654205977916717;70
50..100;4;140443425;C;CTTAT;0.0894308984279632;75
50..100;4;143997521;G;T;0.0720721036195755;70
50..100;4;145680197;T;C;0.0486111007630825;90
50..100;4;153555772;C;T;0.0677966028451919;80
50..100;4;154320420;A;G;0.079136699438095;95
50..100;4;155722024;A;T;0.09375;85
50..100;4;155785260;T;C;0.0750000029802322;75
50..100;4;155785330;A;G;0.1338579952716827;80
50..100;4;170069224;T;C;0.0794702023267746;95
50..100;4;177440260;C;A;0.041958000510931;95
50..100;4;184678335;A;G;0.0584416016936302;90
50..100;4;184734038;C;G;0.0562499985098838;95
50..100;4;186599883;A;C;0.0578511990606784;85
50..100;5;17202543;C;A;0.0393701009452343;85
50..100;5;35806968;C;T;0.0471698008477687;80
50..100;5;53658638;GT;G;0.0826445966958999;85
50..100;5;66596766;T;C;0.0451612994074821;95
50..100;5;73909892;T;C;0.0466667003929615;90
50..100;5;76631363;T;C;0.1275169998407364;95
50..100;5;79236835;T;C;0.0555556006729602;95
50..100;5;80202874;A;G;0.0384614989161491;90
50..100;5;90674063;G;A;0.0833332985639572;85
50..100;5;96786556;G;T;0.0647481977939605;90
50..100;5;102388768;T;C;0.0399999991059303;80
50..100;5;103009842;C;A;0.0431034006178379;75
50..100;5;110640887;A;G;0.0536913014948368;85
50..100;5;110948089;A;T;0.1120000034570694;85
50..100;5;113515266;A;G;0.1013510003685951;90
50..100;5;119525243;C;T;0.0545454993844032;75
50..100;5;126836282;T;C;0.0454544983804225;95
50..100;5;129027137;G;A;0.1007750034332275;85
50..100;5;132304843;G;A;0.0928571000695228;95
50..100;5;140862537;A;C;0.0521739013493061;90
50..100;5;143332610;G;GT;0.0381679013371467;90
50..100;5;147923204;A;G;0.0495867989957332;85
50..100;5;148101392;G;A;0.0866667032241821;95
50..100;5;148107114;A;C;0.0454544983804225;95
50..100;5;148108804;T;C;0.0381679013371467;85
50..100;5;148116744;A;G;0.0636942982673645;95
50..100;5;148826812;T;C;0.067164197564125;95
50..100;5;151027895;C;T;0.120567001402378;95
50..100;5;156852012;T;C;0.0620154999196529;85
50..100;6;25092311;C;A;0.0489509999752044;90
50..100;6;27457865;C;G;0.0534350983798503;85
50..100;6;28392882;C;G;0.0775194019079208;90
50..100;6;29803334;T;C;0.0857143029570579;95
50..100;6;29929240;A;C;0.058823499828577;95
50..100;6;31055726;C;G;0.0984849035739898;85
50..100;6;33069898;A;C;0.0507245995104312;95
50..100;6;33106012;C;T;0.0985916033387184;95
50..100;6;33185751;T;C;0.050000000745058;75
50..100;6;35140004;A;G;0.0555556006729602;80
50..100;6;35140776;G;T;0.052631601691246;80
50..100;6;38803320;C;T;0.0480000004172325;80
50..100;6;51856074;G;A;0.0434782989323139;90
50..100;6;54625188;A;G;0.0650406032800674;80
50..100;6;54625192;G;A;0.0756302997469902;80
50..100;6;56562133;T;C;0.0697674006223678;80
50..100;6;56605753;A;T;0.1268659979104995;90
50..100;6;56605892;A;G;0.1000000014901161;90
50..100;6;72622393;T;C;0.0638298019766807;65
50..100;6;75715572;G;A;0.0916031002998352;85
50..100;6;87472986;C;G;0.0719999969005584;75
50..100;6;87511385;C;T;0.0780142024159431;90
50..100;6;104852387;CAG;C;0.0467289984226226;75
50..100;6;108477295;G;A;0.0580645017325878;95
50..100;6;109227634;G;A;0.0518518984317779;90
50..100;6;124282232;G;A;0.06944440305233;90
50..100;6;124282244;G;A;0.0620689988136291;90
50..100;6;129831375;C;A;0.1103900000452995;95
50..100;6;130215860;A;G;0.0454544983804225;85
50..100;6;131674173;G;A;0.0720721036195755;80
50..100;6;138920195;G;A;0.050000000745058;80
50..100;6;152456684;A;G;0.0596025995910167;95
50..100;6;160032946;G;A;0.050000000745058;80
50..100;6;162568950;G;C;0.0873015969991684;90
50..100;6;163415344;T;C;0.0375940017402172;90
50..100;7;12389115;A;G;0.0431655012071132;95
50..100;7;31554894;T;C;0.0666666999459266;90
50..100;7;32817273;TG;T;0.0679612010717392;65
50..100;7;38476848;T;G;0.067164197564125;95
50..100;7;43973248;A;G;0.1118210032582283;55
50..100;7;63114151;T;C;0.1118879988789558;95
50..100;7;63114155;G;A;0.1159420013427734;90
50..100;7;63138930;T;C;0.1241379976272583;95
50..100;7;67238341;A;G;0.1515150070190429;50
50..100;7;77571075;T;A;0.0719423964619636;85
50..100;7;90232643;A;G;0.0927835032343864;70
50..100;7;93105138;G;A;0.0603448003530502;85
50..100;7;137444084;C;T;0.1025639995932579;80
50..100;7;138702053;A;C;0.0437956005334854;85
50..100;7;141778508;C;T;0.0381679013371467;85
50..100;7;142175794;A;C;0.07462690025568;90
50..100;7;142602301;G;A;0.1451610028743744;85
50..100;8;431344;G;C;0.0357142984867095;90
50..100;8;3219437;C;T;0.0857143029570579;95
50..100;8;3754048;C;G;0.0729926973581314;85
50..100;8;8892957;G;A;0.0333333015441894;65
50..100;8;12743211;A;T;0.1818179935216903;95
50..100;8;14237690;C;T;0.0491802990436553;85
50..100;8;22591668;T;C;0.0326796993613243;95
50..100;8;24952123;G;C;0.1333329975605011;95
50..100;8;25468214;C;T;0.0873785987496376;75
50..100;8;27397808;T;C;0.095238097012043;75
50..100;8;27565545;C;G;0.0381679013371467;85
50..100;8;27651636;A;G;0.100671000778675;95
50..100;8;38838478;C;T;0.0534350983798503;85
50..100;8;39606304;C;T;0.0434782989323139;75
50..100;8;58603197;A;G;0.0774647966027259;95
50..100;8;62747076;A;G;0.0737705007195472;80
50..100;8;66468293;C;T;0.0370370000600814;90
50..100;8;81443386;G;A;0.079136699438095;85
50..100;8;93726401;A;G;0.0751880034804344;90
50..100;8;97644738;T;G;0.0924369990825653;85
50..100;8;109443092;A;C;0.0335570015013217;95
50..100;8;109477391;T;A;0.0928571000695228;95
50..100;8;112287046;G;A;0.0695651993155479;80
50..100;8;140522588;C;T;0.0507245995104312;90
50..100;8;143727098;T;C;0.0361445993185043;95
50..100;9;4574022;C;A;0.1323529928922653;90
50..100;9;4662369;C;A;0.0662252008914947;80
50..100;9;26978261;G;A;0.0625;90
50..100;9;27455137;A;G;0.0563380010426044;95
50..100;9;72223107;C;T;0.1208050027489662;95
50..100;9;76692003;A;G;0.078125;90
50..100;9;84678111;G;A;0.0629921033978462;85
50..100;9;84682279;T;C;0.0601503998041152;95
50..100;9;92512056;G;A;0.0357142984867095;90
50..100;9;92616071;A;G;0.0775194019079208;95
50..100;9;97625837;T;G;0.1313869953155517;90
50..100;9;111707847;G;A;0.0797101035714149;90
50..100;9;123015648;C;T;0.0775194019079208;85
50..100;9;136838010;T;C;0.0422535017132759;95
50..100;9;136969889;G;A;0.0847458019852638;75
100..300;1;948519;G;T;0.0285714007914066;175
100..300;1;1014228;A;G;0.0458452999591827;245
100..300;1;1354896;G;C;0.0544553995132446;130
100..300;1;1487901;A;G;0.0550458990037441;215
100..300;1;1628409;A;C;0.0215517003089189;160
100..300;1;1756657;T;C;0.0593607015907764;140
100..300;1;2405838;T;C;0.0677966028451919;160
100..300;1;2408634;G;C;0.0181268993765115;225
100..300;1;2491175;A;G;0.0507614016532897;135
100..300;1;2502455;A;G;0.0318020991981029;160
100..300;1;2502461;T;C;0.0579710006713867;155
100..300;1;2521130;C;T;0.0433673001825809;270
100..300;1;2596694;C;T;0.0872727036476135;180
100..300;1;3021701;T;C;0.0300428997725248;165
100..300;1;3022005;T;C;0.0502513013780117;285
100..300;1;3022360;G;T;0.0366197004914283;245
100..300;1;3412095;T;C;0.0240384992212057;290
100..300;1;3412820;T;C;0.0685714036226272;115
100..300;1;3426240;T;G;0.0454544983804225;105
100..300;1;3507824;A;G;0.0262008998543024;155
100..300;1;3595370;G;A;0.0631579011678695;130
100..300;1;3632268;C;G;0.0286884997040033;160
100..300;1;3752608;T;C;0.0456730984151363;280
100..300;1;3763492;A;G;0.0483460985124111;275
100..300;1;3787146;A;G;0.0483091995120048;280
100..300;1;3836572;T;A;0.0709220021963119;205
100..300;1;3844915;T;C;0.0614753998816013;155
100..300;1;3883678;G;A;0.1140350028872489;230
100..300;1;6051661;T;C;0.0376884005963802;265
100..300;1;6051697;A;G;0.0645160973072052;250
100..300;1;6124032;G;A;0.0737463012337684;215
100..300;1;6128486;A;G;0.0705882012844085;165
100..300;1;6136809;G;A;0.0893471017479896;200
100..300;1;6136883;G;A;0.0974358990788459;130
100..300;1;6144162;G;C;0.0343348011374473;145
100..300;1;6151123;A;G;0.0982142984867096;145
100..300;1;6155676;G;C;0.0276922993361949;205
100..300;1;6581288;A;G;0.06751050055027;160
100..300;1;6599445;A;G;0.0471698008477687;210
100..300;1;6633037;G;A;0.0449827015399932;200
100..300;1;6634514;A;G;0.051282100379467;110
100..300;1;7460069;T;C;0.0520000010728836;165
100..300;1;7622177;C;T;0.0591397993266582;130
100..300;1;7622429;C;T;0.0402684994041919;110
100..300;1;7622680;G;A;0.0355329997837543;135
100..300;1;7622713;C;T;0.0233644992113113;150
100..300;1;7624353;C;T;0.0876289010047912;135
100..300;1;7677739;G;A;0.0454544983804225;110
100..300;1;8330324;C;G;0.0495355986058712;215
100..300;1;8365840;C;T;0.0266159996390342;170
100..300;1;8949347;T;C;0.0463215000927448;230
100..300;1;8949385;C;A;0.0437499992549419;200
100..300;1;8951478;A;G;0.0461537986993789;180
100..300;1;8951527;G;T;0.0370370000600814;205
100..300;1;9004779;A;G;0.0645160973072052;135
100..300;1;9245386;C;A;0.0300299990922212;235
100..300;1;9246974;A;G;0.0577777996659278;150
100..300;1;9247079;C;T;0.0619047991931438;135
100..300;1;9263851;A;G;0.0343980006873607;280
100..300;1;9264512;C;T;0.019370499998331;280
100..300;1;9744661;A;G;0.0439560003578662;195
100..300;1;10130826;T;A;0.1064810007810592;140
100..300;1;10258594;G;C;0.0743494033813476;175
100..300;1;10268280;T;C;0.0368421003222465;125
100..300;1;10279151;C;CAT;0.0777202025055885;130
100..300;1;10375266;A;C;0.0477940998971462;170
100..300;1;10399722;A;G;0.0585366003215312;130
100..300;1;10400428;C;T;0.0508475005626678;190
100..300;1;10413139;T;C;0.0218978002667427;185
100..300;1;10419621;A;G;0.0521739013493061;160
100..300;1;10506158;G;A;0.1267610043287277;185
100..300;1;10645053;A;G;0.0488721989095211;180
100..300;1;10648085;G;A;0.0547549985349178;240
100..300;1;10653708;C;T;0.0549828000366687;205
100..300;1;10665441;A;G;0.050228301435709;295
100..300;1;11046878;A;G;0.0569106005132198;195
100..300;1;11711931;G;A;0.0196850001811981;165
100..300;1;11775499;T;C;0.0528302006423473;175
100..300;1;11776613;A;C;0.0476190000772476;150
100..300;1;11778952;T;C;0.0252100992947816;160
100..300;1;11778977;A;G;0.0272374004125595;175
100..300;1;11779866;T;C;0.0342678986489772;215
100..300;1;11788011;C;G;0.0285714007914066;240
100..300;1;11794839;A;G;0.0283400993794202;160
100..300;1;11838802;A;G;0.0400943011045455;295
100..300;1;11838976;T;G;0.0448979996144771;180
100..300;1;12022869;G;A;0.1384080052375793;190
100..300;1;12097231;C;T;0.0974026024341583;105
100..300;1;12244637;G;A;0.0689655020833015;135
100..300;1;12578936;T;C;0.0466101989150047;155
100..300;1;15112737;GC;G;0.0699708014726638;255
100..300;1;15171336;C;T;0.0914286002516746;120
100..300;1;15219581;A;G;0.0410959012806415;205
100..300;1;15289643;A;G;0.0335570015013217;105
100..300;1;15324566;G;A;0.0382513999938964;120
100..300;1;15329448;A;G;0.0430621989071369;130
100..300;1;15341780;A;G;0.0300428997725248;165
100..300;1;15487341;C;T;0.0489914007484912;235
100..300;1;15731994;T;C;0.0320512987673282;205
100..300;1;15770398;T;C;0.0905349999666214;160
100..300;1;15939409;A;T;0.0492958016693592;185
100..300;1;15993321;G;A;0.079295203089714;155
100..300;1;16028095;T;A;0.027343800291419;170
100..300;1;16030002;G;C;0.0492307990789413;210
100..300;1;16030027;G;A;0.0473373010754585;220
100..300;1;16030036;A;G;0.0431034006178379;220
100..300;1;16030038;C;T;0.0433526001870632;225
100..300;1;16049015;A;G;0.0345821008086204;235
100..300;1;16051504;T;C;0.0352112986147403;185
100..300;1;16051505;G;A;0.0354610010981559;185
100..300;1;16051720;T;C;0.0638298019766807;160
100..300;1;16051836;C;G;0.0596330016851425;140
100..300;1;16052230;T;A;0.0341297015547752;200
100..300;1;16148628;T;C;0.0628271996974945;265
100..300;1;16148631;T;C;0.0602094009518623;270
100..300;1;16398835;A;G;0.0285714007914066;135
100..300;1;16409637;C;T;0.079295203089714;150
100..300;1;16956078;A;G;0.0257731992751359;245
100..300;1;16966076;A;G;0.0274390000849962;210
100..300;1;16986097;A;G;0.0425532013177871;220
100..300;1;17229013;T;G;0.0460526011884212;200
100..300;1;17618439;T;C;0.0936330035328865;170
100..300;1;19081800;GC;G;0.0355730988085269;180
100..300;1;19173066;C;T;0.0876289010047912;145
100..300;1;19240387;T;C;0.0318841002881526;220
100..300;1;19345272;A;T;0.050228301435709;150
100..300;1;19814480;T;G;0.0640394017100334;140
100..300;1;19814790;T;C;0.0329340994358062;225
100..300;1;19897659;A;G;0.0386266000568866;150
100..300;1;20175177;A;G;0.0583657994866371;165
100..300;1;20330331;G;A;0.058823499828577;160
100..300;1;20336445;G;A;0.0602006986737251;200
100..300;1;20354225;A;G;0.073275901377201;165
100..300;1;20500723;T;C;0.0507614016532897;135
100..300;1;20664780;A;G;0.1198349967598915;170
100..300;1;20686070;T;C;0.0366972014307975;210
100..300;1;20698408;T;C;0.0746887996792793;160
100..300;1;21473431;A;G;0.0611765012145042;275
100..300;1;21575943;T;G;0.0493827015161514;120
100..300;1;21608940;T;G;0.0299401003867387;105
100..300;1;21614062;T;C;0.0469483993947505;140
100..300;1;21617327;A;G;0.0230768993496894;250
100..300;1;21619037;T;C;0.0417826995253562;235
100..300;1;21703628;G;A;0.0994151979684829;120
100..300;1;21782877;A;G;0.0708955004811286;160
100..300;1;21887634;G;A;0.0894040018320083;210
100..300;1;22506250;T;A;0.0794702023267746;105
100..300;1;22509184;G;A;0.0598592013120651;185
100..300;1;22526222;C;G;0.0548522993922233;155
100..300;1;22589260;C;T;0.0936767980456352;280
100..300;1;22593601;G;C;0.0594900995492935;240
100..300;1;22597292;A;G;0.094117596745491;115
100..300;1;22597871;A;G;0.0761905014514923;145
100..300;1;22600821;G;A;0.0744336992502212;215
100..300;1;22882432;A;G;0.0357142984867095;135
100..300;1;22955424;T;G;0.0533333010971546;100
100..300;1;23441703;A;G;0.0803212970495224;170
100..300;1;23793137;T;C;0.0206896997988224;195
100..300;1;24061927;G;A;0.0265957005321979;125
100..300;1;24066181;C;T;0.0544553995132446;265
100..300;1;24068321;G;A;0.049261100590229;260
100..300;1;24082675;T;C;0.0403226017951965;160
100..300;1;24089643;T;C;0.0476190000772476;190
100..300;1;24331573;G;C;0.0431655012071132;185
100..300;1;24354425;T;C;0.0668789967894554;195
100..300;1;24379839;A;C;0.0705128014087677;110
100..300;1;24442126;A;G;0.0379747003316879;210
100..300;1;26161528;A;G;0.0408162996172905;170
100..300;1;26275079;G;A;0.0422535017132759;140
100..300;1;26354172;T;C;0.0341207012534141;260
100..300;1;26354328;T;C;0.042288601398468;265
100..300;1;26367754;C;T;0.0227272994816303;195
100..300;1;26367769;C;T;0.0218182001262903;180
100..300;1;26460136;A;G;0.0374532006680965;165
100..300;1;26519704;T;C;0.0380116999149322;240
100..300;1;26952030;A;G;0.035911601036787;255
100..300;1;26952062;A;G;0.0486617982387542;295
100..300;1;27360975;T;G;0.0523560009896755;135
100..300;1;27382648;G;A;0.0454544983804225;180
100..300;1;27882851;C;T;0.0883055031299591;295
100..300;1;27882855;G;A;0.0817307978868484;295
100..300;1;28228915;A;G;0.049618300050497;175
100..300;1;28236165;G;A;0.0285714007914066;120
100..300;1;28237741;G;A;0.03125;130
100..300;1;28237768;G;A;0.0409835986793041;165
100..300;1;29159499;T;C;0.0532543994486331;105
100..300;1;30716054;G;A;0.0324999988079071;275
100..300;1;30874552;T;C;0.0407523997128009;210
100..300;1;30878666;A;G;0.0521326996386051;140
100..300;1;30953968;G;A;0.0904761999845504;145
100..300;1;31423761;T;C;0.0338983014225959;235
100..300;1;31691408;T;G;0.0645160973072052;175
100..300;1;31692773;C;T;0.1194539964199066;200
100..300;1;31698605;G;T;0.0993376970291137;100
100..300;1;31699894;T;G;0.0631579011678695;255
100..300;1;31728046;C;T;0.1000000014901161;245
100..300;1;31731046;G;C;0.0292208008468151;225
100..300;1;31741980;G;T;0.0703703984618187;195
100..300;1;31756312;A;G;0.0469314008951187;190
100..300;1;32091885;G;A;0.0383693017065525;280
100..300;1;32207307;G;T;0.0354839004576206;205
100..300;1;32214950;T;C;0.0364371985197067;170
100..300;1;32217361;A;C;0.0479042008519172;120
100..300;1;32229218;G;A;0.050228301435709;145
100..300;1;32231027;C;A;0.0658435970544815;170
100..300;1;32247598;G;A;0.0341615006327629;220
100..300;1;32944092;A;G;0.0677419006824493;205
100..300;1;33559328;C;T;0.0978723019361496;150
100..300;1;33559430;G;A;0.0780669003725051;180
100..300;1;34794601;A;G;0.0303029995411634;255
100..300;1;34884972;C;CT;0.0371900983154773;150
100..300;1;35901980;T;C;0.033457200974226;170
100..300;1;36319669;T;C;0.0573248006403446;125
100..300;1;36341880;T;C;0.050000000745058;180
100..300;1;37554146;T;C;0.0407240018248558;295
100..300;1;37557715;T;C;0.0550458990037441;205
100..300;1;37708311;T;TTTC;0.0495867989957332;165
100..300;1;37718644;C;T;0.0344827994704246;150
100..300;1;37719975;A;G;0.0304878000169992;215
100..300;1;37720051;T;C;0.0267856996506452;145
100..300;1;37721775;G;A;0.0772726982831955;135
100..300;1;37721781;A;G;0.0779817029833793;135
100..300;1;37723068;T;C;0.034843198955059;185
100..300;1;37723096;T;C;0.0378548987209796;205
100..300;1;37723115;G;A;0.0418005995452404;205
100..300;1;37984238;C;T;0.0489509999752044;175
100..300;1;37997832;T;C;0.0569395013153553;185
100..300;1;38708945;A;G;0.034682098776102;100
100..300;1;38710557;A;G;0.0618556998670101;145
100..300;1;38859391;C;T;0.0572917014360427;115
100..300;1;38864727;A;G;0.0614525005221366;115
100..300;1;38874610;T;C;0.0403226017951965;175
100..300;1;38886599;T;G;0.0711743980646133;180
100..300;1;39387318;C;T;0.0383142009377479;175
100..300;1;39523127;A;G;0.0756757035851478;230
100..300;1;39525802;C;A;0.0572391003370285;205
100..300;1;39525803;A;G;0.0505050010979175;200
100..300;1;39753023;A;G;0.055172398686409;185
100..300;1;40239755;G;C;0.0308369994163513;165
100..300;1;40240054;T;A;0.0654762014746666;125
100..300;1;41510546;A;G;0.0422535017132759;200
100..300;1;41510858;T;C;0.0238726995885372;250
100..300;1;41524790;A;G;0.0258303005248308;170
100..300;1;41580076;C;T;0.0395136997103691;240
100..300;1;41581537;G;C;0.0575915984809398;275
100..300;1;41584695;T;C;0.045584000647068;225
100..300;1;43605020;G;A;0.0927835032343864;135
100..300;1;43824858;G;A;0.052631601691246;160
100..300;1;44137834;T;C;0.0454544983804225;135
100..300;1;44753223;T;A;0.0424028001725673;185
100..300;1;44759326;C;A;0.050000000745058;100
100..300;1;44760412;A;G;0.0545454993844032;185
100..300;1;44780570;A;T;0.0253164991736412;225
100..300;1;44780661;C;T;0.0342205017805099;195
100..300;1;44803661;G;A;0.0334727987647056;150
100..300;1;44804352;C;G;0.0649717971682548;240
100..300;1;44826236;A;G;0.0220587998628616;185
100..300;1;44827194;A;G;0.0443038009107112;220
100..300;1;44827846;G;A;0.0916666984558105;170
100..300;1;44828080;C;T;0.0420712009072303;200
100..300;1;44841834;A;G;0.0903225988149643;110
100..300;1;44958709;G;A;0.039547998458147;120
100..300;1;44958837;C;G;0.025000000372529;110
100..300;1;44978366;A;G;0.050000000745058;200
100..300;1;44988221;C;A;0.0298507008701562;195
100..300;1;45003483;T;C;0.0538921989500522;105
100..300;1;45003504;T;A;0.0307691991329193;125
100..300;1;45003914;A;G;0.052631601691246;110
100..300;1;45014037;G;A;0.0440528988838195;155
100..300;1;45206294;G;A;0.0681817978620529;105
100..300;1;45628355;G;A;0.0977199003100395;195
100..300;1;45629600;C;T;0.115556001663208;155
100..300;1;45729703;C;T;0.0977777987718582;145
100..300;1;46194623;C;T;0.0879478976130485;210
100..300;1;46341925;A;G;0.0769231021404266;215
100..300;1;46405089;A;C;0.0811808034777641;175
100..300;1;46511045;T;C;0.0672515034675598;230
100..300;1;46614993;T;C;0.0436136983335018;205
100..300;1;46615007;A;G;0.0470587983727455;225
100..300;1;46615069;T;C;0.0669014006853103;195
100..300;1;46815074;G;GAT;0.1087720021605491;195
100..300;1;46815187;A;G;0.0956790000200271;210
100..300;1;46815212;T;C;0.0931034013628959;190
100..300;1;46817100;T;C;0.1059190034866333;200
100..300;1;47030150;T;C;0.0728477016091346;110
100..300;1;47142179;T;A;0.0677966028451919;155
100..300;1;47143817;C;T;0.0635837987065315;225
100..300;1;47994235;T;C;0.0965908989310264;240
100..300;1;48232079;T;C;0.0399999991059303;230
100..300;1;49045752;G;A;0.0918918997049331;120
100..300;1;50405456;A;G;0.0370370000600814;110
100..300;1;51288232;A;G;0.050000000745058;175
100..300;1;52525966;T;C;0.0645160973072052;220
100..300;1;52854602;T;G;0.0938775986433029;160
100..300;1;52904685;T;G;0.0719697028398513;170
100..300;1;52995795;A;G;0.0377778001129627;290
100..300;1;53594343;C;G;0.0352941006422042;185
100..300;1;53594575;C;T;0.045584000647068;240
100..300;1;53888985;G;T;0.0318471007049083;105
100..300;1;54104589;C;T;0.0673575028777122;130
100..300;1;54701169;T;C;0.0330881997942924;175
100..300;1;54716627;A;T;0.0361841991543769;200
100..300;1;54758458;C;T;0.0416667014360427;185
100..300;1;54759078;A;C;0.0792452991008758;185
100..300;1;55072879;G;T;0.0561223998665809;125
100..300;1;56536941;A;G;0.0320512987673282;105
100..300;1;56536955;T;C;0.0340908989310264;115
100..300;1;56692378;A;G;0.0360359996557235;140
100..300;1;58048279;A;C;0.0384614989161491;200
100..300;1;58048418;G;A;0.0593749992549419;225
100..300;1;58506159;A;G;0.0549451000988483;120
100..300;1;58534040;A;G;0.0434782989323139;130
100..300;1;58576509;T;G;0.0539084002375602;255
100..300;1;61766458;C;T;0.0722222030162811;120
100..300;1;61914626;A;G;0.0382513999938964;120
100..300;1;61990342;A;G;0.0348258987069129;130
100..300;1;62266749;C;T;0.078125;165
100..300;1;63843422;A;G;0.0569619983434677;105
100..300;1;64632626;A;G;0.0494296997785568;165
100..300;1;64691437;G;C;0.0397727005183696;225
100..300;1;64845531;C;G;0.0583942010998725;185
100..300;1;64855567;A;G;0.052631601691246;195
100..300;1;64869412;C;T;0.0548522993922233;155
100..300;1;66676992;C;T;0.0340908989310264;120
100..300;1;66682013;T;C;0.0459363982081413;185
100..300;1;66777341;A;C;0.0553191006183624;150
100..300;1;67278569;C;T;0.0412844009697437;150
100..300;1;69919618;T;C;0.0730896964669227;210
100..300;1;74199809;A;G;0.058823499828577;180
100..300;1;74205390;T;C;0.0686694979667663;165
100..300;1;75732751;C;T;0.0923912972211837;120
100..300;1;75733100;A;G;0.0353982001543045;155
100..300;1;75744069;A;G;0.0187667999416589;260
100..300;1;75744107;C;T;0.0220993999391794;250
100..300;1;75744250;C;T;0.0486617982387542;275
100..300;1;75744604;T;C;0.0404412001371383;190
100..300;1;75744792;T;C;0.0666666999459266;115
100..300;1;75761337;G;A;0.0274724997580051;130
100..300;1;77293893;G;A;0.0699589028954505;150
100..300;1;77926761;A;G;0.0593219995498657;165
100..300;1;78492806;T;C;0.0474453009665012;180
100..300;1;79055238;C;T;0.0428570993244648;200
100..300;1;79521225;A;C;0.0722891986370086;170
100..300;1;79521816;C;T;0.0735293999314308;100
100..300;1;81427141;T;C;0.0696721002459526;175
100..300;1;81721749;T;C;0.0462962985038757;150
100..300;1;81722517;G;C;0.0711297020316124;160
100..300;1;86022231;A;C;0.078125;125
100..300;1;86046853;T;C;0.0797872021794319;120
100..300;1;88771873;T;C;0.0487805008888244;105
100..300;1;88807604;A;G;0.0745342001318931;110
100..300;1;91319330;A;G;0.1421049982309341;120
100..300;1;91394244;G;A;0.1742739975452423;160
100..300;1;91720100;T;C;0.0456140004098415;205
100..300;1;93582928;G;C;0.0565370991826057;205
100..300;1;94001103;G;A;0.0662982985377311;120
100..300;1;94005598;T;C;0.0509553998708725;110
100..300;1;94008289;C;T;0.0537189990282058;145
100..300;1;94008308;T;C;0.0523810014128685;130
100..300;1;94047009;T;C;0.0302326008677482;280
100..300;1;96679606;G;T;0.0582011006772518;135
100..300;1;98695628;A;C;0.0562770999968051;150
100..300;1;98953091;C;G;0.0805687010288238;140
100..300;1;107057296;T;C;0.0296052992343902;210
100..300;1;107505351;T;C;0.0742357969284057;160
100..300;1;107537323;A;G;0.0315788984298706;125
100..300;1;108722407;T;G;0.0584958009421825;235
100..300;1;108823664;T;C;0.0390244014561176;130
100..300;1;108834448;A;C;0.0755556002259254;145
100..300;1;108851942;C;T;0.0483870990574359;250
100..300;1;108922543;A;ACTT;0.0416667014360427;130
100..300;1;108937356;T;G;0.0375000014901161;170
100..300;1;109267922;A;C;0.0307167004793882;190
100..300;1;109295231;A;G;0.0352112986147403;185
100..300;1;109297116;A;C;0.0520832985639572;195
100..300;1;109737079;T;C;0.0483091995120048;130
100..300;1;110039158;G;T;0.0647059008479118;120
100..300;1;110040713;A;G;0.0476190000772476;115
100..300;1;110602039;G;A;0.0228758007287979;195
100..300;1;111184247;A;G;0.0955414026975631;100
100..300;1;111198700;A;G;0.050000000745058;150
100..300;1;111241360;T;C;0.0647059008479118;115
100..300;1;111648905;G;T;0.0591397993266582;135
100..300;1;111755960;G;A;0.0747331008315086;190
100..300;1;111766709;C;T;0.0545454993844032;145
100..300;1;112520503;G;A;0.0516128987073898;215
100..300;1;112540817;T;C;0.0760233998298645;115
100..300;1;112694059;T;C;0.0404039993882179;130
100..300;1;112696760;A;G;0.060869600623846;230
100..300;1;112698430;C;T;0.0393939018249511;215
100..300;1;112700356;T;G;0.0309734996408224;160
100..300;1;112700426;T;C;0.0337838008999824;200
100..300;1;112710229;C;CTTG;0.0371517017483711;210
100..300;1;114137918;T;C;0.0222222004085779;220
100..300;1;115058907;G;C;0.0436507984995842;165
100..300;1;115663802;A;G;0.0582011006772518;255
100..300;1;115705205;C;T;0.0434782989323139;145
100..300;1;115791113;C;T;0.1849710047245025;110
100..300;1;115857214;T;C;0.0549019984900951;185
100..300;1;115857708;G;C;0.0250895991921424;190
100..300;1;116714075;C;A;0.0880829021334648;135
100..300;1;116768525;A;C;0.0456026010215282;215
100..300;1;117011799;G;A;0.0580110996961593;250
100..300;1;117101436;G;A;0.0434782989323139;190
100..300;1;119033195;G;C;0.0338542014360427;265
100..300;1;119085233;T;C;0.1034480035305023;160
100..300;1;119085331;C;T;0.052419401705265;175
100..300;1;119126639;A;C;0.0625;110
100..300;1;119219552;A;G;0.0319149009883403;135
100..300;1;119422310;C;T;0.0550458990037441;225
100..300;1;119438989;T;C;0.0568181984126567;110
100..300;1;119445799;T;C;0.0706522017717361;135
100..300;1;119445889;A;G;0.0875912010669708;105
100..300;1;119446065;A;G;0.0625;125
100..300;1;119605239;A;G;0.0909091010689735;135
100..300;1;119623830;C;G;0.0311615001410245;235
100..300;1;119894128;C;T;0.0490196011960506;235
100..300;1;119895095;A;G;0.0457317009568214;230
100..300;1;119895261;G;A;0.0581394992768764;245
100..300;1;119915381;T;A;0.0255318991839885;155
100..300;1;119929234;T;C;0.054298598319292;160
100..300;1;119935375;A;C;0.054644800722599;130
100..300;1;145899155;A;G;0.0969387963414192;145
100..300;1;145927267;A;T;0.0687500014901161;120
100..300;1;149900352;C;G;0.0402477011084556;220
100..300;1;149933386;A;G;0.0742857009172439;115
100..300;1;150473343;G;A;0.0386740006506443;125
100..300;1;150510879;T;C;0.0602409988641738;170
100..300;1;150512511;A;G;0.0331633016467094;260
100..300;1;150553930;T;C;0.0739644989371299;240
100..300;1;150559900;A;G;0.0269542001187801;240
100..300;1;150755063;A;G;0.0441175997257232;220
100..300;1;150836413;G;C;0.0259365998208522;220
100..300;1;150967881;T;G;0.0367347002029418;160
100..300;1;150967882;T;C;0.040650401264429;160
100..300;1;150968905;T;C;0.0628271996974945;135
100..300;1;150987874;C;A;0.0438246987760067;170
100..300;1;151132600;A;G;0.0338983014225959;225
100..300;1;151365227;T;C;0.0310344994068145;190
100..300;1;152110849;T;A;0.0523076988756656;235
100..300;1;152350656;T;G;0.0498084016144275;175
100..300;1;152358764;A;G;0.0619047991931438;130
100..300;1;152409586;T;C;0.0540541000664234;130
100..300;1;152409644;T;C;0.0536278001964092;205
100..300;1;152719598;C;G;0.0388601012527942;270
100..300;1;152719996;C;A;0.0755814015865325;245
100..300;1;152720112;G;A;0.0637584030628204;205
100..300;1;152737689;T;G;0.1162080019712448;230
100..300;1;152759960;C;G;0.1086959987878799;265
100..300;1;152760825;A;T;0.1243090033531189;250
100..300;1;152972118;T;C;0.078125;180
100..300;1;153003019;A;G;0.0450000017881393;145
100..300;1;153032333;C;T;0.0484429001808166;200
100..300;1;153418150;A;G;0.0723861008882522;240
100..300;1;153537414;C;T;0.0245613995939493;180
100..300;1;153615864;T;C;0.034722201526165;200
100..300;1;154414549;C;T;0.05726870149374;165
100..300;1;154429203;A;G;0.0362694002687931;130
100..300;1;154572175;T;G;0.0474137999117374;145
100..300;1;154607982;A;C;0.0372340008616447;115
100..300;1;154772331;G;C;0.0274509992450475;175
100..300;1;154965759;C;G;0.0727273002266883;180
100..300;1;154966186;C;T;0.0590405985713005;195
100..300;1;155023444;A;G;0.0313901007175445;150
100..300;1;155060832;A;G;0.0629921033978462;160
100..300;1;155134074;G;A;0.0236967001110315;140
100..300;1;155177242;A;G;0.0327868983149528;125
100..300;1;155208991;A;T;0.0509258992969989;145
100..300;1;155321462;T;C;0.0393701009452343;175
100..300;1;156134501;A;G;0.0664206966757774;170
100..300;1;156137743;T;C;0.0530973002314567;150
100..300;1;156158429;C;T;0.0472972989082336;195
100..300;1;156232382;G;A;0.0625;135
100..300;1;156236330;A;G;0.0486322008073329;215
100..300;1;156294857;T;C;0.044150099158287;295
100..300;1;156344706;T;C;0.0406977012753486;110
100..300;1;156377340;A;G;0.0555556006729602;235
100..300;1;156530336;C;T;0.0722891986370086;110
100..300;1;156548587;A;G;0.1299210041761398;170
100..300;1;156815190;C;T;0.132530003786087;225
100..300;1;156815825;A;G;0.1192049980163574;200
100..300;1;156815987;A;G;0.1099290028214454;200
100..300;1;156876441;A;G;0.0349854007363319;220
100..300;1;156903935;A;G;0.0395349003374576;290
100..300;1;156908005;A;C;0.0451305992901325;280
100..300;1;156908945;C;T;0.043010801076889;135
100..300;1;156909740;T;C;0.0404624007642269;110
100..300;1;156909788;T;C;0.0472102984786033;155
100..300;1;156913204;C;G;0.0370370000600814;195
100..300;1;156913423;A;C;0.0825688019394874;290
100..300;1;156914792;T;C;0.0357142984867095;160
100..300;1;156920880;C;T;0.0611620992422103;215
100..300;1;156932430;A;G;0.0551180988550186;160
100..300;1;156932489;G;T;0.0522647984325885;175
100..300;1;156937239;T;C;0.0259067006409168;130
100..300;1;156939903;A;G;0.076554998755455;135
100..300;1;156969275;A;G;0.0456852987408638;130
100..300;1;157059407;G;A;0.0429798997938632;240
100..300;1;157587911;A;G;0.0837695971131324;130
100..300;1;157589332;T;C;0.1235629990696907;225
100..300;1;157630127;G;A;0.1368079930543899;200
100..300;1;157630147;A;T;0.1301369965076446;195
100..300;1;158578998;G;A;0.0629371032118797;190
100..300;1;158607377;T;A;0.0769231021404266;105
100..300;1;158674315;A;T;0.1165639981627464;110
100..300;1;158765805;T;C;0.1302520036697387;160
100..300;1;158765901;C;T;0.1355309933423996;185
100..300;1;158765950;G;A;0.1344259977340698;205
100..300;1;158766102;G;A;0.1428570002317428;225
100..300;1;158766655;T;C;0.1236750036478042;190
100..300;1;159016687;C;G;0.0298507008701562;180
100..300;1;159032587;A;C;0.1115240007638931;175
100..300;1;159032599;A;T;0.1161969974637031;185
100..300;1;159440550;A;T;0.0385852009057998;210
100..300;1;159535311;A;G;0.0307263005524873;235
100..300;1;159806576;A;G;0.0482758991420269;180
100..300;1;159809120;A;G;0.0406698994338512;270
100..300;1;159809193;C;T;0.0635451972484588;220
100..300;1;159815623;T;C;0.0858369022607803;155
100..300;1;159815635;G;A;0.0935961008071899;130
100..300;1;159884461;C;T;0.0353535003960132;120
100..300;1;160130411;G;C;0.0669855996966362;150
100..300;1;160425147;C;A;0.0637584030628204;205
100..300;1;160425213;A;G;0.0634146034717559;275
100..300;1;160816880;G;A;0.0459770001471042;120
100..300;1;161000299;T;C;0.0346020981669425;190
100..300;1;161099046;C;A;0.0669855996966362;150
100..300;1;161160911;T;C;0.0422535017132759;245
100..300;1;161166434;A;C;0.0684038996696472;190
100..300;1;161193247;C;T;0.0627306029200553;180
100..300;1;161193843;T;C;0.0273972991853952;200
100..300;1;161198214;T;C;0.0425532013177871;255
100..300;1;161379107;A;T;0.0666666999459266;175
100..300;1;161506414;T;C;0.0479452013969421;295
100..300;1;161506415;G;A;0.0489509999752044;290
100..300;1;161509809;A;G;0.0409091003239154;160
100..300;1;161510859;G;A;0.0595237985253334;170
100..300;1;161711990;G;A;0.0564263015985488;220
100..300;1;161727282;C;G;0.0199999995529651;260
100..300;1;161781951;G;A;0.0679012015461921;100
100..300;1;162343945;T;C;0.0466101989150047;145
100..300;1;162365466;T;C;0.0546074993908405;195
100..300;1;162374312;T;C;0.0350317992269992;210
100..300;1;162397281;T;C;0.1034480035305023;110
100..300;1;162445636;T;C;0.0262008998543024;150
100..300;1;164357216;C;G;0.0426229014992713;205
100..300;1;164357352;G;T;0.0641710981726646;130
100..300;1;165249442;T;C;0.0797872021794319;135
100..300;1;165428878;C;T;0.0670925974845886;205
100..300;1;165679472;T;C;0.0470587983727455;155
100..300;1;166747404;C;A;0.1161290034651756;100
100..300;1;166747856;C;G;0.1443299949169159;140
100..300;1;166747861;CAAG;C;0.1395349949598312;145
100..300;1;167697079;C;T;0.0511364005506038;125
100..300;1;167823118;A;G;0.0291667003184556;150
100..300;1;167845792;G;A;0.0486891008913517;180
100..300;1;167856368;G;A;0.0481480993330478;185
100..300;1;167870340;A;G;0.0443548001348972;155
100..300;1;167880176;G;A;0.042918499559164;155
100..300;1;168714238;T;C;0.0375587008893489;130
100..300;1;168938661;A;G;0.052631601691246;120
100..300;1;168938867;G;C;0.0529411993920803;115
100..300;1;169542640;G;T;0.0582959987223148;155
100..300;1;169542801;C;T;0.0727273002266883;185
100..300;1;169544345;T;G;0.0446096993982791;185
100..300;1;169546488;T;C;0.0481480993330478;165
100..300;1;169550656;A;G;0.060869600623846;150
100..300;1;169552615;G;A;0.0853658989071846;155
100..300;1;169617043;T;C;0.0260416995733976;130
100..300;1;170166619;C;T;0.0469207987189292;225
100..300;1;170166624;C;T;0.0489914007484912;225
100..300;1;170369796;G;C;0.0896226018667221;150
100..300;1;170866621;A;G;0.1000000014901161;100
100..300;1;170958474;G;A;0.0379147008061409;150
100..300;1;170989888;T;C;0.0601092986762523;115
100..300;1;170989947;T;C;0.0550847016274929;150
100..300;1;170996540;C;T;0.0543477982282638;115
100..300;1;171258077;C;T;0.0544871985912323;205
100..300;1;171334697;A;G;0.0306122004985809;135
100..300;1;171339693;G;A;0.0528169013559818;205
100..300;1;171786042;A;G;0.0379747003316879;160
100..300;1;171794409;T;C;0.0570175014436244;145
100..300;1;172532503;C;T;0.0332102999091148;190
100..300;1;173503326;A;G;0.0618556998670101;130
100..300;1;173909694;C;T;0.0453400984406471;275
100..300;1;173909724;C;T;0.0484693981707096;270
100..300;1;176616321;A;G;0.0508475005626678;120
100..300;1;177954305;G;T;0.0488721989095211;175
100..300;1;178747028;A;G;0.1170729994773864;150
100..300;1;179085885;T;C;0.0418251007795333;180
100..300;1;179630866;G;A;0.0528053008019924;190
100..300;1;179630907;A;G;0.0290456004440784;160
100..300;1;179652089;A;G;0.0737326964735984;135
100..300;1;179662107;A;G;0.051282100379467;130
100..300;1;179663401;G;A;0.042918499559164;155
100..300;1;180044100;G;T;0.0582011006772518;115
100..300;1;180084023;C;A;0.070175401866436;115
100..300;1;180196564;C;A;0.0594315007328987;265
100..300;1;180266593;T;C;0.0420560985803604;145
100..300;1;181052347;T;C;0.0335195995867252;235
100..300;1;181055268;A;G;0.1180810034275055;180
100..300;1;182057678;C;G;0.0549451000988483;255
100..300;1;182057887;T;C;0.0648967996239662;245
100..300;1;182575446;T;C;0.045016098767519;200
100..300;1;182602142;T;C;0.086363598704338;150
100..300;1;183130425;A;G;0.0309597998857498;220
100..300;1;185174589;G;A;0.0745097994804382;180
100..300;1;185202737;G;A;0.0333333015441894;135
100..300;1;185226821;T;C;0.0514286011457443;115
100..300;1;185551468;A;G;0.0738916024565696;125
100..300;1;186057342;C;T;0.1863349974155426;105
100..300;1;186132407;G;A;0.0466320998966693;120
100..300;1;186144720;C;G;0.1124999970197677;110
100..300;1;186977737;G;A;0.0725388973951339;125
100..300;1;191146508;T;C;0.076470598578453;135
100..300;1;193020464;A;G;0.070175401866436;110
100..300;1;193181089;G;A;0.0995024964213371;145
100..300;1;196673103;A;G;0.0605095997452735;200
100..300;1;196685194;C;A;0.1675679981708526;120
100..300;1;196690107;T;C;0.1322750002145767;125
100..300;1;196951018;T;C;0.0805085003376007;150
100..300;1;197159596;A;G;0.0710659995675087;130
100..300;1;197927598;C;T;0.0586080998182296;175
100..300;1;200407567;T;C;0.0982455983757972;205
100..300;1;200864089;C;T;0.0528169013559818;185
100..300;1;200873213;C;T;0.0523255988955497;105
100..300;1;200908722;G;T;0.0654762014746666;120
100..300;1;201009251;C;G;0.0451612994074821;105
100..300;1;201077934;A;G;0.0360359996557235;150
100..300;1;201197255;A;G;0.06007070094347;170
100..300;1;201206980;A;G;0.057432398200035;200
100..300;1;201207840;G;A;0.0653266012668609;270
100..300;1;201208118;C;T;0.0389610007405281;205
100..300;1;201208150;T;C;0.0336390994489192;220
100..300;1;201208410;T;G;0.0432276986539363;235
100..300;1;201212792;T;G;0.0612245015799999;275
100..300;1;201215147;T;C;0.0398229993879795;150
100..300;1;201283738;T;C;0.0547945015132427;155
100..300;1;201313445;G;A;0.0393701009452343;255
100..300;1;201361940;G;A;0.0516716986894607;215
100..300;1;201365667;T;C;0.0473373010754585;220
100..300;1;201372047;C;CAGAAG;0.1436029970645904;250
100..300;1;201386541;C;T;0.0473186001181602;235
100..300;1;202012090;G;C;0.0508021004498004;230
100..300;1;202012734;C;T;0.0306407008320093;235
100..300;1;202562613;T;C;0.0681817978620529;115
100..300;1;202605656;A;G;0.0926828980445861;145
100..300;1;203183673;C;T;0.0714285969734191;175
100..300;1;203483281;A;G;0.0492958016693592;155
100..300;1;203483592;T;C;0.0462725013494491;260
100..300;1;203502991;A;G;0.0401786006987094;145
100..300;1;203799200;C;T;0.0575539991259574;200
100..300;1;203800404;A;G;0.0381355993449687;160
100..300;1;204126092;T;C;0.0536722987890243;240
100..300;1;204162058;G;T;0.1054219976067543;220
100..300;1;204190659;C;G;0.0529800988733768;190
100..300;1;204192819;T;C;0.0275590997189283;160
100..300;1;204202932;C;G;0.0321428999304771;185
100..300;1;204202968;A;G;0.0252707991749048;180
100..300;1;204618112;A;G;0.0485714003443717;245
100..300;1;204954892;T;C;0.0662252008914947;200
100..300;1;204975313;A;G;0.0322581008076667;160
100..300;1;204975326;A;G;0.0329670011997222;175
100..300;1;204976686;T;C;0.0509553998708725;195
100..300;1;204976806;G;A;0.0351438000798225;200
100..300;1;204979531;G;A;0.0769231021404266;200
100..300;1;205058609;A;G;0.0596025995910167;200
100..300;1;205059695;AG;A;0.0382774993777275;145
100..300;1;205061988;T;C;0.0285714007914066;155
100..300;1;205303798;T;C;0.0650155022740364;225
100..300;1;205303855;G;C;0.0633608996868133;250
100..300;1;205339207;A;G;0.0821428969502449;185
100..300;1;205339240;T;C;0.0649717971682548;225
100..300;1;205351242;G;A;0.0543477982282638;130
100..300;1;205620446;T;C;0.0511508993804454;270
100..300;1;205992708;A;G;0.0604026988148689;115
100..300;1;206012565;G;A;0.0492307990789413;215
100..300;1;206013858;G;A;0.0375000014901161;160
100..300;1;206476722;G;A;0.04529619961977;190
100..300;1;206477764;A;G;0.0352941006422042;215
100..300;1;206584745;T;A;0.0700000002980232;135
100..300;1;207113036;A;C;0.051282100379467;125
100..300;1;207126725;A;G;0.0829015970230102;125
100..300;1;207480019;G;A;0.0529800988733768;100
100..300;1;207609362;G;A;0.0726644024252891;195
100..300;1;207621975;G;A;0.0853658989071846;105
100..300;1;209611861;A;G;0.0696202963590622;210
100..300;1;209638541;G;T;0.0436680987477302;145
100..300;1;210265655;T;G;0.0333333015441894;125
100..300;1;210861363;C;T;0.094674602150917;130
100..300;1;211663410;A;G;0.0370370000600814;105
100..300;1;212100264;A;G;0.0434782989323139;145
100..300;1;214657249;G;A;0.0486891008913517;190
100..300;1;215580012;G;T;0.0303029995411634;110
100..300;1;215671031;T;C;0.039426501840353;185
100..300;1;216175422;T;C;0.1569509953260421;140
100..300;1;220314315;T;C;0.0508475005626678;125
100..300;1;220882121;A;G;0.0317460000514984;205
100..300;1;221739466;C;T;0.036745399236679;275
100..300;1;222540161;G;C;0.0458452999591827;240
100..300;1;222660196;G;C;0.0419161990284919;115
100..300;1;223005219;C;A;0.0909091010689735;230
100..300;1;223111186;G;A;0.0629139021039009;205
100..300;1;223626980;T;A;0.1293530017137527;135
100..300;1;223761612;C;G;0.0355871990323066;185
100..300;1;223766378;C;A;0.0585937984287738;155
100..300;1;223772257;A;G;0.0456274002790451;175
100..300;1;223792505;C;G;0.070754699409008;135
100..300;1;223802264;T;C;0.0795454978942871;115
100..300;1;223821211;A;G;0.0545454993844032;145
100..300;1;223863737;T;C;0.1519609987735748;155
100..300;1;223863759;G;A;0.0823528990149498;185
100..300;1;223864224;C;T;0.0444444008171558;275
100..300;1;223864490;C;G;0.0970873981714248;290
100..300;1;224574664;G;C;0.0245613995939493;190
100..300;1;225345982;G;A;0.0670391023159027;125
100..300;1;225346517;C;T;0.0346534997224807;130
100..300;1;225398572;T;G;0.0315788984298706;185
100..300;1;225517743;A;G;0.0472637005150318;270
100..300;1;225838705;G;A;0.0532213002443313;235
100..300;1;225844528;T;C;0.0242915004491806;160
100..300;1;225847208;A;G;0.0443350002169609;140
100..300;1;225877491;C;G;0.0601503998041152;180
100..300;1;226164797;G;T;0.0824175998568534;115
100..300;1;226367601;G;A;0.1148329973220825;135
100..300;1;226383066;A;G;0.058823499828577;165
100..300;1;226402257;A;G;0.1038959994912147;205
100..300;1;226961502;A;G;0.0365449003875255;205
100..300;1;227434310;G;A;0.0536397993564605;180
100..300;1;228097290;T;C;0.0273972991853952;210
100..300;1;228174981;A;G;0.0415094010531902;190
100..300;1;228214807;T;C;0.0540541000664234;150
100..300;1;228219309;T;C;0.037542700767517;210
100..300;1;228276602;T;G;0.0352303981781005;240
100..300;1;228277645;G;A;0.0355191007256507;245
100..300;1;228283678;C;G;0.0206717997789382;260
100..300;1;228307089;A;G;0.0308483000844717;250
100..300;1;228315976;G;A;0.0335730984807014;280
100..300;1;228316771;C;T;0.0583942010998725;180
100..300;1;228317967;G;C;0.0405405014753341;215
100..300;1;228317998;C;T;0.0287356004118919;230
100..300;1;228321726;G;A;0.0508905984461307;270
100..300;1;228333272;G;C;0.0269230995327234;170
100..300;1;228337260;A;C;0.0452488996088504;150
100..300;1;228337926;A;C;0.0478723011910915;130
100..300;1;228340711;A;G;0.0532543994486331;120
100..300;1;228340862;G;C;0.0582011006772518;120
100..300;1;228374649;C;T;0.0366748012602329;280
100..300;1;229531657;G;C;0.0570341981947422;170
100..300;1;230219692;T;C;0.0519481003284454;150
100..300;1;230249191;C;T;0.0543932989239692;160
100..300;1;230279402;A;G;0.0471463985741138;260
100..300;1;230710048;G;A;0.0544747002422809;165
100..300;1;231241060;C;G;0.0197627991437912;175
100..300;1;232319657;T;C;0.0272726994007825;140
100..300;1;232399211;C;T;0.0485075004398822;175
100..300;1;232425650;C;T;0.0377358011901378;245
100..300;1;232439175;C;T;0.0815602988004684;185
100..300;1;232445690;A;G;0.1009169965982437;215
100..300;1;232462241;A;T;0.1611369997262954;135
100..300;1;232950710;C;T;0.0598592013120651;185
100..300;1;232986381;T;C;0.0388889014720916;250
100..300;1;232998340;T;C;0.0566038005053997;210
100..300;1;233362280;T;C;0.0531401000916957;145
100..300;1;233905571;T;C;0.0361445993185043;175
100..300;1;234446905;C;T;0.0650406032800674;155
100..300;1;234448485;T;C;0.1011240035295486;115
100..300;1;234608504;A;G;0.0252100992947816;145
100..300;1;235160983;C;T;0.0248755998909473;270
100..300;1;235427244;A;G;0.0294118002057075;125
100..300;1;235677195;T;G;0.058823499828577;115
100..300;1;235777150;T;C;0.0850201994180679;160
100..300;1;235781994;C;T;0.0494296997785568;170
100..300;1;235809135;C;T;0.0719697028398513;175
100..300;1;235809567;C;T;0.0368851982057094;185
100..300;1;235977874;C;T;0.0504586994647979;145
100..300;1;235981651;G;A;0.0313725993037223;170
100..300;1;235990886;T;C;0.0652173981070518;125
100..300;1;235991065;T;G;0.0628271996974945;130
100..300;1;237454457;T;C;0.0848708003759384;175
100..300;1;240093522;A;C;0.0848485007882118;100
100..300;1;240329434;A;G;0.0476190000772476;140
100..300;1;241548834;T;C;0.0382165983319282;100
100..300;1;241592046;T;C;0.0640569031238555;185
100..300;1;241860596;G;A;0.0390878990292549;195
100..300;1;241870961;G;A;0.044642899185419;145
100..300;1;241872136;A;G;0.0462962985038757;145
100..300;1;241993647;T;C;0.0297030005604028;135
100..300;1;243415810;A;G;0.0590405985713005;185
100..300;1;244560790;A;G;0.0558140017092227;140
100..300;1;244572556;G;A;0.0693069025874137;210
100..300;1;244583848;A;G;0.0338164009153842;130
100..300;1;247257119;T;C;0.0339622981846332;185
100..300;1;247491196;A;G;0.0365534983575344;265
100..300;1;247588859;C;T;0.0483870990574359;180
100..300;1;247672648;C;T;0.0399999991059303;170
100..300;1;247712306;G;C;0.0860927030444145;205
100..300;1;247723647;C;T;0.0758123025298118;195
100..300;1;247840994;G;A;0.0476190000772476;140
100..300;1;247875992;A;G;0.0520832985639572;195
100..300;1;247876149;T;C;0.0466320998966693;265
100..300;1;247991045;T;C;0.1073449999094009;235
100..300;1;248038987;C;T;0.0530973002314567;230
100..300;1;248204004;A;T;0.1038250029087066;120
100..300;1;248323998;T;C;0.1376810073852539;175
100..300;1;248348762;G;T;0.1027029976248741;130
100..300;1;248348792;T;C;0.1043479964137077;155
100..300;1;248349335;T;C;0.1196009963750839;205
100..300;1;248349447;A;G;0.1182800009846687;200
100..300;1;248349465;T;G;0.0973782986402511;185
100..300;1;248681658;C;T;0.0601503998041152;195
100..300;1;248682055;T;G;0.0602409988641738;285
100..300;10;864285;G;A;0.1293530017137527;140
100..300;10;988472;T;C;0.0323740988969802;175
100..300;10;1124364;G;C;0.0294118002057075;140
100..300;10;1216932;A;AG;0.0625;140
100..300;10;3103963;G;C;0.0372092984616756;150
100..300;10;3129953;T;C;0.0515872985124588;170
100..300;10;3149631;T;C;0.0579710006713867;180
100..300;10;5094459;G;C;0.0599999986588954;125
100..300;10;5107511;A;G;0.082840196788311;110
100..300;10;5200074;T;C;0.0434782989323139;140
100..300;10;5525403;A;G;0.0504586994647979;295
100..300;10;5761405;G;A;0.0283019002526998;130
100..300;10;5943662;A;C;0.0520446002483367;180
100..300;10;6021545;A;G;0.0229225996881723;235
100..300;10;6024237;G;C;0.0590551011264324;170
100..300;10;7348338;G;A;0.0677966028451919;115
100..300;10;8161339;C;T;0.0793650969862937;125
100..300;10;8161346;A;C;0.0867346972227096;130
100..300;10;8161512;T;G;0.0988141968846321;175
100..300;10;8161641;A;C;0.0896861031651496;155
100..300;10;8161722;A;T;0.0852712988853454;180
100..300;10;8620212;A;G;0.0562499985098838;115
100..300;10;11257772;T;A;0.0666666999459266;165
100..300;10;11463176;G;A;0.0641508996486663;200
100..300;10;11755501;A;G;0.0399999991059303;145
100..300;10;12250349;T;G;0.0521172992885112;200
100..300;10;13058204;C;T;0.0518134981393814;145
100..300;10;13058441;C;A;0.0338983014225959;160
100..300;10;13172753;C;G;0.0730768963694572;160
100..300;10;13188934;T;C;0.0454544983804225;145
100..300;10;13192356;T;A;0.0413534007966518;185
100..300;10;14843599;T;C;0.0406249985098838;225
100..300;10;14901177;G;C;0.0521326996386051;135
100..300;10;14932844;A;G;0.0321428999304771;180
100..300;10;14932906;C;T;0.057142898440361;205
100..300;10;14934728;C;G;0.0895522013306617;170
100..300;10;15008689;A;G;0.1272729933261871;140
100..300;10;15015375;A;G;0.057142898440361;110
100..300;10;15064442;G;A;0.0521326996386051;135
100..300;10;15684089;T;C;0.0607477016746997;140
100..300;10;16505059;G;A;0.0472972989082336;185
100..300;10;16520601;A;G;0.0375000014901161;255
100..300;10;16840519;C;T;0.096000000834465;180
100..300;10;17323170;G;A;0.0564972013235092;105
100..300;10;17594310;A;G;0.1304350048303604;120
100..300;10;17714597;C;T;0.0380951985716819;130
100..300;10;19204380;A;G;0.0612245015799999;100
100..300;10;19387624;G;A;0.0529101006686687;120
100..300;10;19387632;A;G;0.0461537986993789;125
100..300;10;19489053;A;G;0.0301204994320869;225
100..300;10;20785795;C;T;0.0618182010948658;180
100..300;10;23002023;T;C;0.0299145001918077;155
100..300;10;23119349;T;C;0.0501930005848407;180
100..300;10;24433017;C;A;0.0864662006497383;185
100..300;10;24851482;C;G;0.0487805008888244;110
100..300;10;25023760;G;A;0.1166670024394989;135
100..300;10;25024889;T;C;0.1189190000295639;130
100..300;10;26173861;A;G;0.1226769983768463;190
100..300;10;26216893;A;G;0.0737326964735984;135
100..300;10;27014676;T;A;0.0294118002057075;110
100..300;10;27092420;C;T;0.0538921989500522;110
100..300;10;27112127;T;C;0.0555556006729602;130
100..300;10;27134815;C;T;0.0812499970197677;105
100..300;10;27145554;A;G;0.0555556006729602;115
100..300;10;27149035;C;T;0.0528846010565757;130
100..300;10;27247771;T;TTAGA;0.0457143001258373;125
100..300;10;27413240;T;C;0.0485436990857124;275
100..300;10;27413759;T;C;0.0566038005053997;230
100..300;10;27413796;G;A;0.0577507987618446;245
100..300;10;28340914;A;G;0.0276497993618249;140
100..300;10;28436788;T;C;0.0370370000600814;110
100..300;10;29292511;T;C;0.0727969035506248;175
100..300;10;29458292;A;G;0.0690909028053283;180
100..300;10;29465606;A;G;0.0606060996651649;175
100..300;10;29480718;A;G;0.0308056995272636;270
100..300;10;29481622;G;A;0.0337838008999824;190
100..300;10;29532160;T;C;0.0968991965055465;170
100..300;10;29532594;C;T;0.099567100405693;165
100..300;10;29533230;C;T;0.1401620060205459;255
100..300;10;29550584;G;A;0.145455002784729;120
100..300;10;29550858;G;A;0.123989000916481;270
100..300;10;29551109;G;A;0.1042250022292137;250
100..300;10;29551235;G;A;0.0803212970495224;175
100..300;10;29554904;T;C;0.1523810029029846;220
100..300;10;30027279;C;T;0.050000000745058;225
100..300;10;30027943;C;T;0.033653799444437;290
100..300;10;30340207;A;G;0.0364963002502918;100
100..300;10;30340297;A;G;0.0387097001075744;210
100..300;10;30380438;A;G;0.0728745013475418;165
100..300;10;30845285;G;A;0.0366492010653018;265
100..300;10;30857686;C;T;0.0245398990809917;105
100..300;10;32567818;C;A;0.054644800722599;120
100..300;10;32583192;T;C;0.0490797981619834;115
100..300;10;33057769;G;C;0.046875;210
100..300;10;33180253;G;A;0.0762194991111755;210
100..300;10;33186354;T;C;0.0610464997589588;230
100..300;10;33206339;T;C;0.1210530027747154;140
100..300;10;33213312;T;C;0.0727969035506248;180
100..300;10;33221735;A;G;0.1244240030646324;135
100..300;10;33221840;A;G;0.1059909984469413;140
100..300;10;33263767;T;C;0.0409091003239154;145
100..300;10;36523323;T;C;0.0234603993594646;230
100..300;10;36523951;G;A;0.0579710006713867;195
100..300;10;42785641;C;T;0.0564516000449657;160
100..300;10;42823749;A;G;0.0591133013367652;130
100..300;10;43387894;A;T;0.0805369019508361;105
100..300;10;43481535;C;T;0.0367347002029418;175
100..300;10;43605076;G;C;0.0833332985639572;255
100..300;10;43616358;A;G;0.1000000014901161;150
100..300;10;43616797;A;G;0.120567001402378;205
100..300;10;44293378;T;C;0.0671140998601913;290
100..300;10;44297907;A;G;0.0679012015461921;105
100..300;10;44890598;C;T;0.0381679013371467;170
100..300;10;45374300;T;C;0.0225224997848272;135
100..300;10;45458319;G;A;0.0447761006653308;230
100..300;10;45463408;C;G;0.0282486006617546;250
100..300;10;45463433;C;A;0.0298103000968694;255
100..300;10;46012928;A;G;0.0431655012071132;175
100..300;10;46027444;C;A;0.0451127998530864;160
100..300;10;46297471;C;T;0.0450819991528987;160
100..300;10;46297485;A;G;0.039801001548767;140
100..300;10;48211965;C;T;0.0534978993237018;155
100..300;10;48232303;T;C;0.0493827015161514;115
100..300;10;48239677;A;G;0.0216607004404068;180
100..300;10;48451601;G;A;0.0634920969605445;175
100..300;10;48455141;A;G;0.0517711006104946;220
100..300;10;48634610;T;C;0.1550800055265426;120
100..300;10;48760447;A;G;0.0495867989957332;155
100..300;10;48790779;T;C;0.0656370967626571;160
100..300;10;48805357;C;T;0.0699708014726638;230
100..300;10;48813995;A;G;0.0798121988773346;135
100..300;10;48817401;T;G;0.0546074993908405;200
100..300;10;48820263;T;C;0.0382352992892265;220
100..300;10;48826788;A;G;0.0392156988382339;235
100..300;10;48830833;C;G;0.0520832985639572;180
100..300;10;48890694;C;G;0.0633803009986877;190
100..300;10;48913409;A;G;0.0338345989584922;180
100..300;10;48964066;T;C;0.0995024964213371;135
100..300;10;48976904;T;C;0.07462690025568;215
100..300;10;48978370;T;C;0.0661479011178016;165
100..300;10;49616071;A;G;0.0647248998284339;200
100..300;10;49616573;A;G;0.05327869951725;160
100..300;10;49752163;A;G;0.0614753998816013;155
100..300;10;50265073;GA;G;0.0909091010689735;195
100..300;10;50679198;A;G;0.0557028986513614;255
100..300;10;50809877;A;G;0.0368097983300685;110
100..300;10;52411553;T;C;0.0372671000659465;110
100..300;10;52411946;T;G;0.0572917014360427;130
100..300;10;52412414;A;G;0.0591397993266582;125
100..300;10;53809212;G;T;0.0666666999459266;160
100..300;10;53823145;T;G;0.039801001548767;150
100..300;10;54132882;C;T;0.0648147985339164;135
100..300;10;55599937;T;C;0.0787879005074501;110
100..300;10;58517789;C;A;0.0389610007405281;100
100..300;10;59654253;T;G;0.0397727005183696;240
100..300;10;59654418;A;G;0.0636041983962059;200
100..300;10;60071893;G;C;0.0598291009664535;175
100..300;10;62198353;C;T;0.0883978009223938;120
100..300;10;62399574;T;G;0.0317460000514984;215
100..300;10;63168063;G;C;0.0755814015865325;110
100..300;10;66379281;A;G;0.0279719997197389;180
100..300;10;68174164;A;G;0.0385757014155387;235
100..300;10;68174212;A;G;0.0332325994968414;230
100..300;10;68174501;G;C;0.0628018975257873;285
100..300;10;68199485;A;C;0.0533333010971546;190
100..300;10;68341660;C;G;0.0472102984786033;165
100..300;10;68414950;A;T;0.112745001912117;140
100..300;10;68572915;A;T;0.0240963995456695;185
100..300;10;68573105;T;C;0.0369127988815307;210
100..300;10;68632376;T;C;0.0304569005966186;265
100..300;10;68632380;G;A;0.0351759009063243;265
100..300;10;68632618;A;G;0.0608973987400531;210
100..300;10;68645480;A;G;0.0586510002613067;235
100..300;10;68645782;G;A;0.0543932989239692;180
100..300;10;68645784;G;A;0.0534978993237018;180
100..300;10;68885620;C;A;0.0726073011755943;220
100..300;10;68885941;T;C;0.0446650013327598;280
100..300;10;69097207;G;C;0.0190475992858409;190
100..300;10;69133035;T;C;0.1039599999785423;130
100..300;10;69162403;C;T;0.1103900000452995;100
100..300;10;69186084;T;C;0.1225489974021911;130
100..300;10;69232908;T;C;0.137036994099617;190
100..300;10;69250619;T;C;0.0463320016860961;165
100..300;10;70114927;A;G;0.0974358990788459;145
100..300;10;70114978;A;G;0.0626865997910499;225
100..300;10;70115110;C;T;0.0346320010721683;160
100..300;10;70121102;G;A;0.0325580984354019;145
100..300;10;70255023;A;G;0.0477816015481948;185
100..300;10;70255107;A;G;0.0511364005506038;115
100..300;10;70255817;G;T;0.0226243995130062;160
100..300;10;70566644;A;G;0.1036790013313293;200
100..300;10;70758074;A;G;0.0700388997793197;170
100..300;10;70758253;G;A;0.0672646015882492;145
100..300;10;71322806;G;A;0.0594406016170978;195
100..300;10;71675131;C;G;0.0945558995008468;225
100..300;10;71773420;G;A;0.1041669994592666;125
100..300;10;71791212;A;G;0.0801282003521919;200
100..300;10;71798371;A;G;0.0355730988085269;170
100..300;10;71799095;G;A;0.0947367995977401;130
100..300;10;71799129;A;G;0.1062270030379295;185
100..300;10;71799195;T;C;0.0895953997969627;220
100..300;10;71802987;A;G;0.0600600987672805;225
100..300;10;71815086;A;G;0.0441557988524436;250
100..300;10;71819125;C;T;0.0873785987496376;140
100..300;10;71851225;A;G;0.0619468986988067;210
100..300;10;73122193;A;G;0.0407406985759735;180
100..300;10;73911598;T;G;0.0332226008176803;205
100..300;10;77184832;A;G;0.0424528010189533;140
100..300;10;77781211;C;T;0.0357142984867095;190
100..300;10;77806874;A;G;0.0332541987299919;280
100..300;10;79300717;C;T;0.0352423004806041;155
100..300;10;79684078;A;G;0.0273972991853952;145
100..300;10;79685104;C;T;0.0414200983941555;105
100..300;10;79946568;G;A;0.0696863979101181;190
100..300;10;80081936;T;G;0.0384614989161491;135
100..300;10;80090851;A;C;0.0434782989323139;160
100..300;10;80166110;C;T;0.0547263994812965;130
100..300;10;80363037;A;G;0.0810810998082161;160
100..300;10;80609463;A;T;0.0248227007687091;175
100..300;10;84212287;G;A;0.044871799647808;205
100..300;10;84219183;A;G;0.0857143029570579;220
100..300;10;84219235;T;C;0.0743243023753166;190
100..300;10;84222045;G;T;0.0215827003121376;190
100..300;10;84391385;G;C;0.0642857030034065;200
100..300;10;86138972;A;G;0.052631601691246;170
100..300;10;86706708;T;C;0.0326086990535259;175
100..300;10;86945549;G;T;0.0606060996651649;180
100..300;10;86962641;T;A;0.0452488996088504;135
100..300;10;88913267;A;G;0.0583333000540733;170
100..300;10;89206636;A;G;0.0353982001543045;225
100..300;10;89462530;C;A;0.0431655012071132;190
100..300;10;89593209;A;G;0.0229358002543449;140
100..300;10;89762791;G;A;0.0449437983334064;115
100..300;10;89978799;A;C;0.0371747016906738;190
100..300;10;91054274;T;C;0.12568299472332;120
100..300;10;92118852;G;A;0.0707070976495742;160
100..300;10;93062929;T;C;0.0565370991826057;155
100..300;10;93209573;T;C;0.0909091010689735;115
100..300;10;93402356;C;G;0.0679012015461921;105
100..300;10;93635607;G;C;0.0601852014660835;145
100..300;10;94344908;G;T;0.0993376970291137;100
100..300;10;94733301;T;C;0.1022730022668838;105
100..300;10;94842865;T;C;0.0541515983641147;180
100..300;10;94941844;C;G;0.0461537986993789;130
100..300;10;95038992;C;T;0.0975610017776489;105
100..300;10;95067273;T;C;0.0577889010310173;265
100..300;10;95067362;TA;T;0.0645160973072052;210
100..300;10;95067421;C;T;0.1574469953775406;180
100..300;10;95194541;G;A;0.0305343996733427;170
100..300;10;95207197;G;GT;0.0700637027621269;125
100..300;10;95238701;T;C;0.0352941006422042;110
100..300;10;95356462;T;C;0.0280374009162187;285
100..300;10;95687616;T;A;0.0552764013409614;130
100..300;10;96189816;C;A;0.0688072964549064;150
100..300;10;96609779;G;A;0.0350194983184337;160
100..300;10;96620380;C;T;0.0355329997837543;120
100..300;10;97357146;T;C;0.0363035984337329;200
100..300;10;97469742;T;C;0.0522087998688221;160
100..300;10;97616335;C;T;0.0305084995925426;190
100..300;10;97633477;A;G;0.0305343996733427;180
100..300;10;97651033;C;T;0.0380951985716819;200
100..300;10;97679603;A;G;0.0480769015848636;145
100..300;10;98261123;T;C;0.0436892993748188;145
100..300;10;98262226;A;G;0.054644800722599;120
100..300;10;98431163;A;G;0.050000000745058;225
100..300;10;99235506;A;G;0.0384614989161491;155
100..300;10;99368605;A;C;0.0625;125
100..300;10;99387935;A;G;0.0358126983046531;230
100..300;10;99387963;T;C;0.0323624983429908;200
100..300;10;99685834;C;A;0.0199203006923198;165
100..300;10;99691502;C;T;0.0841583982110023;135
100..300;10;99830862;T;C;0.041958000510931;100
100..300;10;99836239;A;T;0.0358209013938903;205
100..300;10;99845793;C;G;0.0431034006178379;160
100..300;10;99847104;T;G;0.0480348989367485;150
100..300;10;99850776;T;C;0.0651341006159782;175
100..300;10;99850808;A;G;0.0656566023826599;140
100..300;10;99851537;A;G;0.0653060972690582;155
100..300;10;100204555;A;G;0.0454544983804225;125
100..300;10;100746313;C;G;0.0651557967066764;240
100..300;10;100973056;C;A;0.0474137999117374;170
100..300;10;100983737;A;G;0.0288184005767107;240
100..300;10;100986746;T;C;0.0674156993627548;250
100..300;10;100990864;T;C;0.0322581008076667;145
100..300;10;100990866;C;T;0.0309734996408224;150
100..300;10;100991026;A;C;0.0431373007595539;170
100..300;10;101006817;G;A;0.0472222007811069;240
100..300;10;101489279;G;A;0.0658683031797409;115
100..300;10;101521877;G;C;0.0338983014225959;120
100..300;10;101608897;C;T;0.0386740006506443;115
100..300;10;102424324;A;G;0.0407240018248558;155
100..300;10;102425196;G;C;0.1082469969987869;120
100..300;10;102470028;T;C;0.065972201526165;190
100..300;10;102471297;G;A;0.1172839999198913;205
100..300;10;102472959;A;G;0.0995260998606681;135
100..300;10;102504350;T;C;0.0641508996486663;165
100..300;10;103089711;A;G;0.0352941006422042;220
100..300;10;103409825;G;A;0.0340908989310264;115
100..300;10;103417888;T;G;0.0384614989161491;235
100..300;10;103434329;T;C;0.057142898440361;200
100..300;10;103441808;A;G;0.0289855003356933;135
100..300;10;103441820;T;C;0.03125;150
100..300;10;103444697;C;T;0.0459770001471042;120
100..300;10;103445545;C;A;0.027149299159646;155
100..300;10;103602347;A;G;0.0460358001291751;270
100..300;10;104315323;A;G;0.0638888999819755;245
100..300;10;106579358;C;G;0.044871799647808;210
100..300;10;106607262;T;C;0.0501791983842849;180
100..300;10;109877877;C;A;0.0607477016746997;145
100..300;10;112440597;A;G;0.0362319014966487;180
100..300;10;113604826;G;A;0.0840336009860038;240
100..300;10;113634189;T;C;0.0560000017285347;155
100..300;10;113650081;T;C;0.0416667014360427;145
100..300;10;113651839;A;C;0.0498084016144275;170
100..300;10;113653034;G;A;0.0721649006009101;125
100..300;10;113654142;C;T;0.0797545984387397;110
100..300;10;113679881;C;CTT;0.065743900835514;215
100..300;10;113729393;G;C;0.0363035984337329;190
100..300;10;113729408;A;G;0.0414013005793094;200
100..300;10;114272760;G;A;0.0229358002543449;155
100..300;10;114959739;C;T;0.050000000745058;115
100..300;10;115727253;T;G;0.0401786006987094;145
100..300;10;116128914;T;C;0.0574713014066219;110
100..300;10;116469251;C;T;0.0622010007500648;125
100..300;10;116471793;G;A;0.0569106005132198;150
100..300;10;116591902;G;A;0.0420712009072303;205
100..300;10;116609094;C;T;0.0242215003818273;185
100..300;10;117197516;G;A;0.0436680987477302;155
100..300;10;117374457;C;G;0.0349205993115901;215
100..300;10;117374547;C;T;0.0295857992023229;235
100..300;10;119155180;A;G;0.050000000745058;125
100..300;10;121580593;G;A;0.0522387996315956;175
100..300;10;121790176;G;T;0.04736839979887;125
100..300;10;122085600;A;G;0.0469799004495143;210
100..300;10;122143618;A;G;0.0518293008208274;200
100..300;10;122211015;C;T;0.0861618965864181;280
100..300;10;122211054;T;C;0.064690001308918;265
100..300;10;122454735;A;G;0.0301204994320869;105
100..300;10;122456894;G;A;0.0307691991329193;125
100..300;10;122983342;A;G;0.0535713993012905;185
100..300;10;123842505;T;C;0.0592105016112327;105
100..300;10;124489924;G;GA;0.0625;195
100..300;10;124490356;C;A;0.0433604009449481;255
100..300;10;124981787;A;G;0.0720338970422744;150
100..300;10;125026585;G;A;0.0788863003253936;280
100..300;10;125027060;T;C;0.0680472999811172;245
100..300;10;125796084;A;G;0.0751444995403289;120
100..300;10;125841756;C;T;0.0440252013504505;110
100..300;10;125988805;G;A;0.0421455986797809;175
100..300;10;127176357;T;C;0.0666666999459266;160
100..300;10;127362194;A;G;0.0387930981814861;165
100..300;10;127552592;C;G;0.0743243023753166;190
100..300;10;128102594;T;C;0.0655021965503692;165
100..300;10;128103237;C;G;0.0758017972111702;250
100..300;10;128103483;T;C;0.0727847963571548;215
100..300;10;128109346;A;G;0.0510637983679771;165
100..300;10;128119296;C;T;0.0797872021794319;120
100..300;10;130068270;G;A;0.0822784975171089;110
100..300;10;130106792;T;C;0.0428570993244648;190
100..300;10;131973082;C;T;0.025000000372529;160
100..300;10;132645884;G;A;0.0451388992369174;185
100..300;10;132833484;T;C;0.0368097983300685;215
100..300;10;132834775;T;C;0.0252525005489587;130
100..300;10;132869351;T;C;0.0485174991190433;235
100..300;10;132899672;A;G;0.0372671000659465;115
100..300;10;132922540;A;G;0.0318020991981029;195
100..300;10;132924881;G;C;0.039801001548767;140
100..300;10;133456284;A;G;0.0607286989688873;165
100..300;10;133457333;T;TC;0.0634920969605445;170
100..300;10;133464740;C;CTGGGGTG;0.0663900002837181;180
100..300;10;133466248;T;C;0.0478723011910915;120
100..300;10;133467829;T;C;0.0591715984046459;100
100..300;10;133554985;AGCTGAGACGG;A;0.0779220983386039;105
100..300;10;133555086;C;T;0.0507812015712261;160
100..300;10;133555331;T;C;0.0761421024799346;125
100..300;10;133556028;C;T;0.0909091010689735;180
100..300;10;133556839;A;G;0.0669455975294113;160
100..300;10;133557129;T;C;0.0329217985272407;155
100..300;10;133557135;A;C;0.0334727987647056;150
100..300;10;133559366;G;C;0.043902400881052;135
100..300;10;133560087;T;C;0.0360824987292289;125
100..300;11;198062;G;C;0.0387930981814861;155
100..300;11;212408;T;C;0.0574163012206554;140
100..300;11;233067;T;C;0.0532914996147155;210
100..300;11;233212;A;C;0.0481480993330478;195
100..300;11;250877;T;C;0.0441989004611969;120
100..300;11;280464;G;C;0.0265487004071474;130
100..300;11;299471;T;C;0.0632530003786087;225
100..300;11;721570;T;C;0.052631601691246;175
100..300;11;801092;A;G;0.0482955016195774;240
100..300;11;823729;T;C;0.0189573001116514;295
100..300;11;830044;A;G;0.0238095000386238;165
100..300;11;830601;TGGTC;T;0.0448877997696399;265
100..300;11;870446;A;G;0.0625;205
100..300;11;1102586;T;C;0.0931034013628959;190
100..300;11;1161529;T;G;0.0415334999561309;200
100..300;11;1163029;G;C;0.0619717985391616;235
100..300;11;1174639;G;C;0.0487805008888244;140
100..300;11;1176525;A;G;0.035911601036787;240
100..300;11;1176540;T;C;0.049261100590229;260
100..300;11;1176552;T;C;0.0483870990574359;280
100..300;11;1176567;T;C;0.0469799004495143;285
100..300;11;1176633;T;C;0.0520548000931739;235
100..300;11;1176982;T;C;0.0530035011470317;185
100..300;11;1177269;C;T;0.0378377996385097;240
100..300;11;1177356;C;T;0.0354610010981559;200
100..300;11;1179112;T;C;0.0488997995853424;270
100..300;11;1181383;C;T;0.0555556006729602;185
100..300;11;1182279;G;A;0.030927799642086;255
100..300;11;1182438;C;T;0.0835381001234054;280
100..300;11;1194354;G;A;0.0686274990439415;150
100..300;11;1194472;G;A;0.0438246987760067;180
100..300;11;1195858;C;T;0.0769231021404266;160
100..300;11;1196002;C;T;0.0993150994181633;195
100..300;11;1196902;A;G;0.0785714015364646;185
100..300;11;1197482;T;C;0.0349650010466575;185
100..300;11;1197925;G;C;0.0779220983386039;150
100..300;11;1198945;T;C;0.0253164991736412;260
100..300;11;1225711;G;A;0.049738198518753;245
100..300;11;1227730;A;G;0.0528169013559818;180
100..300;11;1241677;C;T;0.0290556997060775;280
100..300;11;1242293;A;G;0.0273631997406482;270
100..300;11;1836532;T;C;0.0238095000386238;210
100..300;11;2167008;T;C;0.0578230991959571;190
100..300;11;2411622;T;C;0.0421052984893322;210
100..300;11;2420373;A;G;0.0419354997575283;215
100..300;11;2561911;G;A;0.0859375;170
100..300;11;2631427;G;T;0.0928571000695228;100
100..300;11;2633443;A;G;0.115385003387928;125
100..300;11;2662187;T;C;0.0530303008854389;180
100..300;11;2669063;C;A;0.0838709995150566;115
100..300;11;2670270;A;G;0.0602409988641738;115
100..300;11;2671669;C;CA;0.053398098796606;150
100..300;11;2673376;A;C;0.0515872985124588;175
100..300;11;2673812;T;C;0.0647772997617721;170
100..300;11;2677404;C;T;0.0659340992569923;130
100..300;11;2678630;G;A;0.0516128987073898;105
100..300;11;2684113;T;A;0.0558376014232635;135
100..300;11;2687789;G;A;0.0863308981060981;185
100..300;11;2689008;C;G;0.0227272994816303;185
100..300;11;2694225;A;G;0.0343137010931968;135
100..300;11;2695821;T;A;0.025000000372529;155
100..300;11;2696450;T;C;0.0285714007914066;125
100..300;11;2847958;T;C;0.0585366003215312;280
100..300;11;2929328;G;A;0.0724638029932975;180
100..300;11;3002069;G;C;0.0540541000664234;195
100..300;11;3101587;G;A;0.0446096993982791;175
100..300;11;3228599;A;G;0.0630372017621994;245
100..300;11;3403658;A;G;0.0363636016845703;180
100..300;11;3414865;A;G;0.0214796997606754;275
100..300;11;3415162;A;G;0.0594900995492935;245
100..300;11;3415235;T;A;0.0521739013493061;290
100..300;11;3415262;G;A;0.0919810980558395;260
100..300;11;3638763;T;G;0.046875;220
100..300;11;4211488;T;C;0.076470598578453;115
100..300;11;4211663;C;T;0.0607734993100166;125
100..300;11;4475383;A;C;0.145455002784729;165
100..300;11;4475616;T;C;0.1092899963259697;120
100..300;11;4640055;G;A;0.0414200983941555;235
100..300;11;4653345;A;G;0.0447154007852077;175
100..300;11;4988319;C;A;0.0650888010859489;120
100..300;11;5199902;A;G;0.0568181984126567;170
100..300;11;5343512;T;C;0.1445779949426651;110
100..300;11;5453940;C;G;0.062295101583004;195
100..300;11;5454276;A;G;0.0875912010669708;180
100..300;11;5571518;C;T;0.0916441977024078;255
100..300;11;5571579;T;C;0.0645160973072052;220
100..300;11;5571969;A;G;0.1695500016212463;190
100..300;11;5571977;A;G;0.1637009978294372;190
100..300;11;5572080;G;A;0.0815450996160507;160
100..300;11;5581208;A;T;0.0921986028552055;290
100..300;11;5581385;G;A;0.0982801020145416;290
100..300;11;5581449;C;T;0.077540099620819;250
100..300;11;5581560;G;A;0.0833332985639572;240
100..300;11;5581698;C;G;0.1306820064783096;245
100..300;11;5581738;A;G;0.1310160011053085;250
100..300;11;5737156;T;C;0.0689655020833015;160
100..300;11;5755365;G;T;0.0339622981846332;180
100..300;11;5788581;T;G;0.0595237985253334;185
100..300;11;5788760;A;G;0.0560345016419887;155
100..300;11;6026826;C;T;0.0478087998926639;175
100..300;11;6045978;A;C;0.0769231021404266;130
100..300;11;6108607;T;C;0.1036140024662017;275
100..300;11;6217909;G;A;0.0562060996890068;280
100..300;11;6241485;A;G;0.0303029995411634;195
100..300;11;6392136;T;C;0.0479616001248359;275
100..300;11;6403380;C;T;0.051020398736;200
100..300;11;6509048;T;C;0.0545454993844032;155
100..300;11;6511289;T;C;0.0502793006598949;115
100..300;11;6533711;A;C;0.0297398008406162;175
100..300;11;6563777;A;G;0.0783409997820854;145
100..300;11;6603387;C;T;0.0545454993844032;110
100..300;11;6609785;T;C;0.0743494033813476;190
100..300;11;6611219;T;C;0.0304054003208875;195
100..300;11;6617154;T;C;0.0299999993294477;130
100..300;11;6622745;T;C;0.0577428005635738;265
100..300;11;6623369;T;C;0.0372092984616756;290
100..300;11;6623570;C;A;0.0313480012118816;215
100..300;11;6768698;A;C;0.1457139998674392;235
100..300;11;6785265;C;T;0.0949554964900016;230
100..300;11;6785596;T;G;0.1474930047988891;225
100..300;11;6785932;G;C;0.1503269970417022;210
100..300;11;6870154;A;G;0.1298339962959289;245
100..300;11;6877264;C;T;0.0921659022569656;150
100..300;11;7314193;G;C;0.0567376017570495;100
100..300;11;7635578;A;G;0.0590717010200023;155
100..300;11;7639816;T;TCTC;0.0454544983804225;155
100..300;11;7706325;C;T;0.0545454993844032;150
100..300;11;7928477;G;A;0.0847880020737648;285
100..300;11;7960547;A;G;0.0603015013039112;285
100..300;11;8100544;T;C;0.0403726994991302;205
100..300;11;8110754;T;C;0.0544747002422809;170
100..300;11;8128206;G;T;0.0393701009452343;155
100..300;11;8413530;T;C;0.0837438032031059;130
100..300;11;8413531;C;A;0.0833332985639572;130
100..300;11;8625216;C;G;0.0552764013409614;140
100..300;11;8685686;T;C;0.0366972014307975;140
100..300;11;8917387;T;C;0.0373562984168529;225
100..300;11;8921395;T;C;0.0404624007642269;230
100..300;11;8925632;A;G;0.0457317009568214;230
100..300;11;8937823;A;G;0.0670553967356681;250
100..300;11;9094677;T;G;0.0881057009100914;170
100..300;11;9094811;A;G;0.0668895989656448;205
100..300;11;9998332;A;G;0.0430463999509811;195
100..300;11;10534039;G;C;0.0823045000433921;150
100..300;11;10559810;T;C;0.0742857009172439;115
100..300;11;10560693;G;A;0.0476190000772476;145
100..300;11;10626155;A;G;0.1072560027241706;220
100..300;11;10764628;T;C;0.0871212035417556;180
100..300;11;11956026;C;T;0.071823202073574;115
100..300;11;12162299;T;C;0.0646066963672638;235
100..300;11;12204399;G;T;0.1070339977741241;205
100..300;11;12208108;G;T;0.0700388997793197;170
100..300;11;12239460;C;T;0.0625;135
100..300;11;12243995;G;A;0.0310881007462739;120
100..300;11;13009741;T;C;0.0434782989323139;130
100..300;11;13010299;A;G;0.040431298315525;250
100..300;11;13010508;A;C;0.0533333010971546;105
100..300;11;13356910;T;C;0.0368097983300685;120
100..300;11;13610563;C;T;0.0342466011643409;100
100..300;11;16484260;C;T;0.0559005998075008;220
100..300;11;16484385;A;G;0.0621117986738681;210
100..300;11;16484573;T;C;0.0517240986227989;120
100..300;11;17097140;C;T;0.0517240986227989;190
100..300;11;17428382;T;C;0.0463918000459671;240
100..300;11;17430945;A;G;0.1090909987688064;145
100..300;11;17531558;A;G;0.094117596745491;115
100..300;11;17645892;C;G;0.0615384988486766;210
100..300;11;18189267;A;G;0.0178117007017135;275
100..300;11;18189268;A;C;0.0178571008145809;275
100..300;11;18189302;T;C;0.03125;255
100..300;11;18197131;A;G;0.0609137006103992;140
100..300;11;18209742;A;C;0.0889831036329269;160
100..300;11;18231557;T;C;0.0434782989323139;240
100..300;11;18283786;C;T;0.0370370000600814;105
100..300;11;18465758;G;C;0.0484429001808166;190
100..300;11;18609980;C;T;0.0603448003530502;165
100..300;11;18610142;T;C;0.0706522017717361;125
100..300;11;18729494;T;C;0.0266667008399963;185
100..300;11;18742479;C;G;0.122137002646923;175
100..300;11;19880086;A;G;0.0729167014360427;195
100..300;11;22859456;T;C;0.0865385010838508;125
100..300;11;23404344;C;A;0.0810810998082161;125
100..300;11;23404921;T;A;0.0826445966958999;175
100..300;11;23405684;C;T;0.0996885001659393;225
100..300;11;26565254;A;G;0.1533740013837814;115
100..300;11;26565443;C;T;0.1396649926900863;130
100..300;11;26565586;C;T;0.203125;135
100..300;11;27093241;T;C;0.0578035004436969;110
100..300;11;27125723;A;G;0.0524475984275341;190
100..300;11;27368134;T;C;0.0590909011662006;150
100..300;11;27699390;T;C;0.0548303015530109;240
100..300;11;27773991;C;T;0.0650888010859489;105
100..300;11;29725946;G;A;0.0742574036121368;135
100..300;11;29726250;T;C;0.0905511975288391;165
100..300;11;30233638;T;C;0.054263599216938;170
100..300;11;31793331;A;G;0.0398229993879795;165
100..300;11;32683530;T;C;0.0892857015132904;100
100..300;11;33043848;T;C;0.0524691008031368;215
100..300;11;33058950;C;T;0.0698925033211708;125
100..300;11;33076282;A;G;0.0361010991036891;195
100..300;11;33542577;C;T;0.0547263994812965;255
100..300;11;33559760;A;G;0.0451976992189884;120
100..300;11;33583414;T;C;0.050000000745058;140
100..300;11;33618558;C;A;0.0557940006256103;150
100..300;11;33645787;G;A;0.0434782989323139;180
100..300;11;33668106;A;G;0.0427349992096424;235
100..300;11;34461361;T;C;0.0354330986738204;155
100..300;11;35032270;T;A;0.0618556998670101;130
100..300;11;35470838;T;C;0.0535713993012905;110
100..300;11;36574050;G;A;0.0348525010049343;255
100..300;11;43523281;C;A;0.0507614016532897;130
100..300;11;43943019;T;C;0.0484847985208034;100
100..300;11;44067802;A;G;0.0747663974761962;205
100..300;11;44130027;A;T;0.0486485995352268;120
100..300;11;44275396;T;C;0.0404412001371383;190
100..300;11;44309959;G;C;0.0267856996506452;225
100..300;11;44618718;G;A;0.0435835011303424;270
100..300;11;45903402;T;C;0.0403586998581886;135
100..300;11;46784521;A;G;0.0689655020833015;180
100..300;11;46894628;G;T;0.0592334009706974;195
100..300;11;47448803;T;C;0.0505837015807628;170
100..300;11;48144715;C;G;0.0756971985101699;175
100..300;11;48264682;G;A;0.0450449995696544;145
100..300;11;48264704;T;C;0.0672646015882492;145
100..300;11;48365634;G;A;0.1408450007438659;140
100..300;11;48991502;T;C;0.1320129930973053;205
100..300;11;49057298;T;C;0.0484261997044086;265
100..300;11;49059064;C;T;0.0921986028552055;200
100..300;11;55367959;T;C;0.0515872985124588;170
100..300;11;55554735;G;A;0.034722201526165;205
100..300;11;55572176;T;C;0.0528634004294872;160
100..300;11;55572322;T;C;0.062271099537611;200
100..300;11;55820438;G;A;0.0623228996992111;225
100..300;11;55838826;T;G;0.0433213002979755;180
100..300;11;55839342;T;C;0.0653595030307769;220
100..300;11;55885688;A;G;0.0751174017786979;145
100..300;11;56105668;C;T;0.0494699999690055;205
100..300;11;56232590;A;G;0.0758123025298118;195
100..300;11;56290721;A;G;0.0700279995799064;245
100..300;11;56346099;G;A;0.0825083032250404;200
100..300;11;56346117;A;C;0.0784313976764679;200
100..300;11;56417412;A;G;0.0620914995670318;200
100..300;11;56543021;T;C;0.0766128972172737;165
100..300;11;56664358;G;A;0.0686274990439415;220
100..300;11;56740556;A;G;0.0473373010754585;110
100..300;11;56820024;C;CA;0.1409689933061599;170
100..300;11;56989546;A;G;0.0847458019852638;160
100..300;11;57236870;T;G;0.0506667010486125;245
100..300;11;57545996;G;C;0.0206489991396665;215
100..300;11;57576551;T;G;0.0334447994828224;205
100..300;11;58179792;G;C;0.0323624983429908;220
100..300;11;58191303;T;C;0.067460298538208;170
100..300;11;58203723;A;G;0.0623228996992111;255
100..300;11;58203729;A;G;0.0637118965387344;265
100..300;11;58215112;C;T;0.0955881997942924;275
100..300;11;58215148;G;A;0.073047898709774;280
100..300;11;58215424;T;G;0.051630400121212;250
100..300;11;58267071;T;C;0.0399999991059303;210
100..300;11;58292610;G;A;0.0843373015522956;115
100..300;11;58358832;T;A;0.0649999976158142;145
100..300;11;58724448;T;A;0.097297303378582;115
100..300;11;58834836;T;C;0.0882352963089943;100
100..300;11;59457292;C;A;0.0434782989323139;275
100..300;11;59492373;T;C;0.0397877991199493;250
100..300;11;59878866;C;T;0.0419161990284919;110
100..300;11;60046700;A;G;0.0479042008519172;110
100..300;11;60069624;T;C;0.025000000372529;125
100..300;11;60763791;G;A;0.0414937995374202;165
100..300;11;60842583;C;G;0.0498614981770515;255
100..300;11;61343874;G;C;0.0411984995007514;170
100..300;11;61720218;A;G;0.052631601691246;175
100..300;11;61771548;G;C;0.0343840010464191;245
100..300;11;62169472;T;C;0.1081079989671707;255
100..300;11;62296397;T;C;0.025000000372529;155
100..300;11;62331301;A;G;0.0578511990606784;165
100..300;11;62567436;C;G;0.033653799444437;140
100..300;11;62598147;G;A;0.0242717992514371;140
100..300;11;62611188;A;G;0.0380951985716819;270
100..300;11;62611329;C;T;0.0399002991616725;280
100..300;11;62614336;C;G;0.0509383007884025;245
100..300;11;62666426;A;G;0.0487805008888244;170
100..300;11;62666701;A;G;0.0533333010971546;260
100..300;11;62885307;T;C;0.0719423964619636;185
100..300;11;62909748;A;G;0.0502091981470584;165
100..300;11;62909880;A;G;0.0323624983429908;220
100..300;11;62910834;T;G;0.0409207008779048;275
100..300;11;62984340;C;T;0.0896551981568336;110
100..300;11;62984439;A;C;0.0553359985351562;175
100..300;11;62984710;C;T;0.0714285969734191;115
100..300;11;63014974;T;C;0.0416667014360427;135
100..300;11;63143785;A;C;0.0640394017100334;145
100..300;11;63243732;C;A;0.1089740023016929;100
100..300;11;63290453;A;G;0.0718562975525856;220
100..300;11;63297351;C;T;0.0600857995450496;155
100..300;11;63304838;T;C;0.0296609997749328;160
100..300;11;64117815;T;C;0.0375587008893489;280
100..300;11;64200298;G;C;0.0282486006617546;110
100..300;11;64210595;G;C;0.0515463985502719;145
100..300;11;64219241;A;C;0.0427807010710239;125
100..300;11;64219867;T;C;0.0463918000459671;260
100..300;11;64255798;T;C;0.0459016002714633;200
100..300;11;64271703;A;G;0.0545454993844032;250
100..300;11;64728885;T;G;0.033950600773096;215
100..300;11;64735891;A;G;0.0367646999657154;185
100..300;11;64751590;C;T;0.0300751999020576;185
100..300;11;64792426;C;T;0.0369004011154174;180
100..300;11;65021722;C;T;0.1119690015912056;175
100..300;11;65089011;A;G;0.05327869951725;165
100..300;11;65204815;C;G;0.0320987999439239;260
100..300;11;65214382;T;G;0.0580913014709949;160
100..300;11;65236838;T;C;0.0289016999304294;230
100..300;11;65396886;T;C;0.0513699017465114;190
100..300;11;65411339;T;C;0.0293039996176958;180
100..300;11;65552241;A;G;0.033457200974226;195
100..300;11;65571473;G;T;0.0714285969734191;215
100..300;11;65617256;T;C;0.0230768993496894;165
100..300;11;65619052;A;G;0.0634146034717559;140
100..300;11;65636180;A;C;0.0276817008852958;200
100..300;11;65728100;T;C;0.0241545997560024;140
100..300;11;65779862;A;G;0.0491802990436553;245
100..300;11;65779984;A;C;0.0330033004283905;190
100..300;11;66025983;T;C;0.0427807010710239;255
100..300;11;66026326;A;G;0.0260585993528366;210
100..300;11;66059233;A;G;0.0535211004316806;235
100..300;11;66061986;A;G;0.0421455986797809;175
100..300;11;66316311;A;G;0.0951087027788162;245
100..300;11;66341562;C;T;0.0865800976753234;150
100..300;11;66510683;C;T;0.0490463003516197;225
100..300;11;66558013;C;T;0.0441175997257232;200
100..300;11;66714162;A;G;0.0276497993618249;140
100..300;11;67586108;T;C;0.0267379991710186;120
100..300;11;67647021;T;C;0.0578778013586998;200
100..300;11;67801137;G;T;0.0671378001570701;180
100..300;11;68015477;T;G;0.0753424987196922;100
100..300;11;68022775;T;C;0.0802920013666153;190
100..300;11;68410042;T;C;0.0480480007827281;215
100..300;11;68433827;T;C;0.0277778003364801;120
100..300;11;68938206;A;C;0.0491802990436553;190
100..300;11;69055363;T;C;0.0404857993125915;165
100..300;11;69063896;A;G;0.0459363982081413;180
100..300;11;69083998;T;G;0.035087700933218;220
100..300;11;69086544;G;A;0.0379008986055851;225
100..300;11;69087895;A;G;0.0267062000930309;225
100..300;11;70167400;T;C;0.0382513999938964;125
100..300;11;70187920;A;G;0.0366748012602329;260
100..300;11;70333566;T;C;0.0324323996901512;110
100..300;11;70339219;T;C;0.0325444005429744;215
100..300;11;70354423;T;C;0.0638298019766807;210
100..300;11;70407283;T;C;0.0357142984867095;125
100..300;11;70407369;T;C;0.0232558008283376;195
100..300;11;72230168;G;A;0.0414507985115051;255
100..300;11;72577555;A;G;0.0628743022680282;220
100..300;11;72577606;T;TG;0.1538459956645965;135
100..300;11;72579585;A;G;0.0358209013938903;215
100..300;11;72704284;A;G;0.0313725993037223;170
100..300;11;73235263;A;T;0.1121079996228218;150
100..300;11;73970045;T;C;0.0337423011660575;205
100..300;11;73970090;A;G;0.0269230995327234;170
100..300;11;74074281;C;T;0.0783409997820854;145
100..300;11;74338524;G;A;0.0434782989323139;135
100..300;11;74457366;G;A;0.027607399970293;215
100..300;11;77142737;C;T;0.0416667014360427;150
100..300;11;77214596;T;C;0.0465116016566753;145
100..300;11;77243743;TA;T;0.0679612010717392;190
100..300;11;77243767;C;T;0.0666666999459266;220
100..300;11;77243788;A;G;0.0684932023286819;225
100..300;11;77701601;A;G;0.0415224991738796;215
100..300;11;78079609;C;G;0.0582011006772518;255
100..300;11;78114274;C;T;0.0939226970076561;125
100..300;11;78726137;A;G;0.0506757013499736;190
100..300;11;78854269;G;C;0.0752350986003875;215
100..300;11;82914772;A;G;0.0663264989852905;135
100..300;11;83166001;A;G;0.0669855996966362;150
100..300;11;83285943;C;A;0.0246305000036954;150
100..300;11;85919368;T;C;0.039301298558712;150
100..300;11;86412514;G;A;0.0578230991959571;190
100..300;11;86556591;T;C;0.0306512992829084;170
100..300;11;86622392;T;A;0.0659340992569923;125
100..300;11;88175178;G;C;0.115226000547409;170
100..300;11;90135587;A;G;0.061403501778841;150
100..300;11;90282710;G;A;0.0494792014360427;245
100..300;11;92353828;T;C;0.0980392023921012;185
100..300;11;92355011;T;C;0.0727969035506248;195
100..300;11;92840745;T;G;0.0365854017436504;105
100..300;11;92890711;A;G;0.0787402018904686;175
100..300;11;92969796;A;G;0.0611354000866413;145
100..300;11;93396317;C;G;0.0918366983532905;115
100..300;11;93396318;G;A;0.0918366983532905;115
100..300;11;93667630;T;C;0.0519481003284454;105
100..300;11;94531877;C;CT;0.0778442993760109;110
100..300;11;94587071;C;T;0.0864865034818649;125
100..300;11;94589186;T;A;0.082840196788311;105
100..300;11;94589187;A;G;0.082840196788311;105
100..300;11;94593599;C;G;0.0387097001075744;100
100..300;11;94800207;T;C;0.0513699017465114;190
100..300;11;95831095;G;A;0.0567010007798671;130
100..300;11;95847762;A;G;0.0582959987223148;145
100..300;11;95923947;G;T;0.0314684994518756;185
100..300;11;100337424;G;C;0.0597014985978603;145
100..300;11;100976338;A;G;0.0647059008479118;115
100..300;11;100992365;G;A;0.0818966031074523;155
100..300;11;100992623;A;C;0.0839999988675117;170
100..300;11;101128522;C;T;0.0212766006588935;210
100..300;11;101476362;G;A;0.050000000745058;155
100..300;11;101489019;A;G;0.0666666999459266;185
100..300;11;101915283;A;G;0.0367347002029418;155
100..300;11;102527862;T;C;0.0482315011322498;200
100..300;11;102695089;A;C;0.0886076018214225;100
100..300;11;102722517;C;T;0.030927799642086;130
100..300;11;102779223;G;A;0.0537634007632732;120
100..300;11;104037228;A;G;0.0376176014542579;220
100..300;11;108222481;T;A;0.0383142009377479;170
100..300;11;108304735;A;G;0.0579710006713867;135
100..300;11;108509585;C;T;0.05726870149374;165
100..300;11;108675741;G;A;0.0706522017717361;125
100..300;11;110773809;C;T;0.1229050010442733;120
100..300;11;110788295;G;A;0.1071429997682571;205
100..300;11;111911560;T;C;0.0361445993185043;175
100..300;11;111913505;T;C;0.0399999991059303;255
100..300;11;111926180;G;A;0.0486726015806198;160
100..300;11;113396099;A;G;0.0576132014393806;165
100..300;11;113399293;C;G;0.0411392003297805;230
100..300;11;113400106;A;G;0.0753137990832328;165
100..300;11;113411573;G;T;0.050228301435709;140
100..300;11;113789854;G;A;0.0392156988382339;165
100..300;11;113979284;C;A;0.0942856967449188;225
100..300;11;113989703;G;A;0.0687284991145134;195
100..300;11;115214747;C;A;0.0515872985124588;160
100..300;11;116820918;A;C;0.0473815016448497;265
100..300;11;117195974;C;T;0.0338345989584922;180
100..300;11;117381773;C;T;0.0675991028547287;280
100..300;11;117395596;G;C;0.0919881016016006;215
100..300;11;117439273;T;C;0.0438596010208129;150
100..300;11;117439306;G;A;0.0428570993244648;180
100..300;11;117465006;C;T;0.1164380013942718;195
100..300;11;117776781;T;C;0.0328947007656097;115
100..300;11;117903431;G;C;0.0505837015807628;165
100..300;11;117993348;G;A;0.0692041963338851;190
100..300;11;117993398;A;G;0.0458716005086898;145
100..300;11;117994131;G;A;0.0416667014360427;150
100..300;11;118015738;T;C;0.0658307000994682;210
100..300;11;118167098;T;G;0.078313298523426;115
100..300;11;118339245;C;A;0.0621762014925479;130
100..300;11;118534353;G;A;0.0423280000686645;140
100..300;11;118534590;A;G;0.0602409988641738;160
100..300;11;118535613;C;CAGTGTGGA;0.0382513999938964;125
100..300;11;118559804;T;C;0.0367646999657154;175
100..300;11;118600708;C;T;0.0399999991059303;115
100..300;11;118601639;A;C;0.0383142009377479;165
100..300;11;118898895;T;C;0.0704545006155967;295
100..300;11;119092106;A;C;0.1028809994459152;155
100..300;11;119314967;C;T;0.0572207011282444;245
100..300;11;119335120;G;A;0.0364237986505031;200
100..300;11;119345794;T;C;0.0388350002467632;205
100..300;11;120458149;C;T;0.0423077009618282;170
100..300;11;120485082;T;G;0.0467289984226226;135
100..300;11;121157872;G;C;0.0743801966309547;165
100..300;11;121362877;C;G;0.0746752992272377;185
100..300;11;122614323;A;G;0.0439189001917839;195
100..300;11;122809891;T;C;0.0490797981619834;115
100..300;11;123458932;G;A;0.0378377996385097;125
100..300;11;123460054;A;G;0.0265957005321979;130
100..300;11;123491882;A;T;0.0424241982400417;105
100..300;11;123906791;T;C;0.1374049931764602;180
100..300;11;123907029;C;T;0.1434260010719299;175
100..300;11;123943116;A;G;0.1144580021500587;225
100..300;11;123943233;C;G;0.0974211990833282;235
100..300;11;123943782;G;A;0.1599999964237213;165
100..300;11;123976685;C;G;0.1304350048303604;140
100..300;11;123994598;A;G;0.1100919991731643;230
100..300;11;124009874;C;T;0.1064810007810592;145
100..300;11;124023527;G;A;0.1057469993829727;275
100..300;11;124023695;G;A;0.066066101193428;230
100..300;11;124137193;T;C;0.0729613974690437;155
100..300;11;124481513;T;A;0.0316455997526645;105
100..300;11;124516843;C;T;0.0451612994074821;105
100..300;11;124516869;G;C;0.0542168989777565;110
100..300;11;124625017;C;T;0.0558658987283706;115
100..300;11;124872469;A;G;0.0590405985713005;180
100..300;11;124896307;T;C;0.0421455986797809;175
100..300;11;124897229;A;G;0.0355030000209808;215
100..300;11;124897790;T;G;0.0414507985115051;120
100..300;11;125609468;A;G;0.0570341981947422;175
100..300;11;125609601;T;C;0.051162801682949;140
100..300;11;125747715;G;A;0.0854270979762077;125
100..300;11;125899459;C;T;0.0818182006478309;230
100..300;11;126521402;G;T;0.1364990025758743;210
100..300;11;129442765;T;C;0.0611111000180244;235
100..300;11;129876812;T;G;0.0625;215
100..300;11;129884050;A;G;0.0433070994913578;165
100..300;11;129884773;C;T;0.0642201974987983;140
100..300;11;130032984;C;G;0.0339622981846332;180
100..300;11;130120692;G;A;0.0535713993012905;140
100..300;11;130672987;T;C;0.0850000008940696;130
100..300;11;130880747;C;A;0.0474453009665012;175
100..300;11;130907991;A;G;0.0492958016693592;175
100..300;11;130910120;T;C;0.0380623005330562;190
100..300;11;130911780;T;C;0.0645160973072052;110
100..300;11;130914501;A;G;0.0314465016126632;230
100..300;11;130914593;G;A;0.0523255988955497;240
100..300;11;130914721;C;T;0.0445104017853736;225
100..300;11;130914752;C;G;0.0332226008176803;205
100..300;11;130914799;T;C;0.0418118014931678;200
100..300;11;130914812;T;C;0.0398551002144813;195
100..300;11;130914859;G;C;0.0387597009539604;180
100..300;11;130915310;A;G;0.0476190000772476;205
100..300;11;130915409;C;T;0.0433332994580268;205
100..300;11;131180999;C;G;0.0487805008888244;140
100..300;11;131661106;C;T;0.0887574031949043;120
100..300;11;131661121;G;T;0.0785714015364646;105
100..300;11;132034967;T;A;0.0673575028777122;130
100..300;11;133625661;C;G;0.061728399246931;160
100..300;11;133909136;A;G;0.0344827994704246;235
100..300;11;134168023;T;C;0.061728399246931;155
100..300;11;134332142;T;C;0.0542372986674308;170
100..300;11;134374737;C;T;0.0874316990375518;125
100..300;12;139036;G;C;0.04147469997406;135
100..300;12;202783;G;A;0.0978593006730079;210
100..300;12;548238;A;G;0.0456988997757434;240
100..300;12;553672;C;T;0.0225988999009132;245
100..300;12;879728;A;G;0.0351906009018421;240
100..300;12;881746;C;A;0.1037340015172958;160
100..300;12;883063;T;C;0.0502513013780117;125
100..300;12;889199;T;G;0.0762711986899375;150
100..300;12;1593746;T;C;0.0306122004985809;260
100..300;12;1831348;A;G;0.0510510988533496;235
100..300;12;2504904;T;G;0.0576132014393806;165
100..300;12;2585472;T;C;0.0517240986227989;145
100..300;12;2782270;A;T;0.0573248006403446;105
100..300;12;2834758;A;G;0.0466200001537799;290
100..300;12;3640708;C;T;0.0707964971661567;145
100..300;12;3673481;T;A;0.052631601691246;205
100..300;12;3673535;T;C;0.0198676008731126;190
100..300;12;3841016;T;G;0.0725191012024879;180
100..300;12;3841018;T;C;0.0730768963694572;180
100..300;12;3841956;C;G;0.0471014007925987;190
100..300;12;3842028;T;C;0.0415224991738796;200
100..300;12;4097647;C;T;0.0787402018904686;175
100..300;12;4444166;G;A;0.078947402536869;105
100..300;12;4444217;G;A;0.0838709995150566;100
100..300;12;4627876;A;G;0.1435409933328628;150
100..300;12;5732567;C;A;0.0539682991802692;200
100..300;12;5981834;G;A;0.0946969985961914;185
100..300;12;5985618;C;T;0.0687678977847099;225
100..300;12;5985679;A;G;0.132530003786087;165
100..300;12;6029429;T;C;0.0547945015132427;195
100..300;12;6330843;C;T;0.0307691991329193;175
100..300;12;6341779;C;T;0.0255474001169204;170
100..300;12;6451407;T;G;0.0298507008701562;265
100..300;12;6453119;T;C;0.0422077998518943;210
100..300;12;6453127;T;C;0.0436136983335018;220
100..300;12;6453587;G;A;0.0926430970430374;240
100..300;12;6453644;G;A;0.086687296628952;215
100..300;12;6453657;T;C;0.0308219008147716;195
100..300;12;6453670;A;G;0.0251799002289772;190
100..300;12;6465878;T;G;0.0480348989367485;150
100..300;12;6530815;G;C;0.0290456004440784;180
100..300;12;6537154;C;T;0.0313901007175445;160
100..300;12;6537943;C;T;0.0614886991679668;210
100..300;12;6831328;A;G;0.0276679992675781;165
100..300;12;6937980;A;C;0.043010801076889;125
100..300;12;6944745;T;C;0.0388889014720916;245
100..300;12;7124640;A;T;0.0252100992947816;150
100..300;12;8044828;G;C;0.0819671973586082;210
100..300;12;8235753;G;A;0.1040889993309974;140
100..300;12;8834689;A;G;0.0418604984879493;145
100..300;12;9833319;T;G;0.0414200983941555;110
100..300;12;10112395;C;G;0.0476190000772476;145
100..300;12;10160476;C;T;0.1105770021677017;140
100..300;12;10702026;A;G;0.0926517993211746;195
100..300;12;10806432;T;C;0.0722021982073783;190
100..300;12;10809516;G;A;0.0536278001964092;215
100..300;12;10986336;C;T;0.0886524990200996;205
100..300;12;11186008;A;G;0.0282486006617546;125
100..300;12;11186175;C;A;0.0474307984113693;180
100..300;12;11186377;T;C;0.0482456013560295;160
100..300;12;11870089;G;C;0.0973782986402511;185
100..300;12;11870839;A;C;0.0577777996659278;150
100..300;12;11870909;A;C;0.0432691983878612;150
100..300;12;11871007;T;C;0.1020409986376762;175
100..300;12;11875208;C;A;0.052631601691246;105
100..300;12;11884147;A;G;0.0833332985639572;200
100..300;12;11884244;A;G;0.0509090982377529;195
100..300;12;11884384;G;C;0.0464134998619556;180
100..300;12;12094660;G;A;0.03913040086627;165
100..300;12;12094682;C;T;0.0490566007792949;185
100..300;12;12477412;A;G;0.054263599216938;270
100..300;12;12718165;G;T;0.0509915016591548;250
100..300;12;12827392;A;T;0.0818182006478309;140
100..300;12;12949671;A;G;0.0318841002881526;230
100..300;12;13213665;T;C;0.04147469997406;160
100..300;12;13865843;C;G;0.053872101008892;210
100..300;12;14457265;T;C;0.0358974002301692;130
100..300;12;14806457;C;T;0.0577507987618446;220
100..300;12;14823129;G;A;0.0540541000664234;160
100..300;12;14823244;A;T;0.0620914995670318;210
100..300;12;14823483;C;CTA;0.0503596998751163;190
100..300;12;16272722;T;A;0.112245000898838;135
100..300;12;16400156;C;T;0.0504731982946395;215
100..300;12;18290875;A;C;0.0751444995403289;110
100..300;12;18346702;T;C;0.0684932023286819;140
100..300;12;18496123;T;C;0.0909091010689735;120
100..300;12;18503291;A;G;0.0481927990913391;110
100..300;12;19456569;G;A;0.0786516964435577;130
100..300;12;19456819;G;A;0.0654544979333877;205
100..300;12;19456995;A;G;0.0973782986402511;190
100..300;12;19457018;G;A;0.0928571000695228;190
100..300;12;19457019;C;A;0.0938628017902374;190
100..300;12;19457097;C;T;0.059800699353218;205
100..300;12;20449893;A;C;0.0539772994816303;240
100..300;12;20875274;C;G;0.0465116016566753;145
100..300;12;24832719;A;G;0.1073449999094009;120
100..300;12;24901957;A;G;0.0874636024236679;240
100..300;12;25023935;A;G;0.0753424987196922;100
100..300;12;25089661;G;C;0.0792682990431785;115
100..300;12;25146987;A;G;0.0432098992168903;105
100..300;12;26224299;C;T;0.0529101006686687;120
100..300;12;26495159;T;C;0.0897435992956161;100
100..300;12;26596898;A;G;0.0324323996901512;125
100..300;12;26656479;G;T;0.0333333015441894;195
100..300;12;27470725;A;T;0.0794392973184585;140
100..300;12;27692876;T;C;0.0674156993627548;115
100..300;12;27920239;A;T;0.0805687010288238;145
100..300;12;30715068;T;C;0.0384614989161491;230
100..300;12;30728875;C;T;0.0647248998284339;210
100..300;12;30753424;A;G;0.0516128987073898;200
100..300;12;31981130;G;A;0.078602597117424;165
100..300;12;31982009;G;A;0.046025101095438;165
100..300;12;31983004;G;A;0.0622567981481552;175
100..300;12;31984578;G;C;0.117646999657154;155
100..300;12;31985476;G;A;0.0530973002314567;155
100..300;12;32602325;A;G;0.0306748002767562;115
100..300;12;32986635;T;C;0.0564783997833728;210
100..300;12;38202865;A;G;0.0814480036497116;145
100..300;12;40251455;A;C;0.0412371009588241;135
100..300;12;40429552;C;G;0.0763889029622078;100
100..300;12;40479224;A;G;0.1106719970703125;180
100..300;12;40479853;A;G;0.0868055969476699;205
100..300;12;40479961;A;G;0.0827585980296135;200
100..300;12;40480006;A;C;0.096525102853775;185
100..300;12;41027840;G;A;0.026315800845623;100
100..300;12;42324009;T;A;0.050000000745058;105
100..300;12;42459282;A;C;0.1052630022168159;120
100..300;12;42679110;T;C;0.061728399246931;110
100..300;12;43375425;C;A;0.0454544983804225;110
100..300;12;43375473;C;T;0.0268817003816366;115
100..300;12;43660428;G;A;0.14444400370121;130
100..300;12;44875501;T;C;0.0658307000994682;215
100..300;12;45023883;C;T;0.0662650987505912;110
100..300;12;45173199;A;G;0.0648649036884307;135
100..300;12;47077656;A;G;0.0412844009697437;165
100..300;12;47235585;T;G;0.0399999991059303;245
100..300;12;47844974;G;A;0.093189999461174;190
100..300;12;47879112;G;A;0.0325203016400337;165
100..300;12;47981785;G;A;0.0724638029932975;130
100..300;12;47982508;A;G;0.0706714019179344;175
100..300;12;48133403;T;C;0.0472972989082336;185
100..300;12;48169067;T;C;0.0487013012170791;205
100..300;12;48169205;A;C;0.0401460006833076;190
100..300;12;48184659;T;C;0.0593749992549419;215
100..300;12;48203092;CA;C;0.0664452016353607;220
100..300;12;48330001;T;C;0.0714285969734191;240
100..300;12;48486168;G;T;0.1150000020861625;135
100..300;12;48494811;T;C;0.0876493975520134;165
100..300;12;48525876;C;T;0.1428570002317428;280
100..300;12;48525877;A;G;0.143885001540184;285
100..300;12;48526013;T;C;0.0948508977890014;255
100..300;12;48560257;G;A;0.1457629948854446;200
100..300;12;48560442;C;G;0.1311479955911636;245
100..300;12;48682028;G;T;0.0332410000264644;245
100..300;12;48783330;G;T;0.0440678000450134;200
100..300;12;48827839;A;G;0.0488599017262458;210
100..300;12;48862015;C;G;0.0362694002687931;125
100..300;12;49033325;A;G;0.0497238002717494;260
100..300;12;49297274;A;G;0.0314286015927791;235
100..300;12;50073861;T;G;0.0508905984461307;280
100..300;12;50073986;A;G;0.0271738991141319;265
100..300;12;50090230;A;G;0.0670391023159027;120
100..300;12;50109486;T;C;0.0448979996144771;155
100..300;12;50350798;T;A;0.0376811996102333;245
100..300;12;50674626;A;G;0.0481282994151115;120
100..300;12;50843019;C;T;0.0536278001964092;205
100..300;12;50961020;T;C;0.0428134985268116;205
100..300;12;50999333;T;C;0.0253164991736412;155
100..300;12;51049161;A;G;0.0352112986147403;190
100..300;12;51125004;G;C;0.0454544983804225;165
100..300;12;51913361;T;C;0.0257731992751359;135
100..300;12;52009214;T;C;0.0198676008731126;190
100..300;12;52229200;A;G;0.0477816015481948;185
100..300;12;52229245;C;T;0.0512048006057739;215
100..300;12;52241457;A;G;0.0494505986571311;130
100..300;12;52248733;T;C;0.0272726994007825;150
100..300;12;52385576;A;G;0.0277778003364801;155
100..300;12;52433824;T;C;0.0393701009452343;260
100..300;12;52469307;T;G;0.0543131008744239;220
100..300;12;52488310;G;T;0.0370370000600814;235
100..300;12;52569995;G;A;0.0561223998665809;130
100..300;12;52573333;T;C;0.0406977012753486;225
100..300;12;52573652;A;G;0.0674846991896629;215
100..300;12;52601458;A;G;0.0790959969162941;120
100..300;12;52777217;A;G;0.0486617982387542;285
100..300;12;52808399;G;C;0.0794392973184585;140
100..300;12;52811973;C;T;0.0405405014753341;140
100..300;12;52823917;A;C;0.0321285016834735;165
100..300;12;53058346;G;A;0.0482955016195774;230
100..300;12;53058741;C;T;0.051282100379467;195
100..300;12;53060409;A;G;0.040871899574995;245
100..300;12;53123768;A;G;0.0635837987065315;215
100..300;12;53315126;G;A;0.052631601691246;165
100..300;12;53945268;A;C;0.0882352963089943;135
100..300;12;53985894;G;A;0.0200573001056909;235
100..300;12;54517642;T;C;0.0663264989852905;135
100..300;12;54802939;T;C;0.0248227007687091;195
100..300;12;55320622;CA;C;0.0839160978794097;100
100..300;12;55469614;A;G;0.0284090992063283;120
100..300;12;55575165;A;G;0.0845587998628616;185
100..300;12;55637154;T;C;0.0471698008477687;220
100..300;12;55637489;A;G;0.0245901998132467;185
100..300;12;55655138;T;C;0.0503596998751163;190
100..300;12;55683815;T;A;0.0402010008692741;135
100..300;12;55683956;T;C;0.0331325009465217;230
100..300;12;55688241;C;G;0.0612245015799999;230
100..300;12;55723916;G;C;0.0409091003239154;140
100..300;12;55726805;T;C;0.0490566007792949;180
100..300;12;55819513;T;G;0.0481927990913391;110
100..300;12;55958525;A;T;0.0308641996234655;210
100..300;12;56270257;A;G;0.0337423011660575;210
100..300;12;56471554;G;A;0.0380623005330562;185
100..300;12;56686880;C;CAT;0.046594999730587;185
100..300;12;56712876;T;A;0.0440678000450134;200
100..300;12;56714419;G;A;0.0456621013581752;145
100..300;12;56716008;G;A;0.0428953990340232;250
100..300;12;56716147;T;A;0.0315533988177776;285
100..300;12;56720316;G;A;0.0376176014542579;225
100..300;12;56720523;T;A;0.0487805008888244;230
100..300;12;56739356;G;T;0.0217390991747379;155
100..300;12;57243810;A;G;0.0322581008076667;165
100..300;12;57256057;T;C;0.0573065988719463;225
100..300;12;57591421;T;C;0.0390071012079715;190
100..300;12;57621711;A;G;0.0461537986993789;165
100..300;12;57718406;G;A;0.0738636031746864;130
100..300;12;57732451;A;C;0.078947402536869;140
100..300;12;59779575;T;A;0.0643275007605552;110
100..300;12;61879443;C;G;0.1191340014338493;180
100..300;12;61880351;T;G;0.112195000052452;145
100..300;12;63150429;G;A;0.0464134998619556;165
100..300;12;63668243;C;A;0.0488505996763706;245
100..300;12;63668272;A;G;0.0476190000772476;225
100..300;12;63668285;C;T;0.0462632998824119;200
100..300;12;63871944;T;C;0.0432431995868682;130
100..300;12;64830394;G;A;0.0303029995411634;110
100..300;12;65120486;C;T;0.064935103058815;150
100..300;12;66302630;T;C;0.0398670993745327;200
100..300;12;66305115;C;T;0.0894308984279632;170
100..300;12;66517991;T;G;0.0462427996098995;110
100..300;12;67658398;T;G;0.0589970014989376;225
100..300;12;68223439;T;C;0.079295203089714;140
100..300;12;68689025;A;G;0.0399999991059303;110
100..300;12;68690761;G;A;0.0353535003960132;130
100..300;12;68721918;A;G;0.1277779936790466;115
100..300;12;69957904;A;C;0.0387097001075744;105
100..300;12;70559497;C;T;0.0580110996961593;225
100..300;12;70590115;C;A;0.0691642984747886;230
100..300;12;70590239;T;C;0.0643275007605552;120
100..300;12;70594507;G;A;0.0816327035427093;135
100..300;12;70596274;C;T;0.0740740969777107;140
100..300;12;70920322;T;C;0.1005920022726059;110
100..300;12;74292636;C;T;0.1782180070877075;145
100..300;12;75207663;A;G;0.0501567013561725;205
100..300;12;75298975;T;A;0.0714285969734191;105
100..300;12;75506808;G;A;0.0883978009223938;120
100..300;12;77029847;A;G;0.0480348989367485;160
100..300;12;78177134;C;G;0.0851064026355743;100
100..300;12;80588318;G;A;0.0331492014229297;120
100..300;12;88080353;T;C;0.0423077009618282;175
100..300;12;89523260;A;G;0.055172398686409;210
100..300;12;89635124;C;T;0.1525419950485229;120
100..300;12;92428084;C;CT;0.0659897997975349;130
100..300;12;94521827;C;T;0.0497238002717494;125
100..300;12;95512827;A;C;0.0632911026477813;100
100..300;12;99246381;C;G;0.0703125;180
100..300;12;99246650;C;T;0.0335820987820625;195
100..300;12;99655061;A;T;0.0860927030444145;105
100..300;12;100578871;T;A;0.1273889988660812;100
100..300;12;100579381;C;T;0.1351349949836731;100
100..300;12;100579931;T;C;0.1301780045032501;125
100..300;12;100739970;C;A;0.1218269988894462;130
100..300;12;101069040;A;G;0.0846560969948768;135
100..300;12;101158297;A;G;0.1086959987878799;110
100..300;12;101166550;A;C;0.0735293999314308;130
100..300;12;101193740;T;C;0.0549451000988483;180
100..300;12;101338877;T;C;0.0716980993747711;160
100..300;12;101632148;G;C;0.0487805008888244;105
100..300;12;101675299;G;A;0.0622222013771534;150
100..300;12;101685640;A;G;0.08695650100708;100
100..300;12;101723811;T;C;0.052631601691246;100
100..300;12;101764985;C;T;0.0634920969605445;220
100..300;12;101830658;T;C;0.0555556006729602;150
100..300;12;101901440;C;T;0.0315315015614032;150
100..300;12;103706839;T;C;0.0574713014066219;235
100..300;12;103777964;T;C;0.0480769015848636;270
100..300;12;104251606;G;C;0.0501671992242336;200
100..300;12;104265317;T;C;0.0333333015441894;210
100..300;12;105039745;A;T;0.0900000035762786;130
100..300;12;105040689;T;C;0.078947402536869;125
100..300;12;105820515;A;G;0.1019110009074211;100
100..300;12;106015917;T;C;0.0368851982057094;150
100..300;12;106195880;G;C;0.0344827994704246;130
100..300;12;106239791;T;C;0.0385852009057998;235
100..300;12;106978499;T;C;0.0600857995450496;165
100..300;12;107642126;C;T;0.0460829995572567;135
100..300;12;107657629;A;G;0.0568181984126567;235
100..300;12;107756981;A;C;0.0730336979031562;120
100..300;12;108292231;G;C;0.1559630036354065;235
100..300;12;108592255;T;C;0.0541515983641147;190
100..300;12;109179923;G;A;0.0323886983096599;165
100..300;12;109191652;T;C;0.0573769994080066;165
100..300;12;109193746;T;C;0.0609756000339984;105
100..300;12;109199567;C;G;0.0793650969862937;125
100..300;12;109201716;A;G;0.04147469997406;145
100..300;12;109206811;T;C;0.0524861998856067;235
100..300;12;109233933;A;C;0.0871080011129379;190
100..300;12;109517903;C;A;0.0343348011374473;150
100..300;12;109533676;G;C;0.0399999991059303;180
100..300;12;109573424;T;G;0.0605327002704143;270
100..300;12;109573425;T;C;0.0606795996427536;270
100..300;12;109576074;A;G;0.039547998458147;225
100..300;12;111162330;T;G;0.0240384992212057;140
100..300;12;112875665;T;C;0.1105529963970184;135
100..300;12;112881795;T;C;0.1236359998583793;180
100..300;12;112887824;C;T;0.1057690009474754;135
100..300;12;114679532;A;G;0.0364742018282413;210
100..300;12;115970733;G;A;0.0390071012079715;185
100..300;12;115991884;G;A;0.0676923021674156;210
100..300;12;116008640;T;C;0.047468401491642;215
100..300;12;116737803;T;C;0.0568181984126567;155
100..300;12;117028062;A;G;0.040431298315525;230
100..300;12;117280881;C;G;0.0439560003578662;120
100..300;12;118073854;A;ATGATCACCTCGGGCTGGG;0.042918499559164;290
100..300;12;120151356;G;A;0.04782610014081;150
100..300;12;120216281;C;G;0.0238095000386238;260
100..300;12;120224174;C;T;0.0532995015382766;265
100..300;12;120446525;T;C;0.0294985007494688;240
100..300;12;120496604;T;C;0.0226537007838487;215
100..300;12;120529118;G;A;0.0617978014051914;245
100..300;12;120783658;G;A;0.0476190000772476;105
100..300;12;120997733;G;A;0.0449437983334064;235
100..300;12;121004438;T;C;0.0308880005031824;175
100..300;12;121005080;A;G;0.0700388997793197;155
100..300;12;121016345;T;C;0.0506757013499736;205
100..300;12;121177300;A;G;0.1050579994916915;170
100..300;12;121184760;A;G;0.1041669994592666;165
100..300;12;121222984;C;T;0.0754716992378234;210
100..300;12;121228843;G;A;0.0814606994390487;250
100..300;12;121253293;A;G;0.0279719997197389;200
100..300;12;122190233;A;C;0.0341297015547752;190
100..300;12;122849895;T;C;0.02006690017879;200
100..300;12;122976737;A;G;0.0426540002226829;145
100..300;12;122986547;A;G;0.0502091981470584;175
100..300;12;123265188;A;G;0.0900473967194557;140
100..300;12;123321672;T;C;0.0489914007484912;225
100..300;12;123341012;T;C;0.0404039993882179;125
100..300;12;123616494;G;T;0.0454544983804225;145
100..300;12;123619502;G;A;0.0569395013153553;185
100..300;12;123620139;A;G;0.0444444008171558;120
100..300;12;123659848;G;A;0.0611620992422103;215
100..300;12;123692742;C;T;0.0412371009588241;125
100..300;12;123696502;T;C;0.0440252013504505;100
100..300;12;123853225;T;C;0.0256409998983144;205
100..300;12;124347928;A;G;0.064625896513462;200
100..300;12;124372114;A;T;0.0459184013307094;260
100..300;12;124935829;G;A;0.0277778003364801;120
100..300;12;124948072;A;G;0.0444444008171558;275
100..300;12;124954070;C;A;0.1121079996228218;150
100..300;12;124956813;C;T;0.0524861998856067;245
100..300;12;124964924;A;G;0.0618182010948658;175
100..300;12;124968569;T;C;0.0362537987530231;215
100..300;12;125128293;A;G;0.0307691991329193;125
100..300;12;125350254;A;G;0.0360656008124351;205
100..300;12;126726499;C;T;0.0462427996098995;235
100..300;12;128544041;T;C;0.076554998755455;280
100..300;12;128669441;A;G;0.0434782989323139;140
100..300;12;128794319;G;A;0.04782610014081;150
100..300;12;128875953;A;G;0.0511811003088951;160
100..300;12;129075012;T;C;0.067647099494934;230
100..300;12;130346361;T;C;0.0523810014128685;135
100..300;12;130354620;A;G;0.0231787990778684;205
100..300;12;131799508;A;G;0.0995260998606681;140
100..300;12;131845121;T;C;0.0528634004294872;150
100..300;12;132023844;G;A;0.0393257997930049;225
100..300;12;132029743;G;C;0.0670732036232948;215
100..300;12;132037988;T;C;0.04383559897542;240
100..300;12;132064755;G;A;0.0207100994884967;220
100..300;12;132139773;C;G;0.0816327035427093;200
100..300;12;132140150;G;C;0.0273037999868392;185
100..300;12;132143736;T;C;0.0333333015441894;120
100..300;12;132197268;G;A;0.0608108006417751;100
100..300;12;132199225;T;C;0.0550162009894847;195
100..300;12;132604155;T;C;0.0326633006334304;285
100..300;12;132606232;A;G;0.125;290
100..300;12;132625629;A;G;0.0628271996974945;125
100..300;12;132632300;T;C;0.08695650100708;135
100..300;12;132643245;C;T;0.0536397993564605;170
100..300;12;132643940;C;T;0.0449437983334064;170
100..300;12;132659414;T;C;0.0886524990200996;180
100..300;12;132681251;A;C;0.0560000017285347;165
100..300;12;132754873;C;G;0.0317847989499568;285
100..300;12;132780826;C;T;0.0336133986711502;155
100..300;12;132786420;A;G;0.0625;175
100..300;12;132851656;A;G;0.0422535017132759;220
100..300;12;133063073;A;G;0.0469314008951187;185
100..300;12;133151899;C;A;0.031055899336934;100
100..300;12;133225713;C;T;0.0428570993244648;190
100..300;12;133234294;T;C;0.0905511975288391;165
100..300;13;18946930;A;G;0.0236967001110315;130
100..300;13;19051200;A;G;0.0552764013409614;130
100..300;13;19051230;G;A;0.0603015013039112;135
100..300;13;19126502;T;C;0.0559441000223159;100
100..300;13;19173851;T;C;0.0454544983804225;155
100..300;13;19173898;T;C;0.0394366011023521;230
100..300;13;19177554;G;A;0.0476190000772476;285
100..300;13;19382653;G;A;0.0582750998437404;295
100..300;13;19382831;C;G;0.064690001308918;260
100..300;13;19382860;C;T;0.0695876032114029;265
100..300;13;19394878;C;T;0.0359281003475189;120
100..300;13;19394916;C;T;0.033653799444437;150
100..300;13;19564790;G;A;0.0388059988617897;220
100..300;13;19650247;G;A;0.0364582985639572;130
100..300;13;19838881;C;T;0.0567010007798671;250
100..300;13;19851771;A;C;0.0656934008002281;190
100..300;13;19851808;C;T;0.0719697028398513;180
100..300;13;20142272;T;C;0.0447154007852077;160
100..300;13;20512460;A;G;0.0688072964549064;140
100..300;13;21287727;A;G;0.0924855023622512;115
100..300;13;21530702;T;G;0.0909091010689735;105
100..300;13;23134284;A;G;0.0632183998823165;115
100..300;13;23354532;T;C;0.0947367995977401;130
100..300;13;23941368;T;C;0.0679012015461921;205
100..300;13;23941485;A;G;0.0540541000664234;130
100..300;13;24223648;A;G;0.0471698008477687;235
100..300;13;24223775;T;C;0.0543131008744239;220
100..300;13;24449798;T;C;0.0406977012753486;105
100..300;13;24455080;T;C;0.0367347002029418;155
100..300;13;24459255;C;G;0.0307691991329193;130
100..300;13;24486175;G;A;0.0507245995104312;175
100..300;13;24494670;T;A;0.0454544983804225;100
100..300;13;24698732;T;C;0.1129029989242553;245
100..300;13;25267878;G;C;0.0579710006713867;220
100..300;13;25469044;C;A;0.0426666997373104;240
100..300;13;25551513;A;G;0.0599999986588954;130
100..300;13;25570758;T;C;0.0604651011526584;145
100..300;13;25699265;A;C;0.0341686010360717;280
100..300;13;26213977;G;A;0.0756302997469902;175
100..300;13;26676686;C;T;0.0538116991519928;150
100..300;13;26680030;C;T;0.0595744997262954;165
100..300;13;27273029;T;C;0.0880502983927726;115
100..300;13;27569092;G;A;0.0611354000866413;160
100..300;13;27988468;G;T;0.0466320998966693;135
100..300;13;28037245;G;T;0.0340908989310264;175
100..300;13;28049622;T;C;0.0566038005053997;150
100..300;13;28107818;G;C;0.0389610007405281;205
100..300;13;29306932;A;C;0.0462427996098995;115
100..300;13;30646969;T;C;0.0717948973178863;125
100..300;13;30921021;A;G;0.0380951985716819;135
100..300;13;31778577;G;A;0.0657894983887672;100
100..300;13;31933289;C;T;0.0497238002717494;120
100..300;13;32135016;C;A;0.0812183022499084;130
100..300;13;32173517;A;C;0.0436892993748188;135
100..300;13;32202016;C;T;0.0612245015799999;130
100..300;13;32202479;A;T;0.0532318986952304;175
100..300;13;32310634;C;T;0.0846773982048034;160
100..300;13;32311517;C;T;0.0714285969734191;190
100..300;13;32337751;G;A;0.0752687975764274;130
100..300;13;32355095;G;A;0.0648854970932006;190
100..300;13;32362509;C;T;0.1040460020303726;120
100..300;13;33054001;G;T;0.1218490004539489;175
100..300;13;33054056;C;G;0.1198500022292137;200
100..300;13;33054102;A;G;0.0912280976772308;205
100..300;13;33126237;G;T;0.0829493030905723;150
100..300;13;33129519;C;T;0.0921052992343902;220
100..300;13;33129928;C;T;0.0898057967424392;285
100..300;13;35646242;A;C;0.0486485995352268;130
100..300;13;35810894;T;G;0.0398670993745327;195
100..300;13;35822894;G;C;0.0858896002173423;115
100..300;13;35827701;G;A;0.0666666999459266;175
100..300;13;35827772;C;T;0.1036589965224266;110
100..300;13;36170663;A;G;0.0289255995303392;165
100..300;13;38690553;C;T;0.0894941985607147;170
100..300;13;38968394;C;A;0.0628570988774299;120
100..300;13;38976527;T;G;0.0547945015132427;150
100..300;13;39012206;C;G;0.0598291009664535;150
100..300;13;39013029;G;A;0.0610464997589588;245
100..300;13;39013540;G;A;0.0441175997257232;185
100..300;13;39013728;C;A;0.083941601216793;195
100..300;13;39013752;C;T;0.0716980993747711;185
100..300;13;40621274;A;G;0.0740740969777107;125
100..300;13;40799118;A;G;0.0457143001258373;235
100..300;13;40805136;T;C;0.0503356009721756;185
100..300;13;40941235;T;C;0.0476190000772476;190
100..300;13;41611560;C;T;0.0584794990718364;120
100..300;13;42070444;T;A;0.0685484036803245;170
100..300;13;42127581;G;A;0.115385003387928;100
100..300;13;42129546;C;T;0.1644739955663681;105
100..300;13;44434011;C;T;0.0223213993012905;135
100..300;13;44575309;C;T;0.0408162996172905;275
100..300;13;45436334;C;A;0.0606060996651649;185
100..300;13;45436541;T;C;0.0413222983479499;260
100..300;13;46098735;T;A;0.0695364028215408;205
100..300;13;46098739;A;C;0.0734824016690254;215
100..300;13;46098786;C;G;0.0637681037187576;220
100..300;13;46257136;T;A;0.0742705985903739;245
100..300;13;46259015;C;A;0.0555556006729602;145
100..300;13;46259032;T;C;0.0421940982341766;145
100..300;13;46834899;A;G;0.0650406032800674;165
100..300;13;48317100;G;A;0.0341463014483451;135
100..300;13;49464073;T;C;0.0634327977895736;175
100..300;13;49506691;T;G;0.0238095000386238;160
100..300;13;49549513;A;G;0.0915179029107093;290
100..300;13;49551486;T;C;0.1263740062713623;120
100..300;13;49559963;C;T;0.1121790036559104;195
100..300;13;49560014;G;A;0.1317369937896728;220
100..300;13;49567226;A;G;0.0864197984337806;155
100..300;13;51799678;C;G;0.1282050013542175;105
100..300;13;51865994;G;A;0.0416667014360427;185
100..300;13;51934843;T;C;0.0491802990436553;210
100..300;13;51970669;G;C;0.0394737012684345;205
100..300;13;51974004;C;A;0.0670732036232948;220
100..300;13;52135802;C;A;0.0642201974987983;140
100..300;13;52848418;G;A;0.0606060996651649;150
100..300;13;53028942;C;T;0.0444444008171558;240
100..300;13;53408998;C;G;0.0292683001607656;150
100..300;13;53409016;A;G;0.0297030005604028;145
100..300;13;53409021;T;C;0.0304569005966186;140
100..300;13;53409132;A;C;0.0503596998751163;100
100..300;13;58528741;C;T;0.0513699017465114;195
100..300;13;59666695;T;C;0.0598592013120651;195
100..300;13;59666827;T;C;0.0466320998966693;140
100..300;13;60637743;G;T;0.0460993014276027;195
100..300;13;70924120;A;G;0.0313725993037223;175
100..300;13;70924211;T;G;0.030434800311923;160
100..300;13;72755220;A;G;0.0315315015614032;135
100..300;13;72775221;C;G;0.0392156988382339;100
100..300;13;75326374;A;G;0.0607029013335704;215
100..300;13;75341125;C;A;0.0653266012668609;125
100..300;13;76259548;G;A;0.0362902991473674;160
100..300;13;76957226;T;C;0.0363636016845703;225
100..300;13;76987124;C;T;0.0529411993920803;130
100..300;13;77000848;G;A;0.0514286011457443;115
100..300;13;77604415;A;G;0.0471203997731208;115
100..300;13;80337376;A;G;0.0375000014901161;265
100..300;13;89361587;C;G;0.0809248983860015;125
100..300;13;89361962;A;T;0.0750000029802322;110
100..300;13;89991965;T;G;0.0295857992023229;115
100..300;13;89992074;A;G;0.0434782989323139;110
100..300;13;89992657;A;G;0.0289016999304294;125
100..300;13;90230483;A;G;0.0576923005282878;105
100..300;13;90231129;G;C;0.0521739013493061;155
100..300;13;90231615;A;C;0.0520832985639572;130
100..300;13;94382495;A;G;0.0750987976789474;165
100..300;13;94711792;G;C;0.0375722981989383;225
100..300;13;94758442;G;C;0.0293039996176958;195
100..300;13;95587551;A;G;0.0399999991059303;125
100..300;13;98390136;C;T;0.0888888984918594;190
100..300;13;98395734;A;G;0.1074919998645782;215
100..300;13;98395772;C;T;0.099041499197483;220
100..300;13;98640887;T;G;0.0280702002346515;195
100..300;13;98884963;T;G;0.0864197984337806;110
100..300;13;98888141;G;A;0.1558440029621124;100
100..300;13;98902308;T;C;0.0294118002057075;135
100..300;13;98914181;A;G;0.1519609987735748;140
100..300;13;98923314;A;G;0.0796020030975341;130
100..300;13;100635086;T;C;0.0942761003971099;200
100..300;13;100636738;T;C;0.0755556002259254;150
100..300;13;100670368;C;G;0.0923694968223571;155
100..300;13;101067948;G;T;0.1223400011658668;130
100..300;13;105489886;T;C;0.0613497011363506;100
100..300;13;106663811;C;T;0.1041669994592666;100
100..300;13;108844465;C;T;0.0650888010859489;100
100..300;13;109782884;T;C;0.0479042008519172;105
100..300;13;109783567;A;G;0.0388350002467632;190
100..300;13;110161362;A;G;0.0837438032031059;135
100..300;13;110198495;G;A;0.0716724023222923;190
100..300;13;110206722;C;G;0.1630430072546005;130
100..300;13;110450371;T;C;0.0291005000472068;255
100..300;13;110469273;T;C;0.1111110001802444;180
100..300;13;110508071;T;C;0.0314010009169578;265
100..300;13;110687754;A;T;0.0757576003670692;100
100..300;13;110937240;C;G;0.1052630022168159;160
100..300;13;110937681;G;A;0.0794392973184585;145
100..300;13;110938918;A;G;0.1143700033426284;240
100..300;13;112819284;C;CAT;0.0853658989071846;115
100..300;13;113066162;T;C;0.0398406013846397;160
100..300;13;113325565;A;G;0.0314135998487472;135
100..300;13;113406800;T;C;0.0558140017092227;295
100..300;13;113799443;C;T;0.0352112986147403;185
100..300;13;113839885;A;G;0.0368097983300685;115
100..300;14;19827468;G;C;0.0378788001835346;290
100..300;14;19936577;A;G;0.0595237985253334;170
100..300;14;19936608;G;A;0.0673575028777122;130
100..300;14;19975867;G;T;0.0722021982073783;185
100..300;14;19976034;C;A;0.0857143029570579;165
100..300;14;19976282;A;C;0.0505618005990982;125
100..300;14;19976429;C;T;0.0792078971862793;130
100..300;14;19976448;G;C;0.0932642966508865;125
100..300;14;20060091;T;G;0.0949366986751556;110
100..300;14;20060162;G;A;0.0845770984888076;135
100..300;14;20060203;G;A;0.0703518018126487;140
100..300;14;20060523;C;T;0.0504586994647979;150
100..300;14;20197631;A;T;0.1000000014901161;240
100..300;14;20197681;A;G;0.120119996368885;235
100..300;14;20224436;C;G;0.0642570033669471;170
100..300;14;20229430;T;C;0.0596025995910167;100
100..300;14;20383654;C;G;0.0399999991059303;145
100..300;14;21087322;A;G;0.0311418995261192;185
100..300;14;21162664;T;C;0.0481927990913391;165
100..300;14;21301034;A;C;0.0322581008076667;115
100..300;14;21317631;A;G;0.0398229993879795;155
100..300;14;21499294;A;G;0.0281690005213022;135
100..300;14;21570079;T;G;0.0989760980010032;210
100..300;14;21602747;T;G;0.0397554002702236;225
100..300;14;21602793;A;G;0.0411984995007514;180
100..300;14;21665635;G;A;0.0557769015431404;175
100..300;14;22086736;C;T;0.0597014985978603;135
100..300;14;22105547;TA;T;0.0833332985639572;120
100..300;14;22105548;A;T;0.0857143029570579;120
100..300;14;22455296;T;C;0.0650888010859489;115
100..300;14;22469569;T;A;0.051162801682949;140
100..300;14;22545118;G;C;0.0520832985639572;125
100..300;14;22634064;G;A;0.0613497011363506;225
100..300;14;22634135;T;C;0.0420168004930019;245
100..300;14;22634450;T;C;0.0606060996651649;245
100..300;14;22771119;A;T;0.0274390000849962;220
100..300;14;22771504;TAGC;T;0.0738916024565696;160
100..300;14;22778903;G;A;0.0257353000342845;170
100..300;14;22829926;T;G;0.0849056988954544;180
100..300;14;22842737;A;G;0.0529800988733768;110
100..300;14;22843385;A;G;0.0285714007914066;185
100..300;14;22843714;C;T;0.0253164991736412;165
100..300;14;22884857;C;G;0.0495283007621765;280
100..300;14;23138037;A;C;0.0514706000685691;180
100..300;14;23307890;A;G;0.0916334986686706;170
100..300;14;23423679;G;A;0.0400943011045455;265
100..300;14;23429818;T;C;0.0506329014897346;200
100..300;14;23563818;A;G;0.0552994981408119;140
100..300;14;23750320;A;G;0.0436892993748188;140
100..300;14;24053702;G;C;0.0558376014232635;120
100..300;14;24054385;A;G;0.0497511997818946;130
100..300;14;24074599;C;G;0.0621302016079425;215
100..300;14;24076157;C;T;0.0286737997084856;185
100..300;14;24184317;C;G;0.0369127988815307;190
100..300;14;24409279;A;G;0.0304182991385459;195
100..300;14;24428000;G;C;0.0358744002878665;145
100..300;14;24507368;C;T;0.0922508984804153;180
100..300;14;24631076;G;A;0.0381355993449687;155
100..300;14;24634203;C;T;0.0470913983881473;220
100..300;14;24634208;A;G;0.0445681996643543;220
100..300;14;25267262;C;G;0.0639730989933013;195
100..300;14;28264637;C;A;0.0307167004793882;200
100..300;14;28264641;A;G;0.0301003009080886;205
100..300;14;28264750;A;G;0.0252365991473197;225
100..300;14;30906116;T;A;0.1703300029039383;115
100..300;14;30912145;C;T;0.1111110001802444;145
100..300;14;30956251;T;A;0.0277778003364801;110
100..300;14;31109556;T;C;0.0507041998207569;230
100..300;14;31129042;G;A;0.0340908989310264;185
100..300;14;31129221;C;T;0.0471203997731208;135
100..300;14;31150186;C;T;0.0723982006311416;160
100..300;14;32637966;G;A;0.0467836000025272;110
100..300;14;34629893;G;A;0.0695971027016639;175
100..300;14;34740374;C;G;0.0603015013039112;130
100..300;14;34794777;C;T;0.051282100379467;180
100..300;14;35077167;C;T;0.0629921033978462;160
100..300;14;35404564;A;G;0.0446096993982791;155
100..300;14;35761018;G;T;0.0451612994074821;110
100..300;14;36759299;T;C;0.0408162996172905;130
100..300;14;39176061;A;T;0.0808081030845642;125
100..300;14;39234120;G;A;0.0669642984867096;145
100..300;14;44506307;T;C;0.0453400984406471;265
100..300;14;44934413;C;T;0.0896861031651496;155
100..300;14;47144161;T;G;0.0603448003530502;150
100..300;14;49374173;C;A;0.0407406985759735;185
100..300;14;50330163;C;G;0.0514286011457443;120
100..300;14;50739427;T;A;0.0698413029313087;205
100..300;14;50760282;G;A;0.051094900816679;185
100..300;14;51720254;G;A;0.0371517017483711;220
100..300;14;52015199;T;C;0.0484693981707096;255
100..300;14;52054028;T;G;0.0314465016126632;225
100..300;14;52860450;G;A;0.0443350002169609;135
100..300;14;53991531;C;CTTCTT;0.0862943977117538;145
100..300;14;54991270;C;G;0.0641399025917053;225
100..300;14;55766351;T;G;0.0334727987647056;175
100..300;14;55766542;T;C;0.0238726995885372;255
100..300;14;55766589;T;C;0.0256409998983144;240
100..300;14;56296635;T;C;0.0421940982341766;160
100..300;14;56297168;A;G;0.0564972013235092;115
100..300;14;56585793;T;G;0.0384614989161491;135
100..300;14;56609202;T;G;0.0401460006833076;180
100..300;14;58004727;G;C;0.0511945001780986;195
100..300;14;58138132;C;A;0.0576923005282878;150
100..300;14;58371950;G;A;0.121358998119831;130
100..300;14;58371983;T;C;0.0983607023954391;120
100..300;14;59475867;T;A;0.0432098992168903;110
100..300;14;59565278;A;G;0.0893855020403862;125
100..300;14;59576605;A;G;0.0447761006653308;135
100..300;14;60509419;A;G;0.0603448003530502;155
100..300;14;61831964;G;C;0.052631601691246;170
100..300;14;61832287;C;A;0.0722891986370086;165
100..300;14;61832298;A;G;0.0622567981481552;165
100..300;14;61996048;C;T;0.0657894983887672;110
100..300;14;62283828;T;C;0.0988371968269348;120
100..300;14;62708242;T;C;0.0757097974419593;225
100..300;14;64210033;T;C;0.0271003004163503;245
100..300;14;64442127;A;G;0.0521739013493061;230
100..300;14;64564816;T;C;0.1130950003862381;110
100..300;14;64601612;C;CTG;0.0380228012800216;155
100..300;14;64601623;T;TTCTC;0.0395256988704204;155
100..300;14;64779905;C;T;0.0633803009986877;190
100..300;14;64786514;C;T;0.0451976992189884;245
100..300;14;64787031;T;C;0.0519878007471561;225
100..300;14;64793509;G;T;0.0524691008031368;220
100..300;14;64795408;T;C;0.0423729009926319;165
100..300;14;64796582;T;C;0.0474575981497764;195
100..300;14;64796629;T;C;0.0399999991059303;225
100..300;14;64800751;C;T;0.0503875985741615;165
100..300;14;64804932;G;A;0.0544553995132446;135
100..300;14;65468187;C;A;0.0918366983532905;135
100..300;14;66013050;C;A;0.1201919987797737;280
100..300;14;66013529;T;C;0.0666666999459266;140
100..300;14;66013530;C;A;0.0711110979318618;140
100..300;14;67579885;T;C;0.0684211030602455;125
100..300;14;67782782;T;C;0.0760869979858398;125
100..300;14;68887943;G;T;0.0557377003133297;215
100..300;14;69054957;A;G;0.0421686992049217;245
100..300;14;69229075;A;G;0.1428570002317428;105
100..300;14;69237836;T;G;0.1151079982519149;195
100..300;14;69527850;T;C;0.0315788984298706;190
100..300;14;69796931;T;C;0.0801187008619308;225
100..300;14;70013498;A;T;0.1500000059604644;145
100..300;14;70167829;T;C;0.0847953036427497;230
100..300;14;70247264;G;A;0.1144279986619949;125
100..300;14;70584075;C;T;0.0452261008322238;125
100..300;14;70595239;C;T;0.0819671973586082;125
100..300;14;70595524;C;T;0.0718562975525856;115
100..300;14;70595626;G;A;0.0601092986762523;120
100..300;14;70595718;T;C;0.0472102984786033;150
100..300;14;70732735;A;G;0.0487805008888244;255
100..300;14;70734462;G;C;0.0384614989161491;210
100..300;14;70734475;C;T;0.0286624003201723;190
100..300;14;72662275;C;T;0.0909091010689735;105
100..300;14;72753312;G;A;0.0234898999333381;200
100..300;14;72937972;C;A;0.0478723011910915;120
100..300;14;72938087;A;G;0.08695650100708;105
100..300;14;72946031;T;C;0.0637255012989044;135
100..300;14;72955642;G;T;0.0393257997930049;230
100..300;14;72958607;T;C;0.0479704998433589;180
100..300;14;73595264;C;T;0.0994475036859512;255
100..300;14;73617142;T;C;0.0444444008171558;205
100..300;14;73619711;A;G;0.0273972991853952;195
100..300;14;73729878;A;G;0.0458716005086898;225
100..300;14;73988110;A;C;0.0388350002467632;135
100..300;14;74057166;G;A;0.0489509999752044;200
100..300;14;74057246;A;G;0.0373134016990661;260
100..300;14;74245180;T;C;0.0352423004806041;150
100..300;14;74526097;G;A;0.0227272994816303;140
100..300;14;74764250;T;C;0.0308123007416725;245
100..300;14;74781799;A;G;0.0429292991757392;265
100..300;14;75280166;A;G;0.0495355986058712;220
100..300;14;75280555;C;T;0.0619468986988067;160
100..300;14;75579348;T;C;0.0334128998219966;290
100..300;14;76310914;T;C;0.0691056996583938;155
100..300;14;76828587;A;G;0.0345679000020027;280
100..300;14;76837991;A;G;0.0540541000664234;125
100..300;14;77251895;T;C;0.0522087998688221;170
100..300;14;77330298;A;G;0.0415094010531902;170
100..300;14;77377628;T;C;0.0425532013177871;290
100..300;14;77377922;A;G;0.0445026010274887;265
100..300;14;77413962;T;C;0.0577777996659278;145
100..300;14;77673986;A;G;0.0505618005990982;245
100..300;14;77674012;A;T;0.0566571988165378;235
100..300;14;77718223;A;C;0.0471203997731208;265
100..300;14;77718318;G;T;0.0277778003364801;280
100..300;14;85622971;A;G;0.0576369017362594;240
100..300;14;88385844;A;G;0.0217390991747379;155
100..300;14;89932563;A;G;0.0295857992023229;110
100..300;14;90107708;A;C;0.0399999991059303;135
100..300;14;90279078;C;T;0.0823528990149498;155
100..300;14;91297293;T;C;0.0663264989852905;140
100..300;14;91374725;G;A;0.0278884004801511;155
100..300;14;92121658;G;T;0.0734907984733581;245
100..300;14;92142990;C;T;0.0479452013969421;105
100..300;14;92454027;T;C;0.0833332985639572;195
100..300;14;92932736;A;G;0.0234603993594646;235
100..300;14;92932824;A;G;0.0226415004581213;190
100..300;14;93956948;C;T;0.027131799608469;170
100..300;14;94283955;A;G;0.0436892993748188;140
100..300;14;94306092;A;G;0.0355191007256507;230
100..300;14;94366459;A;G;0.1084910035133361;285
100..300;14;94446462;A;G;0.0300546009093523;230
100..300;14;94446559;G;T;0.0424709990620613;175
100..300;14;95407315;C;A;0.0745342001318931;115
100..300;14;95439984;A;G;0.0895953997969627;220
100..300;14;95452229;T;C;0.0625;110
100..300;14;95452288;C;T;0.1145040020346641;170
100..300;14;95922836;G;A;0.0502513013780117;135
100..300;14;96086522;C;G;0.0548780001699924;115
100..300;14;96295486;C;T;0.0394737012684345;100
100..300;14;96305722;A;T;0.0426229014992713;190
100..300;14;96362965;T;C;0.0388889014720916;115
100..300;14;96833516;G;A;0.0625;185
100..300;14;98716289;C;T;0.0536278001964092;205
100..300;14;98973311;A;G;0.1071429997682571;220
100..300;14;99909370;T;C;0.0231023002415895;200
100..300;14;100141258;T;C;0.039682500064373;160
100..300;14;100334994;T;C;0.0563910007476806;170
100..300;14;100538878;C;T;0.0204082001000642;190
100..300;14;100538899;G;A;0.0243902001529932;190
100..300;14;100550487;G;A;0.0536585003137588;125
100..300;14;102348705;T;C;0.0792078971862793;205
100..300;14;102434864;G;A;0.1126279979944229;215
100..300;14;102875712;C;T;0.0452261008322238;130
100..300;14;102974136;C;G;0.0899654030799865;170
100..300;14;103100448;T;C;0.0458015017211437;270
100..300;14;103100498;G;C;0.0467836000025272;230
100..300;14;103102277;A;T;0.0401460006833076;175
100..300;14;103108377;T;C;0.0744680985808372;125
100..300;14;103130128;T;C;0.0444444008171558;120
100..300;14;103339633;C;T;0.0426829010248184;110
100..300;14;103465542;G;A;0.0503145009279251;110
100..300;14;104712857;C;T;0.0971428975462913;230
100..300;14;104714228;C;T;0.0930233001708984;205
100..300;14;105150705;T;C;0.0180722996592521;230
100..300;14;105221745;T;C;0.0584192015230655;215
100..300;15;22943162;C;T;0.0570469982922077;200
100..300;15;24508923;A;G;0.121358998119831;130
100..300;15;25679947;G;C;0.1522839963436126;140
100..300;15;25681039;A;G;0.0890052020549774;245
100..300;15;25681051;G;C;0.056022398173809;230
100..300;15;25681057;G;C;0.0518731996417045;220
100..300;15;25708295;T;C;0.1079550012946128;110
100..300;15;25971227;C;G;0.0514018982648849;135
100..300;15;26772389;A;G;0.0574713014066219;110
100..300;15;26939288;T;C;0.0705882012844085;125
100..300;15;26939335;T;C;0.0897435992956161;145
100..300;15;26939370;A;G;0.0940171033143997;145
100..300;15;26943312;T;C;0.0531915016472339;190
100..300;15;27327045;A;G;0.0942028984427452;100
100..300;15;27328788;T;C;0.0423729009926319;150
100..300;15;27328821;C;T;0.0363035984337329;195
100..300;15;27871136;C;T;0.0296295993030071;180
100..300;15;27896158;A;G;0.0486111007630825;100
100..300;15;30005534;T;C;0.0651341006159782;170
100..300;15;30005555;A;G;0.066371701657772;155
100..300;15;30005618;C;G;0.187049999833107;110
100..300;15;31050541;T;C;0.115385003387928;270
100..300;15;32633025;G;T;0.0635593011975288;160
100..300;15;32898822;G;A;0.0472102984786033;145
100..300;15;33067169;T;C;0.0506329014897346;230
100..300;15;33088784;C;A;0.0473373010754585;110
100..300;15;33088799;T;A;0.0523560009896755;125
100..300;15;33601568;T;C;0.1129940003156662;110
100..300;15;33823080;T;C;0.0576923005282878;135
100..300;15;34342117;A;G;0.0432691983878612;140
100..300;15;34981419;T;C;0.0704225003719329;195
100..300;15;39272092;A;G;0.0555556006729602;125
100..300;15;39272093;T;C;0.0555556006729602;125
100..300;15;40272854;A;G;0.0819671973586082;170
100..300;15;40303364;T;C;0.0429687984287738;165
100..300;15;40364523;T;C;0.0407240018248558;150
100..300;15;40557209;T;C;0.0298507008701562;175
100..300;15;40900342;T;C;0.0397554002702236;230
100..300;15;41016167;C;A;0.0456431992352008;150
100..300;15;41507513;T;C;0.0578230991959571;200
100..300;15;41565018;A;G;0.0299999993294477;125
100..300;15;41568292;A;T;0.027131799608469;180
100..300;15;41699117;T;A;0.0894737020134925;120
100..300;15;41734566;T;C;0.0885417014360427;120
100..300;15;41749514;A;G;0.1151079982519149;205
100..300;15;41841899;T;C;0.0590909011662006;135
100..300;15;41842173;C;G;0.0572917014360427;125
100..300;15;41843790;T;C;0.0866667032241821;195
100..300;15;41845084;A;G;0.0821918025612831;155
100..300;15;41846258;A;G;0.0471975989639759;215
100..300;15;41846840;A;G;0.1115880012512207;155
100..300;15;41847444;T;C;0.0501253008842468;255
100..300;15;41853738;C;G;0.0413534007966518;190
100..300;15;41856602;T;C;0.0359999984502792;165
100..300;15;41857398;G;C;0.0213415008038282;220
100..300;15;41858690;A;G;0.0186334997415542;200
100..300;15;41866175;A;G;0.0420712009072303;205
100..300;15;41867092;T;C;0.0516432002186775;145
100..300;15;41874302;T;C;0.0389610007405281;155
100..300;15;41876202;T;C;0.0687500014901161;200
100..300;15;42070100;G;T;0.0372671000659465;110
100..300;15;42071130;A;G;0.025000000372529;170
100..300;15;42079554;T;A;0.0538116991519928;155
100..300;15;42081612;C;G;0.0519878007471561;220
100..300;15;42147178;A;G;0.0371621996164321;195
100..300;15;42878595;G;A;0.1185899972915649;185
100..300;15;42878625;T;C;0.1143909990787506;170
100..300;15;43239213;C;G;0.0861423015594482;170
100..300;15;43268238;T;C;0.0742857009172439;125
100..300;15;43361124;A;G;0.0432900004088878;160
100..300;15;43366737;T;C;0.0562914013862609;215
100..300;15;43369604;C;T;0.117646999657154;155
100..300;15;43415610;T;A;0.0472972989082336;215
100..300;15;43432448;G;T;0.1065990030765533;145
100..300;15;43456106;G;A;0.095238097012043;185
100..300;15;43469998;T;C;0.0443787015974521;210
100..300;15;43475576;C;G;0.0858369022607803;150
100..300;15;43492277;T;C;0.0598802007734775;115
100..300;15;43524719;A;G;0.1079370006918907;215
100..300;15;43525206;A;G;0.0592783987522125;275
100..300;15;43525208;C;T;0.1321240067481994;270
100..300;15;43600649;C;G;0.0627178028225898;185
100..300;15;43600695;G;A;0.0809248983860015;115
100..300;15;43647444;T;C;0.0218340996652841;155
100..300;15;43649258;T;C;0.0260416995733976;120
100..300;15;43801729;C;T;0.0451807007193565;215
100..300;15;43809812;C;A;0.0439560003578662;245
100..300;15;43905851;G;A;0.0373562984168529;225
100..300;15;45136514;T;C;0.0433526001870632;235
100..300;15;45164908;T;G;0.0657894983887672;200
100..300;15;47765874;A;G;0.1626020073890686;170
100..300;15;48992550;T;TTCC;0.0862068980932235;135
100..300;15;49866498;A;C;0.0636942982673645;105
100..300;15;49920375;T;G;0.0558140017092227;140
100..300;15;50182703;T;C;0.0358305983245372;210
100..300;15;50263347;A;G;0.0699300989508628;190
100..300;15;50945713;C;T;0.0476190000772476;110
100..300;15;51218505;A;T;0.0505837015807628;170
100..300;15;51218671;C;A;0.0860927030444145;100
100..300;15;51236915;C;T;0.0454544983804225;140
100..300;15;51383428;T;C;0.0673077031970024;130
100..300;15;51401616;A;G;0.0557769015431404;160
100..300;15;51465629;C;T;0.061403501778841;145
100..300;15;51491623;C;T;0.0380951985716819;130
100..300;15;51499362;G;A;0.0769231021404266;150
100..300;15;51502975;A;G;0.0564103014767169;130
100..300;15;51622465;A;G;0.0270269997417926;195
100..300;15;51622519;C;T;0.027522899210453;215
100..300;15;51954468;A;G;0.0564103014767169;125
100..300;15;52061301;G;C;0.0467289984226226;150
100..300;15;52275654;A;G;0.0467289984226226;210
100..300;15;53710894;A;G;0.0481927990913391;105
100..300;15;54237572;T;C;0.042713601142168;255
100..300;15;54321483;T;C;0.1166670024394989;115
100..300;15;54338354;TTGTC;T;0.0443038009107112;100
100..300;15;55915613;G;T;0.0888888984918594;130
100..300;15;55916337;A;G;0.0631579011678695;130
100..300;15;55993497;T;C;0.0364371985197067;155
100..300;15;56071433;A;G;0.0468084998428821;155
100..300;15;57247056;C;G;0.0387097001075744;110
100..300;15;57325483;C;CG;0.0363636016845703;115
100..300;15;57963929;T;C;0.0502091981470584;155
100..300;15;58279202;T;A;0.0319149009883403;125
100..300;15;59224676;T;C;0.0774194002151489;105
100..300;15;59671289;G;A;0.0613497011363506;105
100..300;15;62260361;A;G;0.052631601691246;160
100..300;15;62819540;C;T;0.0608365014195442;170
100..300;15;62835784;A;G;0.0650406032800674;165
100..300;15;62838918;A;T;0.0576923005282878;180
100..300;15;63600712;A;G;0.0881057009100914;145
100..300;15;63626108;C;G;0.0655172020196914;190
100..300;15;63630553;A;T;0.1016950011253357;190
100..300;15;63640314;C;G;0.1075270026922226;180
100..300;15;63642950;G;A;0.1867469996213913;110
100..300;15;63645010;G;C;0.1923079937696457;110
100..300;15;63656169;T;C;0.0389105007052421;180
100..300;15;63660954;G;A;0.0558658987283706;110
100..300;15;63661830;T;C;0.0740740969777107;215
100..300;15;63678257;C;T;0.1028940007090568;205
100..300;15;63692573;C;T;0.0989011004567146;120
100..300;15;63696158;G;C;0.0614753998816013;155
100..300;15;63703224;T;C;0.1695650070905685;155
100..300;15;64127175;T;G;0.0478723011910915;115
100..300;15;64216564;A;G;0.0555556006729602;120
100..300;15;64414133;G;A;0.0472441017627716;165
100..300;15;64529299;G;A;0.0616739988327026;160
100..300;15;64675455;T;C;0.0529248006641864;250
100..300;15;64819837;T;C;0.0794392973184585;145
100..300;15;64821294;A;G;0.0966387018561363;165
100..300;15;64822557;T;C;0.0441639982163906;205
100..300;15;64934241;G;A;0.0632183998823165;110
100..300;15;65003167;T;C;0.0451612994074821;200
100..300;15;65004923;T;C;0.0320512987673282;105
100..300;15;65055067;A;G;0.0483091995120048;275
100..300;15;65260908;T;C;0.0620689988136291;185
100..300;15;65329706;A;C;0.074906401336193;185
100..300;15;65624189;T;A;0.0814815014600753;195
100..300;15;66329008;G;A;0.0243902001529932;190
100..300;15;66337056;C;T;0.0620154999196529;175
100..300;15;66352962;G;GA;0.041176501661539;120
100..300;15;68321440;T;G;0.0902255997061729;175
100..300;15;68321449;G;A;0.0858208984136581;175
100..300;15;69035886;T;C;0.0698413029313087;210
100..300;15;69803416;T;C;0.0459363982081413;200
100..300;15;70859747;T;C;0.0318181999027729;150
100..300;15;70891939;T;G;0.076470598578453;235
100..300;15;70892156;G;A;0.0538461990654468;170
100..300;15;71256656;T;C;0.0282486006617546;115
100..300;15;71599876;G;A;0.0579710006713867;180
100..300;15;71660560;A;G;0.0776256024837493;145
100..300;15;71748435;T;C;0.0974358990788459;135
100..300;15;72230997;T;C;0.0399999991059303;100
100..300;15;72686211;T;C;0.0458015017211437;175
100..300;15;73740442;G;A;0.0878378003835678;205
100..300;15;73985454;C;T;0.0660793036222457;150
100..300;15;74330337;A;G;0.039801001548767;130
100..300;15;75336073;T;C;0.0255590993911027;210
100..300;15;76005791;G;A;0.0909091010689735;100
100..300;15;76202194;A;C;0.0375940017402172;175
100..300;15;77985260;T;C;0.0239043999463319;165
100..300;15;77986142;A;G;0.0374150015413761;200
100..300;15;78098567;T;C;0.0495867989957332;165
100..300;15;78105804;A;G;0.0466200001537799;270
100..300;15;78280417;G;A;0.0419846996665;175
100..300;15;78776779;G;A;0.0760869979858398;180
100..300;15;79236371;G;A;0.0802920013666153;195
100..300;15;79456231;A;G;0.0606859996914863;255
100..300;15;79463262;G;A;0.0349854007363319;215
100..300;15;80158047;A;G;0.0509258992969989;145
100..300;15;80162403;C;T;0.0245398990809917;110
100..300;15;81300461;G;A;0.0456026010215282;205
100..300;15;81305928;G;T;0.0629630014300346;185
100..300;15;81306075;A;G;0.0284237992018461;260
100..300;15;82045282;T;C;0.0625;205
100..300;15;82138804;T;C;0.0726256966590881;120
100..300;15;82151813;T;G;0.0465116016566753;195
100..300;15;82317590;T;C;0.0705882012844085;110
100..300;15;82533242;T;C;0.0297618992626667;115
100..300;15;82573126;G;A;0.065743900835514;185
100..300;15;82759441;A;G;0.0699589028954505;155
100..300;15;82831014;A;G;0.0570469982922077;200
100..300;15;82833313;C;A;0.0596330016851425;290
100..300;15;82833314;G;C;0.0569476000964641;290
100..300;15;82849766;A;G;0.0799999982118606;180
100..300;15;82854635;T;C;0.0348258987069129;130
100..300;15;83942615;C;G;0.0454544983804225;150
100..300;15;83970598;T;C;0.0757097974419593;205
100..300;15;83982433;A;C;0.0284809991717338;215
100..300;15;84037709;T;C;0.0538921989500522;115
100..300;15;84399499;C;CATGGGCATGCTGACG;0.0264317002147436;150
100..300;15;84399551;A;T;0.0292683001607656;130
100..300;15;84643606;C;T;0.0723861008882522;235
100..300;15;84655375;T;C;0.0320699997246265;220
100..300;15;84895080;CTTG;C;0.0604230016469955;235
100..300;15;85579739;C;T;0.0507245995104312;195
100..300;15;85582073;T;C;0.0303029995411634;155
100..300;15;85741111;T;C;0.0454544983804225;170
100..300;15;85743556;T;C;0.0428134985268116;215
100..300;15;88119140;A;G;0.058823499828577;120
100..300;15;88874007;G;A;0.0479616001248359;275
100..300;15;88874398;A;G;0.0631579011678695;130
100..300;15;88878096;G;A;0.0805194973945617;255
100..300;15;88878174;A;G;0.0234741996973752;290
100..300;15;88879055;T;C;0.0642673969268798;265
100..300;15;88881350;G;A;0.1048389971256256;180
100..300;15;88887275;T;C;0.0345679000020027;275
100..300;15;88893013;C;T;0.0396040007472038;190
100..300;15;88893064;A;G;0.0291262008249759;205
100..300;15;89193327;C;T;0.0593219995498657;155
100..300;15;89211723;A;G;0.0552764013409614;130
100..300;15;89263479;T;C;0.0666666999459266;100
100..300;15;89274209;A;G;0.0342857018113136;110
100..300;15;89292997;C;G;0.0384614989161491;120
100..300;15;89301457;C;A;0.0496894009411335;100
100..300;15;89315371;C;T;0.0689655020833015;150
100..300;15;89319110;G;A;0.0468084998428821;170
100..300;15;89625462;A;T;0.1079550012946128;250
100..300;15;89627006;T;C;0.0734907984733581;245
100..300;15;89645161;T;A;0.0408162996172905;170
100..300;15;89652777;T;C;0.0570571012794971;235
100..300;15;89667032;G;A;0.0701220035552978;205
100..300;15;89688239;A;G;0.1041669994592666;110
100..300;15;89804552;T;C;0.0419846996665;175
100..300;15;89804561;A;C;0.0459770001471042;175
100..300;15;89804583;A;G;0.0515021011233329;155
100..300;15;89806230;A;G;0.0409835986793041;270
100..300;15;90067575;A;C;0.05190309882164;200
100..300;15;90079820;C;T;0.0481282994151115;120
100..300;15;90232411;A;G;0.0608365014195442;170
100..300;15;90241698;A;C;0.0514468997716903;220
100..300;15;90241828;T;C;0.0399999991059303;250
100..300;15;90295118;T;C;0.0441639982163906;230
100..300;15;90360270;A;G;0.0241691991686821;230
100..300;15;90491327;G;C;0.049549501389265;150
100..300;15;90540121;A;G;0.0226243995130062;145
100..300;15;90885060;T;C;0.0904254987835884;125
100..300;15;90885359;G;T;0.099125400185585;240
100..300;15;90885406;A;G;0.0917721986770629;220
100..300;15;90887387;A;G;0.0733333006501197;100
100..300;15;92281628;C;T;0.0728155001997947;145
100..300;15;92281744;T;C;0.0673077031970024;150
100..300;15;92795989;C;T;0.0600522011518478;270
100..300;15;93002704;C;T;0.0418410003185272;150
100..300;15;93024634;C;A;0.0464481003582477;250
100..300;15;93045059;A;G;0.0669144988059997;185
100..300;15;93052380;T;C;0.0512195006012916;275
100..300;15;94541859;C;T;0.0564972013235092;115
100..300;15;99258298;C;A;0.0660376995801925;150
100..300;15;99258729;A;G;0.0698925033211708;130
100..300;15;99334110;C;T;0.0530611984431743;165
100..300;15;99729430;C;G;0.050000000745058;225
100..300;15;100109043;A;G;0.0545454993844032;180
100..300;15;100152640;G;A;0.0559441000223159;180
100..300;15;100152748;A;G;0.0864662006497383;165
100..300;15;100472918;A;G;0.0687500014901161;110
100..300;15;100924710;C;T;0.0606060996651649;195
100..300;16;180579;G;A;0.0289855003356933;130
100..300;16;254515;T;C;0.0458220988512039;250
100..300;16;270584;T;C;0.0471014007925987;185
100..300;16;270630;T;C;0.0427046008408069;185
100..300;16;272935;T;C;0.0477816015481948;190
100..300;16;274030;TG;T;0.0684038996696472;225
100..300;16;274052;G;A;0.1139239966869354;265
100..300;16;284543;G;C;0.0275590997189283;170
100..300;16;284580;C;G;0.0423729009926319;170
100..300;16;284732;T;C;0.0418005995452404;210
100..300;16;286421;A;G;0.032846700400114;175
100..300;16;286916;T;C;0.0424528010189533;150
100..300;16;347044;T;G;0.0443038009107112;220
100..300;16;369092;G;A;0.0529595017433166;205
100..300;16;369154;A;G;0.0414507985115051;245
100..300;16;376432;C;T;0.0492423996329307;205
100..300;16;377479;C;T;0.0453332997858524;245
100..300;16;377516;C;T;0.0385674983263015;235
100..300;16;377657;A;G;0.0505050010979175;210
100..300;16;377784;A;G;0.0281690005213022;240
100..300;16;377820;T;C;0.0354839004576206;205
100..300;16;520233;A;G;0.0682353004813194;280
100..300;16;552370;T;C;0.0318471007049083;195
100..300;16;565048;A;G;0.0436136983335018;200
100..300;16;574114;G;A;0.0176056008785963;190
100..300;16;574713;T;C;0.0334927998483181;150
100..300;16;576346;C;A;0.0442259982228279;280
100..300;16;580902;G;C;0.0415224991738796;185
100..300;16;583125;C;T;0.074498601257801;240
100..300;16;583353;C;T;0.0989848002791404;265
100..300;16;583354;A;G;0.1002570018172264;265
100..300;16;631280;T;G;0.046025101095438;150
100..300;16;631284;T;C;0.0445344001054763;155
100..300;16;631325;G;A;0.052631601691246;175
100..300;16;632566;C;T;0.0382513999938964;125
100..300;16;655360;C;T;0.0305084995925426;190
100..300;16;655844;C;T;0.0574413016438484;255
100..300;16;656534;A;G;0.054644800722599;130
100..300;16;657748;T;C;0.0752687975764274;120
100..300;16;658275;A;C;0.0490797981619834;215
100..300;16;659001;A;C;0.039266999810934;245
100..300;16;661326;C;G;0.0590717010200023;160
100..300;16;661582;G;C;0.0546875;190
100..300;16;661712;T;C;0.0460358001291751;260
100..300;16;661905;G;A;0.0273972991853952;250
100..300;16;665990;A;G;0.0231959000229835;250
100..300;16;667523;T;G;0.0484693981707096;265
100..300;16;670986;A;G;0.0431655012071132;290
100..300;16;672331;T;C;0.0566038005053997;280
100..300;16;672548;G;A;0.0764330998063087;125
100..300;16;676907;T;C;0.057142898440361;225
100..300;16;682287;G;GC;0.1348839998245239;150
100..300;16;683424;G;C;0.0577616989612579;185
100..300;16;685794;G;A;0.0215517003089189;155
100..300;16;685921;C;T;0.0237153992056846;165
100..300;16;687269;T;C;0.0419846996665;185
100..300;16;690404;G;C;0.0394737012684345;100
100..300;16;722141;C;G;0.0542857013642787;235
100..300;16;724520;T;C;0.03125;225
100..300;16;725947;C;G;0.0436241999268531;215
100..300;16;725954;A;C;0.0388350002467632;220
100..300;16;725955;A;C;0.0390878990292549;220
100..300;16;727627;T;C;0.0430621989071369;140
100..300;16;770143;C;T;0.0260585993528366;195
100..300;16;789084;C;A;0.0370370000600814;205
100..300;16;790409;C;T;0.0242915004491806;180
100..300;16;790636;G;C;0.0293255001306533;215
100..300;16;791966;T;C;0.0534759014844894;125
100..300;16;792450;T;C;0.0330033004283905;210
100..300;16;792706;A;G;0.0322581008076667;195
100..300;16;792826;G;A;0.0555556006729602;175
100..300;16;879711;T;C;0.0459016002714633;200
100..300;16;934113;A;C;0.039682500064373;255
100..300;16;1202369;T;C;0.0217390991747379;150
100..300;16;1215600;A;G;0.0297030005604028;200
100..300;16;1341870;G;C;0.0360824987292289;140
100..300;16;1426329;C;T;0.0353357009589672;190
100..300;16;1453878;A;T;0.0549828000366687;195
100..300;16;1456129;T;C;0.0406698994338512;280
100..300;16;1486371;A;G;0.0562659986317157;260
100..300;16;1487450;G;C;0.0319766998291015;245
100..300;16;1656434;T;C;0.0242915004491806;175
100..300;16;1765945;T;C;0.0205761007964611;160
100..300;16;1777835;C;T;0.0311111006885767;155
100..300;16;1786795;A;C;0.0256409998983144;190
100..300;16;1792208;G;A;0.0478872992098331;220
100..300;16;1793671;C;T;0.0291262008249759;180
100..300;16;1978401;C;A;0.0656934008002281;280
100..300;16;1980126;A;G;0.0504586994647979;295
100..300;16;1986047;C;T;0.052631601691246;115
100..300;16;1998795;T;C;0.0408162996172905;160
100..300;16;1998825;G;C;0.0448429994285106;140
100..300;16;1999639;G;A;0.0905660018324852;180
100..300;16;1999727;T;C;0.0494699999690055;200
100..300;16;2089874;A;G;0.0441175997257232;140
100..300;16;2295708;A;G;0.0480000004172325;240
100..300;16;2462541;C;G;0.0656566023826599;135
100..300;16;2497033;G;C;0.0659340992569923;185
100..300;16;2529049;A;G;0.0434782989323139;240
100..300;16;2771572;T;C;0.045584000647068;225
100..300;16;2933482;G;C;0.0253164991736412;260
100..300;16;2992911;A;C;0.0376176014542579;210
100..300;16;3091559;T;C;0.033653799444437;140
100..300;16;3243888;T;C;0.0515021011233329;160
100..300;16;3243922;T;A;0.0418118014931678;185
100..300;16;3254626;G;C;0.0249109994620084;175
100..300;16;3483577;G;C;0.0445205010473728;195
100..300;16;3484892;A;G;0.0726391971111297;275
100..300;16;3589229;A;G;0.0316091999411582;240
100..300;16;3662962;T;C;0.0609756000339984;105
100..300;16;3983435;C;T;0.025925900787115;185
100..300;16;4343195;G;A;0.0387597009539604;160
100..300;16;4779683;T;C;0.0199999995529651;190
100..300;16;4870504;T;C;0.0645160973072052;145
100..300;16;4899136;A;G;0.0381355993449687;165
100..300;16;5078816;A;G;0.0601092986762523;235
100..300;16;5365914;G;A;0.0628931000828743;115
100..300;16;6913969;T;C;0.0372340008616447;120
100..300;16;8635267;A;G;0.0298912990838289;235
100..300;16;8774919;A;C;0.0480000004172325;170
100..300;16;10769107;G;A;0.032846700400114;180
100..300;16;10907886;A;G;0.104602999985218;170
100..300;16;11553636;C;T;0.0705128014087677;200
100..300;16;11556469;A;G;0.1043770015239715;205
100..300;16;11758498;C;A;0.0540541000664234;140
100..300;16;11765485;G;A;0.1056339964270591;100
100..300;16;11875867;C;G;0.0949366986751556;210
100..300;16;12069112;G;A;0.0291667003184556;160
100..300;16;12526556;T;G;0.0471698008477687;135
100..300;16;12908502;C;T;0.0766282975673675;165
100..300;16;12908530;T;C;0.064846396446228;185
100..300;16;13920383;A;G;0.0609137006103992;130
100..300;16;13935176;A;G;0.0738916024565696;140
100..300;16;13948101;C;T;0.1142060011625289;265
100..300;16;14240669;T;C;0.0555556006729602;150
100..300;16;15586785;T;C;0.0625;205
100..300;16;15724635;C;CG;0.0354610010981559;190
100..300;16;15771615;A;G;0.0514139011502265;260
100..300;16;16079375;T;G;0.0710382983088493;235
100..300;16;16134385;A;G;0.0529800988733768;200
100..300;16;16157742;T;C;0.0295857992023229;215
100..300;16;16185006;T;G;0.0245901998132467;155
100..300;16;16185012;C;G;0.0251045990735292;155
100..300;16;16187150;G;A;0.0448549017310142;240
100..300;16;16198014;C;G;0.0277778003364801;125
100..300;16;17200491;A;G;0.0515021011233329;155
100..300;16;18854886;G;C;0.0660376995801925;150
100..300;16;19037931;T;A;0.0464395992457866;220
100..300;16;19223170;T;C;0.0616438016295433;100
100..300;16;19460249;A;G;0.0459770001471042;115
100..300;16;19487179;A;C;0.0531401000916957;145
100..300;16;19487243;G;A;0.0657894983887672;200
100..300;16;19536794;A;G;0.0752212032675743;165
100..300;16;19536968;A;G;0.0493827015161514;165
100..300;16;19714953;T;C;0.0384614989161491;290
100..300;16;20997368;C;T;0.0538243986666202;225
100..300;16;21140592;T;G;0.0274914000183343;185
100..300;16;21174063;A;G;0.0422535017132759;180
100..300;16;21204351;G;A;0.0351759009063243;130
100..300;16;21275606;G;A;0.0666666999459266;115
100..300;16;21965441;A;G;0.0542168989777565;110
100..300;16;22080746;C;A;0.0331126004457473;100
100..300;16;22126282;A;G;0.0456852987408638;125
100..300;16;22132997;T;C;0.0436892993748188;260
100..300;16;22166935;A;G;0.0469483993947505;140
100..300;16;22251193;A;C;0.1041669994592666;125
100..300;16;22815018;G;A;0.0482758991420269;190
100..300;16;23710959;A;G;0.0383386984467506;195
100..300;16;24884040;T;C;0.0653060972690582;160
100..300;16;25228484;C;G;0.0683761015534401;145
100..300;16;25244185;T;C;0.0307691991329193;220
100..300;16;25246714;G;A;0.0549999997019767;135
100..300;16;25251957;A;G;0.0443685986101627;185
100..300;16;25257047;G;A;0.051020398736;200
100..300;16;25454404;T;C;0.0609756000339984;110
100..300;16;27363836;C;T;0.0508475005626678;120
100..300;16;27749719;T;C;0.0298103000968694;250
100..300;16;27761500;T;C;0.0512048006057739;220
100..300;16;27777669;A;G;0.049668900668621;205
100..300;16;28495107;T;C;0.0374331995844841;140
100..300;16;28498069;G;C;0.0680271983146667;215
100..300;16;28538187;A;G;0.0234375;170
100..300;16;28591670;G;A;0.0402477011084556;215
100..300;16;28593365;G;A;0.0627306029200553;190
100..300;16;28845498;T;C;0.0402299016714096;110
100..300;16;28887472;C;T;0.03125;225
100..300;16;28986676;A;G;0.0562914013862609;205
100..300;16;29397634;T;C;0.0641399025917053;205
100..300;16;29664607;T;C;0.0256409998983144;215
100..300;16;29897112;G;C;0.0943396016955375;175
100..300;16;29901481;GGGT;G;0.0367646999657154;210
100..300;16;30086309;T;C;0.0443212985992431;235
100..300;16;30089080;T;C;0.034843198955059;200
100..300;16;30481502;T;C;0.0404983982443809;205
100..300;16;30499250;T;C;0.0524345003068447;200
100..300;16;31132672;T;C;0.0384614989161491;210
100..300;16;31143577;T;C;0.0260223001241683;195
100..300;16;31325398;A;G;0.0468227006494998;200
100..300;16;31373233;C;T;0.0566038005053997;105
100..300;16;31464865;G;C;0.0367893017828464;190
100..300;16;31528613;T;G;0.0398670993745327;205
100..300;16;31568951;T;C;0.0633333027362823;215
100..300;16;31569209;C;A;0.0655172020196914;190
100..300;16;48130866;C;T;0.0502793006598949;115
100..300;16;49396623;A;G;0.0357142984867095;175
100..300;16;50058779;A;G;0.082840196788311;140
100..300;16;50608290;C;G;0.0304054003208875;185
100..300;16;50699948;G;C;0.0350000001490116;140
100..300;16;50711672;G;T;0.0578946992754936;255
100..300;16;51138766;A;G;0.0714285969734191;205
100..300;16;51278630;G;A;0.050000000745058;120
100..300;16;52439351;G;A;0.0766666978597641;200
100..300;16;52935001;G;A;0.0574713014066219;125
100..300;16;53229052;T;C;0.0450000017881393;130
100..300;16;53602088;A;G;0.0424528010189533;130
100..300;16;53649037;T;C;0.0769231021404266;220
100..300;16;55327581;T;C;0.0846773982048034;190
100..300;16;55329326;A;G;0.1071429997682571;105
100..300;16;55460772;G;C;0.0343137010931968;145
100..300;16;55846568;C;A;0.0449101999402046;230
100..300;16;55846622;C;G;0.0604026988148689;210
100..300;16;55871764;T;C;0.0612245015799999;105
100..300;16;56334777;T;C;0.039682500064373;245
100..300;16;56633330;A;T;0.1068489998579025;255
100..300;16;56644113;A;G;0.039886001497507;220
100..300;16;56658058;T;A;0.0326531007885932;155
100..300;16;56677646;T;C;0.1020409986376762;220
100..300;16;56686969;T;C;0.0472972989082336;105
100..300;16;56687861;T;A;0.0441175997257232;145
100..300;16;57026812;A;G;0.0737179964780807;220
100..300;16;57051635;G;T;0.0681817978620529;170
100..300;16;57127916;A;G;0.0287769995629787;180
100..300;16;57249818;A;G;0.0296609997749328;160
100..300;16;57363537;T;C;0.0376712009310722;185
100..300;16;57436652;C;G;0.0388889014720916;115
100..300;16;57440775;C;G;0.0503145009279251;100
100..300;16;57661692;T;C;0.0634146034717559;140
100..300;16;57698100;A;G;0.0363035984337329;195
100..300;16;57753536;A;G;0.0728477016091346;105
100..300;16;57920544;G;A;0.0482758991420269;100
100..300;16;57998122;A;G;0.1416890025138855;250
100..300;16;58280529;C;T;0.0527950003743171;240
100..300;16;58280694;T;C;0.0433332994580268;210
100..300;16;58495711;T;C;0.0631579011678695;185
100..300;16;58508997;A;G;0.0377358011901378;180
100..300;16;58541585;A;G;0.057251900434494;165
100..300;16;58553833;T;C;0.0479042008519172;105
100..300;16;59754458;C;T;0.0673575028777122;130
100..300;16;59754538;C;T;0.0268198996782302;175
100..300;16;66778894;T;C;0.0481282994151115;115
100..300;16;67003151;C;A;0.0524016991257667;160
100..300;16;67006432;A;G;0.0362537987530231;230
100..300;16;67146268;C;T;0.0297871995717287;165
100..300;16;67287017;T;C;0.050000000745058;175
100..300;16;67654269;C;T;0.0412371009588241;140
100..300;16;67830493;A;G;0.0345821008086204;225
100..300;16;67870787;C;T;0.0374331995844841;120
100..300;16;68698146;C;A;0.0586591996252536;240
100..300;16;69109674;G;A;0.0242587998509407;255
100..300;16;69143365;T;C;0.0352941006422042;225
100..300;16;69270145;G;A;0.058823499828577;165
100..300;16;69320779;T;C;0.0517240986227989;160
100..300;16;69321252;A;G;0.0448429994285106;155
100..300;16;69322709;G;C;0.0618556998670101;130
100..300;16;69330127;A;G;0.0428570993244648;120
100..300;16;69343567;G;A;0.0378548987209796;215
100..300;16;69343596;C;T;0.0661764964461326;190
100..300;16;69347866;T;C;0.044386401772499;255
100..300;16;69385491;A;G;0.0335195995867252;125
100..300;16;69424876;A;G;0.0370370000600814;130
100..300;16;70466972;C;T;0.073878601193428;245
100..300;16;70664191;A;G;0.02928869985044;160
100..300;16;70692892;A;C;0.0253520999103784;235
100..300;16;71230620;A;T;0.0547945015132427;245
100..300;16;71230658;G;A;0.0603674985468387;260
100..300;16;71449594;G;C;0.0292683001607656;150
100..300;16;71475876;T;C;0.057142898440361;215
100..300;16;71626407;A;G;0.0359711982309818;175
100..300;16;71634731;G;T;0.0575220994651317;160
100..300;16;71640979;G;C;0.0685921013355255;190
100..300;16;71734597;C;T;0.0533333010971546;110
100..300;16;71746582;A;G;0.0451612994074821;100
100..300;16;71746696;C;T;0.0463575981557369;100
100..300;16;71949873;C;G;0.0653845965862274;170
100..300;16;71953096;A;G;0.0718562975525856;110
100..300;16;71967211;A;G;0.0523415990173816;225
100..300;16;71970053;C;G;0.0734824016690254;210
100..300;16;71993292;A;T;0.0703518018126487;135
100..300;16;71999902;T;G;0.0405062995851039;265
100..300;16;72008783;C;A;0.0485436990857124;275
100..300;16;72120111;T;C;0.0415094010531902;180
100..300;16;72129067;T;G;0.0613208003342151;145
100..300;16;72150667;T;C;0.0666666999459266;215
100..300;16;73941295;G;A;0.0894941985607147;175
100..300;16;74465691;A;G;0.1255609989166259;140
100..300;16;74886293;A;G;0.0528846010565757;135
100..300;16;74887763;T;A;0.0447761006653308;125
100..300;16;75235636;T;C;0.0647481977939605;290
100..300;16;75236823;A;C;0.1066669970750808;200
100..300;16;75714908;C;T;0.078125;260
100..300;16;76448850;G;C;0.0750000029802322;195
100..300;16;76553305;G;T;0.0382978990674018;155
100..300;16;76553434;C;T;0.0611354000866413;150
100..300;16;77212620;A;C;0.0480769015848636;140
100..300;16;77735937;A;G;0.0380116999149322;225
100..300;16;78030836;A;C;0.0736195966601371;115
100..300;16;78386878;A;G;0.0264317002147436;150
100..300;16;78574199;C;T;0.1122720018029213;245
100..300;16;79133791;G;A;0.058823499828577;125
100..300;16;80126848;C;G;0.0606060996651649;110
100..300;16;81061486;G;A;0.0743589997291565;275
100..300;16;81108652;C;T;0.0478468984365463;135
100..300;16;81133709;A;G;0.0494505986571311;120
100..300;16;81159828;C;G;0.0815216973423957;125
100..300;16;81160923;T;C;0.0285714007914066;125
100..300;16;81177891;A;C;0.0350317992269992;200
100..300;16;81177943;A;G;0.0441175997257232;175
100..300;16;81185582;T;C;0.0261193998157978;170
100..300;16;81268089;T;A;0.0720338970422744;160
100..300;16;81270154;C;T;0.0502513013780117;140
100..300;16;81476117;C;T;0.14130400121212;250
100..300;16;81786071;T;A;0.0404412001371383;180
100..300;16;81908423;G;C;0.0316205993294715;160
100..300;16;82148776;G;T;0.0821428969502449;180
100..300;16;82858432;G;A;0.0430621989071369;140
100..300;16;83981020;T;C;0.0652173981070518;160
100..300;16;84174729;T;G;0.0489296987652778;225
100..300;16;84176132;C;T;0.0548303015530109;260
100..300;16;84176210;C;T;0.0383631996810436;260
100..300;16;84176258;C;G;0.0422961004078388;225
100..300;16;84178965;A;C;0.0284697990864515;190
100..300;16;84179508;T;C;0.0538243986666202;255
100..300;16;84179828;T;A;0.0670240968465805;260
100..300;16;84179935;AC;A;0.0521739013493061;180
100..300;16;84181784;C;T;0.0518731996417045;250
100..300;16;84195830;A;G;0.0323624983429908;220
100..300;16;84195974;T;C;0.0514139011502265;260
100..300;16;84223013;T;C;0.0469483993947505;140
100..300;16;84368669;C;G;0.0407406985759735;175
100..300;16;84452071;A;T;0.0371517017483711;215
100..300;16;84459475;A;G;0.0578946992754936;145
100..300;16;84462134;C;G;0.0515021011233329;150
100..300;16;84657827;T;C;0.0530035011470317;185
100..300;16;84845858;G;A;0.0787670984864234;180
100..300;16;85678254;T;C;0.0189872998744249;190
100..300;16;86532276;C;G;0.0258398000150918;260
100..300;16;86532433;T;C;0.0560000017285347;175
100..300;16;86532436;A;G;0.0497924983501434;175
100..300;16;86542131;T;C;0.0304054003208875;185
100..300;16;87052881;A;G;0.0622407011687755;160
100..300;16;87335472;T;C;0.09565220028162;150
100..300;16;87644538;C;T;0.1078170016407966;255
100..300;16;87644559;A;G;0.0501318983733654;260
100..300;16;87690232;C;T;0.027607399970293;220
100..300;16;87701921;A;G;0.0427552983164787;290
100..300;16;87708056;A;C;0.0773195996880531;120
100..300;16;87748790;A;C;0.0413222983479499;155
100..300;16;87761974;C;G;0.0572207011282444;235
100..300;16;87891824;C;T;0.0291005000472068;250
100..300;16;88018419;C;G;0.0609756000339984;155
100..300;16;88018540;T;C;0.0541872009634971;265
100..300;16;88428959;A;G;0.051630400121212;245
100..300;16;88429600;C;T;0.0714285969734191;210
100..300;16;88435800;T;A;0.0386473014950752;285
100..300;16;88639922;T;C;0.0296803992241621;285
100..300;16;88712102;A;G;0.0343643017113208;195
100..300;16;88712624;C;G;0.0390625;170
100..300;16;88721652;A;G;0.0386904999613761;215
100..300;16;88741488;A;G;0.0414937995374202;150
100..300;16;88811640;A;G;0.0195311997085809;155
100..300;16;89100730;C;G;0.0299401003867387;225
100..300;16;89102592;T;C;0.0781892985105514;160
100..300;16;89179547;T;C;0.0641975030303001;275
100..300;16;89195074;A;C;0.034739501774311;260
100..300;16;89198687;T;C;0.0319766998291015;240
100..300;16;89227322;T;C;0.0473538003861904;255
100..300;16;89228419;G;A;0.0505050010979175;195
100..300;16;89280475;G;C;0.0277078002691268;275
100..300;16;89281610;T;C;0.0648967996239662;240
100..300;16;89697634;G;A;0.027624299749732;245
100..300;16;89845640;A;G;0.0555556006729602;160
100..300;16;89911245;A;G;0.0399999991059303;175
100..300;17;744917;A;G;0.0559441000223159;190
100..300;17;819449;A;G;0.0299999993294477;135
100..300;17;1280318;C;T;0.0623228996992111;240
100..300;17;1709483;C;G;0.0617761015892028;190
100..300;17;1801002;A;C;0.0358744002878665;150
100..300;17;1827927;G;A;0.052631601691246;190
100..300;17;2299873;G;T;0.040345799177885;250
100..300;17;2333110;C;T;0.044642899185419;150
100..300;17;2361819;A;C;0.054644800722599;125
100..300;17;2363505;A;G;0.0344827994704246;170
100..300;17;2363518;C;T;0.0469314008951187;185
100..300;17;2365017;A;G;0.0441175997257232;180
100..300;17;2692670;A;G;0.062314499169588;220
100..300;17;2696892;A;G;0.035087700933218;185
100..300;17;2980294;A;C;0.079847902059555;170
100..300;17;2981251;G;A;0.0716980993747711;170
100..300;17;3092278;A;G;0.0380434989929199;130
100..300;17;3116431;C;T;0.0480348989367485;160
100..300;17;3116477;TC;T;0.0401234999299049;225
100..300;17;3116525;A;G;0.0503778010606765;255
100..300;17;3116587;T;C;0.0431471988558769;265
100..300;17;3116848;T;C;0.0365449003875255;205
100..300;17;3117358;C;T;0.0618556998670101;130
100..300;17;3154119;C;T;0.0611620992422103;225
100..300;17;3154217;T;G;0.0502645000815391;265
100..300;17;3154330;T;A;0.043010801076889;265
100..300;17;3154337;G;C;0.0454544983804225;265
100..300;17;3154496;T;C;0.0530973002314567;230
100..300;17;3278090;T;C;0.1066669970750808;205
100..300;17;3660669;G;C;0.0484429001808166;185
100..300;17;3690982;T;TG;0.0693430975079536;185
100..300;17;3732351;G;A;0.0422961004078388;220
100..300;17;3732474;C;A;0.1081079989671707;200
100..300;17;3753865;T;C;0.1181560009717941;225
100..300;17;3761183;AATT;A;0.0731706991791725;160
100..300;17;4448265;A;G;0.0739549994468689;210
100..300;17;4453080;T;G;0.0703518018126487;255
100..300;17;4742317;T;C;0.0534759014844894;125
100..300;17;4818081;G;A;0.0319635011255741;140
100..300;17;4818838;T;C;0.0436136983335018;205
100..300;17;4822625;C;T;0.0853658989071846;115
100..300;17;4892979;C;T;0.0373831987380981;215
100..300;17;4892991;T;C;0.039886001497507;230
100..300;17;4895994;T;C;0.0538461990654468;175
100..300;17;4899034;A;G;0.0285714007914066;205
100..300;17;4900416;A;G;0.0520832985639572;245
100..300;17;4933086;T;C;0.0414200983941555;240
100..300;17;4952789;T;TC;0.0566801987588405;160
100..300;17;4972333;G;A;0.0586591996252536;240
100..300;17;5020802;G;C;0.0424836985766887;200
100..300;17;5034056;T;G;0.051282100379467;285
100..300;17;5583844;G;C;0.1291289925575256;220
100..300;17;6088024;T;C;0.0229885000735521;165
100..300;17;6503563;T;C;0.0730896964669227;195
100..300;17;6538056;A;G;0.0307691991329193;130
100..300;17;6610009;A;G;0.0622567981481552;170
100..300;17;6620978;A;T;0.057142898440361;125
100..300;17;6694161;A;G;0.0520000010728836;160
100..300;17;6695776;A;G;0.0727273002266883;185
100..300;17;6703999;T;C;0.0397727005183696;235
100..300;17;6800802;T;C;0.050000000745058;175
100..300;17;7001615;G;A;0.0625;165
100..300;17;7075860;G;A;0.0527703985571861;260
100..300;17;7076786;A;G;0.0749185979366302;210
100..300;17;7076954;T;C;0.0421052984893322;190
100..300;17;7078078;G;A;0.0562914013862609;195
100..300;17;7114101;A;G;0.0622567981481552;200
100..300;17;7176997;T;C;0.0387244001030921;290
100..300;17;7196492;A;G;0.0412371009588241;130
100..300;17;7230290;A;G;0.0451807007193565;220
100..300;17;7235919;A;G;0.0538461990654468;190
100..300;17;7321602;G;C;0.027548199519515;255
100..300;17;7383007;A;T;0.049618300050497;165
100..300;17;7415616;T;C;0.0401234999299049;205
100..300;17;7426313;G;T;0.0423453003168106;215
100..300;17;7496547;A;G;0.1136360019445419;205
100..300;17;7508451;T;C;0.0895522013306617;140
100..300;17;7564960;T;C;0.1134449988603591;165
100..300;17;7630399;C;T;0.1172839999198913;110
100..300;17;7655719;T;C;0.0366492010653018;135
100..300;17;7776841;A;G;0.0564972013235092;110
100..300;17;7802026;C;G;0.053398098796606;140
100..300;17;8003871;T;C;0.0709459036588668;215
100..300;17;8012602;A;G;0.0408162996172905;140
100..300;17;8013961;A;T;0.0307263005524873;230
100..300;17;8080651;C;G;0.04736839979887;120
100..300;17;8081161;A;G;0.0560472011566162;215
100..300;17;8096639;A;G;0.0580645017325878;195
100..300;17;8263180;A;G;0.0319149009883403;245
100..300;17;8743697;A;G;0.0498084016144275;175
100..300;17;8758323;T;C;0.0414634011685848;270
100..300;17;8797798;A;G;0.0491802990436553;180
100..300;17;8798481;T;G;0.0486485995352268;270
100..300;17;8835258;G;A;0.0325580984354019;145
100..300;17;9682848;T;C;0.0898438021540641;160
100..300;17;9771584;T;C;0.0335730984807014;275
100..300;17;9771605;G;A;0.0281690005213022;280
100..300;17;9771659;C;T;0.0396600998938083;235
100..300;17;9821774;A;G;0.0445205010473728;215
100..300;17;9821776;T;C;0.0503356009721756;220
100..300;17;9861214;G;A;0.0913242027163505;145
100..300;17;10328100;T;C;0.1163640022277832;185
100..300;17;10795417;T;G;0.1361259967088699;135
100..300;17;10795437;A;T;0.1388889998197555;130
100..300;17;11608140;T;C;0.0297398008406162;180
100..300;17;11629398;C;T;0.0564103014767169;130
100..300;17;11629518;G;A;0.058823499828577;165
100..300;17;11747740;G;A;0.0555556006729602;160
100..300;17;11834621;A;G;0.1318680047988891;125
100..300;17;11834624;T;C;0.1375660002231598;125
100..300;17;11854239;G;C;0.0456988997757434;255
100..300;17;11929970;G;A;0.0369318015873432;230
100..300;17;11930048;A;G;0.039886001497507;235
100..300;17;11932004;T;C;0.0487805008888244;170
100..300;17;11932014;A;G;0.0340908989310264;180
100..300;17;11962145;A;G;0.0482758991420269;195
100..300;17;12753100;C;T;0.0212120991200208;220
100..300;17;15230858;G;T;0.0591715984046459;220
100..300;17;15593416;G;A;0.0343008004128932;235
100..300;17;15628833;A;G;0.0647481977939605;275
100..300;17;16158820;C;G;0.049618300050497;165
100..300;17;16422654;G;A;0.0443787015974521;230
100..300;17;16422691;C;A;0.0391197986900806;275
100..300;17;16433678;G;C;0.0403586998581886;145
100..300;17;16443618;T;G;0.0384614989161491;220
100..300;17;16925336;G;A;0.0414937995374202;160
100..300;17;16933111;A;G;0.0911528021097183;230
100..300;17;16939598;G;A;0.0794392973184585;145
100..300;17;17142710;A;C;0.0289389006793499;195
100..300;17;17158927;G;C;0.0605263002216815;245
100..300;17;17165791;A;G;0.0895884037017822;275
100..300;17;18138193;T;C;0.0777027010917663;185
100..300;17;18144511;A;G;0.0518868006765842;135
100..300;17;18153853;T;A;0.06944440305233;180
100..300;17;18155207;T;C;0.115385003387928;245
100..300;17;18156180;T;C;0.1329479962587356;115
100..300;17;18238579;T;C;0.0538243986666202;225
100..300;17;18290627;A;G;0.027522899210453;210
100..300;17;18305230;A;G;0.0297871995717287;145
100..300;17;18316428;A;G;0.0332325994968414;240
100..300;17;18317360;T;C;0.0569619983434677;225
100..300;17;18317820;T;C;0.027548199519515;250
100..300;17;18322863;T;G;0.0459459014236927;250
100..300;17;18328782;A;G;0.0524475984275341;180
100..300;17;18969024;C;T;0.031862698495388;265
100..300;17;18971407;G;C;0.0549019984900951;180
100..300;17;18976955;A;C;0.0457143001258373;225
100..300;17;19313263;T;C;0.0495867989957332;160
100..300;17;19497061;T;C;0.0634146034717559;140
100..300;17;19705460;A;G;0.0771704018115997;200
100..300;17;19713923;T;G;0.0884521007537841;260
100..300;17;19739639;C;G;0.0982659012079238;235
100..300;17;20754485;C;T;0.0693069025874137;130
100..300;17;27082786;A;G;0.0462632998824119;190
100..300;17;27083289;G;A;0.0565216988325119;155
100..300;17;27083613;C;T;0.0491802990436553;135
100..300;17;27083661;G;C;0.0441989004611969;130
100..300;17;27083708;G;A;0.0265957005321979;125
100..300;17;27430075;T;C;0.0462962985038757;210
100..300;17;27588547;A;G;0.0465116016566753;110
100..300;17;27664068;A;G;0.0530973002314567;140
100..300;17;28227749;T;C;0.0369127988815307;200
100..300;17;28529243;G;A;0.0372671000659465;105
100..300;17;28620028;C;A;0.0326086990535259;120
100..300;17;28620634;A;G;0.0773195996880531;130
100..300;17;28628312;C;A;0.0534125007688999;220
100..300;17;28687378;T;C;0.0504450984299182;225
100..300;17;28687465;A;C;0.0325580984354019;150
100..300;17;28691078;G;A;0.0727273002266883;110
100..300;17;28717464;A;C;0.0555556006729602;165
100..300;17;28725340;T;C;0.060869600623846;225
100..300;17;28738193;C;T;0.035598699003458;195
100..300;17;28880553;T;C;0.0552994981408119;135
100..300;17;28883235;C;T;0.033653799444437;130
100..300;17;28959833;C;T;0.0409555993974208;190
100..300;17;29097298;A;G;0.039647601544857;140
100..300;17;29253738;T;C;0.0719423964619636;185
100..300;17;30451799;C;T;0.1061640009284019;185
100..300;17;31517640;G;C;0.0373134016990661;175
100..300;17;31517891;G;A;0.0625;135
100..300;17;31901637;A;G;0.0281125009059906;165
100..300;17;31994548;G;T;0.0580645017325878;100
100..300;17;32112305;A;G;0.064935103058815;220
100..300;17;32150662;A;C;0.0887850001454353;145
100..300;17;32206951;G;A;0.0926641002297401;170
100..300;17;32227931;G;A;0.0418847985565662;130
100..300;17;32228084;A;G;0.051282100379467;195
100..300;17;32343972;A;G;0.0370370000600814;170
100..300;17;32365377;T;G;0.0285714007914066;175
100..300;17;32369277;A;G;0.0324483998119831;225
100..300;17;34256250;C;T;0.0434782989323139;150
100..300;17;34626239;A;G;0.0743243023753166;100
100..300;17;34959645;G;A;0.0447154007852077;155
100..300;17;35106468;T;C;0.1081079989671707;115
100..300;17;35118530;A;G;0.0477816015481948;195
100..300;17;35363600;T;G;0.1120330020785331;180
100..300;17;35441180;A;G;0.0577428005635738;255
100..300;17;35490181;T;C;0.0228758007287979;215
100..300;17;35554612;C;T;0.0463320016860961;160
100..300;17;35554699;A;G;0.0344827994704246;125
100..300;17;35554715;G;A;0.0489509999752044;100
100..300;17;35745012;A;G;0.0669974982738494;280
100..300;17;36507785;A;G;0.0864197984337806;105
100..300;17;36515878;C;T;0.0272374004125595;170
100..300;17;36537477;G;A;0.0543209984898567;285
100..300;17;36586165;A;G;0.0229007992893457;170
100..300;17;36989342;C;T;0.0994623973965644;245
100..300;17;38322567;T;G;0.0467033013701438;225
100..300;17;38770478;G;T;0.0540541000664234;230
100..300;17;38770514;A;G;0.0549133010208606;230
100..300;17;39152539;A;G;0.0280000008642673;160
100..300;17;39162776;G;T;0.0540541000664234;210
100..300;17;39162812;T;C;0.0515151992440223;205
100..300;17;39162850;C;T;0.0494296997785568;165
100..300;17;39699581;A;C;0.0283400993794202;160
100..300;17;39742469;A;G;0.0259067006409168;140
100..300;17;39944420;G;C;0.0396341010928154;240
100..300;17;39986725;T;C;0.027624299749732;125
100..300;17;39989901;C;T;0.0404412001371383;175
100..300;17;40019613;A;G;0.0254236999899148;165
100..300;17;40029853;T;C;0.040650401264429;160
100..300;17;40300899;A;G;0.0535713993012905;180
100..300;17;40332287;G;A;0.0296609997749328;170
100..300;17;40337898;T;C;0.0590061992406845;220
100..300;17;40340500;A;T;0.0393442995846271;200
100..300;17;40344662;C;T;0.0474137999117374;155
100..300;17;40344676;C;G;0.0256409998983144;150
100..300;17;40484492;T;C;0.0904522985219955;130
100..300;17;40488873;G;A;0.0447367988526821;250
100..300;17;40782339;G;C;0.0605327002704143;290
100..300;17;40799709;A;G;0.0897098034620285;265
100..300;17;40834751;C;T;0.1024100035429;225
100..300;17;40936532;T;C;0.0621762014925479;275
100..300;17;40978837;A;G;0.0343008004128932;255
100..300;17;40978955;G;A;0.0820045992732048;295
100..300;17;40983096;G;A;0.0809523984789848;130
100..300;17;41424487;A;C;0.0395062007009983;270
100..300;17;41437470;T;C;0.050000000745058;235
100..300;17;41438134;T;C;0.0426965989172458;295
100..300;17;41438864;T;G;0.0584416016936302;195
100..300;17;41449108;T;G;0.0598802007734775;105
100..300;17;41464313;T;C;0.0542168989777565;220
100..300;17;41465816;T;G;0.0372207984328269;265
100..300;17;41467111;C;T;0.043010801076889;205
100..300;17;41477097;C;G;0.0895953997969627;235
100..300;17;41478373;G;A;0.123208999633789;225
100..300;17;41478942;A;G;0.044973500072956;240
100..300;17;41480992;G;A;0.0980392023921012;205
100..300;17;41486553;G;A;0.0648854970932006;175
100..300;17;41487394;A;G;0.1333329975605011;250
100..300;17;41489769;G;A;0.0925925970077514;265
100..300;17;41505114;C;G;0.0497511997818946;290
100..300;17;41727420;A;G;0.1127820014953613;175
100..300;17;41727813;A;C;0.0909091010689735;175
100..300;17;41865245;A;G;0.033057801425457;160
100..300;17;41973846;A;G;0.0700279995799064;250
100..300;17;42039704;T;C;0.034682098776102;115
100..300;17;42103794;T;C;0.0284359995275735;155
100..300;17;42592451;T;C;0.0301507990807294;125
100..300;17;42670660;T;C;0.0194175001233816;210
100..300;17;43071077;C;T;0.0467836000025272;230
100..300;17;43079499;T;C;0.0555556006729602;235
100..300;17;43082453;G;A;0.0476190000772476;210
100..300;17;43091983;C;T;0.0557769015431404;170
100..300;17;43092418;C;T;0.0384614989161491;175
100..300;17;43092919;A;G;0.0769231021404266;175
100..300;17;43093220;G;A;0.0773809999227523;125
100..300;17;43093449;A;G;0.0488888993859291;155
100..300;17;43125170;C;G;0.0388350002467632;130
100..300;17;43138657;C;G;0.0813954025506973;180
100..300;17;43178007;C;T;0.0656566023826599;120
100..300;17;43200626;T;C;0.0837989002466201;125
100..300;17;43201789;T;C;0.032863799482584;145
100..300;17;43209941;G;A;0.0628018975257873;135
100..300;17;43223574;G;A;0.0436680987477302;150
100..300;17;43814069;A;G;0.0247524995356798;145
100..300;17;43814105;G;A;0.0276497993618249;145
100..300;17;43848758;T;C;0.0456852987408638;265
100..300;17;43917426;T;C;0.1132809966802597;180
100..300;17;44210151;T;C;0.0631228983402252;195
100..300;17;44229293;T;C;0.0399999991059303;120
100..300;17;44250482;A;G;0.0437499992549419;100
100..300;17;44351170;A;G;0.0649999976158142;135
100..300;17;44398594;C;A;0.0641399025917053;230
100..300;17;44926116;C;T;0.0342104993760585;245
100..300;17;45099436;T;C;0.0425532013177871;180
100..300;17;45112954;C;T;0.0227272994816303;175
100..300;17;45115454;G;A;0.0425532013177871;260
100..300;17;45149520;G;A;0.0408805012702941;225
100..300;17;45149847;C;T;0.0387811996042728;260
100..300;17;45990016;C;T;0.0550661012530326;290
100..300;17;47292411;G;A;0.039886001497507;245
100..300;17;47292423;A;G;0.0418994016945362;250
100..300;17;47810585;T;G;0.0533333010971546;150
100..300;17;47813341;T;C;0.0455764010548591;240
100..300;17;47816496;A;G;0.0501930005848407;185
100..300;17;47827054;T;C;0.0515872985124588;165
100..300;17;47916678;T;C;0.0570071004331111;290
100..300;17;47916728;C;T;0.0679348036646843;260
100..300;17;47916788;A;G;0.0573769994080066;275
100..300;17;47925378;T;G;0.0711110979318618;145
100..300;17;47943332;T;C;0.0465116016566753;105
100..300;17;48430055;A;G;0.0201341994106769;180
100..300;17;48530455;T;C;0.0562659986317157;265
100..300;17;48530596;A;T;0.0647886991500854;255
100..300;17;48530668;A;G;0.0676923021674156;235
100..300;17;49142180;A;G;0.0570175014436244;155
100..300;17;49207321;T;C;0.0666666999459266;140
100..300;17;49969599;G;A;0.0482758991420269;285
100..300;17;49993514;T;C;0.0344827994704246;145
100..300;17;50149446;T;C;0.0343510992825031;180
100..300;17;50189930;C;G;0.0540541000664234;260
100..300;17;50278899;C;G;0.0660146996378898;260
100..300;17;50353671;A;G;0.1155119985342025;205
100..300;17;50353836;T;C;0.0969697013497352;235
100..300;17;50354963;C;G;0.0602409988641738;275
100..300;17;50378624;T;A;0.1294119954109192;170
100..300;17;50378832;C;T;0.0972763001918792;180
100..300;17;50397140;A;G;0.1404490023851394;120
100..300;17;50538910;T;C;0.0455764010548591;235
100..300;17;50635344;A;G;0.0717948973178863;145
100..300;17;50676062;T;C;0.0418251007795333;170
100..300;17;50683744;T;C;0.0599999986588954;165
100..300;17;50836029;A;G;0.0493150986731052;240
100..300;17;50970703;G;A;0.0543477982282638;120
100..300;17;53823368;T;C;0.0314961001276969;265
100..300;17;55404443;T;C;0.0877192988991737;105
100..300;17;56795078;C;T;0.0378788001835346;165
100..300;17;56795194;A;C;0.0410959012806415;140
100..300;17;56834978;A;G;0.049668900668621;210
100..300;17;56950489;C;T;0.1033430024981498;215
100..300;17;56950809;T;C;0.0199999995529651;240
100..300;17;57045591;A;G;0.0416667014360427;105
100..300;17;57046387;T;C;0.0481480993330478;185
100..300;17;57105956;A;G;0.0321715995669364;255
100..300;17;57401387;G;A;0.0518868006765842;140
100..300;17;57739471;C;T;0.1377779990434646;155
100..300;17;57879707;A;G;0.0271186009049415;190
100..300;17;58280472;A;G;0.0696202963590622;110
100..300;17;58305151;T;C;0.0580645017325878;205
100..300;17;58599007;C;T;0.0702178999781608;285
100..300;17;59874612;A;G;0.0434782989323139;205
100..300;17;60057081;A;G;0.0645160973072052;130
100..300;17;61467502;A;G;0.0428570993244648;140
100..300;17;62137028;A;G;0.0543477982282638;240
100..300;17;62140530;T;C;0.0858085975050926;250
100..300;17;62746863;G;A;0.076554998755455;135
100..300;17;62841241;A;T;0.0841121971607208;150
100..300;17;63440208;T;C;0.0246479008346796;190
100..300;17;63484535;A;G;0.061403501778841;160
100..300;17;63811101;A;G;0.073913000524044;150
100..300;17;63910342;T;C;0.0546317994594574;280
100..300;17;63910584;A;C;0.064690001308918;260
100..300;17;63941743;T;G;0.0545906014740467;280
100..300;17;64044120;C;T;0.0845770984888076;260
100..300;17;65318073;T;G;0.0324073992669582;140
100..300;17;65536399;A;G;0.0457143001258373;225
100..300;17;66688960;A;G;0.0845070034265518;140
100..300;17;66884958;G;A;0.0440252013504505;215
100..300;17;67056188;A;G;0.0383386984467506;215
100..300;17;67114320;G;A;0.119047999382019;105
100..300;17;67215926;T;C;0.0542168989777565;110
100..300;17;68256954;A;T;0.0393442995846271;195
100..300;17;68271509;G;T;0.0697674006223678;180
100..300;17;68273941;G;A;0.0553359985351562;170
100..300;17;68420216;T;C;0.0529101006686687;130
100..300;17;68537514;G;A;0.1047300025820732;205
100..300;17;68542098;T;G;0.1097180023789405;205
100..300;17;68543706;T;C;0.051162801682949;140
100..300;17;68600322;T;C;0.0505618005990982;110
100..300;17;68876661;C;G;0.095238097012043;180
100..300;17;69253781;C;T;0.0408162996172905;100
100..300;17;73196524;A;G;0.0727273002266883;115
100..300;17;73196734;G;A;0.0890052020549774;135
100..300;17;73200670;G;A;0.1158299967646598;160
100..300;17;73201300;T;C;0.0542168989777565;235
100..300;17;73201609;A;G;0.0960452035069465;240
100..300;17;73209715;G;A;0.1069179996848106;210
100..300;17;73236548;C;T;0.0653595030307769;215
100..300;17;73236668;C;T;0.0714285969734191;210
100..300;17;73236742;C;G;0.0753012001514434;230
100..300;17;73242294;A;G;0.0886524990200996;190
100..300;17;73242877;T;C;0.1345030069351196;110
100..300;17;73414752;T;C;0.0698925033211708;130
100..300;17;73430517;T;G;0.0363636016845703;140
100..300;17;73430531;A;G;0.0597609989345073;165
100..300;17;74281740;G;A;0.0496894009411335;230
100..300;17;74301041;G;A;0.0817610025405883;100
100..300;17;74310152;A;G;0.064393900334835;170
100..300;17;74312152;A;C;0.0325733013451099;205
100..300;17;74342626;A;G;0.0593219995498657;155
100..300;17;74353517;T;C;0.0324073992669582;140
100..300;17;74354223;A;G;0.0313589014112949;175
100..300;17;74355267;T;C;0.0442477986216545;220
100..300;17;74372411;C;T;0.086378701031208;205
100..300;17;74473819;G;A;0.11056499928236;260
100..300;17;74523659;T;C;0.0337838008999824;195
100..300;17;74525758;A;G;0.0722222030162811;135
100..300;17;74842510;A;C;0.0470084995031356;160
100..300;17;74941700;A;G;0.0756302997469902;235
100..300;17;75591187;T;C;0.0560000017285347;155
100..300;17;75591266;A;G;0.0503145009279251;110
100..300;17;75591977;T;G;0.0535713993012905;140
100..300;17;75596531;T;C;0.0505618005990982;115
100..300;17;75602823;G;C;0.0409091003239154;140
100..300;17;75606000;A;G;0.0325733013451099;195
100..300;17;75606936;A;G;0.03125;125
100..300;17;75613031;A;G;0.0427631996572017;205
100..300;17;75615742;C;T;0.0634920969605445;125
100..300;17;75617895;A;G;0.0257511008530855;150
100..300;17;75619807;G;A;0.0285714007914066;240
100..300;17;75619853;C;T;0.021390400826931;260
100..300;17;75619882;C;T;0.0211082007735967;260
100..300;17;75619903;A;G;0.0280898995697498;240
100..300;17;75620008;C;T;0.0471203997731208;130
100..300;17;75620366;T;A;0.0368421003222465;135
100..300;17;75621024;C;A;0.0609756000339984;110
100..300;17;75629206;A;G;0.0467836000025272;245
100..300;17;76001558;A;C;0.03125;125
100..300;17;76010055;T;C;0.0357142984867095;215
100..300;17;76010241;C;G;0.0315456986427307;225
100..300;17;76083757;G;A;0.070270299911499;115
100..300;17;76088931;A;G;0.0447761006653308;130
100..300;17;76098024;G;C;0.0736842006444931;135
100..300;17;76137893;T;C;0.0286884997040033;165
100..300;17;76167678;A;G;0.0433070994913578;165
100..300;17;76226266;G;C;0.083892598748207;205
100..300;17;76274177;A;C;0.0428211987018585;255
100..300;17;76280958;A;G;0.0440252013504505;105
100..300;17;76287172;G;A;0.0393257997930049;120
100..300;17;76291123;G;C;0.057915098965168;170
100..300;17;76291308;C;T;0.0459363982081413;200
100..300;17;76291513;A;G;0.0519481003284454;205
100..300;17;76293419;A;G;0.0921501964330673;205
100..300;17;76293624;G;A;0.0343840010464191;245
100..300;17;76293758;A;G;0.0578230991959571;210
100..300;17;76293794;T;C;0.0530035011470317;205
100..300;17;76293827;G;A;0.058823499828577;190
100..300;17;76307751;C;G;0.0384614989161491;150
100..300;17;76311656;C;T;0.0459363982081413;190
100..300;17;76385601;T;C;0.0410256013274192;120
100..300;17;76479893;A;C;0.0233644992113113;155
100..300;17;76688319;C;T;0.0411622002720832;285
100..300;17;76688370;A;G;0.0574163012206554;285
100..300;17;77405108;A;G;0.0417909994721412;205
100..300;17;77482399;T;C;0.0379147008061409;285
100..300;17;78050595;A;C;0.03125;235
100..300;17;78064785;G;C;0.0310344994068145;195
100..300;17;78064873;C;A;0.0354839004576206;205
100..300;17;78157496;C;T;0.0284090992063283;125
100..300;17;78160963;T;C;0.0322581008076667;165
100..300;17;78161190;A;G;0.0425532013177871;225
100..300;17;78161262;A;C;0.0450000017881393;135
100..300;17;78170858;G;C;0.0287081003189086;135
100..300;17;78174749;T;C;0.0484581999480724;160
100..300;17;78399553;T;C;0.0817610025405883;115
100..300;17;78423903;A;G;0.046875;125
100..300;17;78425383;T;C;0.0503875985741615;170
100..300;17;78425386;G;A;0.046875;170
100..300;17;78437817;A;G;0.0559441000223159;200
100..300;17;78466792;G;C;0.0601852014660835;135
100..300;17;78507445;A;G;0.0311283990740776;185
100..300;17;78572799;G;A;0.0704846009612083;140
100..300;17;78803713;A;G;0.0368097983300685;235
100..300;17;78821008;T;C;0.0256409998983144;130
100..300;17;78870935;T;C;0.0435966998338699;240
100..300;17;79044046;C;T;0.0394737012684345;255
100..300;17;79044103;C;G;0.0314684994518756;185
100..300;17;79046636;T;C;0.0439560003578662;240
100..300;17;79047920;T;C;0.0370370000600814;255
100..300;17;79077484;A;G;0.046204600483179;200
100..300;17;79079585;C;T;0.0615941993892192;180
100..300;17;79079588;T;C;0.058823499828577;175
100..300;17;79079591;G;A;0.0555556006729602;175
100..300;17;79796038;C;T;0.0454544983804225;130
100..300;17;79952692;A;G;0.0414200983941555;215
100..300;17;80105844;T;C;0.0372493006289005;235
100..300;17;80113310;G;A;0.0519878007471561;215
100..300;17;80245266;A;C;0.0269230995327234;165
100..300;17;80298430;G;C;0.0536722987890243;230
100..300;17;80317214;G;A;0.0711610019207;170
100..300;17;80319389;T;A;0.0605095997452735;215
100..300;17;80383800;G;A;0.0636131986975669;265
100..300;17;80707826;T;C;0.061728399246931;115
100..300;17;80846574;A;G;0.0750852972269058;185
100..300;17;80923932;T;C;0.0389293991029262;265
100..300;17;80923933;A;T;0.0395062007009983;260
100..300;17;80945758;T;C;0.0280000008642673;160
100..300;17;80976736;G;A;0.0592885017395019;180
100..300;17;80976833;A;C;0.033057801425457;160
100..300;17;81115790;G;A;0.0598802007734775;225
100..300;17;81120022;G;A;0.0395256988704204;165
100..300;17;81203483;A;G;0.0614886991679668;195
100..300;17;81252464;C;T;0.0674846991896629;225
100..300;17;81447281;G;A;0.0727847963571548;230
100..300;17;81458959;T;C;0.066066101193428;230
100..300;17;81670337;G;C;0.0387811996042728;235
100..300;17;81672520;A;G;0.0355329997837543;245
100..300;17;81672678;T;C;0.0235690008848905;200
100..300;17;81695037;G;A;0.0329670011997222;205
100..300;17;81696850;C;T;0.0385757014155387;240
100..300;17;81696901;C;T;0.035911601036787;240
100..300;17;81701105;T;G;0.0576369017362594;230
100..300;17;81701232;C;G;0.0551471002399921;180
100..300;17;81701522;T;C;0.0373831987380981;215
100..300;17;81701634;T;C;0.0474307984113693;165
100..300;17;81704684;C;T;0.0531915016472339;180
100..300;17;81720188;A;G;0.0332226008176803;215
100..300;17;82025503;T;C;0.0224214997142553;140
100..300;17;82028280;T;C;0.0488599017262458;210
100..300;17;82036724;T;C;0.0521172992885112;210
100..300;17;82051280;G;T;0.0513833984732627;150
100..300;17;82056985;G;T;0.0386364012956619;295
100..300;17;82081152;G;A;0.051094900816679;195
100..300;17;82081605;A;G;0.0313725993037223;175
100..300;17;82083590;A;G;0.0470587983727455;165
100..300;17;82085863;G;A;0.0278746001422405;190
100..300;17;82093307;G;A;0.0433526001870632;220
100..300;17;82101720;C;T;0.030434800311923;150
100..300;17;82101882;A;G;0.0365854017436504;110
100..300;17;82113368;C;T;0.0459770001471042;130
100..300;17;82127757;G;A;0.1463409960269928;175
100..300;17;82127827;T;G;0.1237780004739761;195
100..300;17;82128510;T;C;0.1115700006484985;160
100..300;17;82128513;T;C;0.116466000676155;165
100..300;17;82128519;C;T;0.1245139986276626;170
100..300;17;82398311;A;G;0.0427349992096424;165
100..300;17;82433808;G;A;0.0482456013560295;155
100..300;17;82436654;T;G;0.0557769015431404;160
100..300;17;82659676;A;G;0.1034480035305023;125
100..300;17;82830589;C;T;0.0857143029570579;290
100..300;17;82830616;G;A;0.0840909034013748;295
100..300;17;82965660;T;C;0.1009169965982437;220
100..300;17;83035056;C;A;0.1167510002851486;130
100..300;17;83048753;T;C;0.1132600009441375;245
100..300;17;83085299;T;G;0.053932599723339;290
100..300;18;346821;T;C;0.0388692989945411;200
100..300;18;2616458;C;G;0.0606060996651649;110
100..300;18;2700879;G;A;0.0439560003578662;120
100..300;18;2909702;T;C;0.0311418995261192;180
100..300;18;2920290;A;G;0.0467289984226226;140
100..300;18;3168818;A;G;0.076530598104;125
100..300;18;3176065;T;C;0.0349344983696937;140
100..300;18;3215232;T;C;0.026315800845623;105
100..300;18;3457608;T;C;0.0337079018354415;240
100..300;18;5416161;C;T;0.0538921989500522;235
100..300;18;6980524;C;T;0.0874999985098838;100
100..300;18;6985271;T;C;0.0553191006183624;150
100..300;18;6985508;A;G;0.0609756000339984;115
100..300;18;6985632;T;C;0.0386740006506443;115
100..300;18;6986260;A;G;0.0561797991394996;225
100..300;18;6993674;C;T;0.0240963995456695;155
100..300;18;7011339;T;C;0.096525102853775;165
100..300;18;7015715;C;T;0.0942407995462417;125
100..300;18;7017323;G;A;0.056022398173809;225
100..300;18;7135798;C;T;0.0388889014720916;125
100..300;18;7231867;T;C;0.0704606994986534;255
100..300;18;8783837;C;T;0.0498339012265205;210
100..300;18;9888072;G;A;0.0633803009986877;200
100..300;18;10151891;T;C;0.047393400222063;135
100..300;18;10468456;T;C;0.0689655020833015;115
100..300;18;10691248;A;G;0.0582959987223148;145
100..300;18;10705419;A;G;0.0594315007328987;255
100..300;18;10759842;A;C;0.0647481977939605;190
100..300;18;12274105;T;G;0.032863799482584;140
100..300;18;12308794;C;G;0.0379147008061409;125
100..300;18;12427119;G;A;0.0439189001917839;205
100..300;18;12978734;G;C;0.0338983014225959;125
100..300;18;13826695;C;T;0.0401786006987094;145
100..300;18;22419188;T;C;0.0380434989929199;130
100..300;18;23861738;C;T;0.0451807007193565;225
100..300;18;24125476;T;C;0.0375000014901161;160
100..300;18;24440503;A;T;0.0333333015441894;135
100..300;18;26862428;A;C;0.0647886991500854;260
100..300;18;31207561;G;A;0.0461537986993789;120
100..300;18;31458573;T;C;0.0909091010689735;150
100..300;18;31474137;A;G;0.0550458990037441;145
100..300;18;31874681;G;A;0.0676691979169845;170
100..300;18;31908841;G;A;0.0896861031651496;145
100..300;18;31962744;G;A;0.0501474998891353;245
100..300;18;32018884;T;C;0.058823499828577;185
100..300;18;32196578;C;T;0.0684932023286819;195
100..300;18;34864076;A;G;0.0646765977144241;130
100..300;18;34875415;C;T;0.0279329996556043;125
100..300;18;34890327;A;G;0.057432398200035;185
100..300;18;35663649;T;C;0.064935103058815;160
100..300;18;36122199;A;G;0.0557276010513305;210
100..300;18;36251226;A;C;0.078947402536869;125
100..300;18;36652580;A;G;0.043715801090002;130
100..300;18;37067213;C;T;0.0535211004316806;250
100..300;18;37067359;T;G;0.0385964997112751;190
100..300;18;37067360;A;T;0.0441175997257232;185
100..300;18;37302969;A;G;0.0905511975288391;165
100..300;18;44950031;C;G;0.0634005963802337;240
100..300;18;44952958;C;T;0.0471698008477687;220
100..300;18;45739309;A;G;0.0432098992168903;215
100..300;18;45916543;A;G;0.0533333010971546;100
100..300;18;46483635;A;G;0.0382165983319282;210
100..300;18;47069276;T;C;0.0575915984809398;120
100..300;18;48039905;A;G;0.0230414997786283;155
100..300;18;49491450;G;A;0.0897009968757629;190
100..300;18;50276984;T;C;0.1143790036439895;210
100..300;18;50806833;G;C;0.0558140017092227;145
100..300;18;50819654;T;G;0.0216048993170261;215
100..300;18;51051412;C;G;0.0988371968269348;100
100..300;18;53402906;G;A;0.0687500014901161;100
100..300;18;55403683;A;G;0.1352940052747726;115
100..300;18;56638333;T;C;0.0277778003364801;225
100..300;18;57697598;A;G;0.1896550059318542;115
100..300;18;58481816;G;A;0.0410959012806415;145
100..300;18;59355522;C;T;0.0674156993627548;120
100..300;18;59435894;A;G;0.0346320010721683;160
100..300;18;59447971;C;T;0.0451612994074821;195
100..300;18;61507526;A;C;0.042918499559164;160
100..300;18;62101142;G;A;0.0888888984918594;115
100..300;18;62106804;T;C;0.058823499828577;115
100..300;18;62113191;G;A;0.0799999982118606;155
100..300;18;62443051;C;T;0.119047999382019;240
100..300;18;62574499;T;C;0.0466667003929615;210
100..300;18;63532717;C;G;0.1724140048027038;150
100..300;18;63933150;T;C;0.1694920063018798;190
100..300;18;67511270;C;T;0.06284149736166;265
100..300;18;67512592;A;G;0.0399999991059303;250
100..300;18;70088101;G;T;0.078853003680706;180
100..300;18;70325043;A;G;0.0472972989082336;205
100..300;18;74390053;T;C;0.0443787015974521;230
100..300;18;74390067;G;A;0.0670553967356681;235
100..300;18;74390239;G;A;0.0661156997084617;170
100..300;18;74436547;C;T;0.0572391003370285;200
100..300;18;74518940;TC;T;0.0437499992549419;110
100..300;18;74556356;GTGC;G;0.1451610028743744;135
100..300;18;76960785;T;C;0.0397554002702236;205
100..300;18;77436046;G;A;0.0342466011643409;105
100..300;18;77436060;A;G;0.0354610010981559;105
100..300;18;77436072;C;A;0.0425532013177871;105
100..300;18;77436580;C;T;0.0946502014994621;170
100..300;18;77436826;T;C;0.052631601691246;150
100..300;18;78994757;C;G;0.0384614989161491;220
100..300;18;79110397;A;G;0.0655737966299057;150
100..300;18;79337360;T;A;0.0291262008249759;275
100..300;18;79486406;G;T;0.0374640002846717;215
100..300;18;79968135;T;G;0.1230769976973533;170
100..300;18;80045856;C;A;0.0517711006104946;245
100..300;18;80077853;C;A;0.0290697999298572;110
100..300;18;80133156;A;T;0.0452488996088504;150
100..300;18;80135800;G;A;0.0578778013586998;220
100..300;18;80137309;A;G;0.0518293008208274;230
100..300;19;367089;A;G;0.0729167014360427;185
100..300;19;425182;A;G;0.0495867989957332;225
100..300;19;504830;G;C;0.0405405014753341;295
100..300;19;544140;A;G;0.0274390000849962;200
100..300;19;617466;G;A;0.0653266012668609;270
100..300;19;648173;C;G;0.0252809002995491;220
100..300;19;652888;T;C;0.058823499828577;155
100..300;19;685833;T;G;0.0437787994742393;285
100..300;19;690684;T;C;0.0241378992795944;185
100..300;19;690761;T;A;0.0326086990535259;190
100..300;19;690762;G;T;0.0326086990535259;190
100..300;19;727105;A;G;0.0384614989161491;145
100..300;19;731077;C;G;0.0990990996360778;150
100..300;19;731078;T;G;0.1057270020246505;150
100..300;19;731144;G;A;0.0884718969464302;240
100..300;19;746712;T;C;0.0429798997938632;230
100..300;19;757241;A;G;0.027548199519515;245
100..300;19;804327;T;C;0.0481100007891655;195
100..300;19;804612;T;C;0.0439189001917839;180
100..300;19;804959;T;C;0.0517798997461795;215
100..300;19;855966;A;C;0.0252525005489587;275
100..300;19;860852;C;G;0.043715801090002;125
100..300;19;1003440;A;G;0.0654205977916717;185
100..300;19;1010407;A;G;0.0398406013846397;170
100..300;19;1010909;G;A;0.0285714007914066;180
100..300;19;1010911;C;T;0.0244897995144128;180
100..300;19;1011811;T;C;0.0460526011884212;185
100..300;19;1017406;G;A;0.0248227007687091;185
100..300;19;1032475;T;G;0.0498084016144275;185
100..300;19;1032703;T;C;0.0432900004088878;150
100..300;19;1043104;A;G;0.0586419999599456;215
100..300;19;1079960;A;G;0.03125;200
100..300;19;1109596;T;G;0.0603175014257431;210
100..300;19;1113524;T;G;0.034843198955059;195
100..300;19;1113702;A;G;0.0437499992549419;205
100..300;19;1370676;G;C;0.0567376017570495;275
100..300;19;1388539;T;C;0.0281690005213022;190
100..300;19;1533973;G;C;0.0595610998570919;205
100..300;19;1534043;C;T;0.0647772997617721;160
100..300;19;1535085;A;G;0.0220049005001783;270
100..300;19;1535180;A;G;0.0233766008168458;260
100..300;19;1535206;C;G;0.0250695999711751;235
100..300;19;1624008;G;A;0.0391644984483718;250
100..300;19;1828149;A;G;0.0524475984275341;195
100..300;19;1918135;A;G;0.0662020966410636;180
100..300;19;1986521;A;G;0.0253164991736412;210
100..300;19;1997364;G;A;0.086687296628952;215
100..300;19;2078410;G;A;0.0330188982188701;290
100..300;19;2078489;C;T;0.0437956005334854;290
100..300;19;2215468;T;C;0.0420168004930019;155
100..300;19;2421859;T;C;0.0486485995352268;125
100..300;19;2767194;T;G;0.051282100379467;175
100..300;19;2833804;G;A;0.0409555993974208;200
100..300;19;2833866;A;G;0.0422077998518943;215
100..300;19;2834810;C;T;0.0343510992825031;180
100..300;19;3028873;C;G;0.062295101583004;200
100..300;19;3062859;C;T;0.0640569031238555;180
100..300;19;3148821;T;G;0.052631601691246;135
100..300;19;3546266;T;C;0.0285714007914066;170
100..300;19;3728611;A;G;0.0284697990864515;200
100..300;19;3739003;T;C;0.03913040086627;160
100..300;19;3813908;C;A;0.0483383983373642;210
100..300;19;4175107;T;C;0.0211479999125003;215
100..300;19;4236999;A;G;0.0436241999268531;180
100..300;19;4237070;G;A;0.0506329014897346;145
100..300;19;4251072;C;T;0.0405405014753341;190
100..300;19;4254378;T;C;0.0310078002512455;175
100..300;19;4292600;T;C;0.042918499559164;165
100..300;19;4454003;A;G;0.0805369019508361;190
100..300;19;4538587;A;G;0.020771499723196;245
100..300;19;4558419;G;C;0.030188700184226;160
100..300;19;4859925;C;T;0.0364742018282413;215
100..300;19;4945902;C;A;0.0670553967356681;220
100..300;19;4945905;T;C;0.0626865997910499;215
100..300;19;5560801;C;G;0.0607477016746997;140
100..300;19;5668165;T;C;0.0334927998483181;135
100..300;19;5684764;A;G;0.0358744002878665;145
100..300;19;5696135;A;G;0.0373134016990661;175
100..300;19;5778506;T;A;0.0360824987292289;260
100..300;19;5783894;A;G;0.033457200974226;185
100..300;19;5832198;A;G;0.0218978002667427;280
100..300;19;5892943;C;T;0.0619468986988067;155
100..300;19;6040124;T;C;0.0552994981408119;290
100..300;19;6156499;G;A;0.0246305000036954;135
100..300;19;6312279;C;T;0.0401606000959873;165
100..300;19;6535003;A;C;0.0376176014542579;210
100..300;19;6669923;A;G;0.0439560003578662;250
100..300;19;6731293;A;G;0.0463575981557369;195
100..300;19;6913800;G;A;0.0323740988969802;190
100..300;19;6919613;C;A;0.0733944997191429;210
100..300;19;6919742;G;A;0.033653799444437;140
100..300;19;7125286;A;G;0.0648147985339164;150
100..300;19;7141764;A;G;0.0535713993012905;180
100..300;19;7528162;T;C;0.0653266012668609;125
100..300;19;7540680;T;C;0.0327381007373333;215
100..300;19;7620957;A;G;0.0237287990748882;190
100..300;19;7678935;G;A;0.0576923005282878;210
100..300;19;7679089;A;C;0.055248599499464;245
100..300;19;7696926;G;A;0.0575539991259574;190
100..300;19;7927241;A;G;0.0377358011901378;135
100..300;19;7928074;C;T;0.0762332007288932;150
100..300;19;7932759;A;G;0.027149299159646;150
100..300;19;7933848;T;A;0.0382165983319282;105
100..300;19;7935116;T;C;0.0445545017719268;145
100..300;19;7963660;G;A;0.0436136983335018;215
100..300;19;7967796;T;C;0.0517240986227989;240
100..300;19;8081129;A;G;0.027624299749732;115
100..300;19;8096566;T;C;0.0358974002301692;130
100..300;19;8109336;T;G;0.049261100590229;250
100..300;19;8111125;T;C;0.032863799482584;135
100..300;19;8111685;A;G;0.0436241999268531;190
100..300;19;8111756;T;C;0.061728399246931;165
100..300;19;8112035;T;C;0.0460526011884212;200
100..300;19;8131810;T;C;0.0366666987538337;210
100..300;19;8136382;T;G;0.0524016991257667;165
100..300;19;8146113;T;C;0.0761905014514923;150
100..300;19;8146121;A;G;0.0811965987086296;160
100..300;19;8548249;A;G;0.035369798541069;205
100..300;19;8586678;G;A;0.0429448001086711;215
100..300;19;8677192;T;C;0.0561404004693031;190
100..300;19;8677305;A;C;0.0659025982022285;230
100..300;19;8698023;G;T;0.0721649006009101;200
100..300;19;8698550;A;G;0.0425532013177871;260
100..300;19;8698592;A;G;0.0338164009153842;270
100..300;19;8729090;CT;C;0.1204819977283477;250
100..300;19;8729197;A;G;0.0502513013780117;140
100..300;19;8939050;A;G;0.0342205017805099;180
100..300;19;8946306;A;G;0.050000000745058;170
100..300;19;8953002;G;T;0.0784313976764679;210
100..300;19;8953259;A;G;0.0645160973072052;215
100..300;19;8954956;C;T;0.0553745999932289;205
100..300;19;8961637;G;A;0.0460829995572567;160
100..300;19;8962066;C;T;0.0675676017999649;200
100..300;19;8964274;T;G;0.0449101999402046;230
100..300;19;8964541;A;T;0.0429687984287738;180
100..300;19;8964670;A;T;0.0436892993748188;150
100..300;19;8964908;A;T;0.0668604969978332;235
100..300;19;8964959;A;G;0.056022398173809;240
100..300;19;8965061;C;T;0.0456140004098415;210
100..300;19;8965293;T;C;0.0679012015461921;215
100..300;19;8965407;A;G;0.0796812996268272;175
100..300;19;8965487;T;C;0.0639097988605499;180
100..300;19;8965602;A;G;0.0441767014563083;175
100..300;19;8966052;T;C;0.0171428993344306;245
100..300;19;8966182;T;C;0.0374150015413761;205
100..300;19;8966253;G;T;0.0463320016860961;185
100..300;19;8966274;A;C;0.05327869951725;180
100..300;19;8966315;T;C;0.0650406032800674;180
100..300;19;8966384;T;C;0.0561055988073349;210
100..300;19;8966588;G;T;0.0276817008852958;200
100..300;19;8966760;A;G;0.0609756000339984;170
100..300;19;8967127;C;T;0.0331754013895988;140
100..300;19;8972448;A;G;0.0598802007734775;125
100..300;19;9115009;C;T;0.0389971993863582;245
100..300;19;9115341;G;C;0.0410095006227493;220
100..300;19;9115516;G;A;0.0247252993285655;250
100..300;19;9126210;G;A;0.0415511988103389;260
100..300;19;9126759;G;A;0.0878859981894493;290
100..300;19;9126866;C;T;0.0528967007994651;260
100..300;19;9529645;A;G;0.0760233998298645;115
100..300;19;9683302;T;C;0.0669642984867096;145
100..300;19;9758010;A;T;0.0238908007740974;205
100..300;19;9969560;T;C;0.0333333015441894;135
100..300;19;10111179;T;C;0.0452261008322238;145
100..300;19;10259814;A;T;0.0310881007462739;135
100..300;19;10284116;A;G;0.0326974987983703;245
100..300;19;10308454;T;C;0.0669974982738494;275
100..300;19;10315746;C;A;0.0819671973586082;125
100..300;19;10315952;C;T;0.0687500014901161;220
100..300;19;10321123;T;G;0.0632183998823165;125
100..300;19;10489766;C;G;0.054644800722599;235
100..300;19;10557997;G;A;0.027131799608469;185
100..300;19;10559508;G;C;0.0490956008434295;255
100..300;19;10581324;C;T;0.0637584030628204;190
100..300;19;10829116;C;T;0.0467289984226226;205
100..300;19;10833364;G;A;0.033195000141859;165
100..300;19;10850348;G;C;0.0483383983373642;220
100..300;19;10994932;C;T;0.0357994996011257;280
100..300;19;11060163;C;T;0.0481927990913391;170
100..300;19;11131368;A;G;0.051597099751234;275
100..300;19;11208956;T;C;0.0454544983804225;210
100..300;19;11221894;A;T;0.0511945001780986;190
100..300;19;11222920;C;T;0.055970199406147;200
100..300;19;11236817;C;T;0.0354610010981559;180
100..300;19;11239664;G;C;0.051162801682949;155
100..300;19;11239812;T;C;0.0403800010681152;270
100..300;19;11359694;G;C;0.0381943993270397;200
100..300;19;11397501;A;G;0.0507462993264198;220
100..300;19;11487425;A;G;0.0463215000927448;250
100..300;19;12551311;T;C;0.0556900985538959;265
100..300;19;12847883;C;T;0.0334927998483181;130
100..300;19;12852329;C;T;0.0457746013998985;195
100..300;19;12874762;G;A;0.0431655012071132;280
100..300;19;12878746;A;G;0.0435966998338699;235
100..300;19;13144774;T;C;0.0306122004985809;190
100..300;19;13153584;T;C;0.0634920969605445;205
100..300;19;13757855;A;G;0.0617646984755992;215
100..300;19;13768808;C;T;0.0748898983001709;160
100..300;19;13772285;G;A;0.0370370000600814;140
100..300;19;13954529;C;T;0.0465838015079498;210
100..300;19;13972949;C;T;0.0731706991791725;135
100..300;19;14051864;C;A;0.0518134981393814;140
100..300;19;14054466;A;G;0.0333333015441894;285
100..300;19;14718937;T;C;0.0492307990789413;225
100..300;19;14752338;A;G;0.0226415004581213;180
100..300;19;14799628;A;G;0.0612744987010955;280
100..300;19;14827804;C;T;0.0494117997586727;285
100..300;19;14852340;T;C;0.0472972989082336;110
100..300;19;14864615;G;A;0.03125;250
100..300;19;14880627;G;T;0.0419161990284919;220
100..300;19;14880647;T;C;0.0436046011745929;225
100..300;19;14916441;C;T;0.0792682990431785;115
100..300;19;14917284;C;T;0.043010801076889;125
100..300;19;14927469;C;T;0.0811688005924224;205
100..300;19;14968292;A;G;0.0366972014307975;155
100..300;19;15010495;G;C;0.091286301612854;160
100..300;19;15087213;T;A;0.0386473014950752;275
100..300;19;15087795;T;C;0.0479233004152774;215
100..300;19;15087940;C;T;0.0398772992193698;225
100..300;19;15088040;T;A;0.0630915015935897;210
100..300;19;15110039;A;G;0.057142898440361;105
100..300;19;15111617;G;A;0.0530303008854389;170
100..300;19;15119182;G;A;0.0555556006729602;220
100..300;19;15119408;G;C;0.0634327977895736;195
100..300;19;15431044;C;T;0.0445681996643543;235
100..300;19;15454835;A;G;0.0488432012498378;250
100..300;19;15469847;A;G;0.035598699003458;190
100..300;19;15611659;A;G;0.0298507008701562;190
100..300;19;15611669;C;T;0.0297030005604028;210
100..300;19;15612073;G;A;0.0456621013581752;150
100..300;19;15615778;A;C;0.0466200001537799;280
100..300;19;15619692;T;C;0.0413437001407146;255
100..300;19;15629544;T;C;0.0284359995275735;135
100..300;19;15647117;C;T;0.154121994972229;195
100..300;19;15649205;G;A;0.061403501778841;220
100..300;19;15649243;A;G;0.0501474998891353;215
100..300;19;15652881;A;G;0.0591397993266582;250
100..300;19;15652911;A;G;0.0342104993760585;240
100..300;19;15652965;A;G;0.0513833984732627;165
100..300;19;15658569;C;G;0.046204600483179;215
100..300;19;15658719;T;G;0.0392156988382339;175
100..300;19;15658720;T;C;0.0390625;175
100..300;19;15658815;G;A;0.1088709980249404;165
100..300;19;15664165;T;G;0.0557940006256103;160
100..300;19;15664357;G;T;0.051282100379467;160
100..300;19;15664400;C;T;0.0277778003364801;100
100..300;19;15742062;A;G;0.0412087999284267;250
100..300;19;15761226;T;A;0.0575915984809398;150
100..300;19;16111928;T;C;0.0581040009856224;210
100..300;19;16402502;A;T;0.0540541000664234;120
100..300;19;16509491;T;C;0.0416667014360427;110
100..300;19;16893238;C;T;0.0702340975403785;195
100..300;19;16897767;C;G;0.0414937995374202;150
100..300;19;16907068;A;G;0.0416667014360427;180
100..300;19;17060075;T;C;0.0560000017285347;165
100..300;19;17082741;G;A;0.0327868983149528;195
100..300;19;17250255;T;C;0.027522899210453;220
100..300;19;17250307;A;G;0.0538461990654468;260
100..300;19;17255504;T;C;0.0554017014801502;225
100..300;19;17256626;C;T;0.0527950003743171;225
100..300;19;17276367;G;A;0.0533333010971546;195
100..300;19;17278839;T;C;0.0329670011997222;125
100..300;19;17278895;A;G;0.0378006994724273;190
100..300;19;17283116;A;C;0.0412087999284267;250
100..300;19;17286435;T;C;0.0450000017881393;270
100..300;19;17365336;A;T;0.0453074015676975;210
100..300;19;17455825;A;T;0.032846700400114;165
100..300;19;17726281;T;C;0.0315788984298706;195
100..300;19;17726703;A;G;0.0281125009059906;150
100..300;19;17808215;T;A;0.0836120024323463;215
100..300;19;17811986;A;G;0.0746752992272377;210
100..300;19;17821329;C;T;0.0452488996088504;150
100..300;19;17821381;C;T;0.0472972989082336;190
100..300;19;17821480;T;C;0.0382978990674018;160
100..300;19;17830485;C;T;0.0872092992067337;115
100..300;19;17841376;T;G;0.0677966028451919;170
100..300;19;18010345;A;G;0.0310344994068145;195
100..300;19;18010657;T;C;0.0408921986818313;185
100..300;19;18048706;C;T;0.0439882986247539;220
100..300;19;18069603;G;C;0.0837837979197502;240
100..300;19;18069641;G;A;0.1002790033817291;235
100..300;19;18075765;A;G;0.0679244995117187;165
100..300;19;18075808;C;T;0.0774647966027259;180
100..300;19;18077598;T;C;0.0637118965387344;220
100..300;19;18086825;A;G;0.0949074029922485;280
100..300;19;18107634;G;A;0.0872483029961586;195
100..300;19;18175134;A;G;0.0531250014901161;215
100..300;19;18177259;G;A;0.0574017986655235;210
100..300;19;18193890;G;A;0.0383275002241134;190
100..300;19;18195014;T;C;0.0489795990288257;150
100..300;19;18264798;A;G;0.0365854017436504;240
100..300;19;18265005;A;G;0.0557490997016429;195
100..300;19;18265036;A;G;0.0709459036588668;205
100..300;19;18265072;C;G;0.0659340992569923;190
100..300;19;18265707;T;C;0.0384614989161491;260
100..300;19;18266951;G;A;0.0353774018585681;290
100..300;19;18386327;A;G;0.0437018014490604;270
100..300;19;18903439;T;C;0.0258620996028184;160
100..300;19;18907053;A;G;0.0389222018420696;215
100..300;19;18994450;A;G;0.0408921986818313;170
100..300;19;19101849;A;G;0.0721649006009101;190
100..300;19;19133224;T;C;0.0578230991959571;195
100..300;19;19196988;T;C;0.0361445993185043;165
100..300;19;19248691;G;C;0.0581394992768764;125
100..300;19;19269787;T;G;0.0215827003121376;180
100..300;19;19276934;C;A;0.0699300989508628;190
100..300;19;19279376;A;G;0.0530611984431743;160
100..300;19;19495825;A;G;0.0688775032758712;255
100..300;19;19496039;T;C;0.0414200983941555;125
100..300;19;19514738;G;A;0.0439560003578662;225
100..300;19;19535463;C;T;0.064935103058815;160
100..300;19;20023037;T;C;0.0446734987199306;190
100..300;19;20645716;G;A;0.0796020030975341;130
100..300;19;21150004;T;C;0.1059909984469413;150
100..300;19;21294629;C;T;0.0281125009059906;155
100..300;19;21361769;A;G;0.0504586994647979;150
100..300;19;21405116;T;G;0.0788177028298378;125
100..300;19;21536599;C;T;0.0739436969161033;195
100..300;19;22138132;A;C;0.0452674999833107;170
100..300;19;22138443;G;A;0.023166000843048;180
100..300;19;22138454;C;T;0.0502091981470584;165
100..300;19;22138471;T;C;0.020661199465394;165
100..300;19;22193066;T;C;0.0570341981947422;165
100..300;19;22368660;T;C;0.0365297012031078;145
100..300;19;22601267;A;G;0.0634146034717559;145
100..300;19;22602332;C;T;0.0394737012684345;110
100..300;19;22603239;G;A;0.0407240018248558;160
100..300;19;22603324;A;T;0.0634146034717559;140
100..300;19;22609794;G;A;0.0281690005213022;100
100..300;19;22610236;G;A;0.0320512987673282;105
100..300;19;22610281;G;A;0.0470587983727455;120
100..300;19;22699383;G;A;0.0573248006403446;105
100..300;19;22699577;T;C;0.0399999991059303;210
100..300;19;22769309;G;A;0.0432900004088878;150
100..300;19;23385152;T;C;0.0256409998983144;175
100..300;19;23935813;G;A;0.0399999991059303;125
100..300;19;32482171;T;C;0.0679612010717392;195
100..300;19;32802701;T;C;0.0714285969734191;140
100..300;19;32810265;T;C;0.0328947007656097;105
100..300;19;32818124;T;A;0.0531250014901161;200
100..300;19;32826678;A;AAC;0.0569106005132198;175
100..300;19;32881908;A;G;0.0434782989323139;220
100..300;19;32923514;G;A;0.0592592991888523;170
100..300;19;32976507;T;C;0.0290236994624137;245
100..300;19;32976609;C;T;0.0449101999402046;220
100..300;19;32991915;A;G;0.0410959012806415;195
100..300;19;33126602;A;G;0.0374150015413761;195
100..300;19;33126677;T;C;0.0440098010003566;260
100..300;19;33415196;G;A;0.0382978990674018;150
100..300;19;33415204;T;C;0.0386266000568866;150
100..300;19;33415217;C;T;0.03913040086627;145
100..300;19;33589605;C;G;0.0413222983479499;165
100..300;19;33624642;C;T;0.1169349998235702;170
100..300;19;34093232;G;A;0.1295769959688186;235
100..300;19;34684844;G;C;0.0452261008322238;140
100..300;19;34931904;T;C;0.0655172020196914;180
100..300;19;34943544;G;A;0.0773809999227523;125
100..300;19;34958169;A;G;0.0631313025951385;275
100..300;19;34958505;A;G;0.0498812012374401;290
100..300;19;34958856;C;G;0.0501393005251884;250
100..300;19;34963670;C;T;0.0346020981669425;195
100..300;19;35151403;G;T;0.0341879986226558;235
100..300;19;35228354;A;G;0.0473373010754585;235
100..300;19;35228674;A;G;0.0273972991853952;150
100..300;19;35250553;C;T;0.0691642984747886;245
100..300;19;35266347;A;G;0.0391061007976532;120
100..300;19;35279153;A;G;0.0240000002086162;260
100..300;19;35279161;T;C;0.0378377996385097;255
100..300;19;35279271;G;A;0.061728399246931;170
100..300;19;35352468;A;G;0.0593607015907764;155
100..300;19;35383161;G;A;0.0520832985639572;130
100..300;19;35511808;A;C;0.057142898440361;145
100..300;19;35513269;A;C;0.0620524995028972;290
100..300;19;35542558;T;C;0.0509258992969989;140
100..300;19;35547319;C;T;0.0784884020686149;230
100..300;19;35622688;G;A;0.0377907007932662;225
100..300;19;35716200;A;G;0.0387097001075744;215
100..300;19;35768513;A;G;0.0684411004185676;175
100..300;19;35777869;T;C;0.0870871022343635;220
100..300;19;35779013;C;T;0.0705882012844085;110
100..300;19;35780237;T;C;0.1141299977898597;130
100..300;19;35785501;G;T;0.0914634019136428;120
100..300;19;35787568;G;C;0.0643275007605552;230
100..300;19;35812019;C;T;0.099056601524353;145
100..300;19;35812762;C;G;0.0872273966670036;210
100..300;19;35831368;T;C;0.0753137990832328;170
100..300;19;36058788;T;C;0.0426229014992713;200
100..300;19;36084743;A;G;0.0661764964461326;180
100..300;19;36111195;T;C;0.0618556998670101;195
100..300;19;36547190;C;T;0.0280000008642673;170
100..300;19;36548167;C;A;0.0684932023286819;195
100..300;19;36627537;T;C;0.0294118002057075;110
100..300;19;36656428;G;T;0.0257511008530855;155
100..300;19;36719627;G;A;0.0801687985658645;165
100..300;19;38082254;T;C;0.0513447001576423;280
100..300;19;38082499;T;G;0.0385964997112751;195
100..300;19;38100060;C;T;0.0488505996763706;215
100..300;19;38218912;T;C;0.0607477016746997;145
100..300;19;38466199;T;C;0.0216345991939306;290
100..300;19;38469040;T;C;0.0650684982538223;180
100..300;19;38706105;T;C;0.0898875966668129;120
100..300;19;39085357;A;G;0.0459016002714633;195
100..300;19;39098549;T;C;0.0536278001964092;200
100..300;19;39100315;A;G;0.0619834996759891;160
100..300;19;39408027;T;C;0.0204082001000642;280
100..300;19;39423668;T;C;0.0233332999050617;210
100..300;19;39424108;A;G;0.0481012985110282;275
100..300;19;39424997;A;G;0.0409835986793041;165
100..300;19;39425118;G;C;0.0276679992675781;185
100..300;19;39435881;A;G;0.0192307997494936;250
100..300;19;39464893;A;G;0.0410256013274192;260
100..300;19;39480792;C;G;0.0410959012806415;190
100..300;19;39500597;G;C;0.0285714007914066;110
100..300;19;39504071;C;T;0.0408162996172905;180
100..300;19;39505387;T;C;0.0249221008270978;215
100..300;19;39534557;C;T;0.0935672968626022;120
100..300;19;39924363;G;C;0.0407240018248558;150
100..300;19;39927135;A;G;0.0371621996164321;200
100..300;19;39927676;A;G;0.024024000391364;230
100..300;19;39972455;C;T;0.0222929995507001;205
100..300;19;40380316;A;G;0.0815709978342056;220
100..300;19;40395104;C;G;0.0582277998328208;280
100..300;19;40395589;C;T;0.045092798769474;260
100..300;19;40395697;G;A;0.0749280005693435;240
100..300;19;40395707;G;A;0.0753012001514434;240
100..300;19;40398695;A;G;0.0454544983804225;250
100..300;19;40423037;G;A;0.058620698750019;200
100..300;19;40423456;C;T;0.0786164030432701;215
100..300;19;40441541;G;A;0.0541400983929634;215
100..300;19;40441844;A;G;0.0292553007602691;255
100..300;19;40576962;C;T;0.033457200974226;170
100..300;19;40577538;T;C;0.0647481977939605;285
100..300;19;40590283;G;A;0.0938337966799736;255
100..300;19;40605163;A;G;0.0848328992724418;265
100..300;19;40611963;G;A;0.0407240018248558;155
100..300;19;40612150;G;A;0.0262008998543024;145
100..300;19;40622404;T;C;0.0284359995275735;135
100..300;19;40623937;T;C;0.0740740969777107;170
100..300;19;40822291;T;C;0.1410260051488876;195
100..300;19;40877248;G;A;0.0963302999734878;265
100..300;19;40908576;A;G;0.0266667008399963;195
100..300;19;41116202;GC;G;0.0831168964505195;265
100..300;19;41116284;A;G;0.123208999633789;240
100..300;19;41414125;T;C;0.0506329014897346;205
100..300;19;41709949;G;A;0.0627802982926368;290
100..300;19;41709953;C;T;0.0630630999803543;290
100..300;19;42287842;C;T;0.0301204994320869;235
100..300;19;42401872;A;G;0.0348837003111839;100
100..300;19;42855719;T;G;0.0389610007405281;115
100..300;19;42867140;T;A;0.0678571015596389;175
100..300;19;42867142;A;C;0.0678571015596389;180
100..300;19;43195184;C;T;0.0786516964435577;285
100..300;19;43195265;G;A;0.1139239966869354;160
100..300;19;43205467;T;C;0.1303260028362274;185
100..300;19;43205495;A;G;0.1435080021619796;220
100..300;19;43212386;G;A;0.0734265968203544;190
100..300;19;43269447;C;T;0.0918918997049331;230
100..300;19;43406497;T;G;0.0646388009190559;170
100..300;19;43417909;G;A;0.0568181984126567;115
100..300;19;43553432;C;G;0.0877192988991737;155
100..300;19;43578639;C;T;0.0636703968048095;160
100..300;19;43581675;T;C;0.0367893017828464;200
100..300;19;43614201;A;G;0.0429864004254341;295
100..300;19;43626301;A;G;0.0355556011199951;145
100..300;19;43652320;C;T;0.078947402536869;195
100..300;19;43718961;A;G;0.0622836984694004;195
100..300;19;43718986;T;G;0.0576923005282878;180
100..300;19;43848487;A;G;0.0932642966508865;140
100..300;19;43873517;A;G;0.0751444995403289;120
100..300;19;43913423;G;A;0.0707070976495742;130
100..300;19;43914528;C;G;0.0348258987069129;140
100..300;19;43914541;C;T;0.0315788984298706;135
100..300;19;43914672;T;C;0.0478468984365463;150
100..300;19;44106690;T;C;0.0458716005086898;160
100..300;19;44387622;T;C;0.0754716992378234;230
100..300;19;44388006;T;C;0.035598699003458;215
100..300;19;44392323;G;C;0.0778442993760109;110
100..300;19;44477583;C;T;0.0397351011633873;115
100..300;19;44477615;C;T;0.0434782989323139;110
100..300;19;44520547;C;G;0.0454544983804225;205
100..300;19;44524136;C;T;0.0269607994705438;270
100..300;19;44524198;A;G;0.0345821008086204;235
100..300;19;44900864;A;G;0.0520231015980243;125
100..300;19;45218338;A;G;0.0365854017436504;110
100..300;19;45238753;G;C;0.0316900983452796;210
100..300;19;45238836;A;G;0.0360656008124351;215
100..300;19;45409085;G;A;0.0278552006930112;255
100..300;19;45409148;A;G;0.0302115008234977;235
100..300;19;45414987;A;G;0.0375722981989383;230
100..300;19;45621273;A;G;0.1146790012717247;140
100..300;19;45678134;C;G;0.0209302008152008;295
100..300;19;45687763;G;A;0.0566038005053997;180
100..300;19;45698914;T;C;0.0283688008785247;105
100..300;19;45761705;T;C;0.041176501661539;230
100..300;19;45901321;G;A;0.0613497011363506;105
100..300;19;45995095;G;C;0.0485075004398822;165
100..300;19;46016768;G;A;0.0317847989499568;250
100..300;19;46023040;G;T;0.0246913991868495;120
100..300;19;46160633;G;A;0.0874999985098838;170
100..300;19;46353758;T;C;0.0439999997615814;170
100..300;19;46470724;A;G;0.0643431991338729;270
100..300;19;46470976;A;G;0.0543806999921798;220
100..300;19;46471049;C;A;0.0833332985639572;110
100..300;19;46634202;T;C;0.0327868983149528;150
100..300;19;46775681;A;G;0.0394737012684345;155
100..300;19;47309908;A;G;0.0408162996172905;195
100..300;19;47353079;T;C;0.0407523997128009;215
100..300;19;47539719;T;C;0.0323740988969802;180
100..300;19;47545258;C;T;0.0398670993745327;200
100..300;19;47716672;A;G;0.0479233004152774;205
100..300;19;47745650;C;G;0.0401460006833076;175
100..300;19;47751542;C;T;0.0546875;170
100..300;19;47756530;T;C;0.0333333015441894;170
100..300;19;48067815;G;T;0.0375940017402172;175
100..300;19;48297494;A;C;0.0366492010653018;135
100..300;19;48297534;G;A;0.0375000014901161;115
100..300;19;48298169;C;T;0.0304054003208875;205
100..300;19;48302758;T;C;0.0868263021111488;220
100..300;19;48464758;T;C;0.0557940006256103;165
100..300;19;48575989;T;C;0.0540541000664234;260
100..300;19;48592808;T;C;0.0226415004581213;165
100..300;19;48613102;C;T;0.0221606995910406;250
100..300;19;48613181;G;A;0.0288714002817869;260
100..300;19;48629377;A;G;0.0231213998049497;230
100..300;19;48713350;A;G;0.0341615006327629;220
100..300;19;48799813;C;G;0.0518134981393814;245
100..300;19;48831734;T;C;0.0520000010728836;165
100..300;19;48847892;T;C;0.056768599897623;160
100..300;19;48865586;C;T;0.0294118002057075;195
100..300;19;48873327;A;G;0.0553745999932289;205
100..300;19;48874062;G;A;0.0329411998391151;295
100..300;19;48874167;A;G;0.0450000017881393;275
100..300;19;48874179;C;G;0.0515463985502719;265
100..300;19;48874616;A;G;0.0529101006686687;260
100..300;19;48874661;T;G;0.0418994016945362;255
100..300;19;48896564;A;G;0.0368097983300685;105
100..300;19;48905747;C;T;0.0553506016731262;180
100..300;19;48918709;C;T;0.0365854017436504;155
100..300;19;48919180;T;A;0.0326086990535259;130
100..300;19;48961106;T;C;0.0529800988733768;105
100..300;19;48966729;T;C;0.0494296997785568;170
100..300;19;49030123;T;G;0.0432431995868682;130
100..300;19;49056261;G;C;0.0573769994080066;170
100..300;19;49056436;C;T;0.0420712009072303;215
100..300;19;49118335;C;G;0.0414365008473396;235
100..300;19;49154952;C;A;0.041542999446392;235
100..300;19;49155110;T;C;0.0326633006334304;270
100..300;19;49155133;C;T;0.0398936010897159;265
100..300;19;49157855;A;G;0.0261193998157978;170
100..300;19;49290771;T;G;0.0368421003222465;130
100..300;19;49365794;G;T;0.0609318986535072;190
100..300;19;49374858;A;G;0.0382352992892265;225
100..300;19;49374939;A;G;0.0435835011303424;260
100..300;19;49745244;C;T;0.0424929000437259;220
100..300;19;49746648;C;T;0.0434782989323139;220
100..300;19;49747144;T;C;0.0476190000772476;190
100..300;19;49901622;T;C;0.03125;130
100..300;19;50232083;T;C;0.0382774993777275;140
100..300;19;50249640;A;G;0.0391459017992019;190
100..300;19;50250613;T;C;0.0229007992893457;255
100..300;19;50260629;T;C;0.0604838989675045;155
100..300;19;50286710;A;G;0.0536913014948368;105
100..300;19;50359511;T;C;0.0333333015441894;190
100..300;19;50758694;T;G;0.0355871990323066;185
100..300;19;50758799;C;T;0.0769231021404266;185
100..300;19;50858059;T;C;0.0404857993125915;180
100..300;19;51000268;C;T;0.0285714007914066;150
100..300;19;51003764;G;T;0.1278200000524521;170
100..300;19;51014966;A;G;0.0685714036226272;105
100..300;19;51016090;C;G;0.0743243023753166;195
100..300;19;51019030;T;C;0.0710059031844139;110
100..300;19;51185559;G;T;0.0264900997281074;285
100..300;19;51185948;C;A;0.0489129982888698;115
100..300;19;51225221;T;C;0.060377400368452;180
100..300;19;51235662;A;G;0.0459770001471042;235
100..300;19;51347036;A;G;0.0573065988719463;215
100..300;19;51497405;A;G;0.0601503998041152;245
100..300;19;51498028;A;G;0.0726644024252891;200
100..300;19;51693200;C;T;0.0581394992768764;110
100..300;19;51693559;C;G;0.0522647984325885;200
100..300;19;51746963;G;A;0.0470587983727455;225
100..300;19;51824531;T;C;0.0518731996417045;245
100..300;19;51945416;C;G;0.0380623005330562;195
100..300;19;52016987;A;G;0.0432691983878612;140
100..300;19;52017119;T;C;0.0393257997930049;125
100..300;19;52018043;A;G;0.0300751999020576;170
100..300;19;52033949;T;C;0.0643777027726173;165
100..300;19;52034323;G;T;0.0602094009518623;260
100..300;19;52035175;G;A;0.0243902001529932;125
100..300;19;52067461;G;C;0.05327869951725;170
100..300;19;52067530;G;A;0.0346320010721683;155
100..300;19;52406707;A;G;0.0664206966757774;190
100..300;19;52800452;G;T;0.0578035004436969;255
100..300;19;52841448;G;A;0.0760869979858398;260
100..300;19;52841923;T;C;0.0428211987018585;275
100..300;19;52923359;T;C;0.031055899336934;105
100..300;19;53109467;C;T;0.0569106005132198;175
100..300;19;53109736;G;A;0.036923099309206;230
100..300;19;53129643;A;G;0.0666666999459266;170
100..300;19;53289789;A;G;0.1270589977502823;275
100..300;19;53290321;G;A;0.0803570970892906;220
100..300;19;53490416;A;G;0.0345821008086204;235
100..300;19;53616908;A;T;0.0553191006183624;165
100..300;19;54012161;C;G;0.0303029995411634;160
100..300;19;54508187;A;G;0.0581394992768764;235
100..300;19;54537051;T;C;0.0769231021404266;100
100..300;19;54936244;T;G;0.0442803986370563;180
100..300;19;55187587;T;C;0.0505618005990982;115
100..300;19;55196507;T;C;0.0804020017385482;145
100..300;19;55197189;G;A;0.0879765003919601;230
100..300;19;55197205;A;G;0.0463215000927448;240
100..300;19;55198706;A;G;0.0413792990148067;195
100..300;19;55202167;A;G;0.0902777984738349;285
100..300;19;55203941;T;C;0.0480348989367485;295
100..300;19;55203974;T;C;0.0584269985556602;295
100..300;19;55227378;A;G;0.0517798997461795;210
100..300;19;55228237;T;C;0.0446009002625942;275
100..300;19;55228445;A;G;0.0566892996430397;295
100..300;19;55358892;A;G;0.0686812996864318;265
100..300;19;55454979;T;C;0.0416667014360427;155
100..300;19;55486895;T;C;0.0418410003185272;140
100..300;19;55529865;T;C;0.0303029995411634;125
100..300;19;55541034;T;G;0.0464547984302043;270
100..300;19;55810151;C;T;0.0645160973072052;125
100..300;19;55861524;T;C;0.0262171998620033;170
100..300;19;55898856;T;C;0.032345000654459;235
100..300;19;55973711;G;A;0.0485830008983612;155
100..300;19;55976237;G;A;0.0493420995771884;190
100..300;19;56003968;T;C;0.1007750034332275;260
100..300;19;56008784;G;C;0.0229508001357316;205
100..300;19;56027610;C;G;0.049261100590229;280
100..300;19;56027874;T;C;0.0513595007359981;245
100..300;19;56191879;A;G;0.0376811996102333;230
100..300;19;56384127;T;C;0.0700388997793197;170
100..300;19;56442216;C;T;0.1389960050582885;175
100..300;19;56550703;C;T;0.0290456004440784;165
100..300;19;56550704;C;T;0.0371900983154773;165
100..300;19;56553820;C;T;0.0721649006009101;130
100..300;19;56823654;A;G;0.06007070094347;185
100..300;19;57131414;A;C;0.0574713014066219;175
100..300;19;57326650;G;C;0.0692041963338851;185
100..300;19;57329179;G;A;0.0565476007759571;240
100..300;19;57353781;T;C;0.0441767014563083;150
100..300;19;57357511;C;T;0.0542005002498626;255
100..300;19;57398459;T;G;0.026393000036478;205
100..300;19;57445460;G;T;0.1116499975323677;135
100..300;19;57475736;T;C;0.0481586009263992;225
100..300;19;57506385;A;C;0.0217390991747379;195
100..300;19;57506386;G;A;0.0290908999741077;195
100..300;19;57506390;C;G;0.0279719997197389;200
100..300;19;57508524;A;G;0.0711743980646133;185
100..300;19;57513074;A;G;0.0452261008322238;125
100..300;19;57639970;T;TG;0.0580357015132904;150
100..300;19;57980259;C;T;0.0532318986952304;180
100..300;19;57999782;T;C;0.0536397993564605;170
100..300;19;58067210;T;C;0.1075790002942085;280
100..300;19;58089854;C;T;0.0696517005562782;145
100..300;19;58294717;C;T;0.0401460006833076;175
100..300;19;58409929;G;A;0.0390625;175
100..300;19;58415848;T;C;0.0483091995120048;265
100..300;19;58416932;T;A;0.0471463985741138;270
100..300;19;58416942;T;C;0.0471698008477687;280
100..300;19;58434836;T;C;0.0646388009190559;190
100..300;19;58435466;C;T;0.0636363998055458;145
100..300;19;58511799;A;G;0.0644067972898483;195
100..300;19;58511807;G;A;0.0633333027362823;200
100..300;19;58563286;C;T;0.0366666987538337;215
100..300;2;41647;G;A;0.0652173981070518;120
100..300;2;242800;C;T;0.0511364005506038;110
100..300;2;243504;T;C;0.0478468984365463;140
100..300;2;277250;A;G;0.0377358011901378;140
100..300;2;1173095;A;C;0.0487805008888244;130
100..300;2;1477583;A;G;0.0420560985803604;125
100..300;2;3606252;A;C;0.0594315007328987;255
100..300;2;3778797;C;T;0.06751050055027;150
100..300;2;6496292;T;G;0.0451388992369174;215
100..300;2;6849889;T;C;0.0394088998436927;135
100..300;2;9356162;C;T;0.0333333015441894;165
100..300;2;9388407;C;G;0.0445434004068374;295
100..300;2;9494727;G;A;0.0813954025506973;110
100..300;2;9954863;G;A;0.0507245995104312;195
100..300;2;9986202;A;G;0.0424241982400417;200
100..300;2;9986288;G;A;0.0714285969734191;130
100..300;2;9992146;C;T;0.0706522017717361;115
100..300;2;10772593;A;G;0.1138209998607635;155
100..300;2;10819258;G;A;0.0965908989310264;115
100..300;2;10819281;C;A;0.0867346972227096;130
100..300;2;10819335;T;G;0.0697674006223678;140
100..300;2;10819349;C;G;0.0594595000147819;120
100..300;2;10820826;A;G;0.1086139976978302;170
100..300;2;11102484;T;C;0.0286737997084856;190
100..300;2;11211739;C;T;0.0530611984431743;160
100..300;2;11249781;T;C;0.0751444995403289;115
100..300;2;11588728;A;G;0.0523810014128685;140
100..300;2;11611040;T;C;0.0849673002958297;110
100..300;2;11618390;G;C;0.0507462993264198;230
100..300;2;11765750;T;C;0.0282486006617546;125
100..300;2;11802956;T;C;0.0385964997112751;185
100..300;2;15628722;A;AT;0.0594595000147819;135
100..300;2;17284591;T;G;0.0591715984046459;125
100..300;2;17284745;C;T;0.0936169996857643;155
100..300;2;17284808;G;A;0.1215469986200332;120
100..300;2;17385367;G;A;0.1179250031709671;150
100..300;2;17385589;T;C;0.0465116016566753;150
100..300;2;17515852;A;T;0.0599999986588954;105
100..300;2;17805416;T;G;0.0552994981408119;145
100..300;2;18555347;G;A;0.0487805008888244;145
100..300;2;20251684;A;G;0.0569619983434677;105
100..300;2;20619004;T;C;0.0596490986645221;195
100..300;2;20638462;T;C;0.0390625;255
100..300;2;20685561;A;C;0.0511364005506038;115
100..300;2;20858504;A;G;0.1721850037574768;100
100..300;2;21002628;G;A;0.0559441000223159;105
100..300;2;21022941;A;G;0.0557490997016429;190
100..300;2;21028042;A;G;0.1111110001802444;100
100..300;2;23562463;A;G;0.0357142984867095;125
100..300;2;23703363;T;C;0.0405405014753341;150
100..300;2;23872415;C;A;0.0726256966590881;130
100..300;2;24821548;A;G;0.0330188982188701;135
100..300;2;24824539;G;A;0.0487805008888244;110
100..300;2;24841324;A;G;0.125;135
100..300;2;25246633;T;C;0.0510637983679771;155
100..300;2;26141157;G;T;0.0568181984126567;115
100..300;2;26232259;A;G;0.1011900007724762;110
100..300;2;26280007;C;T;0.1139239966869354;100
100..300;2;26282990;G;A;0.0974576026201248;155
100..300;2;26311030;T;C;0.0504201985895633;255
100..300;2;26444262;G;A;0.0486322008073329;210
100..300;2;26477832;A;G;0.0398406013846397;170
100..300;2;26792112;C;T;0.0633483976125717;150
100..300;2;26792250;A;G;0.0682926997542381;140
100..300;2;26940176;C;T;0.0521739013493061;155
100..300;2;26941938;A;G;0.0894737020134925;135
100..300;2;27056145;G;A;0.1235290020704269;115
100..300;2;27092384;A;G;0.0477816015481948;185
100..300;2;27100517;T;C;0.0377358011901378;140
100..300;2;27137019;T;C;0.0660146996378898;280
100..300;2;27212297;A;G;0.0240384992212057;140
100..300;2;27233506;A;G;0.0478087998926639;175
100..300;2;27236496;C;T;0.0335195995867252;130
100..300;2;27255363;G;A;0.0485174991190433;250
100..300;2;27256909;A;C;0.0663506984710693;145
100..300;2;27258784;C;A;0.062314499169588;220
100..300;2;28539114;C;G;0.0409091003239154;145
100..300;2;28601936;A;G;0.0198020003736019;190
100..300;2;28632091;T;C;0.1098589971661567;230
100..300;2;28642894;C;T;0.1061640009284019;195
100..300;2;28906552;G;A;0.058823499828577;100
100..300;2;28956586;C;G;0.0261193998157978;170
100..300;2;29002636;G;T;0.0395136997103691;210
100..300;2;29002638;C;T;0.0396341010928154;210
100..300;2;29033508;T;C;0.0679244995117187;170
100..300;2;29036677;C;T;0.0429798997938632;220
100..300;2;29051864;T;G;0.036923099309206;215
100..300;2;29133701;C;G;0.0471698008477687;125
100..300;2;29193615;C;T;0.0498442016541957;230
100..300;2;29223336;A;G;0.0826086997985839;150
100..300;2;29232333;T;A;0.052631601691246;140
100..300;2;30459604;T;A;0.0721153989434242;140
100..300;2;30734460;G;A;0.0595744997262954;155
100..300;2;31187787;T;C;0.0354330986738204;165
100..300;2;31188318;A;C;0.0803323984146118;235
100..300;2;31197277;T;C;0.0351759009063243;130
100..300;2;31339546;T;C;0.0712165981531143;220
100..300;2;31525140;G;C;0.0511364005506038;120
100..300;2;32177567;T;C;0.0528846010565757;135
100..300;2;32518906;G;A;0.0625;120
100..300;2;32575355;G;C;0.0456852987408638;135
100..300;2;32607616;T;C;0.0544747002422809;165
100..300;2;32758413;A;G;0.0395256988704204;170
100..300;2;33263352;A;G;0.0543932989239692;155
100..300;2;33539219;C;T;0.0617978014051914;115
100..300;2;37228089;A;C;0.0730594024062156;155
100..300;2;38075247;C;G;0.0349344983696937;150
100..300;2;38075401;A;G;0.0380434989929199;120
100..300;2;38285568;C;T;0.044871799647808;105
100..300;2;38309484;G;T;0.0857143029570579;115
100..300;2;38377209;G;A;0.0358305983245372;180
100..300;2;38822999;C;A;0.043010801076889;200
100..300;2;38855202;C;T;0.030927799642086;190
100..300;2;39615000;C;G;0.1530050039291381;115
100..300;2;43292838;T;C;0.0493827015161514;115
100..300;2;43844500;T;C;0.0438596010208129;135
100..300;2;43844604;G;A;0.0642201974987983;135
100..300;2;46759577;G;C;0.0677291005849838;170
100..300;2;46905488;A;G;0.0603015013039112;125
100..300;2;46993483;A;G;0.0241286996752023;230
100..300;2;47024371;C;G;0.0714285969734191;155
100..300;2;47369714;CG;C;0.0358744002878665;155
100..300;2;47803553;A;T;0.0394737012684345;250
100..300;2;48580657;C;A;0.0476190000772476;160
100..300;2;48580837;C;T;0.0511364005506038;230
100..300;2;48581013;C;G;0.073260098695755;190
100..300;2;48581743;A;T;0.0774907991290092;190
100..300;2;48581759;T;C;0.0662020966410636;200
100..300;2;52571655;C;G;0.0996309965848922;180
100..300;2;52572190;T;G;0.0380228012800216;185
100..300;2;52572436;T;A;0.0741688013076782;255
100..300;2;53808371;C;G;0.0327868983149528;155
100..300;2;53904017;T;C;0.0505618005990982;115
100..300;2;53923100;G;A;0.020661199465394;160
100..300;2;53970692;A;C;0.0269230995327234;155
100..300;2;54255852;T;C;0.1052630022168159;240
100..300;2;54267311;A;G;0.070270299911499;115
100..300;2;54360522;C;G;0.0659340992569923;120
100..300;2;54433405;T;C;0.0513833984732627;160
100..300;2;55254186;A;T;0.0497511997818946;130
100..300;2;55881747;C;T;0.1236559972167015;120
100..300;2;58460948;A;G;0.0361445993185043;175
100..300;2;58460955;G;C;0.0411522984504699;180
100..300;2;58461772;A;G;0.071240097284317;270
100..300;2;61842223;C;T;0.0505837015807628;165
100..300;2;63622357;C;T;0.1256539970636367;265
100..300;2;64100410;T;G;0.1625619977712631;125
100..300;2;64100458;C;T;0.1623930037021637;145
100..300;2;69514477;T;C;0.0555556006729602;160
100..300;2;69514621;C;CTGT;0.0729167014360427;255
100..300;2;69788049;T;C;0.0466667003929615;100
100..300;2;69806452;T;C;0.0418251007795333;165
100..300;2;69806517;A;G;0.0497238002717494;120
100..300;2;69935402;G;T;0.0825083032250404;200
100..300;2;70943677;T;C;0.0293160006403923;205
100..300;2;70963254;T;C;0.0902255997061729;175
100..300;2;70985000;T;C;0.0717822015285492;280
100..300;2;71077608;A;G;0.0541400983929634;200
100..300;2;71124357;A;G;0.1111110001802444;245
100..300;2;71190004;T;C;0.0780488029122352;140
100..300;2;71481990;A;G;0.0452488996088504;140
100..300;2;71515762;C;T;0.0882352963089943;135
100..300;2;71553118;T;C;0.0286624003201723;205
100..300;2;72480745;G;A;0.1005590036511421;120
100..300;2;72731204;C;T;0.0424709990620613;175
100..300;2;73081250;T;C;0.0395683012902736;195
100..300;2;73214257;G;C;0.0677291005849838;155
100..300;2;73264386;T;C;0.1040610000491142;255
100..300;2;73489683;A;G;0.0599078014492988;150
100..300;2;73489976;C;G;0.0520832985639572;200
100..300;2;74255765;C;T;0.0724638029932975;140
100..300;2;74262191;A;G;0.0601503998041152;165
100..300;2;74460654;A;G;0.0590277984738349;195
100..300;2;74498017;C;T;0.0821529999375343;245
100..300;2;74506814;A;G;0.0472222007811069;220
100..300;2;74673461;T;G;0.0437499992549419;100
100..300;2;74754710;T;A;0.0885417014360427;125
100..300;2;74754838;G;A;0.1267610043287277;100
100..300;2;75198602;G;A;0.0295202992856502;195
100..300;2;84669504;A;G;0.0594595000147819;130
100..300;2;85322745;G;A;0.0359281003475189;215
100..300;2;85326661;T;C;0.0365854017436504;225
100..300;2;85326957;A;G;0.0324999988079071;270
100..300;2;85341423;T;C;0.0349205993115901;220
100..300;2;85344587;G;A;0.0977011024951934;120
100..300;2;85398164;C;G;0.0374331995844841;130
100..300;2;85435513;T;C;0.0627306029200553;190
100..300;2;85542588;G;C;0.052631601691246;180
100..300;2;85553008;A;G;0.0413534007966518;180
100..300;2;85553413;T;C;0.0498442016541957;220
100..300;2;85579143;T;C;0.0326796993613243;200
100..300;2;85581614;G;A;0.0423280000686645;250
100..300;2;85591763;T;C;0.0459016002714633;190
100..300;2;85596916;A;G;0.0522647984325885;190
100..300;2;85599598;A;G;0.0191082991659641;200
100..300;2;85667185;T;G;0.0474137999117374;150
100..300;2;85668215;G;T;0.0493827015161514;160
100..300;2;85697606;T;C;0.0704225003719329;180
100..300;2;85698544;A;G;0.1052630022168159;230
100..300;2;85698557;G;T;0.1154860034584999;250
100..300;2;86751970;A;G;0.0631579011678695;130
100..300;2;88088038;C;A;0.058823499828577;160
100..300;2;88096601;A;G;0.049261100590229;135
100..300;2;88096604;G;C;0.0460829995572567;150
100..300;2;88096655;C;T;0.0402684994041919;195
100..300;2;88108440;C;T;0.0352941006422042;225
100..300;2;88110465;A;G;0.0355730988085269;165
100..300;2;88112086;T;A;0.0327868983149528;120
100..300;2;88529261;C;T;0.0710783973336219;275
100..300;2;94871823;T;C;0.0310078002512455;275
100..300;2;95575303;A;G;0.0693878009915351;170
100..300;2;95799803;C;A;0.0307691991329193;200
100..300;2;96116114;C;T;0.0540541000664234;130
100..300;2;96132566;T;C;0.058823499828577;165
100..300;2;96138368;A;G;0.0452830009162426;170
100..300;2;96277695;C;G;0.0464395992457866;220
100..300;2;98228211;G;C;0.1055900007486343;105
100..300;2;98236710;A;G;0.0936330035328865;170
100..300;2;98377671;G;A;0.0391061007976532;115
100..300;2;98533483;A;G;0.0576923005282878;105
100..300;2;98757257;C;T;0.042918499559164;160
100..300;2;99601618;A;G;0.0436364002525806;190
100..300;2;100480498;T;C;0.0492423996329307;170
100..300;2;101011463;T;C;0.1000000014901161;190
100..300;2;101022366;T;C;0.1169589981436729;225
100..300;2;101068666;T;C;0.1235959976911544;115
100..300;2;101860991;T;C;0.0425532013177871;120
100..300;2;102226007;C;T;0.108373999595642;130
100..300;2;102384942;T;C;0.1094530001282692;125
100..300;2;102478945;A;G;0.1104969978332519;240
100..300;2;105405031;G;C;0.0555556006729602;145
100..300;2;108002058;T;C;0.0670391023159027;130
100..300;2;108247194;C;A;0.1111110001802444;105
100..300;2;110968195;A;G;0.0426829010248184;115
100..300;2;110968234;G;A;0.0534759014844894;130
100..300;2;111092938;T;C;0.0874525010585784;170
100..300;2;111128755;T;C;0.0874999985098838;100
100..300;2;111898795;T;A;0.03125;120
100..300;2;111898815;A;G;0.0409356988966465;100
100..300;2;112022487;G;A;0.0567376017570495;200
100..300;2;112028314;T;C;0.039426501840353;195
100..300;2;112028472;A;G;0.0388889014720916;255
100..300;2;112028780;A;G;0.068249300122261;235
100..300;2;112494303;A;G;0.027131799608469;180
100..300;2;112588903;A;G;0.0256409998983144;125
100..300;2;112647131;A;G;0.1141870021820068;195
100..300;2;112722037;A;G;0.0945945978164672;150
100..300;2;112762552;A;G;0.0368097983300685;105
100..300;2;112832813;A;G;0.050000000745058;130
100..300;2;113028927;G;A;0.043715801090002;130
100..300;2;113074364;A;G;0.0449437983334064;170
100..300;2;113074368;C;T;0.0454544983804225;170
100..300;2;113132727;C;T;0.0341297015547752;200
100..300;2;117825524;A;G;0.0521739013493061;155
100..300;2;117975255;A;G;0.0363636016845703;185
100..300;2;119247993;T;C;0.0668693035840988;215
100..300;2;121239544;A;G;0.0515463985502719;120
100..300;2;121490256;G;A;0.09375;100
100..300;2;127068957;G;A;0.0589887984097003;235
100..300;2;127249498;T;A;0.0268817003816366;130
100..300;2;127564195;A;G;0.0346154011785984;165
100..300;2;127612342;T;C;0.0347825996577739;155
100..300;2;127631215;A;G;0.0459016002714633;195
100..300;2;127631287;C;G;0.0408162996172905;280
100..300;2;127635714;C;T;0.0380434989929199;125
100..300;2;127636225;C;T;0.0514018982648849;135
100..300;2;127637302;T;C;0.04736839979887;130
100..300;2;127637380;G;A;0.033057801425457;155
100..300;2;127706542;A;G;0.080717496573925;150
100..300;2;127738071;A;G;0.1129029989242553;115
100..300;2;127850610;T;C;0.0594595000147819;120
100..300;2;128182225;T;C;0.0606935992836952;220
100..300;2;132417191;T;C;0.0429798997938632;225
100..300;2;132560316;G;C;0.0830039978027343;170
100..300;2;132732028;G;A;0.0569106005132198;170
100..300;2;137663426;G;A;0.1392409950494766;105
100..300;2;148483494;A;C;0.0542005002498626;240
100..300;2;151275616;G;A;0.0527950003743171;220
100..300;2;151457871;A;G;0.0485436990857124;130
100..300;2;151525940;G;C;0.0885417014360427;120
100..300;2;151531039;C;T;0.1316729933023452;170
100..300;2;151565562;G;C;0.0846560969948768;115
100..300;2;151565573;G;A;0.0765027031302452;115
100..300;2;151633705;G;A;0.088068202137947;235
100..300;2;152611593;T;C;0.0483870990574359;120
100..300;2;158807087;C;T;0.1088439971208572;190
100..300;2;158815740;A;G;0.0420168004930019;160
100..300;2;159227962;C;A;0.0380228012800216;175
100..300;2;159230142;T;C;0.0425532013177871;200
100..300;2;159230143;G;A;0.0467626005411148;195
100..300;2;159230181;G;A;0.0303029995411634;185
100..300;2;159819839;C;T;0.0308880005031824;165
100..300;2;159854534;C;G;0.0377358011901378;105
100..300;2;160045006;G;A;0.064981997013092;195
100..300;2;161506555;A;G;0.1139239966869354;220
100..300;2;161839904;T;C;0.143885001540184;180
100..300;2;161983248;T;C;0.0506329014897346;100
100..300;2;162033598;G;C;0.0594595000147819;115
100..300;2;164729956;C;T;0.0372340008616447;125
100..300;2;165679408;T;C;0.1119130030274391;200
100..300;2;166441621;A;G;0.0697674006223678;145
100..300;2;168834219;C;T;0.0652173981070518;125
100..300;2;168908036;G;C;0.0643087029457092;210
100..300;2;169213838;C;T;0.0337079018354415;120
100..300;2;169510589;A;G;0.045016098767519;210
100..300;2;169531430;A;G;0.1081079989671707;165
100..300;2;169701587;G;A;0.0280374009162187;140
100..300;2;170602038;A;G;0.0482758991420269;200
100..300;2;170716430;A;G;0.03125;120
100..300;2;170792892;T;C;0.0520832985639572;120
100..300;2;171375293;G;C;0.0728477016091346;105
100..300;2;172475080;A;G;0.1033060029149055;160
100..300;2;172479746;G;A;0.1137439981102943;135
100..300;2;172487375;T;C;0.0621117986738681;215
100..300;2;172595912;C;T;0.1321589946746826;145
100..300;2;172797626;G;A;0.0487805008888244;105
100..300;2;173263785;T;C;0.1255809962749481;145
100..300;2;174310361;T;C;0.0623377002775669;275
100..300;2;174310653;A;C;0.0392156988382339;190
100..300;2;174423050;A;G;0.0601852014660835;140
100..300;2;174436269;A;G;0.0647059008479118;220
100..300;2;174759379;G;GA;0.0966183990240097;160
100..300;2;176100176;A;G;0.0433734990656375;275
100..300;2;176100358;A;G;0.0550162009894847;220
100..300;2;176242364;C;G;0.1202529966831207;110
100..300;2;177875895;C;A;0.0395256988704204;165
100..300;2;177997733;C;A;0.0754097998142242;195
100..300;2;178461008;T;C;0.054644800722599;130
100..300;2;178575302;A;G;0.0489509999752044;205
100..300;2;178576659;A;G;0.0652740970253944;250
100..300;2;178597767;G;A;0.0738636031746864;125
100..300;2;178918743;T;C;0.0382165983319282;200
100..300;2;179121826;C;T;0.092050202190876;150
100..300;2;179443301;T;C;0.0251572001725435;220
100..300;2;179945475;T;C;0.058823499828577;150
100..300;2;182983325;G;A;0.043715801090002;120
100..300;2;184936832;G;A;0.0653595030307769;110
100..300;2;184936870;G;A;0.0838709995150566;105
100..300;2;185796946;G;A;0.1861699968576431;125
100..300;2;186505946;C;G;0.0476190000772476;185
100..300;2;187002015;A;G;0.0606060996651649;165
100..300;2;187826093;A;G;0.0681817978620529;125
100..300;2;188994347;A;T;0.0821918025612831;100
100..300;2;188999354;A;G;0.0300428997725248;185
100..300;2;189039477;G;A;0.0288462005555629;205
100..300;2;189088782;T;C;0.0653595030307769;100
100..300;2;189311508;T;G;0.0471698008477687;135
100..300;2;189311509;A;C;0.047393400222063;130
100..300;2;189580468;C;G;0.0409356988966465;230
100..300;2;191009941;G;A;0.07462690025568;125
100..300;2;191836667;G;A;0.0352941006422042;175
100..300;2;193277046;A;G;0.1081079989671707;175
100..300;2;195957280;G;A;0.0680271983146667;100
100..300;2;200490383;A;G;0.040650401264429;255
100..300;2;200858104;A;C;0.0861243978142738;135
100..300;2;200903515;T;C;0.0505837015807628;170
100..300;2;200941282;G;A;0.0837989002466201;115
100..300;2;201138287;C;T;0.0563380010426044;150
100..300;2;201138447;G;A;0.0622010007500648;150
100..300;2;201141373;A;G;0.0304878000169992;110
100..300;2;201203710;T;C;0.0389610007405281;140
100..300;2;201340026;G;A;0.070175401866436;140
100..300;2;202840466;A;G;0.0401460006833076;180
100..300;2;202841488;A;G;0.0518868006765842;150
100..300;2;203867991;G;A;0.0627178028225898;185
100..300;2;203959601;C;A;0.0355556011199951;145
100..300;2;205950105;T;C;0.0702479034662246;185
100..300;2;206420046;G;A;0.0669144988059997;195
100..300;2;207681666;C;A;0.1235959976911544;135
100..300;2;209978659;A;G;0.0495867989957332;160
100..300;2;209982201;T;C;0.039301298558712;140
100..300;2;210477778;A;G;0.070175401866436;150
100..300;2;213422259;T;C;0.0698925033211708;240
100..300;2;213930019;C;A;0.0530303008854389;160
100..300;2;214730440;A;G;0.0502793006598949;120
100..300;2;214730921;T;C;0.0797545984387397;100
100..300;2;214767531;T;C;0.0700000002980232;130
100..300;2;214769331;T;C;0.0534759014844894;115
100..300;2;214809500;A;G;0.0309858992695808;235
100..300;2;214955289;A;G;0.0433213002979755;175
100..300;2;215434827;A;G;0.0316741988062858;135
100..300;2;215434828;A;C;0.0316741988062858;135
100..300;2;216043956;T;C;0.078602597117424;145
100..300;2;216610463;A;G;0.0411392003297805;215
100..300;2;216610476;A;G;0.0403726994991302;220
100..300;2;216610710;G;GT;0.0577889010310173;285
100..300;2;217427418;C;T;0.1146500036120414;105
100..300;2;217427435;G;C;0.1279069930315017;110
100..300;2;217808125;A;G;0.0431373007595539;160
100..300;2;217830379;A;G;0.041542999446392;215
100..300;2;217880962;A;G;0.0596206001937389;240
100..300;2;218275565;C;G;0.0487105995416641;230
100..300;2;218278506;A;G;0.0392857007682323;185
100..300;2;218282145;C;T;0.0331754013895988;140
100..300;2;218282159;C;G;0.0520231015980243;120
100..300;2;218354349;T;C;0.0310078002512455;170
100..300;2;218357123;A;G;0.0337348990142345;280
100..300;2;218384290;T;C;0.0348258987069129;130
100..300;2;218385280;C;G;0.0495867989957332;175
100..300;2;218640742;A;G;0.0398551002144813;175
100..300;2;218688700;G;C;0.0669642984867096;150
100..300;2;218827078;A;G;0.0493273995816707;145
100..300;2;218841704;G;A;0.0466320998966693;270
100..300;2;219027511;A;T;0.064625896513462;205
100..300;2;219040574;T;C;0.0648967996239662;230
100..300;2;219216753;T;C;0.0694006010890007;210
100..300;2;219420154;T;C;0.0390878990292549;205
100..300;2;219444963;A;G;0.0333333015441894;265
100..300;2;219557964;T;C;0.039886001497507;235
100..300;2;219572359;T;C;0.0306748002767562;110
100..300;2;219574956;T;C;0.0391061007976532;250
100..300;2;219608633;A;G;0.0371287018060684;265
100..300;2;221442814;T;G;0.0405405014753341;105
100..300;2;224379635;A;G;0.0518134981393814;135
100..300;2;224380171;G;A;0.0489129982888698;125
100..300;2;224837848;A;G;0.0491071008145809;145
100..300;2;224854976;A;G;0.0890410989522934;100
100..300;2;226795828;T;C;0.0443212985992431;245
100..300;2;226798037;T;C;0.0204082001000642;295
100..300;2;227010486;G;A;0.0325733013451099;205
100..300;2;227282377;G;A;0.0720721036195755;155
100..300;2;227587234;C;T;0.0673400983214378;210
100..300;2;227628495;A;G;0.0483270995318889;165
100..300;2;227893838;T;A;0.0538461990654468;170
100..300;2;228018313;C;A;0.0593219995498657;170
100..300;2;228019005;C;T;0.0697674006223678;185
100..300;2;230172052;C;T;0.0598802007734775;110
100..300;2;230172144;T;C;0.0450819991528987;155
100..300;2;230172150;A;G;0.0580913014709949;150
100..300;2;230172900;G;A;0.0456431992352008;155
100..300;2;230177560;G;A;0.0884353965520858;190
100..300;2;230212395;T;C;0.0728477016091346;195
100..300;2;230212961;A;G;0.0712329000234603;240
100..300;2;230245867;T;C;0.0838709995150566;100
100..300;2;230292797;G;A;0.05857739970088;150
100..300;2;230469789;A;AAAAG;0.058823499828577;120
100..300;2;230573382;T;A;0.0597014985978603;135
100..300;2;230573483;T;C;0.0470084995031356;155
100..300;2;230573581;G;A;0.0561797991394996;190
100..300;2;230573632;T;C;0.062271099537611;185
100..300;2;230573673;A;G;0.0465116016566753;180
100..300;2;230573706;C;T;0.046875;185
100..300;2;230990360;T;C;0.0566038005053997;110
100..300;2;231000375;C;T;0.0222222004085779;140
100..300;2;231000554;T;G;0.0402684994041919;100
100..300;2;232087546;T;C;0.052631601691246;245
100..300;2;232263269;C;T;0.0759494006633758;160
100..300;2;233034416;A;C;0.0623441003262996;280
100..300;2;233274722;G;A;0.0483091995120048;130
100..300;2;233460175;C;T;0.107914000749588;190
100..300;2;233462705;A;G;0.0727273002266883;180
100..300;2;233485841;A;G;0.099195696413517;250
100..300;2;233511715;T;C;0.031055899336934;100
100..300;2;233523335;T;G;0.0595610998570919;205
100..300;2;233585489;T;G;0.058823499828577;185
100..300;2;233585867;A;C;0.1050229966640472;115
100..300;2;233800222;C;G;0.0753967985510826;170
100..300;2;233818764;A;C;0.0355871990323066;175
100..300;2;233823665;A;G;0.0387930981814861;140
100..300;2;233828726;A;C;0.0465838015079498;210
100..300;2;233828734;T;G;0.0516128987073898;200
100..300;2;233939179;C;A;0.0736195966601371;105
100..300;2;233945896;C;G;0.0969387963414192;130
100..300;2;233945908;G;A;0.0841121971607208;140
100..300;2;233955144;A;G;0.0437499992549419;100
100..300;2;234058895;A;T;0.0613026991486549;170
100..300;2;236465666;T;C;0.0361991003155708;140
100..300;2;237336138;C;T;0.0285714007914066;115
100..300;2;237336280;T;C;0.0523076988756656;225
100..300;2;237340465;C;T;0.0472102984786033;160
100..300;2;237341074;A;G;0.0295857992023229;230
100..300;2;237344509;T;C;0.0739300027489662;175
100..300;2;237368930;A;C;0.0456988997757434;250
100..300;2;237369152;G;A;0.0714285969734191;140
100..300;2;237374962;A;G;0.0555556006729602;205
100..300;2;237735264;A;G;0.08695650100708;170
100..300;2;237760159;G;A;0.1484100073575973;190
100..300;2;237762685;G;A;0.1003130003809928;205
100..300;2;237764060;G;C;0.0810056030750274;235
100..300;2;237824373;A;G;0.1868129968643188;115
100..300;2;238116989;C;T;0.0459184013307094;130
100..300;2;238117004;T;C;0.0466320998966693;125
100..300;2;238125402;C;A;0.0896861031651496;145
100..300;2;238127629;T;C;0.050000000745058;195
100..300;2;238132265;T;C;0.0448429994285106;285
100..300;2;238435771;T;C;0.0253967996686697;205
100..300;2;238436022;A;T;0.0707070976495742;135
100..300;2;239139704;T;C;0.0383386984467506;205
100..300;2;240557353;A;C;0.0255318991839885;165
100..300;2;240618980;A;G;0.0373134016990661;170
100..300;2;240630675;T;C;0.0545906014740467;265
100..300;2;240630710;T;C;0.0466320998966693;255
100..300;2;240630832;C;A;0.1006489992141723;200
100..300;2;240741385;A;G;0.0565216988325119;150
100..300;2;240965418;A;G;0.0409835986793041;170
100..300;2;240989811;G;A;0.0802469030022621;110
100..300;2;241048300;A;C;0.0340908989310264;120
100..300;2;241090011;A;G;0.0746887996792793;155
100..300;2;241097382;G;A;0.0661764964461326;180
100..300;2;241107370;C;A;0.0483091995120048;135
100..300;2;241112362;A;G;0.0219780001789331;180
100..300;2;241114988;A;G;0.0272374004125595;165
100..300;2;241123935;C;T;0.0255318991839885;160
100..300;2;241217826;A;G;0.0460829995572567;130
100..300;2;241233983;A;G;0.0580357015132904;150
100..300;2;241266896;T;C;0.05726870149374;150
100..300;2;241493289;C;G;0.0544553995132446;135
100..300;2;241671323;C;T;0.0283285994082689;235
100..300;2;241676113;T;TG;0.0544218011200428;105
100..300;2;241678436;G;A;0.0451976992189884;120
100..300;2;241720139;T;C;0.0314135998487472;120
100..300;2;241871857;A;G;0.0351759009063243;280
100..300;20;96130;T;C;0.0683761015534401;160
100..300;20;326089;A;G;0.0363636016845703;210
100..300;20;365220;T;C;0.1034480035305023;120
100..300;20;391328;C;T;0.057142898440361;160
100..300;20;396582;T;C;0.0692521035671234;250
100..300;20;417634;T;G;0.0967741981148719;130
100..300;20;765454;A;G;0.0561797991394996;240
100..300;20;1127479;T;C;0.0754716992378234;135
100..300;20;1242851;A;G;0.051020398736;135
100..300;20;1305289;A;G;0.0641025975346565;260
100..300;20;1312463;A;G;0.0581817999482154;190
100..300;20;1312603;T;C;0.0451127998530864;180
100..300;20;1370065;C;T;0.0403586998581886;140
100..300;20;1477265;A;C;0.0598291009664535;240
100..300;20;1630248;A;G;0.0622567981481552;170
100..300;20;1670877;C;T;0.0379747003316879;115
100..300;20;1708190;G;A;0.058823499828577;180
100..300;20;1915454;T;C;0.0530726015567779;250
100..300;20;2155259;G;A;0.0541667006909847;150
100..300;20;2340459;C;G;0.0753967985510826;160
100..300;20;2432479;T;C;0.0489129982888698;125
100..300;20;2484338;C;T;0.0462427996098995;235
100..300;20;2484658;A;T;0.0646765977144241;135
100..300;20;2562023;T;C;0.0602409988641738;115
100..300;20;2612360;G;A;0.0418847985565662;135
100..300;20;2641352;C;T;0.0294118002057075;140
100..300;20;2758937;C;T;0.0456026010215282;200
100..300;20;2860127;T;C;0.1063830032944679;130
100..300;20;3044461;T;C;0.0310881007462739;245
100..300;20;3190691;T;C;0.0299401003867387;215
100..300;20;3204528;T;A;0.0329670011997222;130
100..300;20;3228437;A;G;0.058620698750019;200
100..300;20;3228725;A;G;0.0632911026477813;170
100..300;20;3229655;A;G;0.0521326996386051;280
100..300;20;3230589;T;C;0.0198510996997356;260
100..300;20;3230658;A;G;0.0408921986818313;185
100..300;20;3361996;C;T;0.0871369019150734;160
100..300;20;3644183;A;G;0.0545454993844032;140
100..300;20;3746040;A;G;0.0279329996556043;115
100..300;20;4060116;C;T;0.0897959023714065;165
100..300;20;4177517;A;C;0.0389105007052421;175
100..300;20;5106293;T;A;0.0616739988327026;145
100..300;20;5118870;A;G;0.0585585981607437;150
100..300;20;5119563;C;G;0.0382165983319282;110
100..300;20;5302670;C;G;0.0714285969734191;220
100..300;20;5942557;C;T;0.0436241999268531;195
100..300;20;5942558;C;T;0.0434782989323139;200
100..300;20;5952462;A;C;0.0511811003088951;165
100..300;20;6778468;T;A;0.0436507984995842;180
100..300;20;9387455;G;A;0.0376343987882137;125
100..300;20;9516069;G;C;0.030188700184226;180
100..300;20;10049540;A;T;0.0248447004705667;225
100..300;20;10051765;G;T;0.0450000017881393;125
100..300;20;10622678;G;A;0.0781892985105514;175
100..300;20;10623102;A;G;0.0604026988148689;210
100..300;20;13288601;T;C;0.0520832985639572;185
100..300;20;13625256;T;A;0.0529101006686687;130
100..300;20;13714960;G;T;0.079295203089714;160
100..300;20;13785296;C;CCCGCGGGG;0.044642899185419;160
100..300;20;13849491;C;A;0.0484581999480724;150
100..300;20;15619559;T;C;0.0763358995318412;165
100..300;20;16367284;A;C;0.0420168004930019;245
100..300;20;16367646;G;T;0.0366666987538337;220
100..300;20;17725019;A;G;0.0416667014360427;110
100..300;20;17735771;G;C;0.0538461990654468;180
100..300;20;17969902;T;A;0.054263599216938;175
100..300;20;18041718;T;G;0.0468084998428821;155
100..300;20;18187333;T;C;0.0358422994613647;185
100..300;20;18315829;T;C;0.0306122004985809;255
100..300;20;18316549;C;T;0.04529619961977;185
100..300;20;18465378;A;C;0.043010801076889;120
100..300;20;18504799;A;G;0.0474859997630119;235
100..300;20;18814070;T;C;0.0506757013499736;210
100..300;20;18814110;T;C;0.065972201526165;210
100..300;20;18830061;T;C;0.0287081003189086;135
100..300;20;19280979;A;G;0.0634327977895736;175
100..300;20;19585027;A;G;0.0370370000600814;190
100..300;20;19974829;T;C;0.0422164015471935;260
100..300;20;20164128;A;G;0.0369004011154174;175
100..300;20;20277314;T;C;0.0686566978693008;220
100..300;20;21197259;A;G;0.0674156993627548;115
100..300;20;24983922;C;T;0.0306512992829084;170
100..300;20;25057848;T;G;0.0614753998816013;145
100..300;20;25078806;T;C;0.0481927990913391;225
100..300;20;25206577;A;G;0.104544997215271;145
100..300;20;25213313;A;G;0.1026490032672882;195
100..300;20;25280295;G;A;0.1003130003809928;200
100..300;20;25282153;C;T;0.0871369019150734;150
100..300;20;25284178;C;T;0.1025639995932579;175
100..300;20;25295661;A;G;0.0868263021111488;215
100..300;20;25302308;G;A;0.109375;165
100..300;20;25453503;T;C;0.0234114006161689;200
100..300;20;25458400;A;G;0.058823499828577;140
100..300;20;25476252;G;A;0.0710059031844139;235
100..300;20;25476386;C;T;0.0284973997622728;265
100..300;20;25476413;G;GCTCCCA;0.0606060996651649;270
100..300;20;25479128;G;T;0.041542999446392;225
100..300;20;25686006;T;C;0.0352112986147403;180
100..300;20;31826818;T;C;0.0319489017128944;210
100..300;20;32690657;G;A;0.0362319014966487;290
100..300;20;32780142;T;C;0.0506329014897346;215
100..300;20;32798541;C;T;0.0205761007964611;155
100..300;20;32800148;G;C;0.0599999986588954;135
100..300;20;32800830;C;T;0.030434800311923;155
100..300;20;32833703;T;C;0.0337079018354415;115
100..300;20;32908386;G;A;0.0577616989612579;180
100..300;20;32961317;T;C;0.06007070094347;200
100..300;20;32996372;A;G;0.0732984021306037;125
100..300;20;33002880;A;C;0.0903225988149643;205
100..300;20;33020324;T;C;0.0285714007914066;145
100..300;20;33034277;A;G;0.1151520013809204;215
100..300;20;33039485;G;A;0.0481480993330478;175
100..300;20;33047578;A;G;0.0333333015441894;120
100..300;20;33056714;C;T;0.1094530001282692;140
100..300;20;33064486;A;G;0.0884353965520858;195
100..300;20;33066893;G;A;0.0642857030034065;185
100..300;20;33068826;G;C;0.1236750036478042;185
100..300;20;33086040;G;A;0.1441439986228943;135
100..300;20;33088998;C;A;0.0788177028298378;125
100..300;20;33676869;T;C;0.0457143001258373;235
100..300;20;33965241;G;T;0.0828728973865509;115
100..300;20;34123168;A;G;0.0686274990439415;140
100..300;20;34516787;C;G;0.0581717006862163;240
100..300;20;34986962;C;T;0.0762711986899375;160
100..300;20;34998390;T;C;0.0688072964549064;140
100..300;20;34999395;C;G;0.0905797034502029;190
100..300;20;35001304;A;G;0.0888888984918594;125
100..300;20;35004445;T;C;0.1146790012717247;160
100..300;20;35115804;T;C;0.1229510009288787;260
100..300;20;35269741;T;C;0.0772946998476982;135
100..300;20;35269908;C;A;0.0607286989688873;165
100..300;20;35276681;G;A;0.0389610007405281;165
100..300;20;35278092;A;G;0.0197627991437912;150
100..300;20;35280121;A;G;0.0573769994080066;165
100..300;20;35286917;T;C;0.0335052013397216;265
100..300;20;35306660;G;A;0.035087700933218;110
100..300;20;36849739;A;C;0.0405405014753341;140
100..300;20;36879139;A;G;0.0389222018420696;210
100..300;20;37137934;G;A;0.0442477986216545;145
100..300;20;38310476;C;T;0.0471203997731208;135
100..300;20;38342716;T;A;0.0752687975764274;180
100..300;20;38360727;G;A;0.0247349999845027;190
100..300;20;38368988;T;C;0.0625;145
100..300;20;38369011;T;C;0.039426501840353;185
100..300;20;38628947;G;C;0.0329217985272407;165
100..300;20;42085839;A;G;0.0728745013475418;165
100..300;20;43536082;C;T;0.0688406005501747;195
100..300;20;43566349;A;T;0.0449827015399932;200
100..300;20;43702906;T;G;0.0761421024799346;135
100..300;20;44114814;G;A;0.039301298558712;145
100..300;20;44337223;T;C;0.0364237986505031;195
100..300;20;44337385;C;T;0.06944440305233;145
100..300;20;44428408;T;C;0.0474575981497764;185
100..300;20;44489376;A;G;0.0349461995065212;250
100..300;20;45304523;C;T;0.061728399246931;150
100..300;20;45610102;G;T;0.0452488996088504;135
100..300;20;45641343;C;T;0.0742574036121368;130
100..300;20;45946019;T;C;0.0416667014360427;150
100..300;20;45953796;T;G;0.0568181984126567;225
100..300;20;46051773;T;C;0.0380116999149322;220
100..300;20;46566265;G;C;0.1238389983773231;210
100..300;20;47639749;G;A;0.0599251016974449;185
100..300;20;48627912;A;G;0.0602409988641738;210
100..300;20;48629539;G;C;0.0481927990913391;270
100..300;20;48629589;A;G;0.0371517017483711;215
100..300;20;48632578;A;G;0.0297398008406162;180
100..300;20;48632632;A;G;0.0329670011997222;125
100..300;20;48632651;C;T;0.0886076018214225;115
100..300;20;48639762;T;C;0.0550847016274929;165
100..300;20;48642225;T;C;0.0303029995411634;150
100..300;20;48644398;G;A;0.0549451000988483;115
100..300;20;48644479;C;T;0.0536585003137588;140
100..300;20;48650942;G;A;0.0316900983452796;190
100..300;20;48651402;A;G;0.0447154007852077;165
100..300;20;48652695;G;C;0.0523560009896755;125
100..300;20;48657188;T;C;0.0484581999480724;145
100..300;20;48726277;A;G;0.0769231021404266;115
100..300;20;48941880;T;C;0.0444444008171558;145
100..300;20;49072420;G;A;0.0452488996088504;145
100..300;20;49905793;A;G;0.0849056988954544;285
100..300;20;49908290;G;A;0.0514468997716903;205
100..300;20;49957443;C;CTG;0.0776256024837493;160
100..300;20;49957917;A;G;0.0491227991878986;185
100..300;20;49984020;C;T;0.0551180988550186;270
100..300;20;49984094;C;T;0.0460358001291751;265
100..300;20;49984272;A;G;0.0616967007517814;260
100..300;20;50579747;T;C;0.021951200440526;275
100..300;20;50619977;T;C;0.0575915984809398;125
100..300;20;50960127;G;T;0.0607029013335704;205
100..300;20;51131405;T;A;0.0317460000514984;135
100..300;20;51790446;A;G;0.0357142984867095;270
100..300;20;51790623;C;T;0.0313315987586975;275
100..300;20;51790963;C;A;0.0344827994704246;220
100..300;20;51791427;T;C;0.0331492014229297;245
100..300;20;54157275;A;G;0.0333333015441894;170
100..300;20;56451939;A;G;0.0480480007827281;220
100..300;20;57173150;A;G;0.0454544983804225;215
100..300;20;57496360;A;C;0.0368421003222465;130
100..300;20;57562128;T;C;0.0536722987890243;235
100..300;20;57610247;A;G;0.0611765012145042;280
100..300;20;58153576;A;G;0.0397727005183696;120
100..300;20;58218668;A;G;0.0387097001075744;290
100..300;20;58693811;A;C;0.0314961001276969;235
100..300;20;58693938;C;G;0.0471203997731208;125
100..300;20;58715291;G;C;0.0899183005094528;250
100..300;20;58989640;T;C;0.0485830008983612;170
100..300;20;59024347;A;G;0.0486617982387542;295
100..300;20;59035004;A;C;0.1257490068674087;110
100..300;20;59479393;A;G;0.0546218007802963;150
100..300;20;59996070;T;G;0.0459770001471042;120
100..300;20;61352949;G;A;0.1174239963293075;170
100..300;20;61352974;A;G;0.121457003057003;160
100..300;20;62193517;T;C;0.0337079018354415;245
100..300;20;62193559;A;G;0.0429448001086711;225
100..300;20;62197985;C;G;0.0672646015882492;140
100..300;20;62216366;T;C;0.0328947007656097;205
100..300;20;62273292;T;C;0.1111110001802444;155
100..300;20;62289334;T;C;0.1034480035305023;170
100..300;20;62310086;A;C;0.0413222983479499;260
100..300;20;62323449;T;C;0.0472972989082336;100
100..300;20;62324150;T;C;0.1195650026202201;240
100..300;20;62345568;G;A;0.0923694968223571;160
100..300;20;62345831;A;G;0.0911950021982193;210
100..300;20;62352356;A;G;0.1011900007724762;220
100..300;20;62388438;T;C;0.0512195006012916;265
100..300;20;62661184;T;C;0.0663506984710693;140
100..300;20;62896954;G;A;0.0264317002147436;155
100..300;20;62905586;A;G;0.0375000014901161;160
100..300;20;62964284;T;C;0.0402684994041919;190
100..300;20;63239375;C;G;0.0307263005524873;255
100..300;20;63247657;T;G;0.0398551002144813;175
100..300;20;63349639;C;T;0.0431373007595539;175
100..300;20;63560205;A;G;0.0911950021982193;230
100..300;20;63561666;T;C;0.0814331993460655;210
100..300;20;63562092;A;G;0.0724638029932975;150
100..300;20;63563360;C;A;0.0428570993244648;140
100..300;20;63564319;T;C;0.0555556006729602;150
100..300;20;63564680;T;C;0.0841751024127006;205
100..300;20;63564829;C;G;0.1245900020003318;210
100..300;20;63569223;A;G;0.1036790013313293;195
100..300;20;63590413;T;C;0.0966766998171806;230
100..300;20;63700637;G;T;0.051162801682949;140
100..300;20;63742630;A;G;0.0494296997785568;190
100..300;20;63790269;G;A;0.0569947995245456;270
100..300;20;63790727;C;T;0.0484581999480724;150
100..300;20;63861569;A;T;0.040345799177885;210
100..300;20;63945638;A;G;0.0867924988269805;175
100..300;20;63963816;G;A;0.0424929000437259;235
100..300;20;63964194;T;C;0.0569619983434677;215
100..300;20;63967462;T;C;0.0431034006178379;235
100..300;21;13527267;T;C;0.0353535003960132;135
100..300;21;14546256;C;G;0.0462427996098995;105
100..300;21;14967968;T;C;0.1336210072040558;165
100..300;21;17518892;G;A;0.1215690001845359;170
100..300;21;17565440;G;A;0.0611354000866413;155
100..300;21;17796901;C;G;0.1077840030193328;125
100..300;21;18341504;T;C;0.0466101989150047;150
100..300;21;19244974;T;G;0.1111110001802444;160
100..300;21;19245707;C;T;0.1117649972438812;120
100..300;21;19246126;T;TA;0.1212119981646537;120
100..300;21;20828226;CA;C;0.0510510988533496;235
100..300;21;26651051;C;T;0.0479042008519172;105
100..300;21;26966104;G;C;0.0769231021404266;200
100..300;21;28960589;T;C;0.0288066007196903;155
100..300;21;28969569;G;A;0.0896861031651496;155
100..300;21;28984842;T;G;0.0595237985253334;155
100..300;21;29036349;T;A;0.0354330986738204;155
100..300;21;29591128;G;A;0.0465116016566753;160
100..300;21;30215475;G;A;0.0471380017697811;220
100..300;21;30440510;T;C;0.0375334993004798;255
100..300;21;31061981;C;T;0.1034480035305023;150
100..300;21;31672065;A;G;0.0392749011516571;240
100..300;21;31696649;C;T;0.0676157027482986;175
100..300;21;31702320;G;A;0.0593219995498657;160
100..300;21;32383454;A;G;0.0794979035854339;145
100..300;21;32497183;G;A;0.1024100035429;115
100..300;21;32726890;T;C;0.0553745999932289;195
100..300;21;33027093;G;A;0.0512128993868827;255
100..300;21;33241945;C;T;0.0668789967894554;210
100..300;21;33241950;G;T;0.0601265989243984;210
100..300;21;33262573;A;G;0.0404039993882179;125
100..300;21;33603544;C;T;0.0518868006765842;135
100..300;21;34707992;T;C;0.0714285969734191;160
100..300;21;36369631;C;T;0.0386100001633167;185
100..300;21;36461009;T;C;0.0546623989939689;195
100..300;21;36461453;A;G;0.032490998506546;195
100..300;21;36486624;G;A;0.0357142984867095;160
100..300;21;36486653;G;C;0.0426540002226829;140
100..300;21;36486659;C;A;0.043902400881052;140
100..300;21;36741697;A;C;0.0476190000772476;135
100..300;21;36936611;A;G;0.0442477986216545;230
100..300;21;37067386;G;A;0.0573248006403446;110
100..300;21;37087293;A;G;0.0630630999803543;230
100..300;21;38253857;A;C;0.1219509989023208;105
100..300;21;38299554;A;G;0.0790816023945808;275
100..300;21;39127630;C;G;0.0745763033628463;195
100..300;21;39180381;G;A;0.0338461995124816;215
100..300;21;39202379;G;A;0.0411522984504699;160
100..300;21;39277242;A;G;0.0617978014051914;110
100..300;21;39298534;C;G;0.0780669003725051;170
100..300;21;39765576;A;G;0.0460993014276027;185
100..300;21;39771013;A;G;0.0405405014753341;105
100..300;21;40055840;G;A;0.0674846991896629;105
100..300;21;41449186;C;T;0.0420168004930019;155
100..300;21;41499346;C;T;0.0742357969284057;160
100..300;21;41506199;C;A;0.0484847985208034;115
100..300;21;41507677;A;C;0.0261193998157978;185
100..300;21;41749197;G;C;0.0866141989827156;165
100..300;21;41756639;G;T;0.046195700764656;255
100..300;21;41756672;G;A;0.0481282994151115;250
100..300;21;41801395;A;G;0.0269607994705438;285
100..300;21;41861559;A;G;0.0427807010710239;130
100..300;21;41918839;C;A;0.052631601691246;140
100..300;21;41942186;T;C;0.0655737966299057;275
100..300;21;42103862;C;G;0.0535713993012905;125
100..300;21;42111698;C;A;0.0445205010473728;195
100..300;21;42119183;A;G;0.0291971005499362;180
100..300;21;42259328;C;T;0.0294118002057075;110
100..300;21;42259403;T;C;0.0387930981814861;155
100..300;21;42259444;T;C;0.043902400881052;140
100..300;21;42366403;T;C;0.1111110001802444;120
100..300;21;42383058;C;T;0.0573248006403446;200
100..300;21;42385528;T;C;0.0321100987493991;135
100..300;21;42385547;C;T;0.0418847985565662;115
100..300;21;42389975;T;C;0.0894737020134925;125
100..300;21;42418534;A;G;0.0345912016928195;210
100..300;21;42575813;A;G;0.0506329014897346;150
100..300;21;44288394;T;C;0.0557621009647846;170
100..300;21;44305832;G;A;0.1310040056705474;145
100..300;21;44391460;G;T;0.0362694002687931;245
100..300;21;44678079;T;C;0.0648147985339164;150
100..300;21;44702809;A;G;0.0666666999459266;190
100..300;21;44813921;A;C;0.0432801991701126;295
100..300;21;44851537;T;C;0.0508905984461307;260
100..300;21;44851545;C;T;0.0463215000927448;245
100..300;21;44910759;A;C;0.0447154007852077;155
100..300;21;45285706;A;G;0.0531915016472339;125
100..300;21;45478329;G;C;0.0446194000542163;245
100..300;21;45512414;A;G;0.0322581008076667;115
100..300;21;46003475;A;G;0.0561404004693031;185
100..300;21;46003593;A;G;0.0923077017068862;180
100..300;21;46003722;T;C;0.0638978034257888;210
100..300;21;46132189;T;G;0.0303029995411634;205
100..300;21;46182805;A;G;0.0364237986505031;195
100..300;21;46215262;C;T;0.0570571012794971;210
100..300;21;46215713;G;C;0.0833332985639572;270
100..300;21;46215799;A;G;0.0732484012842178;195
100..300;21;46221880;T;C;0.0270269997417926;190
100..300;21;46222695;A;G;0.0363636016845703;165
100..300;21;46277736;G;A;0.0915032997727394;110
100..300;21;46280584;T;C;0.0270269997417926;170
100..300;21;46283735;A;G;0.0837989002466201;235
100..300;21;46284982;A;G;0.0686812996864318;265
100..300;21;46314930;A;G;0.0575539991259574;295
100..300;21;46346225;C;T;0.1390130072832107;140
100..300;21;46346736;A;G;0.1137719973921775;120
100..300;21;46353189;A;C;0.1206900030374527;220
100..300;21;46391357;T;C;0.1158299967646598;175
100..300;21;46416739;T;C;0.0691488981246948;255
100..300;21;46430491;T;C;0.0995024964213371;140
100..300;21;46430570;C;G;0.0788732022047042;225
100..300;21;46431839;G;A;0.1192409992218017;245
100..300;21;46440851;C;T;0.0426829010248184;120
100..300;21;46443844;C;A;0.0393120013177394;270
100..300;21;46498749;G;C;0.0445681996643543;235
100..300;21;46541798;A;G;0.0883281007409095;200
100..300;21;46546897;C;G;0.0348837003111839;115
100..300;21;46550668;A;G;0.0504201985895633;240
100..300;22;16697711;A;G;0.0664452016353607;215
100..300;22;16784014;G;A;0.055970199406147;195
100..300;22;16784304;A;G;0.04529619961977;195
100..300;22;16857817;T;G;0.159183993935585;160
100..300;22;16858151;A;G;0.1320749968290329;145
100..300;22;16858352;A;G;0.0936330035328865;185
100..300;22;16858862;A;G;0.0996015965938568;175
100..300;22;16859187;G;A;0.0671937018632888;175
100..300;22;16859529;C;T;0.148386999964714;105
100..300;22;16859749;T;C;0.1062799990177154;145
100..300;22;16859779;T;C;0.1422410011291504;165
100..300;22;16904256;C;T;0.08695650100708;125
100..300;22;17209519;A;G;0.1137439981102943;285
100..300;22;17541915;T;C;0.0364963002502918;185
100..300;22;17817828;A;G;0.0450703985989093;245
100..300;22;17818113;A;G;0.0185185000300407;215
100..300;22;17841798;T;C;0.0493420995771884;200
100..300;22;17887150;G;A;0.0454544983804225;130
100..300;22;17906782;C;G;0.0357142984867095;165
100..300;22;18083522;G;C;0.058823499828577;175
100..300;22;18990791;A;G;0.051094900816679;170
100..300;22;19039100;G;A;0.1033210009336471;185
100..300;22;19041269;T;C;0.0653060972690582;170
100..300;22;19060874;T;C;0.0801886990666389;130
100..300;22;19060900;G;A;0.1315789967775344;140
100..300;22;19060923;A;G;0.0616113990545272;135
100..300;22;19060936;A;G;0.0564103014767169;125
100..300;22;19065893;T;G;0.0661479011178016;170
100..300;22;19125502;T;C;0.0826086997985839;160
100..300;22;19125515;A;G;0.073275901377201;165
100..300;22;19132173;T;C;0.0357142984867095;255
100..300;22;19132238;T;C;0.0322581008076667;270
100..300;22;19135152;T;C;0.0472102984786033;155
100..300;22;19144548;T;C;0.0179487001150846;265
100..300;22;19196584;C;T;0.0415224991738796;180
100..300;22;19788842;A;G;0.0454544983804225;285
100..300;22;20115740;T;G;0.0577616989612579;180
100..300;22;20115741;T;C;0.05338079854846;180
100..300;22;20583314;T;C;0.0362694002687931;135
100..300;22;20584836;A;G;0.0303029995411634;135
100..300;22;21029140;T;A;0.0542857013642787;230
100..300;22;21045993;C;G;0.064393900334835;165
100..300;22;21963982;C;T;0.0495627000927925;230
100..300;22;21971954;G;GC;0.0693069025874137;135
100..300;22;23096004;T;C;0.058823499828577;250
100..300;22;23140296;A;G;0.035087700933218;185
100..300;22;23145346;T;C;0.0502513013780117;140
100..300;22;23160934;A;G;0.0452488996088504;145
100..300;22;23182895;C;T;0.0215054005384445;190
100..300;22;23187981;G;T;0.0378006994724273;195
100..300;22;23188247;C;T;0.0284553002566099;180
100..300;22;23192948;G;A;0.050000000745058;170
100..300;22;23193312;C;T;0.0422535017132759;145
100..300;22;23196170;C;T;0.0483870990574359;140
100..300;22;23196400;A;G;0.0465116016566753;145
100..300;22;23196550;C;T;0.0579710006713867;145
100..300;22;23196782;A;C;0.0331492014229297;125
100..300;22;23196783;G;A;0.0320856012403965;130
100..300;22;23197253;A;G;0.0482758991420269;100
100..300;22;23198227;G;T;0.0357142984867095;180
100..300;22;23198612;G;A;0.0601852014660835;155
100..300;22;23198726;T;C;0.0528634004294872;160
100..300;22;23199301;T;C;0.0730768963694572;185
100..300;22;23216567;C;G;0.025000000372529;145
100..300;22;23237875;GA;G;0.0551180988550186;195
100..300;22;23313961;G;T;0.0560748018324375;135
100..300;22;23315477;T;C;0.0279070008546113;135
100..300;22;23895034;G;C;0.0520000010728836;165
100..300;22;24072436;A;G;0.0490566007792949;160
100..300;22;24495387;T;A;0.086363598704338;140
100..300;22;24585970;T;C;0.0443212985992431;240
100..300;22;24621069;T;C;0.040590401738882;175
100..300;22;24728176;T;C;0.0412371009588241;140
100..300;22;24748945;T;C;0.1185569986701011;140
100..300;22;24749504;G;A;0.1063830032944679;100
100..300;22;25357354;A;G;0.1192890033125877;255
100..300;22;25437629;T;C;0.0858896002173423;110
100..300;22;25826487;T;C;0.0450000017881393;130
100..300;22;26292865;T;G;0.0418005995452404;215
100..300;22;26466075;A;G;0.0740740969777107;130
100..300;22;26669405;T;C;0.0315788984298706;130
100..300;22;26670771;C;T;0.0426829010248184;120
100..300;22;26672739;A;C;0.0231787990778684;205
100..300;22;26673035;T;C;0.0424528010189533;145
100..300;22;26673594;T;C;0.0564516000449657;165
100..300;22;26674341;T;C;0.0416667014360427;135
100..300;22;29260400;T;G;0.091566301882267;275
100..300;22;29356632;A;G;0.0382513999938964;125
100..300;22;29359899;C;T;0.0239043999463319;160
100..300;22;30294009;A;G;0.0492958016693592;275
100..300;22;30386742;A;G;0.0666666999459266;165
100..300;22;30427126;G;T;0.0446734987199306;195
100..300;22;30468623;G;A;0.0822367966175079;205
100..300;22;30468805;T;C;0.0635837987065315;115
100..300;22;30581366;A;T;0.030927799642086;195
100..300;22;30617432;T;C;0.0535211004316806;235
100..300;22;30622988;C;T;0.033670000731945;185
100..300;22;30636894;A;G;0.0344827994704246;260
100..300;22;31140009;G;C;0.0433673001825809;265
100..300;22;31442099;A;G;0.0377358011901378;180
100..300;22;31550296;C;T;0.0361445993185043;160
100..300;22;31580313;C;T;0.0438246987760067;165
100..300;22;31602626;A;G;0.0493273995816707;150
100..300;22;31611167;A;G;0.0352941006422042;280
100..300;22;31685695;T;C;0.0260869991034269;230
100..300;22;31712489;T;C;0.0845070034265518;200
100..300;22;31712838;A;T;0.0365449003875255;215
100..300;22;31714957;A;G;0.0549999997019767;145
100..300;22;31809646;C;A;0.0327868983149528;155
100..300;22;31833991;A;G;0.0503145009279251;215
100..300;22;32043287;T;C;0.0634920969605445;125
100..300;22;32229223;T;C;0.0347490012645721;165
100..300;22;32269802;T;C;0.0742188021540641;180
100..300;22;32270020;T;C;0.0582524016499519;150
100..300;22;32271520;A;G;0.0850201994180679;175
100..300;22;32272384;A;G;0.1045299991965293;200
100..300;22;32395016;C;A;0.0914286002516746;115
100..300;22;32408189;T;G;0.0407240018248558;135
100..300;22;32412091;A;G;0.0333333015441894;200
100..300;22;32414391;G;T;0.0585585981607437;135
100..300;22;32415965;G;A;0.1256279945373535;125
100..300;22;32419411;A;G;0.0574163012206554;135
100..300;22;33277139;T;C;0.0235987994819879;220
100..300;22;35067169;G;A;0.0705128014087677;210
100..300;22;35067186;C;T;0.0727273002266883;215
100..300;22;35551538;A;C;0.0967741981148719;150
100..300;22;35610998;A;G;0.0659340992569923;180
100..300;22;35611028;T;C;0.0740740969777107;160
100..300;22;36160650;T;C;0.0705882012844085;120
100..300;22;36292132;A;G;0.0388059988617897;215
100..300;22;36304129;G;A;0.035087700933218;155
100..300;22;36991464;A;C;0.0638298019766807;130
100..300;22;37002154;T;C;0.0650684982538223;200
100..300;22;37002160;A;C;0.0598592013120651;195
100..300;22;37073551;A;G;0.0367646999657154;165
100..300;22;37089684;C;T;0.0447059012949466;275
100..300;22;37182174;C;T;0.041176501661539;120
100..300;22;37182767;A;G;0.0224718991667032;240
100..300;22;37185382;C;G;0.0326086990535259;180
100..300;22;37185445;A;C;0.1269039958715438;135
100..300;22;37207351;T;C;0.0520231015980243;220
100..300;22;37207705;T;C;0.0604026988148689;195
100..300;22;37241613;C;G;0.0583089999854564;220
100..300;22;37299215;C;T;0.0346534997224807;130
100..300;22;37374026;T;G;0.1498560011386871;235
100..300;22;37374317;G;A;0.0920244976878166;235
100..300;22;37734452;T;G;0.0553191006183624;165
100..300;22;37765831;GT;G;0.1142859980463981;130
100..300;22;37768099;T;C;0.0357142984867095;195
100..300;22;37809982;C;T;0.0277778003364801;170
100..300;22;37877742;C;T;0.0592992007732391;240
100..300;22;37971233;A;G;0.0409835986793041;155
100..300;22;39155793;C;T;0.0580645017325878;210
100..300;22;39313743;G;A;0.0507614016532897;125
100..300;22;39512414;T;C;0.0490797981619834;210
100..300;22;39670112;T;C;0.0598086006939411;270
100..300;22;39887423;G;A;0.0322581008076667;115
100..300;22;40418632;T;C;0.059800699353218;225
100..300;22;41176537;T;C;0.0305677000433206;165
100..300;22;41224821;T;C;0.0609318986535072;195
100..300;22;41880738;C;G;0.0409091003239154;155
100..300;22;41972853;A;G;0.0465116016566753;285
100..300;22;42020052;G;A;0.0606060996651649;140
100..300;22;42150313;A;G;0.0845481008291244;225
100..300;22;42397839;T;C;0.0675676017999649;145
100..300;22;42397867;G;A;0.0666666999459266;180
100..300;22;42871399;C;T;0.0456026010215282;195
100..300;22;43051885;T;C;0.0255474001169204;170
100..300;22;43129316;C;G;0.046875;125
100..300;22;43143114;C;G;0.0286884997040033;155
100..300;22;43176348;T;C;0.0563380010426044;220
100..300;22;43183043;C;T;0.0493506006896495;255
100..300;22;43203985;T;C;0.0403586998581886;150
100..300;22;43672313;A;G;0.0344827994704246;125
100..300;22;43886396;G;A;0.025000000372529;255
100..300;22;43886427;A;G;0.0332410000264644;235
100..300;22;43889548;A;G;0.0370370000600814;145
100..300;22;43889787;A;G;0.1023619994521141;175
100..300;22;43891182;G;A;0.0847953036427497;220
100..300;22;43927042;G;T;0.0392156988382339;165
100..300;22;43927090;T;G;0.0322581008076667;160
100..300;22;44732352;C;T;0.0306748002767562;215
100..300;22;44859750;C;T;0.0416667014360427;170
100..300;22;44862453;G;C;0.0585106015205383;260
100..300;22;44883123;A;G;0.0476190000772476;210
100..300;22;46247126;C;A;0.0760869979858398;230
100..300;22;46256840;A;G;0.0710059031844139;230
100..300;22;46258426;A;G;0.0756757035851478;130
100..300;22;46260028;C;T;0.046594999730587;210
100..300;22;46260051;C;T;0.0349650010466575;215
100..300;22;46260349;G;T;0.0508021004498004;260
100..300;22;46260582;G;A;0.026936000213027;215
100..300;22;46260614;G;A;0.0299999993294477;220
100..300;22;46260710;A;G;0.0693069025874137;205
100..300;22;46260908;A;G;0.057432398200035;205
100..300;22;46261364;G;A;0.0555556006729602;225
100..300;22;46261901;G;A;0.0566666983067989;210
100..300;22;46268534;G;C;0.0378788001835346;180
100..300;22;46377227;C;T;0.0272109005600214;210
100..300;22;49884187;C;T;0.0359281003475189;225
100..300;22;49884235;G;A;0.0579710006713867;235
100..300;22;49884790;G;A;0.0557185001671314;235
100..300;22;49884920;G;A;0.0594595000147819;260
100..300;22;49884994;T;C;0.0675325021147728;260
100..300;22;49886488;C;T;0.0745763033628463;210
100..300;22;50001197;A;G;0.0533707998692989;225
100..300;22;50030478;G;C;0.0414507985115051;120
100..300;22;50033191;A;AC;0.0939226970076561;130
100..300;22;50041679;T;C;0.0948904976248741;170
100..300;22;50179297;T;C;0.0685714036226272;120
100..300;22;50210868;T;C;0.0336390994489192;215
100..300;22;50218683;T;C;0.0479452013969421;210
100..300;22;50219995;C;T;0.0574713014066219;170
100..300;22;50244017;C;T;0.0325203016400337;255
100..300;22;50258233;T;C;0.0599999986588954;130
100..300;22;50278700;G;T;0.0373831987380981;145
100..300;22;50280822;G;A;0.0359476990997791;210
100..300;22;50283738;C;T;0.0465116016566753;220
100..300;22;50287124;C;T;0.0555556006729602;190
100..300;22;50436464;T;C;0.0575220994651317;150
100..300;22;50439767;A;G;0.066210001707077;280
100..300;22;50447464;C;CCA;0.0763358995318412;185
100..300;22;50457029;C;G;0.028753999620676;210
100..300;22;50483215;A;G;0.0292397998273372;130
100..300;22;50489527;T;C;0.0568181984126567;165
100..300;22;50505699;A;G;0.0472441017627716;165
100..300;22;50522253;T;C;0.0233462993055582;170
100..300;22;50525807;A;G;0.05726870149374;130
100..300;22;50570421;G;A;0.0454544983804225;145
100..300;22;50572947;C;G;0.0618556998670101;190
100..300;22;50573504;C;T;0.0467836000025272;110
100..300;22;50573508;G;A;0.0582011006772518;120
100..300;22;50577409;C;T;0.0233161002397537;260
100..300;3;3098273;C;T;0.0817120969295501;175
100..300;3;4313013;A;G;0.0677966028451919;160
100..300;3;4316526;G;A;0.1059319972991943;165
100..300;3;4700567;G;A;0.0829875990748405;155
100..300;3;4983086;C;T;0.0324999988079071;280
100..300;3;7146493;C;T;0.0373831987380981;145
100..300;3;8994326;G;T;0.0700637027621269;115
100..300;3;8999310;A;G;0.0603448003530502;155
100..300;3;9473370;C;T;0.0496083982288837;250
100..300;3;9741397;T;C;0.0918366983532905;130
100..300;3;9878454;C;G;0.1050850003957748;190
100..300;3;9892921;C;T;0.0306122004985809;130
100..300;3;9920473;C;T;0.0536585003137588;130
100..300;3;10177824;C;T;0.0681817978620529;150
100..300;3;10385333;C;G;0.0476190000772476;120
100..300;3;10934059;T;C;0.0621468983590602;110
100..300;3;11034714;G;C;0.0727273002266883;110
100..300;3;11807400;C;G;0.0471203997731208;130
100..300;3;11839286;C;T;0.051020398736;185
100..300;3;11844977;A;G;0.0898203998804092;105
100..300;3;12257846;T;G;0.0632911026477813;100
100..300;3;12434058;T;C;0.055172398686409;185
100..300;3;12501699;A;G;0.0724138021469116;195
100..300;3;12503330;A;G;0.046875;220
100..300;3;12820087;C;T;0.0420712009072303;200
100..300;3;12820109;A;G;0.0396600998938083;230
100..300;3;14490278;C;A;0.0776699036359787;135
100..300;3;14491627;GA;G;0.0541667006909847;165
100..300;3;14493539;G;C;0.0511945001780986;200
100..300;3;14541920;G;A;0.0604651011526584;145
100..300;3;14897964;A;G;0.0344827994704246;175
100..300;3;15039189;A;G;0.0722891986370086;215
100..300;3;16264167;G;C;0.0515463985502719;120
100..300;3;16271057;T;C;0.0625;160
100..300;3;16286348;G;T;0.0307691991329193;125
100..300;3;16286402;T;C;0.0528634004294872;140
100..300;3;16323447;T;C;0.0622407011687755;155
100..300;3;16604489;A;G;0.0740740969777107;135
100..300;3;16728589;T;C;0.1098899990320205;120
100..300;3;17012007;G;A;0.0900473967194557;150
100..300;3;19905613;C;A;0.1243240013718605;120
100..300;3;19933647;T;C;0.1245279982686042;185
100..300;3;19933668;G;A;0.0630251988768577;175
100..300;3;20012456;G;C;0.0760233998298645;120
100..300;3;23807344;C;A;0.0352644994854927;270
100..300;3;24127490;T;C;0.0899470970034599;135
100..300;3;24165115;C;G;0.06007070094347;190
100..300;3;25528074;T;C;0.0616438016295433;185
100..300;3;27290686;C;T;0.0480348989367485;150
100..300;3;30671634;A;T;0.0794702023267746;105
100..300;3;30801066;C;G;0.0564103014767169;135
100..300;3;32260018;T;C;0.0463320016860961;175
100..300;3;32260068;G;C;0.0450819991528987;165
100..300;3;32491754;C;T;0.0384614989161491;135
100..300;3;32621039;C;T;0.0912697985768318;170
100..300;3;32621311;A;C;0.0710659995675087;270
100..300;3;32621315;C;T;0.0637755021452903;270
100..300;3;32621427;T;C;0.0474933981895446;265
100..300;3;32621446;C;T;0.0412371009588241;275
100..300;3;32621468;G;A;0.0331492014229297;260
100..300;3;32621548;C;T;0.035087700933218;235
100..300;3;32621609;C;G;0.0464481003582477;255
100..300;3;32621746;G;A;0.0308369994163513;165
100..300;3;32628865;A;G;0.0758294016122818;135
100..300;3;33132664;G;T;0.0346154011785984;160
100..300;3;33132676;A;G;0.0288066007196903;150
100..300;3;33153792;A;G;0.0265251994132995;245
100..300;3;33153817;G;A;0.0337661989033222;250
100..300;3;36767628;A;G;0.0476190000772476;170
100..300;3;38045533;T;C;0.0543477982282638;125
100..300;3;38307655;A;ATTTG;0.0493827015161514;215
100..300;3;38316326;T;C;0.039682500064373;170
100..300;3;38316470;G;C;0.0501671992242336;200
100..300;3;38550915;G;A;0.0828728973865509;260
100..300;3;38581377;A;G;0.0289855003356933;140
100..300;3;38725184;G;A;0.0434782989323139;160
100..300;3;38742538;C;T;0.0303029995411634;110
100..300;3;39184636;T;C;0.0268293004482984;295
100..300;3;39186552;G;T;0.0520548000931739;250
100..300;3;39265765;T;C;0.0453074015676975;220
100..300;3;39332411;G;C;0.0457746013998985;185
100..300;3;39359868;T;C;0.0321100987493991;145
100..300;3;40189892;T;C;0.0615836009383201;230
100..300;3;40233970;T;C;0.0553506016731262;170
100..300;3;40250345;T;C;0.0346320010721683;160
100..300;3;42209837;T;C;0.0412371009588241;205
100..300;3;42210006;C;G;0.0808081030845642;210
100..300;3;42619075;A;G;0.0581394992768764;120
100..300;3;42732983;A;G;0.0371747016906738;165
100..300;3;42739784;T;G;0.0351562015712261;165
100..300;3;42739824;A;G;0.0402299016714096;120
100..300;3;42758273;A;G;0.0383631996810436;260
100..300;3;42915240;A;AT;0.0421455986797809;190
100..300;3;43056273;A;G;0.0769231021404266;160
100..300;3;44243092;A;G;0.0914286002516746;130
100..300;3;44813071;G;A;0.1061450019478797;115
100..300;3;44843155;A;C;0.0728745013475418;165
100..300;3;44959134;A;G;0.0379747003316879;165
100..300;3;45112216;A;G;0.0640667974948883;250
100..300;3;45796394;C;G;0.0532543994486331;105
100..300;3;46408487;C;A;0.0655737966299057;215
100..300;3;46408579;A;T;0.049618300050497;185
100..300;3;46439310;G;A;0.0357142984867095;155
100..300;3;46439467;G;C;0.03125;195
100..300;3;46446446;T;C;0.0276497993618249;145
100..300;3;46532766;T;C;0.055172398686409;100
100..300;3;46539101;T;G;0.0255474001169204;180
100..300;3;46545132;C;T;0.0362319014966487;185
100..300;3;46551497;G;A;0.053398098796606;135
100..300;3;46579124;C;T;0.0233332999050617;205
100..300;3;46579270;G;T;0.0273037999868392;210
100..300;3;46579311;A;G;0.0487805008888244;195
100..300;3;46579725;C;T;0.0257731992751359;135
100..300;3;46671967;G;C;0.1021509990096092;240
100..300;3;46688267;G;C;0.101063996553421;125
100..300;3;46714447;T;C;0.0849421024322509;185
100..300;3;46717520;G;T;0.0544040985405445;250
100..300;3;46733832;G;A;0.0399999991059303;220
100..300;3;46733893;G;A;0.0463918000459671;140
100..300;3;46734118;G;A;0.0564783997833728;190
100..300;3;46736391;G;C;0.0389610007405281;200
100..300;3;46736395;C;T;0.0371621996164321;195
100..300;3;46846708;C;T;0.0711297020316124;150
100..300;3;46898098;A;G;0.0391459017992019;190
100..300;3;46995266;G;C;0.0208333004266023;210
100..300;3;47002132;A;G;0.039682500064373;175
100..300;3;47409921;T;C;0.039301298558712;180
100..300;3;48372784;T;C;0.0349650010466575;180
100..300;3;48566583;G;C;0.0572391003370285;200
100..300;3;48621034;A;C;0.1197919994592666;130
100..300;3;48621576;T;G;0.0320699997246265;225
100..300;3;48632014;T;C;0.0692308023571968;160
100..300;3;48633394;T;G;0.0841121971607208;215
100..300;3;48640578;C;G;0.050228301435709;150
100..300;3;48641538;G;T;0.149067997932434;110
100..300;3;48643620;T;C;0.1324789971113205;145
100..300;3;48645225;T;C;0.1011240035295486;125
100..300;3;48653883;C;T;0.1164380013942718;205
100..300;3;48662086;T;C;0.1041100025177002;275
100..300;3;48688274;T;C;0.1019110009074211;105
100..300;3;49014580;T;TGTC;0.0843373015522956;125
100..300;3;49026677;G;A;0.0744185969233512;145
100..300;3;49030471;C;T;0.0731706991791725;135
100..300;3;49103683;A;G;0.0807799026370048;240
100..300;3;49119040;G;C;0.0569395013153553;170
100..300;3;49175597;C;T;0.0935961008071899;130
100..300;3;49178533;T;C;0.086378701031208;195
100..300;3;49228311;T;C;0.0580645017325878;100
100..300;3;49256817;A;C;0.097297303378582;265
100..300;3;49276545;T;C;0.0652173981070518;235
100..300;3;49284594;A;T;0.1124259978532791;115
100..300;3;49324936;T;C;0.0878378003835678;190
100..300;3;49335612;G;A;0.0427807010710239;130
100..300;3;49417897;T;C;0.1056699976325035;245
100..300;3;49532767;T;C;0.0790190994739532;250
100..300;3;49651777;A;G;0.068241499364376;260
100..300;3;49653063;T;C;0.0938337966799736;250
100..300;3;49664550;A;G;0.1217390000820159;145
100..300;3;49676792;C;T;0.1144070029258728;160
100..300;3;49684099;A;G;0.0854701027274131;220
100..300;3;49712543;A;G;0.0731706991791725;260
100..300;3;50066484;A;G;0.0829268023371696;145
100..300;3;51778936;T;C;0.049668900668621;200
100..300;3;51948499;A;G;0.0594059005379676;130
100..300;3;52380096;T;C;0.0444444008171558;175
100..300;3;52414035;A;G;0.0757576003670692;175
100..300;3;52506757;C;T;0.1411039978265762;215
100..300;3;52513811;A;G;0.0426357015967369;175
100..300;3;52514802;T;C;0.0357142984867095;165
100..300;3;52519256;GC;G;0.0622222013771534;165
100..300;3;53229263;G;A;0.1217110008001327;210
100..300;3;53233139;A;G;0.0946502014994621;160
100..300;3;53811209;A;G;0.0810810998082161;220
100..300;3;53823649;T;C;0.0670732036232948;110
100..300;3;54626445;A;G;0.02990029938519;200
100..300;3;56296340;T;C;0.0290908999741077;185
100..300;3;56617139;G;A;0.0949720963835716;125
100..300;3;56801733;A;G;0.0429798997938632;235
100..300;3;57289142;G;A;0.0654762014746666;110
100..300;3;57352120;G;C;0.088495597243309;140
100..300;3;57428707;G;A;0.0416667014360427;110
100..300;3;57559427;C;T;0.0454544983804225;110
100..300;3;58096161;C;T;0.0544747002422809;175
100..300;3;58105076;A;G;0.0370370000600814;165
100..300;3;58123435;A;G;0.0737705007195472;185
100..300;3;58126761;T;C;0.0252525005489587;145
100..300;3;58132828;A;G;0.0381679013371467;165
100..300;3;58168600;T;C;0.0358422994613647;185
100..300;3;58193301;C;T;0.0445681996643543;240
100..300;3;58197909;A;G;0.0621468983590602;245
100..300;3;58205539;T;C;0.0584794990718364;110
100..300;3;58530656;A;G;0.0677082985639572;130
100..300;3;58640148;A;C;0.0507462993264198;210
100..300;3;59502614;C;T;0.1031749993562698;160
100..300;3;59752338;T;A;0.0370370000600814;115
100..300;3;59922400;G;A;0.0396040007472038;130
100..300;3;61201523;T;C;0.0398229993879795;140
100..300;3;61989708;C;T;0.0217390991747379;150
100..300;3;63831754;C;G;0.0760869979858398;125
100..300;3;63982224;G;A;0.0364237986505031;205
100..300;3;63995959;T;C;0.0822943001985549;275
100..300;3;63996406;A;G;0.1149429976940155;235
100..300;3;64023832;C;T;0.0192307997494936;165
100..300;3;64157183;T;C;0.0515463985502719;130
100..300;3;64602142;A;G;0.1007750034332275;170
100..300;3;66236632;A;G;0.0561797991394996;180
100..300;3;67498302;A;AAAG;0.0653595030307769;120
100..300;3;68988937;G;A;0.0335195995867252;105
100..300;3;69005190;C;T;0.0311111006885767;140
100..300;3;69033557;G;C;0.0553191006183624;155
100..300;3;69033722;T;G;0.1111110001802444;110
100..300;3;69035010;A;C;0.0335195995867252;115
100..300;3;69122139;T;C;0.0633803009986877;100
100..300;3;69122345;G;GAGA;0.0461537986993789;175
100..300;3;69221881;A;G;0.0913043022155761;150
100..300;3;71774431;T;C;0.025925900787115;170
100..300;3;72087154;A;G;0.0327102988958358;155
100..300;3;73384935;G;A;0.0841583982110023;140
100..300;3;74136598;A;T;0.058823499828577;165
100..300;3;74299911;C;T;0.0852017998695373;150
100..300;3;78614806;A;G;0.1226420029997825;140
100..300;3;88318608;T;C;0.0486726015806198;160
100..300;3;88466201;G;C;0.0352941006422042;180
100..300;3;97874536;A;G;0.0651341006159782;180
100..300;3;97959130;A;G;0.0375722981989383;220
100..300;3;98065331;A;C;0.1520469933748245;115
100..300;3;98087772;A;G;0.0653266012668609;145
100..300;3;98149578;G;A;0.0983607023954391;145
100..300;3;98498334;A;T;0.0821918025612831;145
100..300;3;98548445;T;C;0.107692003250122;125
100..300;3;98782284;G;A;0.0924855023622512;110
100..300;3;98784932;G;A;0.0476190000772476;100
100..300;3;99924332;T;C;0.0545454993844032;180
100..300;3;100167818;A;G;0.0298507008701562;135
100..300;3;100748174;C;T;0.0376568995416164;160
100..300;3;100754661;T;C;0.0388889014720916;125
100..300;3;100839572;C;T;0.0714285969734191;105
100..300;3;100898836;T;C;0.0300428997725248;150
100..300;3;101366569;A;G;0.1086959987878799;190
100..300;3;101513077;C;T;0.0615836009383201;220
100..300;3;102438521;T;A;0.0392857007682323;180
100..300;3;102438573;G;A;0.0612245015799999;155
100..300;3;108389078;A;C;0.0638298019766807;145
100..300;3;108398847;A;G;0.0597825981676578;130
100..300;3;108428696;A;C;0.0456140004098415;195
100..300;3;111969731;T;C;0.0842105001211166;130
100..300;3;112109537;GT;G;0.1025639995932579;105
100..300;3;112827063;G;GT;0.1090909987688064;150
100..300;3;112827459;A;C;0.0663900002837181;165
100..300;3;112991395;C;T;0.0555556006729602;150
100..300;3;113457275;A;G;0.0501474998891353;225
100..300;3;113468801;T;C;0.0368421003222465;125
100..300;3;113503189;A;G;0.0548780001699924;110
100..300;3;113960742;A;C;0.0288066007196903;160
100..300;3;114232449;G;C;0.113475002348423;100
100..300;3;114236340;C;A;0.081690102815628;250
100..300;3;114299594;C;T;0.0225224997848272;140
100..300;3;118902817;A;C;0.0221238993108272;150
100..300;3;120416036;C;T;0.0916334986686706;155
100..300;3;121432965;C;G;0.0692041963338851;185
100..300;3;121467575;A;G;0.0303029995411634;150
100..300;3;121467604;C;T;0.035087700933218;145
100..300;3;121510113;A;G;0.045584000647068;225
100..300;3;121533201;G;T;0.0450449995696544;140
100..300;3;121642940;A;G;0.0487805008888244;130
100..300;3;121993958;C;G;0.052419401705265;170
100..300;3;122284910;T;G;0.0410627983510494;290
100..300;3;122341557;T;C;0.0380951985716819;135
100..300;3;122384273;A;G;0.0292397998273372;210
100..300;3;122540793;C;T;0.0686274990439415;135
100..300;3;122635190;G;A;0.1057690009474754;140
100..300;3;122635869;T;C;0.1094530001282692;135
100..300;3;122660752;G;GAA;0.0842491015791893;205
100..300;3;122660756;A;G;0.0865051969885826;200
100..300;3;122661767;A;C;0.0912548005580902;190
100..300;3;122662041;T;C;0.0540541000664234;155
100..300;3;122662076;C;G;0.0717488974332809;160
100..300;3;122662270;T;C;0.118367001414299;160
100..300;3;122961294;G;A;0.0944882035255432;160
100..300;3;123161344;C;T;0.0298507008701562;175
100..300;3;123725938;T;A;0.0389610007405281;155
100..300;3;123915199;A;G;0.1523440033197403;175
100..300;3;123947055;G;T;0.1560509949922561;210
100..300;3;124763647;T;TTTGTTGAAC;0.0422535017132759;135
100..300;3;124796649;T;C;0.0307328999042511;275
100..300;3;125084037;G;A;0.0905349999666214;165
100..300;3;125084044;T;C;0.0843881964683532;160
100..300;3;125135792;T;A;0.102803997695446;140
100..300;3;125916672;G;C;0.0472102984786033;130
100..300;3;126131538;G;A;0.0439999997615814;165
100..300;3;126433051;A;G;0.0652173981070518;190
100..300;3;126461977;A;G;0.0426829010248184;225
100..300;3;126499324;A;G;0.0404412001371383;175
100..300;3;126572455;A;C;0.0396600998938083;240
100..300;3;126733094;T;G;0.0666666999459266;125
100..300;3;126767242;A;G;0.0684411004185676;185
100..300;3;126989610;C;T;0.0731706991791725;205
100..300;3;127007862;G;A;0.0466101989150047;145
100..300;3;127012030;A;G;0.0375940017402172;260
100..300;3;127014210;T;C;0.0415094010531902;165
100..300;3;127028347;A;G;0.0652173981070518;100
100..300;3;127671514;T;C;0.0293160006403923;200
100..300;3;127680112;A;G;0.0424836985766887;205
100..300;3;128463231;A;G;0.0422535017132759;100
100..300;3;128625943;A;G;0.0309597998857498;205
100..300;3;128895290;T;C;0.0295857992023229;105
100..300;3;128895342;C;A;0.0582191981375217;185
100..300;3;128908178;G;A;0.0432691983878612;130
100..300;3;128909090;T;C;0.065972201526165;190
100..300;3;128932693;A;G;0.0482758991420269;105
100..300;3;129032827;A;G;0.0274390000849962;210
100..300;3;130440791;A;G;0.1117319986224174;125
100..300;3;131029889;G;A;0.0460526011884212;105
100..300;3;131905253;A;G;0.0604026988148689;100
100..300;3;132243984;A;G;0.0376343987882137;130
100..300;3;132642752;A;G;0.0656566023826599;120
100..300;3;133623144;C;T;0.0659897997975349;120
100..300;3;133746439;G;A;0.0484581999480724;145
100..300;3;133755484;A;G;0.0564516000449657;160
100..300;3;133775510;T;C;0.0900901034474372;215
100..300;3;133805873;C;G;0.0219436008483171;210
100..300;3;134175917;G;T;0.0593607015907764;145
100..300;3;134222476;T;C;0.0732984021306037;125
100..300;3;134350819;A;G;0.0565476007759571;210
100..300;3;134507127;C;T;0.0725388973951339;120
100..300;3;136001698;G;A;0.1224490031599998;170
100..300;3;136001831;C;T;0.0669642984867096;160
100..300;3;136003422;G;A;0.09565220028162;155
100..300;3;136326371;A;G;0.0296052992343902;200
100..300;3;136369196;A;G;0.0742857009172439;110
100..300;3;136854598;G;A;0.0986547023057937;155
100..300;3;136855659;G;A;0.0745342001318931;105
100..300;3;136959543;C;G;0.0745342001318931;110
100..300;3;138024666;T;A;0.0459184013307094;120
100..300;3;138030997;G;A;0.0599078014492988;150
100..300;3;138468726;T;C;0.0463767983019351;235
100..300;3;138472390;A;G;0.043010801076889;190
100..300;3;138570379;T;C;0.0452488996088504;150
100..300;3;138611020;A;G;0.0669455975294113;150
100..300;3;138714726;T;C;0.0955056026577949;120
100..300;3;139538761;G;A;0.125;130
100..300;3;139539569;A;G;0.0541236996650695;250
100..300;3;142404999;T;C;0.0538461990654468;170
100..300;3;142459302;T;C;0.0625;145
100..300;3;142558733;T;A;0.0441175997257232;130
100..300;3;142562770;G;A;0.0673575028777122;135
100..300;3;142962407;A;G;0.0477940998971462;195
100..300;3;147390969;G;C;0.0549019984900951;170
100..300;3;148741608;T;C;0.068852499127388;215
100..300;3;149009346;A;G;0.0557769015431404;155
100..300;3;149163886;T;C;0.09375;125
100..300;3;149474889;A;G;0.1338029950857162;185
100..300;3;149657086;T;G;0.0397727005183696;125
100..300;3;149741554;G;A;0.1279619932174682;135
100..300;3;149750743;G;T;0.1414629966020584;135
100..300;3;149767506;C;T;0.0677966028451919;210
100..300;3;149770655;G;A;0.0599999986588954;125
100..300;3;152340660;G;A;0.1151079982519149;180
100..300;3;152836568;G;A;0.1169589981436729;235
100..300;3;156810476;T;C;0.1281339973211288;240
100..300;3;158602914;A;C;0.061728399246931;155
100..300;3;158650048;T;C;0.0224718991667032;180
100..300;3;158710853;A;G;0.0494185984134674;225
100..300;3;158802222;T;C;0.039547998458147;240
100..300;3;168010266;T;C;0.0629921033978462;165
100..300;3;168029234;T;C;0.0423077009618282;160
100..300;3;169122674;C;T;0.1283189952373504;145
100..300;3;169822609;C;T;0.0355191007256507;245
100..300;3;169832971;A;G;0.0654762014746666;120
100..300;3;169840237;T;C;0.03125;235
100..300;3;170113480;C;T;0.0642201974987983;150
100..300;3;170481109;T;C;0.0236967001110315;145
100..300;3;170708167;C;G;0.1133330017328262;105
100..300;3;172337311;C;A;0.0585106015205383;115
100..300;3;172603907;T;C;0.0744047984480857;230
100..300;3;172648042;G;T;0.1078720018267631;235
100..300;3;173049032;A;G;0.0691824033856391;105
100..300;3;175097130;G;A;0.0392156988382339;110
100..300;3;179250846;T;C;0.0349854007363319;220
100..300;3;179259033;A;G;0.0810810998082161;210
100..300;3;179260290;G;T;0.0632183998823165;230
100..300;3;179260754;A;G;0.0502645000815391;275
100..300;3;179260901;G;A;0.0820311978459358;200
100..300;3;179260930;T;C;0.0579710006713867;200
100..300;3;179464684;A;G;0.0426229014992713;225
100..300;3;180324779;G;A;0.079295203089714;160
100..300;3;180951420;T;C;0.0535713993012905;150
100..300;3;183180132;G;A;0.0928793027997016;205
100..300;3;183494118;G;A;0.1299210041761398;165
100..300;3;183494238;T;C;0.0740740969777107;125
100..300;3;183508326;T;G;0.0441639982163906;220
100..300;3;183762226;A;G;0.0384614989161491;175
100..300;3;184182044;T;C;0.0568562000989913;210
100..300;3;184183493;A;G;0.0462962985038757;130
100..300;3;184278066;A;G;0.0478723011910915;130
100..300;3;184278280;T;C;0.0576271004974842;190
100..300;3;184328682;T;C;0.1021670028567314;215
100..300;3;184355450;A;G;0.0278552006930112;235
100..300;3;184572560;A;G;0.0333333015441894;230
100..300;3;184575822;C;T;0.0418847985565662;125
100..300;3;184575981;C;T;0.0811808034777641;175
100..300;3;184580875;A;G;0.0457746013998985;200
100..300;3;184581280;A;G;0.0568181984126567;240
100..300;3;184581379;C;T;0.1163429990410804;255
100..300;3;184581626;T;C;0.0428570993244648;140
100..300;3;186048625;T;C;0.100671000778675;105
100..300;3;186188328;C;T;0.0420419983565807;215
100..300;3;186613180;G;C;0.0315788984298706;180
100..300;3;186620751;C;T;0.0764119997620582;210
100..300;3;186722454;A;G;0.0890688002109527;160
100..300;3;186742138;C;T;0.0799999982118606;190
100..300;3;186854300;C;T;0.0508475005626678;230
100..300;3;187370824;T;C;0.0560345016419887;155
100..300;3;188609319;T;C;0.033994298428297;230
100..300;3;188866398;A;G;0.044871799647808;115
100..300;3;189995416;C;T;0.0731706991791725;135
100..300;3;190388453;C;T;0.0893855020403862;125
100..300;3;190645805;A;G;0.0721649006009101;125
100..300;3;191329743;G;A;0.0476190000772476;145
100..300;3;191357084;G;C;0.117646999657154;110
100..300;3;191358113;T;C;0.0314135998487472;130
100..300;3;191375264;C;T;0.0562770999968051;170
100..300;3;191375386;A;T;0.0916031002998352;185
100..300;3;191375521;G;A;0.1066180020570755;180
100..300;3;191382772;A;C;0.0921052992343902;100
100..300;3;193362555;T;C;0.0226243995130062;160
100..300;3;193363333;T;G;0.0695651993155479;145
100..300;3;193617202;A;G;0.0636041983962059;190
100..300;3;193657175;C;T;0.0610328987240791;145
100..300;3;193993393;A;G;0.0819671973586082;125
100..300;3;194653103;C;T;0.0689655020833015;200
100..300;3;194653104;A;G;0.0721649006009101;200
100..300;3;194687573;T;G;0.0245232004672288;255
100..300;3;195752355;A;G;0.0842697024345398;225
100..300;3;195867280;C;CCT;0.0222929995507001;210
100..300;3;195868079;A;G;0.0314286015927791;225
100..300;3;196661228;C;G;0.0503778010606765;275
100..300;3;196886201;C;A;0.0650406032800674;175
100..300;3;196943223;GAC;G;0.0634327977895736;195
100..300;3;196947878;T;C;0.0520548000931739;250
100..300;3;197015419;C;T;0.0459459014236927;235
100..300;3;197015524;A;G;0.0460829995572567;145
100..300;3;197016259;C;T;0.0530035011470317;195
100..300;3;197019758;C;T;0.0267558991909027;205
100..300;4;679989;C;T;0.0316900983452796;185
100..300;4;733906;C;A;0.0373831987380981;225
100..300;4;734150;G;C;0.0486726015806198;150
100..300;4;761341;T;C;0.0530973002314567;145
100..300;4;865136;A;G;0.0303950998932123;205
100..300;4;989824;T;C;0.0438596010208129;240
100..300;4;1978619;T;A;0.0358974002301692;135
100..300;4;2174006;G;A;0.0695364028215408;200
100..300;4;2174727;A;G;0.0425532013177871;120
100..300;4;2179353;C;T;0.0355556011199951;140
100..300;4;2193219;T;C;0.0482456013560295;155
100..300;4;2193226;A;G;0.0472102984786033;155
100..300;4;2193282;A;G;0.0658435970544815;155
100..300;4;2193297;G;T;0.0399999991059303;145
100..300;4;2251253;G;T;0.0363636016845703;145
100..300;4;2305144;T;C;0.0764330998063087;215
100..300;4;2341622;G;C;0.080851100385189;160
100..300;4;2458844;T;C;0.0457516014575958;200
100..300;4;3229934;A;G;0.0493827015161514;155
100..300;4;3316686;G;A;0.0586510002613067;260
100..300;4;3317826;T;C;0.0342104993760585;255
100..300;4;3512968;G;A;0.0536397993564605;170
100..300;4;3520212;A;T;0.0574163012206554;140
100..300;4;3935530;G;C;0.0755814015865325;110
100..300;4;3936394;T;C;0.0586080998182296;170
100..300;4;4197356;G;T;0.0271083991974592;230
100..300;4;4197907;T;A;0.0957747027277946;235
100..300;4;4202572;C;T;0.0853658989071846;105
100..300;4;4248182;T;C;0.0465116016566753;105
100..300;4;4302795;C;A;0.0625;215
100..300;4;4320943;T;C;0.0666666999459266;200
100..300;4;5331277;T;C;0.0682730972766876;165
100..300;4;5748276;G;A;0.0504201985895633;160
100..300;4;5752817;C;T;0.042918499559164;170
100..300;4;5783715;A;G;0.0489129982888698;130
100..300;4;5836786;G;C;0.0416667014360427;200
100..300;4;5965074;C;T;0.0310881007462739;125
100..300;4;5994377;C;T;0.0733944997191429;135
100..300;4;5994474;G;A;0.0919540002942085;115
100..300;4;6291182;T;C;0.0579710006713867;145
100..300;4;6291188;G;A;0.0599078014492988;155
100..300;4;6291969;G;C;0.0813954025506973;220
100..300;4;6301295;T;C;0.0730336979031562;255
100..300;4;6302228;A;G;0.0841121971607208;230
100..300;4;6302360;G;A;0.0716252997517585;250
100..300;4;6323291;T;A;0.0445545017719268;150
100..300;4;6323359;A;G;0.0586666986346244;255
100..300;4;7434759;A;C;0.0435966998338699;245
100..300;4;7729583;A;G;0.080645203590393;125
100..300;4;7778855;T;C;0.0488721989095211;175
100..300;4;7800565;A;G;0.0419161990284919;210
100..300;4;7819068;A;G;0.0628018975257873;135
100..300;4;7855503;T;C;0.1007189974188804;180
100..300;4;8019690;G;A;0.0462632998824119;175
100..300;4;8088301;T;C;0.0958084017038345;110
100..300;4;8218302;A;G;0.046875;155
100..300;4;8581015;T;C;0.0198676008731126;200
100..300;4;8581129;G;T;0.0470587983727455;225
100..300;4;8604206;G;A;0.0505618005990982;115
100..300;4;9908299;A;G;0.0330881997942924;180
100..300;4;10445544;G;C;0.03125;150
100..300;4;10445570;G;T;0.0280374009162187;150
100..300;4;10571786;A;C;0.0355030000209808;110
100..300;4;13599713;A;G;0.0771929994225502;205
100..300;4;13615388;T;C;0.0305677000433206;155
100..300;4;15481185;A;G;0.0777778029441833;115
100..300;4;15992396;A;G;0.0969163030385971;145
100..300;4;20850621;G;A;0.071823202073574;120
100..300;4;22388544;T;C;0.0589681006968021;280
100..300;4;23814039;T;C;0.080645203590393;210
100..300;4;24834997;T;C;0.0897959023714065;165
100..300;4;25417661;C;T;0.052419401705265;155
100..300;4;26489489;G;A;0.0666666999459266;120
100..300;4;26489495;T;A;0.0714285969734191;110
100..300;4;26584259;T;C;0.0394737012684345;200
100..300;4;27017771;A;G;0.0332481004297733;260
100..300;4;36150962;T;G;0.0773480981588363;115
100..300;4;36161506;A;G;0.0473373010754585;110
100..300;4;36284155;A;G;0.0590909011662006;145
100..300;4;36308443;A;G;0.0642570033669471;165
100..300;4;36316348;C;T;0.0528455004096031;160
100..300;4;37960565;C;G;0.1103900000452995;215
100..300;4;38773268;C;T;0.1209300011396408;140
100..300;4;38773419;G;A;0.1030040010809898;175
100..300;4;38774301;T;G;0.0813397020101547;135
100..300;4;38774486;G;T;0.1077840030193328;120
100..300;4;38774559;A;C;0.0705882012844085;115
100..300;4;38774682;C;T;0.0611111000180244;130
100..300;4;38774870;G;T;0.115385003387928;125
100..300;4;38775552;T;A;0.0521739013493061;150
100..300;4;38783012;T;G;0.0598291009664535;145
100..300;4;38798089;C;T;0.0743801966309547;175
100..300;4;38798593;G;C;0.1032610014081001;130
100..300;4;38827542;C;A;0.0474137999117374;170
100..300;4;38828211;C;T;0.0480000004172325;170
100..300;4;38828391;C;G;0.0635837987065315;125
100..300;4;38828729;G;A;0.1028809994459152;170
100..300;4;38878328;A;G;0.025000000372529;245
100..300;4;38878425;C;T;0.0426540002226829;145
100..300;4;39115291;C;T;0.1114370003342628;215
100..300;4;39121077;T;C;0.0601852014660835;145
100..300;4;39300409;C;T;0.0582959987223148;150
100..300;4;39605051;G;A;0.0697674006223678;160
100..300;4;39898359;C;G;0.0625;110
100..300;4;40335506;T;C;0.052419401705265;155
100..300;4;40335891;C;T;0.0521172992885112;190
100..300;4;40425973;C;G;0.0333333015441894;140
100..300;4;41013806;A;G;0.0261780004948377;270
100..300;4;41524486;T;C;0.0449437983334064;115
100..300;4;52745501;C;T;0.0477816015481948;195
100..300;4;52745534;C;G;0.0517240986227989;160
100..300;4;53145359;G;A;0.0849056988954544;140
100..300;4;54231424;T;C;0.0678732991218566;150
100..300;4;54240528;C;T;0.0399999991059303;125
100..300;4;54258293;T;C;0.057142898440361;100
100..300;4;54258424;G;A;0.0473373010754585;120
100..300;4;54263911;C;T;0.0398229993879795;150
100..300;4;54267559;G;T;0.0818182006478309;160
100..300;4;54273604;C;T;0.0306748002767562;210
100..300;4;54275333;T;C;0.0569619983434677;105
100..300;4;54276038;A;G;0.0555556006729602;115
100..300;4;54276943;G;A;0.0659340992569923;125
100..300;4;54277154;T;C;0.0340908989310264;125
100..300;4;54277410;A;G;0.0456026010215282;200
100..300;4;54285873;T;C;0.0606060996651649;160
100..300;4;54736599;C;G;0.0397727005183696;125
100..300;4;55351936;A;G;0.058823499828577;160
100..300;4;55605266;G;A;0.0378377996385097;120
100..300;4;55609171;A;G;0.0975610017776489;160
100..300;4;56338611;C;A;0.0501567013561725;220
100..300;4;56345186;C;T;0.0737326964735984;145
100..300;4;56353447;T;C;0.0540541000664234;165
100..300;4;56356368;A;C;0.0666666999459266;200
100..300;4;56378148;A;C;0.0700000002980232;140
100..300;4;57020984;T;C;0.082251101732254;150
100..300;4;61934836;A;G;0.1317369937896728;105
100..300;4;62816988;T;A;0.0638978034257888;210
100..300;4;64431422;A;G;0.0402010008692741;140
100..300;4;67914681;G;A;0.0742357969284057;150
100..300;4;67919056;C;T;0.057142898440361;190
100..300;4;69107234;T;C;0.0635837987065315;110
100..300;4;69214257;G;A;0.1242939978837966;115
100..300;4;69410946;T;C;0.1179490014910698;120
100..300;4;69589530;T;C;0.0728928968310356;290
100..300;4;70249239;T;G;0.1214950010180473;220
100..300;4;70606447;C;T;0.0599251016974449;190
100..300;4;71752617;C;A;0.1099480018019676;125
100..300;4;72567405;G;GA;0.1637170016765594;155
100..300;4;73065426;T;TA;0.052631601691246;125
100..300;4;73419522;T;C;0.0542168989777565;115
100..300;4;73445127;G;A;0.0753424987196922;100
100..300;4;73576632;C;G;0.052631601691246;125
100..300;4;73869527;G;A;0.0230414997786283;145
100..300;4;75645445;C;T;0.0756971985101699;175
100..300;4;75936156;T;C;0.0483270995318889;175
100..300;4;75936235;T;C;0.0378377996385097;125
100..300;4;75936242;G;A;0.0289016999304294;115
100..300;4;76035035;C;T;0.0879120975732803;115
100..300;4;76035136;CAA;C;0.1148649975657463;110
100..300;4;76103983;T;C;0.0388889014720916;110
100..300;4;76132681;C;T;0.0640394017100334;135
100..300;4;76271715;A;G;0.1225809976458549;100
100..300;4;76278261;A;C;0.0924092009663581;200
100..300;4;76369408;A;G;0.0722891986370086;115
100..300;4;76384193;G;A;0.0742048993706703;185
100..300;4;76739578;G;C;0.1253640055656433;240
100..300;4;76741156;T;C;0.1010100021958351;130
100..300;4;76754772;A;G;0.0369318015873432;235
100..300;4;78318909;G;A;0.083892598748207;200
100..300;4;78516001;T;C;0.0666666999459266;160
100..300;4;78526609;C;T;0.1101690009236335;150
100..300;4;78534560;G;C;0.136363998055458;110
100..300;4;78534579;T;C;0.1518989950418472;100
100..300;4;79977654;T;C;0.0252100992947816;145
100..300;4;79984837;T;G;0.0689655020833015;190
100..300;4;81448051;A;T;0.0399999991059303;105
100..300;4;82129595;A;G;0.06944440305233;150
100..300;4;82275383;A;G;0.0616113990545272;145
100..300;4;82660911;T;G;0.0896056964993476;195
100..300;4;82661058;G;C;0.1297069936990738;165
100..300;4;83309466;C;T;0.1518319994211197;125
100..300;4;85923682;G;A;0.0487805008888244;105
100..300;4;85994695;C;T;0.0504450984299182;220
100..300;4;85994770;A;G;0.0256409998983144;230
100..300;4;87207192;A;G;0.0264550000429153;130
100..300;4;87482457;A;G;0.0788177028298378;125
100..300;4;87662996;T;C;0.0637681037187576;235
100..300;4;87663008;A;G;0.0693641975522041;230
100..300;4;87892723;C;T;0.0708333030343055;185
100..300;4;87981540;C;T;0.0531915016472339;190
100..300;4;87982701;T;C;0.0564972013235092;240
100..300;4;89114398;G;A;0.0572391003370285;215
100..300;4;89248774;G;A;0.0634920969605445;230
100..300;4;94276369;T;C;0.1061950027942657;145
100..300;4;95250530;G;A;0.0418604984879493;145
100..300;4;97972325;T;C;0.0549451000988483;115
100..300;4;99207596;C;T;0.0698925033211708;115
100..300;4;99522563;A;G;0.0467532016336917;245
100..300;4;99522627;G;C;0.0196077991276979;230
100..300;4;99522643;A;G;0.0192307997494936;205
100..300;4;99564087;C;G;0.0597014985978603;175
100..300;4;99564098;A;G;0.0557490997016429;185
100..300;4;99582002;A;C;0.0539567992091178;180
100..300;4;99583507;C;T;0.0975610017776489;135
100..300;4;101829919;A;G;0.0300751999020576;180
100..300;4;101830119;T;C;0.0379747003316879;160
100..300;4;101918130;A;G;0.1428570002317428;115
100..300;4;102025190;G;A;0.2034880071878433;120
100..300;4;102025235;A;G;0.065972201526165;195
100..300;4;102307577;T;C;0.0740740969777107;120
100..300;4;103043372;C;A;0.0751174017786979;140
100..300;4;103140836;G;C;0.1333329975605011;115
100..300;4;103161192;T;C;0.1933699995279312;120
100..300;4;105275794;G;A;0.0476190000772476;175
100..300;4;105938392;C;G;0.0858585983514785;130
100..300;4;107631692;A;G;0.058823499828577;150
100..300;4;107654833;A;G;0.0948012024164199;205
100..300;4;108165124;T;C;0.0604651011526584;145
100..300;4;108789485;T;C;0.057142898440361;165
100..300;4;108942214;T;C;0.0754716992378234;140
100..300;4;110400371;A;G;0.0483870990574359;130
100..300;4;110416592;A;T;0.0663264989852905;265
100..300;4;110945181;C;T;0.0470587983727455;120
100..300;4;112356901;T;C;0.0328947007656097;215
100..300;4;112357355;C;T;0.0517928004264831;180
100..300;4;112357450;T;C;0.0235690008848905;195
100..300;4;112456602;A;G;0.0745763033628463;200
100..300;4;112456796;G;A;0.0739436969161033;190
100..300;4;112788137;A;G;0.0537634007632732;180
100..300;4;112788190;T;C;0.0334347002208232;215
100..300;4;116598196;A;C;0.0689655020833015;105
100..300;4;116598211;C;T;0.1437499970197677;115
100..300;4;116598277;C;G;0.1043770015239715;190
100..300;4;116598343;C;T;0.122977003455162;215
100..300;4;116598397;T;C;0.117478996515274;240
100..300;4;116598525;T;C;0.1008170023560524;255
100..300;4;116599386;G;A;0.0906666964292526;255
100..300;4;116599575;C;T;0.0900901034474372;155
100..300;4;119026830;C;G;0.051912598311901;260
100..300;4;119338058;G;A;0.0461537986993789;165
100..300;4;119553704;G;A;0.0974358990788459;125
100..300;4;121036404;A;G;0.0701107010245323;180
100..300;4;121037536;C;T;0.041958000510931;195
100..300;4;121879832;C;T;0.0730336979031562;115
100..300;4;122250504;A;T;0.070093497633934;135
100..300;4;122271085;C;A;0.078313298523426;115
100..300;4;122743049;A;G;0.0544412992894649;235
100..300;4;122743272;C;G;0.0502959005534648;240
100..300;4;122743291;A;G;0.0610464997589588;235
100..300;4;122743302;T;C;0.0553845986723899;230
100..300;4;122743764;G;A;0.080645203590393;140
100..300;4;125490999;A;G;0.0378151014447212;170
100..300;4;129003822;A;C;0.1329479962587356;105
100..300;4;129102604;T;A;0.1551720052957534;150
100..300;4;129136560;T;C;0.0566038005053997;110
100..300;4;129136652;A;G;0.0685714036226272;115
100..300;4;137448289;T;A;0.122137002646923;100
100..300;4;139602701;A;G;0.0568181984126567;110
100..300;4;140343717;G;A;0.0848485007882118;100
100..300;4;140373660;C;G;0.0718085020780563;235
100..300;4;140461967;T;A;0.159509003162384;110
100..300;4;140644420;T;G;0.0521326996386051;135
100..300;4;140644712;G;C;0.0567010007798671;130
100..300;4;142145901;A;G;0.0708661004900932;170
100..300;4;143425592;T;C;0.0553191006183624;155
100..300;4;145655266;C;G;0.0913043022155761;150
100..300;4;146217015;G;A;0.0743801966309547;170
100..300;4;146217041;T;C;0.0557490997016429;195
100..300;4;146217170;G;A;0.1020409986376762;165
100..300;4;146230258;C;T;0.0490196011960506;215
100..300;4;146230442;G;A;0.0572391003370285;200
100..300;4;150817188;G;A;0.0677082985639572;125
100..300;4;151014529;A;C;0.058823499828577;220
100..300;4;151175028;C;T;0.0672783032059669;235
100..300;4;151650578;T;G;0.0621762014925479;140
100..300;4;153592475;G;A;0.0965908989310264;115
100..300;4;153592570;T;C;0.0486726015806198;145
100..300;4;153593813;C;T;0.0883392021059989;180
100..300;4;153658827;A;G;0.0367816016077995;295
100..300;4;153703504;C;T;0.1446540057659149;115
100..300;4;153710435;G;C;0.1666669994592666;135
100..300;4;153712582;C;G;0.1199999973177909;125
100..300;4;153723385;C;T;0.1162789985537529;110
100..300;4;154489498;C;T;0.0215517003089189;160
100..300;4;154489579;C;G;0.0307691991329193;130
100..300;4;154567669;T;C;0.0705882012844085;170
100..300;4;154569680;T;C;0.0410959012806415;200
100..300;4;154570607;A;G;0.0382774993777275;140
100..300;4;155214524;T;C;0.1015380024909973;230
100..300;4;155214875;T;C;0.093189999461174;190
100..300;4;155353225;C;T;0.0945945978164672;140
100..300;4;155381191;T;A;0.1270720064640045;115
100..300;4;158277840;T;C;0.0599999986588954;165
100..300;4;158278190;C;G;0.0454544983804225;175
100..300;4;158973239;A;G;0.0557621009647846;175
100..300;4;159356124;T;C;0.0679244995117187;185
100..300;4;163514113;C;A;0.0555556006729602;120
100..300;4;163545672;T;C;0.0370370000600814;180
100..300;4;164775888;T;G;0.0617978014051914;120
100..300;4;164957457;A;T;0.049618300050497;180
100..300;4;165310716;G;A;0.0254545006901025;180
100..300;4;168427253;T;C;0.0532318986952304;180
100..300;4;168448711;T;A;0.1104969978332519;115
100..300;4;168511522;T;C;0.0613717995584011;190
100..300;4;168511690;A;G;0.0566801987588405;180
100..300;4;168512175;C;T;0.0416667014360427;255
100..300;4;168512176;A;G;0.0363127999007701;255
100..300;4;168512182;T;C;0.0401146002113819;250
100..300;4;168512293;T;C;0.0439882986247539;230
100..300;4;168742464;G;T;0.1091950014233589;110
100..300;4;176192613;C;A;0.1103900000452995;100
100..300;4;176192685;T;C;0.1173909977078437;150
100..300;4;176216837;T;C;0.064935103058815;100
100..300;4;182893016;G;A;0.02928869985044;150
100..300;4;182894535;G;A;0.0480000004172325;165
100..300;4;183282837;T;C;0.0601503998041152;165
100..300;4;183315715;A;G;0.0523810014128685;125
100..300;4;183483535;A;G;0.0480769015848636;200
100..300;4;183483878;C;T;0.0469314008951187;195
100..300;4;183679448;G;A;0.0595237985253334;160
100..300;4;183691400;C;G;0.0404624007642269;115
100..300;4;183697783;C;G;0.0766550973057746;185
100..300;4;184010665;A;G;0.0402930006384849;185
100..300;4;184657331;T;C;0.0364963002502918;100
100..300;4;184694610;A;C;0.0666666999459266;180
100..300;4;184694614;G;T;0.0676157027482986;180
100..300;4;184699597;G;C;0.0461537986993789;170
100..300;4;184710184;G;A;0.1081079989671707;125
100..300;4;184716545;G;A;0.056716401129961;225
100..300;4;184729000;A;G;0.0380623005330562;185
100..300;4;184764878;T;C;0.1106380000710487;155
100..300;4;185175891;T;C;0.0265957005321979;260
100..300;4;185373044;T;C;0.050000000745058;165
100..300;4;185378106;G;A;0.0833332985639572;135
100..300;4;185429405;T;C;0.0471203997731208;125
100..300;4;185502501;A;G;0.0454544983804225;105
100..300;4;186076613;A;C;0.0375587008893489;140
100..300;4;186157665;G;C;0.0522387996315956;265
100..300;4;186201150;T;C;0.0322581008076667;130
100..300;4;186201165;G;T;0.0311111006885767;155
100..300;4;186254568;A;T;0.0738636031746864;120
100..300;4;186328740;C;T;0.0445859991014003;210
100..300;4;186596887;C;T;0.0382352992892265;240
100..300;4;186609868;G;A;0.0277778003364801;145
100..300;4;188388394;T;G;0.0714285969734191;110
100..300;4;188389405;T;TAG;0.0754716992378234;145
100..300;4;189172080;T;C;0.0923694968223571;165
100..300;4;189941000;G;T;0.0204082001000642;260
100..300;4;189941027;T;C;0.0277136005461215;280
100..300;4;189955040;T;C;0.0974026024341583;100
100..300;5;427929;T;C;0.0529800988733768;200
100..300;5;434607;C;G;0.0363636016845703;295
100..300;5;447664;A;C;0.0507041998207569;235
100..300;5;458036;T;C;0.0405405014753341;130
100..300;5;476238;T;C;0.0305084995925426;190
100..300;5;483449;G;A;0.0563380010426044;195
100..300;5;485144;T;G;0.0436507984995842;165
100..300;5;635594;T;C;0.0388350002467632;140
100..300;5;640590;G;A;0.0433213002979755;180
100..300;5;640613;A;G;0.0630251988768577;155
100..300;5;644437;T;G;0.0677082985639572;125
100..300;5;665165;C;T;0.0947074964642524;235
100..300;5;665180;G;A;0.0488432012498378;250
100..300;5;677947;G;A;0.0719257965683937;290
100..300;5;870504;G;A;0.0316205993294715;165
100..300;5;889579;A;C;0.0370370000600814;145
100..300;5;908473;G;A;0.0507245995104312;180
100..300;5;908481;G;A;0.0452830009162426;175
100..300;5;914549;C;T;0.0710059031844139;105
100..300;5;1035376;AC;A;0.0716611966490745;215
100..300;5;1225498;A;G;0.0841424018144607;195
100..300;5;1225511;A;T;0.0909091010689735;210
100..300;5;1225573;C;T;0.0862620025873184;205
100..300;5;1320607;T;C;0.0347490012645721;170
100..300;5;1466804;A;G;0.0460526011884212;295
100..300;5;4089088;A;T;0.0478468984365463;140
100..300;5;4089098;T;C;0.050000000745058;145
100..300;5;5262653;A;G;0.0714285969734191;125
100..300;5;6377180;T;C;0.0303029995411634;125
100..300;5;7706909;A;C;0.0368097983300685;115
100..300;5;7835442;G;C;0.0852017998695373;145
100..300;5;7870860;G;A;0.0488721989095211;160
100..300;5;10973615;A;G;0.0614251010119915;265
100..300;5;13844936;A;G;0.0581040009856224;225
100..300;5;13844998;G;A;0.051282100379467;140
100..300;5;14768994;A;G;0.0332102999091148;175
100..300;5;16701388;T;C;0.0370370000600814;280
100..300;5;16877592;G;C;0.0541872009634971;140
100..300;5;17353928;G;A;0.0481480993330478;175
100..300;5;17353932;C;T;0.0437956005334854;175
100..300;5;17374789;G;A;0.0693069025874137;130
100..300;5;17635014;A;G;0.0584192015230655;210
100..300;5;17670491;A;C;0.043715801090002;120
100..300;5;18049790;T;A;0.0493827015161514;155
100..300;5;33461912;G;A;0.0594595000147819;120
100..300;5;33461929;A;G;0.0599999986588954;130
100..300;5;33502854;T;G;0.0440252013504505;115
100..300;5;33502927;T;A;0.0308369994163513;160
100..300;5;33502971;G;C;0.0321285016834735;165
100..300;5;33546102;C;T;0.0294118002057075;135
100..300;5;33549282;A;G;0.0538921989500522;215
100..300;5;34807823;T;C;0.0849056988954544;135
100..300;5;34811032;G;T;0.0782122984528541;120
100..300;5;34998772;A;C;0.1105989962816238;150
100..300;5;35037010;T;C;0.1004780009388923;135
100..300;5;35641480;C;A;0.0837989002466201;120
100..300;5;35654609;T;C;0.0378548987209796;200
100..300;5;35876172;G;A;0.0331325009465217;230
100..300;5;36142487;A;T;0.0457516014575958;100
100..300;5;36142546;G;A;0.0684932023286819;140
100..300;5;36143290;T;C;0.0299145001918077;145
100..300;5;37195926;T;C;0.0521172992885112;195
100..300;5;39719451;C;T;0.0607734993100166;135
100..300;5;39719808;A;G;0.0833332985639572;175
100..300;5;40841469;C;CTT;0.0772532001137733;160
100..300;5;40999798;A;T;0.0795454978942871;115
100..300;5;41008678;G;A;0.1048690006136894;170
100..300;5;41018350;T;A;0.0731706991791725;130
100..300;5;41048431;T;C;0.0657277032732963;135
100..300;5;41061613;T;C;0.0209790002554655;180
100..300;5;41199857;T;G;0.1023619994521141;180
100..300;5;42699942;G;A;0.1032610014081001;115
100..300;5;42719137;C;A;0.0823863968253135;245
100..300;5;42892701;T;C;0.0333333015441894;215
100..300;5;43232535;G;A;0.0515463985502719;135
100..300;5;43232920;A;G;0.0293160006403923;215
100..300;5;44811105;G;T;0.0370370000600814;125
100..300;5;55114271;A;G;0.0235293991863727;110
100..300;5;55124971;C;A;0.051020398736;125
100..300;5;55127247;T;C;0.0684211030602455;125
100..300;5;55226608;G;C;0.0310344994068145;175
100..300;5;55232565;C;G;0.043010801076889;130
100..300;5;55883148;A;G;0.074803203344345;170
100..300;5;55910616;A;G;0.050000000745058;135
100..300;5;56275759;G;A;0.0925925970077514;160
100..300;5;56276075;G;A;0.0439999997615814;180
100..300;5;56276193;T;G;0.0534978993237018;175
100..300;5;56276406;A;C;0.0884353965520858;105
100..300;5;56749254;C;T;0.0984456017613411;120
100..300;5;56883514;A;G;0.0421052984893322;120
100..300;5;57424168;C;G;0.0585366003215312;150
100..300;5;58459024;G;A;0.0583657994866371;170
100..300;5;60744220;G;C;0.0427349992096424;160
100..300;5;60744233;T;A;0.0386266000568866;160
100..300;5;60744640;A;G;0.0777202025055885;125
100..300;5;60744809;G;A;0.0421686992049217;115
100..300;5;60945441;A;G;0.0487805008888244;170
100..300;5;64695646;C;G;0.1165919974446296;150
100..300;5;67196584;G;C;0.0607477016746997;130
100..300;5;68226894;T;C;0.0655172020196914;200
100..300;5;68227023;C;A;0.094117596745491;115
100..300;5;69069020;G;C;0.0425532013177871;190
100..300;5;69094457;T;C;0.039547998458147;115
100..300;5;69123227;T;A;0.0330188982188701;145
100..300;5;69420283;A;T;0.0372207984328269;285
100..300;5;71504648;T;C;0.0541515983641147;175
100..300;5;71562367;T;C;0.0375000014901161;110
100..300;5;71635139;G;A;0.097297303378582;125
100..300;5;72196907;T;C;0.0448275990784168;205
100..300;5;72199079;A;G;0.0447761006653308;180
100..300;5;72461439;C;T;0.0515758991241455;225
100..300;5;72461440;T;C;0.0517240986227989;225
100..300;5;72725693;A;T;0.0780669003725051;195
100..300;5;72725707;A;C;0.0830325037240982;200
100..300;5;72726113;C;T;0.057142898440361;125
100..300;5;73052445;G;A;0.0638298019766807;215
100..300;5;73123629;G;C;0.0550458990037441;290
100..300;5;73579082;C;A;0.0289016999304294;110
100..300;5;73776529;C;T;0.0563380010426044;135
100..300;5;73780686;A;C;0.0416667014360427;160
100..300;5;73794436;C;T;0.0441767014563083;160
100..300;5;73795403;T;C;0.0545454993844032;100
100..300;5;73846471;T;C;0.0348837003111839;115
100..300;5;73849020;G;A;0.1419350057840347;100
100..300;5;73852656;A;G;0.0613497011363506;105
100..300;5;73868006;T;C;0.0693878009915351;170
100..300;5;73868140;A;C;0.0597825981676578;125
100..300;5;73909872;G;C;0.0549451000988483;110
100..300;5;74721674;T;C;0.0502793006598949;115
100..300;5;74738420;A;G;0.0833332985639572;115
100..300;5;76377126;A;G;0.050000000745058;140
100..300;5;76627460;T;C;0.1354579925537109;160
100..300;5;76637044;T;C;0.0949720963835716;120
100..300;5;76637140;C;G;0.0954774022102356;125
100..300;5;76652825;G;A;0.0769231021404266;130
100..300;5;77291441;A;G;0.0560000017285347;265
100..300;5;77433171;C;T;0.0585106015205383;125
100..300;5;77784936;A;G;0.0308880005031824;185
100..300;5;77784944;G;A;0.0441175997257232;195
100..300;5;77784965;A;G;0.0538921989500522;230
100..300;5;77785395;A;C;0.052505999803543;285
100..300;5;77785416;G;T;0.0506667010486125;265
100..300;5;77785519;T;A;0.0399999991059303;250
100..300;5;77786010;T;C;0.0653595030307769;225
100..300;5;78116187;G;A;0.0277778003364801;115
100..300;5;78885654;T;C;0.0547112002968788;225
100..300;5;78885754;C;T;0.0696970000863075;215
100..300;5;79044473;G;T;0.0383142009377479;170
100..300;5;79439026;G;A;0.0434782989323139;125
100..300;5;79732903;G;A;0.1270489990711212;180
100..300;5;79733771;C;T;0.1943130046129226;150
100..300;5;80055912;T;C;0.0358566008508205;165
100..300;5;80079901;C;G;0.0564103014767169;130
100..300;5;80501414;G;T;0.0463575981557369;115
100..300;5;80519839;C;T;0.1138459965586662;220
100..300;5;81113910;C;T;0.1013220027089119;160
100..300;5;81304800;G;C;0.0401460006833076;170
100..300;5;81335823;T;C;0.0511811003088951;160
100..300;5;82305411;C;T;0.0598291009664535;145
100..300;5;90474182;A;G;0.0320284999907016;190
100..300;5;90855813;G;C;0.1479589939117431;125
100..300;5;93268242;G;A;0.0422077998518943;210
100..300;5;94386331;A;G;0.0691244006156921;140
100..300;5;95834979;T;C;0.0241378992795944;195
100..300;5;95835015;T;C;0.0224718991667032;180
100..300;5;96393194;G;C;0.0495867989957332;250
100..300;5;96393270;C;G;0.0606060996651649;245
100..300;5;96695865;G;A;0.0440252013504505;110
100..300;5;96743683;T;C;0.0365854017436504;105
100..300;5;96783148;C;G;0.0509804002940654;170
100..300;5;96785820;T;C;0.0340908989310264;170
100..300;5;96788627;C;T;0.0660376995801925;205
100..300;5;96790494;G;A;0.0671140998601913;110
100..300;5;96790605;G;A;0.0555556006729602;110
100..300;5;96795133;C;T;0.0641710981726646;125
100..300;5;98213432;A;G;0.0574713014066219;120
100..300;5;98576447;T;C;0.1513939946889877;175
100..300;5;103032551;C;T;0.0444444008171558;115
100..300;5;103097705;A;G;0.0653595030307769;200
100..300;5;103184699;C;A;0.0494505986571311;120
100..300;5;110948671;C;A;0.0962567031383514;135
100..300;5;111192719;T;A;0.0858896002173423;115
100..300;5;111192740;G;A;0.1028570011258125;125
100..300;5;113071165;A;G;0.0397111997008323;180
100..300;5;113340327;G;C;0.1442790031433105;140
100..300;5;113434330;G;T;0.1196810007095336;250
100..300;5;116001165;C;T;0.0905660018324852;170
100..300;5;119333609;T;C;0.0669144988059997;180
100..300;5;119652611;T;C;0.0310881007462739;120
100..300;5;119652736;T;C;0.0393257997930049;130
100..300;5;122077513;T;C;0.0204082001000642;195
100..300;5;122152274;A;G;0.0351906009018421;245
100..300;5;126804830;C;T;0.0424241982400417;210
100..300;5;127457282;A;T;0.0428570993244648;135
100..300;5;131495672;C;T;0.0331126004457473;100
100..300;5;131647075;G;A;0.0784313976764679;100
100..300;5;132340627;T;C;0.0454544983804225;145
100..300;5;132385482;G;A;0.0548386983573436;195
100..300;5;132385512;C;T;0.0410959012806415;145
100..300;5;132589791;C;G;0.0410256013274192;120
100..300;5;132823442;T;C;0.0203488003462553;205
100..300;5;132824365;T;C;0.039266999810934;265
100..300;5;132862408;T;C;0.0604982003569603;195
100..300;5;132896623;A;G;0.0625;190
100..300;5;133091159;G;GTT;0.043902400881052;145
100..300;5;134566598;T;C;0.0621762014925479;135
100..300;5;134620978;A;G;0.0365854017436504;155
100..300;5;135029306;T;G;0.0437499992549419;120
100..300;5;135922416;A;G;0.0689655020833015;115
100..300;5;135951340;C;T;0.0791139006614685;205
100..300;5;136429234;C;A;0.1050229966640472;160
100..300;5;138164976;A;G;0.126581996679306;220
100..300;5;138398202;G;A;0.1024589985609054;165
100..300;5;138419119;A;G;0.05597959831357;260
100..300;5;138424359;A;G;0.0658683031797409;120
100..300;5;138430377;A;G;0.0258064996451139;205
100..300;5;138571127;A;G;0.054298598319292;145
100..300;5;139035427;A;G;0.0721153989434242;135
100..300;5;139121126;C;T;0.0555556006729602;240
100..300;5;140137463;G;A;0.0985916033387184;130
100..300;5;140228801;G;C;0.0721649006009101;185
100..300;5;140802149;G;A;0.0687500014901161;235
100..300;5;140821835;C;T;0.0930233001708984;245
100..300;5;140928161;G;C;0.0774410963058471;205
100..300;5;140967127;C;T;0.0895522013306617;140
100..300;5;140967468;T;C;0.0906343981623649;235
100..300;5;141122595;A;G;0.0911853983998298;235
100..300;5;141150948;A;G;0.1432510018348693;260
100..300;5;141183164;A;G;0.114666998386383;260
100..300;5;141187871;G;A;0.0732984021306037;255
100..300;5;141188452;C;T;0.0816992968320846;240
100..300;5;141241224;G;A;0.0942407995462417;270
100..300;5;141341387;C;T;0.0572138987481594;280
100..300;5;141360307;A;G;0.0448178984224796;240
100..300;5;141395122;C;T;0.0591017007827758;295
100..300;5;141478678;T;C;0.0482315011322498;215
100..300;5;141639543;A;C;0.0296736005693674;225
100..300;5;141640314;C;G;0.0518518984317779;280
100..300;5;141644569;G;T;0.0357142984867095;155
100..300;5;141655383;T;C;0.0258620996028184;215
100..300;5;141864081;G;A;0.0748502984642982;235
100..300;5;141869398;G;T;0.0493827015161514;275
100..300;5;141930259;A;G;0.0281690005213022;140
100..300;5;141955933;T;C;0.0334927998483181;285
100..300;5;142771377;C;T;0.0429448001086711;115
100..300;5;143134121;G;A;0.0616113990545272;145
100..300;5;143281925;G;A;0.0755814015865325;105
100..300;5;143333158;TA;T;0.0748898983001709;110
100..300;5;146013801;T;C;0.0699300989508628;190
100..300;5;146062640;C;G;0.0900901034474372;230
100..300;5;146458877;A;G;0.1489360034465789;105
100..300;5;147906491;A;G;0.0849056988954544;135
100..300;5;147923273;G;C;0.0533333010971546;100
100..300;5;148101867;G;A;0.0386473014950752;135
100..300;5;148118456;A;G;0.0439560003578662;120
100..300;5;148120053;T;C;0.0344827994704246;115
100..300;5;148125553;A;G;0.0407406985759735;185
100..300;5;148131303;C;T;0.0426829010248184;110
100..300;5;148826877;A;G;0.037288099527359;190
100..300;5;148826910;C;G;0.0301204994320869;215
100..300;5;149230713;A;C;0.0675676017999649;135
100..300;5;149240661;G;T;0.0399999991059303;115
100..300;5;149247940;T;C;0.0257731992751359;130
100..300;5;149944343;G;T;0.0590405985713005;185
100..300;5;150127140;A;G;0.0625;175
100..300;5;150127273;T;G;0.0867768973112106;170
100..300;5;150128912;T;C;0.0502091981470584;165
100..300;5;150128981;G;C;0.049668900668621;195
100..300;5;150129548;T;C;0.0714285969734191;155
100..300;5;150129707;G;A;0.1043770015239715;215
100..300;5;150137672;A;G;0.0323886983096599;180
100..300;5;150140872;T;C;0.0359999984502792;180
100..300;5;150141407;G;A;0.0464134998619556;170
100..300;5;150141693;C;G;0.0448979996144771;165
100..300;5;150142228;G;A;0.0568181984126567;130
100..300;5;150143064;A;T;0.0441989004611969;125
100..300;5;150144213;C;T;0.0568181984126567;115
100..300;5;150145626;A;G;0.0643777027726173;160
100..300;5;150146169;C;CTAT;0.0696863979101181;215
100..300;5;150152269;G;A;0.0440252013504505;110
100..300;5;150204634;A;G;0.0635837987065315;115
100..300;5;150396669;T;C;0.0538461990654468;255
100..300;5;150405095;G;A;0.0468319989740848;225
100..300;5;150446963;T;C;0.1055279970169067;125
100..300;5;150527971;G;T;0.0333333015441894;215
100..300;5;150528040;G;A;0.0297030005604028;210
100..300;5;151030658;A;C;0.0427807010710239;115
100..300;5;151138797;G;A;0.0913978964090347;125
100..300;5;151138798;A;G;0.0913978964090347;125
100..300;5;151139427;A;G;0.0367347002029418;165
100..300;5;151267327;C;T;0.0357142984867095;220
100..300;5;151296240;T;C;0.0735786035656929;200
100..300;5;151522036;C;G;0.042918499559164;155
100..300;5;151522069;T;G;0.0410256013274192;130
100..300;5;151525837;T;C;0.0236686002463102;225
100..300;5;151529252;A;G;0.0266271997243165;215
100..300;5;151674666;C;T;0.0606060996651649;150
100..300;5;152376455;T;G;0.2051279991865158;125
100..300;5;152392277;C;T;0.0714285969734191;175
100..300;5;152392291;A;G;0.0629630014300346;185
100..300;5;152395503;G;C;0.095238097012043;145
100..300;5;152404622;A;G;0.0284899994730949;245
100..300;5;154559889;C;A;0.0581394992768764;180
100..300;5;154966699;G;A;0.0505618005990982;120
100..300;5;156344569;C;T;0.0641892030835151;195
100..300;5;156852464;C;T;0.0745342001318931;105
100..300;5;157518841;A;G;0.0450449995696544;145
100..300;5;157646739;T;G;0.0210842993110418;210
100..300;5;157648838;A;G;0.0393442995846271;205
100..300;5;157675177;G;A;0.0507245995104312;180
100..300;5;157731431;A;C;0.0483091995120048;145
100..300;5;157737881;C;T;0.0914634019136428;115
100..300;5;157737954;C;T;0.0883534029126167;160
100..300;5;160349630;T;C;0.0777202025055885;275
100..300;5;160687891;T;C;0.0307691991329193;175
100..300;5;161685998;A;G;0.0463320016860961;165
100..300;5;168247467;A;G;0.0580645017325878;220
100..300;5;168248387;T;C;0.0467836000025272;125
100..300;5;168262291;T;C;0.0424929000437259;255
100..300;5;168516822;A;G;0.0836236998438835;185
100..300;5;168671230;G;A;0.0375940017402172;180
100..300;5;168685702;A;G;0.0545454993844032;155
100..300;5;168710880;A;G;0.0687830969691276;135
100..300;5;168748319;T;G;0.0676055997610092;225
100..300;5;169689340;A;G;0.08695650100708;130
100..300;5;169695799;A;C;0.0370370000600814;100
100..300;5;169702418;G;A;0.0802920013666153;165
100..300;5;169883209;C;A;0.0481480993330478;180
100..300;5;172096432;A;G;0.0402930006384849;180
100..300;5;172422467;A;G;0.0625;175
100..300;5;172897894;T;A;0.0877192988991737;140
100..300;5;172914914;C;T;0.0720221996307373;250
100..300;5;172915026;GT;G;0.10309299826622;145
100..300;5;173146764;C;T;0.0778210014104843;180
100..300;5;175510190;T;C;0.0413792990148067;195
100..300;5;175512211;T;C;0.0612245015799999;125
100..300;5;175526740;A;G;0.05857739970088;165
100..300;5;176384092;A;G;0.0563725009560585;275
100..300;5;176568834;A;G;0.0484581999480724;165
100..300;5;176571207;G;T;0.0306512992829084;165
100..300;5;176571245;C;T;0.0482315011322498;205
100..300;5;176574188;A;G;0.0851064026355743;125
100..300;5;176590638;A;C;0.0289255995303392;155
100..300;5;176877298;C;T;0.0636363998055458;145
100..300;5;176889454;T;C;0.0732394009828567;235
100..300;5;177089630;A;G;0.0377358011901378;265
100..300;5;177093242;A;G;0.058823499828577;250
100..300;5;177307647;A;G;0.0397196002304554;280
100..300;5;177403626;A;G;0.0333333015441894;170
100..300;5;177504678;A;G;0.0453074015676975;220
100..300;5;177509645;T;C;0.0554156005382537;270
100..300;5;177971517;C;G;0.0383481010794639;230
100..300;5;177971535;A;G;0.0383481010794639;230
100..300;5;177971816;C;T;0.0273972991853952;260
100..300;5;178153531;T;C;0.0344827994704246;220
100..300;5;178186295;T;C;0.0417909994721412;240
100..300;5;178187000;C;T;0.0487805008888244;265
100..300;5;178187182;C;T;0.0336390994489192;215
100..300;5;178697572;T;G;0.0210526008158922;190
100..300;5;178867058;C;T;0.0522087998688221;155
100..300;5;178883445;T;C;0.095238097012043;215
100..300;5;178964859;A;G;0.0709220021963119;200
100..300;5;179128044;A;G;0.0329670011997222;235
100..300;5;179135966;A;G;0.0438596010208129;225
100..300;5;179207618;T;C;0.0714285969734191;270
100..300;5;179207671;T;C;0.026315800845623;240
100..300;5;179263724;A;G;0.0555556006729602;130
100..300;5;179609356;A;G;0.0357142984867095;130
100..300;5;179618141;A;G;0.0222929995507001;205
100..300;5;179644865;G;A;0.0390244014561176;270
100..300;5;179722799;C;T;0.0451612994074821;110
100..300;5;179766322;G;A;0.0383631996810436;265
100..300;5;179768866;A;G;0.0347490012645721;170
100..300;5;179774463;A;G;0.0403022989630699;280
100..300;5;179774846;A;G;0.0394088998436927;145
100..300;5;179798324;A;G;0.0333333015441894;170
100..300;5;179833099;C;G;0.0352112986147403;190
100..300;5;179870268;A;G;0.0454544983804225;150
100..300;5;179875921;T;C;0.0434782989323139;150
100..300;5;179980158;C;T;0.0687830969691276;130
100..300;5;180127602;T;C;0.0573769994080066;155
100..300;5;180128407;C;T;0.034375000745058;215
100..300;5;180553378;G;A;0.0615384988486766;120
100..300;5;180603322;T;C;0.0284809991717338;200
100..300;5;180618911;A;G;0.0465116016566753;145
100..300;5;180625946;A;G;0.0519481003284454;200
100..300;5;180630231;A;C;0.0422535017132759;245
100..300;5;180630356;G;C;0.0743801966309547;170
100..300;5;180791668;G;A;0.0441175997257232;190
100..300;6;2679442;A;G;0.0441175997257232;235
100..300;6;2784337;A;G;0.0753768980503082;130
100..300;6;2836032;A;T;0.0466320998966693;150
100..300;6;2836036;T;A;0.050000000745058;155
100..300;6;3006573;G;A;0.0352112986147403;185
100..300;6;3273223;G;A;0.0344827994704246;185
100..300;6;3289749;C;T;0.0662982985377311;125
100..300;6;5609271;C;T;0.0847458019852638;120
100..300;6;5972531;T;C;0.0384614989161491;125
100..300;6;5972934;A;T;0.052631601691246;210
100..300;6;6222149;G;T;0.0611111000180244;120
100..300;6;6269065;C;G;0.1168219968676567;150
100..300;6;6318562;A;C;0.0357142984867095;205
100..300;6;7229113;C;T;0.0580110996961593;235
100..300;6;7229386;A;G;0.0307167004793882;200
100..300;6;7295372;G;A;0.03125;130
100..300;6;7405275;A;G;0.057142898440361;155
100..300;6;7542020;A;G;0.0324999988079071;260
100..300;6;7555830;T;C;0.0740740969777107;140
100..300;6;7584384;T;C;0.0993376970291137;210
100..300;6;7590391;T;C;0.069498099386692;170
100..300;6;7988088;G;A;0.0579710006713867;140
100..300;6;8427904;AAGT;A;0.1015229970216751;130
100..300;6;8435221;C;T;0.0387597009539604;170
100..300;6;10398474;A;G;0.0366492010653018;265
100..300;6;10460327;C;T;0.0837989002466201;125
100..300;6;10709399;A;G;0.0454544983804225;170
100..300;6;10894148;A;G;0.0384614989161491;120
100..300;6;13599071;T;C;0.0415094010531902;165
100..300;6;13801383;C;T;0.0299401003867387;105
100..300;6;15468645;G;C;0.0420419983565807;215
100..300;6;15615406;A;G;0.0540541000664234;100
100..300;6;16145094;G;A;0.0420560985803604;155
100..300;6;16326380;A;C;0.0382165983319282;110
100..300;6;17531204;C;A;0.0444444008171558;185
100..300;6;17764299;T;C;0.0512128993868827;265
100..300;6;18208184;A;G;0.0627306029200553;175
100..300;6;18364915;G;A;0.033457200974226;190
100..300;6;18366734;T;C;0.054298598319292;145
100..300;6;22569960;C;T;0.0799999982118606;190
100..300;6;22570016;A;G;0.0839999988675117;165
100..300;6;24415152;A;G;0.0491802990436553;115
100..300;6;24532184;A;G;0.0378151014447212;145
100..300;6;24554534;C;T;0.0407240018248558;145
100..300;6;24809708;T;A;0.0460829995572567;140
100..300;6;24828262;T;C;0.0530611984431743;170
100..300;6;25023951;G;T;0.0321285016834735;175
100..300;6;25426540;A;G;0.0754716992378234;105
100..300;6;25435530;G;A;0.0674846991896629;100
100..300;6;25726393;T;C;0.0335570015013217;205
100..300;6;25914625;A;G;0.0384614989161491;205
100..300;6;25925759;A;G;0.0429798997938632;215
100..300;6;25983549;T;C;0.0541311018168926;235
100..300;6;26017314;C;T;0.0564972013235092;255
100..300;6;26017447;G;A;0.0496277995407581;285
100..300;6;26321887;T;C;0.0492958016693592;185
100..300;6;26321925;G;A;0.0436046011745929;225
100..300;6;26365358;C;T;0.058823499828577;155
100..300;6;26365367;C;T;0.0315315015614032;145
100..300;6;26370344;T;C;0.0607903003692626;220
100..300;6;26370377;C;T;0.119158998131752;295
100..300;6;26372893;A;G;0.0480769015848636;205
100..300;6;26372922;T;C;0.0377358011901378;245
100..300;6;26392287;C;G;0.0459016002714633;215
100..300;6;26405607;A;G;0.078125;205
100..300;6;26409662;C;G;0.0730594024062156;150
100..300;6;26409999;A;G;0.0484847985208034;220
100..300;6;26413516;A;C;0.0357142984867095;270
100..300;6;26422926;C;T;0.095238097012043;100
100..300;6;26423089;A;G;0.044871799647808;205
100..300;6;26426259;A;G;0.0566038005053997;110
100..300;6;26431112;G;A;0.050000000745058;125
100..300;6;26445981;T;C;0.0212120991200208;215
100..300;6;26463346;T;G;0.0354222990572452;230
100..300;6;26463347;T;G;0.035326100885868;230
100..300;6;26463432;A;G;0.021680200472474;245
100..300;6;26468098;A;G;0.0281329993158578;280
100..300;6;26504907;T;C;0.0629371032118797;105
100..300;6;26509154;T;C;0.0547263994812965;145
100..300;6;27452269;C;G;0.0706320032477378;190
100..300;6;27523520;A;G;0.051282100379467;175
100..300;6;27807919;C;G;0.0581717006862163;255
100..300;6;27867440;A;G;0.056768599897623;165
100..300;6;27867494;C;T;0.0662982985377311;140
100..300;6;27911422;A;C;0.0637681037187576;240
100..300;6;27912204;G;A;0.0615384988486766;170
100..300;6;28129415;A;G;0.0818713009357452;120
100..300;6;28153120;A;G;0.049618300050497;180
100..300;6;28251883;A;G;0.0337552987039089;170
100..300;6;28272137;A;G;0.039266999810934;260
100..300;6;28301047;G;A;0.0627615004777908;180
100..300;6;28329536;A;T;0.0602740012109279;245
100..300;6;28398374;G;A;0.0420560985803604;140
100..300;6;28506441;G;C;0.0542168989777565;110
100..300;6;28515705;C;A;0.0538243986666202;235
100..300;6;28732312;C;T;0.0448979996144771;170
100..300;6;28732723;T;C;0.0226243995130062;145
100..300;6;28861860;C;G;0.0368421003222465;130
100..300;6;29044290;T;C;0.0474453009665012;180
100..300;6;29044339;A;G;0.0497924983501434;165
100..300;6;29553668;T;C;0.0331492014229297;120
100..300;6;29607226;A;G;0.057142898440361;185
100..300;6;29608616;G;A;0.0450703985989093;230
100..300;6;29613264;G;A;0.0663506984710693;145
100..300;6;29613333;G;A;0.065743900835514;195
100..300;6;29613336;G;A;0.0582191981375217;195
100..300;6;29723936;C;A;0.0461095012724399;265
100..300;6;29726793;G;A;0.0566038005053997;185
100..300;6;29744398;G;C;0.0504731982946395;210
100..300;6;29750742;G;T;0.0529800988733768;105
100..300;6;29750767;T;C;0.0761421024799346;130
100..300;6;29750801;G;C;0.0351562015712261;170
100..300;6;29750974;CG;C;0.0862744972109794;180
100..300;6;29751013;A;G;0.0766128972172737;170
100..300;6;29779092;C;T;0.0418847985565662;130
100..300;6;29792219;C;T;0.0373332984745502;250
100..300;6;29792334;C;G;0.0265059992671012;285
100..300;6;29792411;A;G;0.0387597009539604;290
100..300;6;29792900;G;A;0.057142898440361;125
100..300;6;29793042;C;A;0.0561223998665809;250
100..300;6;29801286;A;T;0.1101190000772476;225
100..300;6;29801503;T;C;0.0369127988815307;200
100..300;6;29801720;C;A;0.0776256024837493;140
100..300;6;29801730;T;A;0.0788177028298378;130
100..300;6;29803644;A;G;0.0775861963629722;165
100..300;6;29803844;G;C;0.0725388973951339;130
100..300;6;29803877;G;A;0.0882352963089943;120
100..300;6;29827991;C;T;0.0367646999657154;190
100..300;6;29828326;C;T;0.0971660017967224;195
100..300;6;29828338;C;A;0.1084910035133361;170
100..300;6;29828349;AC;A;0.1236559972167015;160
100..300;6;29828375;C;G;0.1217949986457824;130
100..300;6;29828529;A;G;0.1130139976739883;215
100..300;6;29828550;T;C;0.0474933981895446;270
100..300;6;29829919;G;A;0.1252900063991546;265
100..300;6;29830363;G;A;0.0946291983127594;260
100..300;6;29888163;A;G;0.0528846010565757;280
100..300;6;29888168;G;A;0.049261100590229;275
100..300;6;29890476;A;G;0.0377358011901378;130
100..300;6;29907831;C;G;0.0794392973184585;130
100..300;6;29926434;T;C;0.0485714003443717;245
100..300;6;29926826;G;A;0.0455580987036228;295
100..300;6;29926859;CA;C;0.0664336010813713;215
100..300;6;29927189;T;C;0.0509090982377529;200
100..300;6;29927228;T;C;0.0456621013581752;295
100..300;6;29928328;A;G;0.0314684994518756;205
100..300;6;29928331;T;A;0.033457200974226;195
100..300;6;29928335;T;C;0.0272374004125595;190
100..300;6;29928348;A;G;0.080851100385189;175
100..300;6;29928480;T;C;0.0458452999591827;230
100..300;6;29928514;C;T;0.0361111015081405;235
100..300;6;29934088;C;G;0.0555556006729602;155
100..300;6;29943024;A;C;0.0638298019766807;285
100..300;6;29944633;A;G;0.0646765977144241;245
100..300;6;29972201;A;C;0.034682098776102;120
100..300;6;30007270;T;G;0.0617978014051914;140
100..300;6;30009368;C;G;0.0830325037240982;190
100..300;6;30032743;A;C;0.0909091010689735;115
100..300;6;30032910;C;T;0.0427807010710239;125
100..300;6;30073259;A;G;0.0461537986993789;210
100..300;6;30198489;T;C;0.0677082985639572;245
100..300;6;30199109;T;C;0.0330789014697074;265
100..300;6;30259648;G;C;0.0614656992256641;290
100..300;6;30259750;T;C;0.0631067976355552;295
100..300;6;30261490;C;G;0.050000000745058;215
100..300;6;30547266;C;T;0.0522564984858036;290
100..300;6;30643573;A;C;0.0467289984226226;280
100..300;6;30741178;T;C;0.0430768989026546;225
100..300;6;30891080;T;C;0.0461165010929107;265
100..300;6;30897052;C;T;0.0862068980932235;225
100..300;6;30909425;C;T;0.0711743980646133;185
100..300;6;30911142;C;T;0.0238095000386238;230
100..300;6;30920195;T;C;0.0642457976937294;250
100..300;6;30921612;C;T;0.0580357015132904;285
100..300;6;30923211;A;G;0.0431471988558769;260
100..300;6;30925350;A;G;0.0480000004172325;255
100..300;6;30926164;A;G;0.0739030018448829;285
100..300;6;30931747;C;T;0.0597403012216091;265
100..300;6;30931794;T;C;0.0579710006713867;235
100..300;6;30953180;A;G;0.0476190000772476;125
100..300;6;31025536;T;C;0.0648854970932006;180
100..300;6;31025663;A;G;0.0498687997460365;260
100..300;6;31054392;G;A;0.0396040007472038;135
100..300;6;31056063;G;A;0.0918918997049331;140
100..300;6;31056824;A;C;0.0380951985716819;225
100..300;6;31059616;C;A;0.0666666999459266;145
100..300;6;31059731;A;G;0.0799999982118606;125
100..300;6;31059739;A;G;0.0760233998298645;125
100..300;6;31142614;C;G;0.0589970014989376;210
100..300;6;31145306;A;G;0.0652173981070518;215
100..300;6;31148433;A;G;0.0429292991757392;265
100..300;6;31275763;A;G;0.1111110001802444;100
100..300;6;31275827;A;G;0.1016950011253357;120
100..300;6;31276069;T;G;0.0814480036497116;155
100..300;6;31276082;T;C;0.1462260037660598;150
100..300;6;31276085;T;G;0.0599078014492988;155
100..300;6;31276107;A;G;0.1462260037660598;150
100..300;6;31276251;A;C;0.078947402536869;115
100..300;6;31277012;T;A;0.0536913014948368;100
100..300;6;31277303;A;G;0.0601092986762523;130
100..300;6;31277437;C;T;0.0658914968371391;180
100..300;6;31278019;T;C;0.0902255997061729;110
100..300;6;31278044;G;A;0.0930233001708984;105
100..300;6;31278547;C;A;0.1111110001802444;165
100..300;6;31280485;A;G;0.0634920969605445;215
100..300;6;31280791;A;G;0.0358974002301692;255
100..300;6;31280866;A;G;0.0493827015161514;230
100..300;6;31281109;T;C;0.0455926991999149;225
100..300;6;31281216;C;CT;0.0612813010811805;260
100..300;6;31366645;C;T;0.0557940006256103;170
100..300;6;31411282;T;A;0.0259739998728036;210
100..300;6;31411332;A;G;0.0372092984616756;155
100..300;6;31464036;G;A;0.0607286989688873;155
100..300;6;31530467;GC;G;0.0487105995416641;235
100..300;6;31539285;C;G;0.0651466026902198;200
100..300;6;31546470;G;A;0.0426135994493961;230
100..300;6;31582436;G;A;0.0495355986058712;225
100..300;6;31639124;CAAAG;C;0.0670391023159027;240
100..300;6;31760120;T;C;0.0650888010859489;235
100..300;6;31761582;G;A;0.0406320989131927;290
100..300;6;31762197;A;G;0.0294118002057075;200
100..300;6;31883457;G;A;0.0512128993868827;245
100..300;6;32223843;T;C;0.0655737966299057;195
100..300;6;32288641;C;T;0.1062500029802322;100
100..300;6;32325478;C;G;0.1035600006580352;205
100..300;6;32332045;A;G;0.058823499828577;110
100..300;6;32335915;A;T;0.0491227991878986;190
100..300;6;32349858;A;G;0.1896550059318542;110
100..300;6;32393965;C;CT;0.058823499828577;125
100..300;6;32394032;C;T;0.0456852987408638;125
100..300;6;32394044;T;C;0.0368421003222465;120
100..300;6;32394925;C;T;0.0328283011913299;275
100..300;6;32394926;T;G;0.0329114012420177;270
100..300;6;32394964;T;C;0.0246153995394706;215
100..300;6;32394968;A;G;0.0252365991473197;210
100..300;6;32660224;C;T;0.061728399246931;120
100..300;6;32661960;T;C;0.1319440007209777;175
100..300;6;32662091;G;A;0.2692309916019439;205
100..300;6;32741427;C;G;0.0389293991029262;220
100..300;6;32746090;T;C;0.0776699036359787;265
100..300;6;32814610;A;G;0.0481282994151115;255
100..300;6;32815309;G;A;0.0486111007630825;205
100..300;6;32816843;T;C;0.0833332985639572;145
100..300;6;32830099;G;A;0.0414365008473396;250
100..300;6;32837529;T;C;0.0776119008660316;225
100..300;6;32847125;T;C;0.0413792990148067;180
100..300;6;32847198;C;T;0.0643777027726173;145
100..300;6;32852191;A;G;0.067010298371315;245
100..300;6;32853022;A;C;0.0555556006729602;220
100..300;6;32938939;C;T;0.0448877997696399;275
100..300;6;32949634;T;C;0.0447059012949466;295
100..300;6;32970297;T;G;0.0313901007175445;145
100..300;6;32974446;GT;G;0.0514468997716903;225
100..300;6;32977848;T;C;0.037288099527359;185
100..300;6;33007157;A;G;0.035598699003458;215
100..300;6;33007604;G;A;0.1007959991693496;270
100..300;6;33008092;A;G;0.0639097988605499;180
100..300;6;33068658;G;T;0.0379404015839099;245
100..300;6;33069303;A;G;0.0217984002083539;250
100..300;6;33069305;G;A;0.0199999995529651;240
100..300;6;33069745;C;T;0.0439560003578662;185
100..300;6;33069780;T;C;0.0357142984867095;180
100..300;6;33069802;T;A;0.0461537986993789;170
100..300;6;33069803;G;T;0.0536397993564605;170
100..300;6;33069849;G;C;0.0563380010426044;150
100..300;6;33076153;G;A;0.0492958016693592;190
100..300;6;33079655;C;A;0.0431034006178379;155
100..300;6;33079689;C;T;0.061403501778841;155
100..300;6;33085209;C;T;0.0508082993328571;290
100..300;6;33085249;G;C;0.0515463985502719;210
100..300;6;33085905;A;G;0.0833332985639572;180
100..300;6;33086205;C;G;0.0510510988533496;215
100..300;6;33092287;A;G;0.0531401000916957;130
100..300;6;33103823;A;C;0.0604982003569603;200
100..300;6;33103931;A;G;0.0712073966860771;210
100..300;6;33103977;A;C;0.0705128014087677;210
100..300;6;33104000;G;A;0.0560000017285347;165
100..300;6;33106125;C;A;0.1123600006103515;115
100..300;6;33128113;T;A;0.0836652964353561;180
100..300;6;33170900;A;G;0.0672783032059669;220
100..300;6;33171551;T;C;0.0543734990060329;285
100..300;6;33185058;T;A;0.0455926991999149;215
100..300;6;33202118;G;C;0.0397196002304554;295
100..300;6;33669130;T;C;0.078125;125
100..300;6;33670403;T;C;0.0595533996820449;255
100..300;6;33673602;C;T;0.0873361974954605;140
100..300;6;33735453;A;G;0.0385964997112751;190
100..300;6;35078666;C;G;0.0441175997257232;135
100..300;6;35120604;G;C;0.0579710006713867;180
100..300;6;35122320;C;T;0.051020398736;135
100..300;6;35835415;A;C;0.0340908989310264;165
100..300;6;36217904;C;G;0.0594059005379676;130
100..300;6;36327087;G;A;0.0295566990971565;130
100..300;6;36373517;T;C;0.0508475005626678;185
100..300;6;36673769;A;C;0.0522387996315956;180
100..300;6;36677811;C;A;0.0813954025506973;110
100..300;6;36677919;G;A;0.1100919991731643;145
100..300;6;36684562;G;C;0.137254998087883;105
100..300;6;36715518;A;G;0.0243056006729602;190
100..300;6;36856623;T;C;0.0557490997016429;185
100..300;6;36954908;C;A;0.0463575981557369;205
100..300;6;36963386;G;A;0.025925900787115;190
100..300;6;37011058;G;A;0.0569947995245456;125
100..300;6;37381257;A;G;0.0709220021963119;185
100..300;6;38984222;T;C;0.0634920969605445;150
100..300;6;39065817;A;G;0.043010801076889;120
100..300;6;39861039;A;G;0.0275861993432045;285
100..300;6;39883903;G;A;0.0405405014753341;100
100..300;6;41786805;T;G;0.0376176014542579;225
100..300;6;42104954;T;G;0.0605263002216815;245
100..300;6;42857169;A;G;0.0436136983335018;210
100..300;6;43143604;C;G;0.0362694002687931;130
100..300;6;43305866;G;A;0.0974576026201248;150
100..300;6;43433367;A;G;0.0632911026477813;105
100..300;6;43445127;C;T;0.0677082985639572;130
100..300;6;43450953;A;G;0.0403022989630699;290
100..300;6;43450995;A;G;0.0523810014128685;290
100..300;6;43528924;C;A;0.0486485995352268;120
100..300;6;44113834;A;G;0.0833332985639572;105
100..300;6;44180084;G;A;0.0790698006749153;140
100..300;6;44250173;G;A;0.0381355993449687;170
100..300;6;44343117;A;G;0.0300751999020576;165
100..300;6;46161608;A;G;0.0470587983727455;170
100..300;6;46167752;C;T;0.0427631996572017;205
100..300;6;46168247;T;G;0.0362902991473674;165
100..300;6;46652503;T;C;0.0283019002526998;220
100..300;6;46711566;G;A;0.0484581999480724;145
100..300;6;46835365;G;A;0.055248599499464;245
100..300;6;49728760;T;G;0.145455002784729;110
100..300;6;49737466;T;TG;0.125;125
100..300;6;51721973;A;G;0.108373999595642;130
100..300;6;51748379;T;C;0.0967741981148719;220
100..300;6;51856040;C;T;0.0434782989323139;120
100..300;6;52479101;C;T;0.0622010007500648;145
100..300;6;52984544;G;A;0.0273972991853952;145
100..300;6;53652237;A;G;0.0505837015807628;170
100..300;6;54321349;C;T;0.1376519948244094;150
100..300;6;54485378;A;G;0.0740740969777107;145
100..300;6;56432770;A;G;0.052631601691246;215
100..300;6;56508738;T;C;0.0820512995123863;130
100..300;6;56598612;C;T;0.0643564015626907;125
100..300;6;56606604;A;G;0.0890410989522934;105
100..300;6;56606852;T;C;0.1117319986224174;130
100..300;6;56607197;T;C;0.123710997402668;135
100..300;6;56618003;G;C;0.0682926997542381;135
100..300;6;56619960;T;C;0.0511945001780986;205
100..300;6;63788162;A;T;0.0577616989612579;185
100..300;6;63984461;T;C;0.0573248006403446;100
100..300;6;64912570;G;A;0.1739130020141601;135
100..300;6;65295995;T;C;0.1155780032277107;130
100..300;6;65495052;A;G;0.0625;190
100..300;6;66094179;G;C;0.0532914996147155;230
100..300;6;70180332;A;G;0.0530303008854389;175
100..300;6;70234554;C;T;0.0322581008076667;145
100..300;6;70272091;G;A;0.0505618005990982;110
100..300;6;70859387;C;T;0.1788620054721832;150
100..300;6;71301876;G;GAGA;0.0294118002057075;210
100..300;6;71584899;C;G;0.0434782989323139;205
100..300;6;72987585;A;G;0.0753967985510826;165
100..300;6;73292207;G;A;0.040345799177885;230
100..300;6;73309615;A;G;0.0218978002667427;180
100..300;6;73309653;C;T;0.0295202992856502;170
100..300;6;73638419;C;T;0.0434782989323139;155
100..300;6;73766936;GT;G;0.0722222030162811;130
100..300;6;73787286;G;A;0.0699300989508628;195
100..300;6;73787429;A;G;0.033057801425457;165
100..300;6;75314644;T;C;0.0387597009539604;185
100..300;6;75666836;A;G;0.0543932989239692;150
100..300;6;75889187;G;A;0.1011240035295486;115
100..300;6;75915024;T;C;0.0397351011633873;110
100..300;6;75931086;A;G;0.0382165983319282;100
100..300;6;78903083;A;G;0.0584794990718364;110
100..300;6;78947674;A;G;0.0479042008519172;110
100..300;6;81751803;G;A;0.0416667014360427;230
100..300;6;81757390;C;T;0.0813397020101547;130
100..300;6;82142827;G;A;0.0542168989777565;110
100..300;6;82223592;T;C;0.050000000745058;140
100..300;6;84430460;C;A;0.0645160973072052;110
100..300;6;84430595;A;C;0.05327869951725;155
100..300;6;85288182;A;G;0.0695187002420425;125
100..300;6;85490559;A;T;0.0329217985272407;155
100..300;6;85735754;C;T;0.0673077031970024;145
100..300;6;87514446;C;T;0.0585106015205383;130
100..300;6;87677985;C;A;0.0410256013274192;135
100..300;6;88143916;T;C;0.0249221008270978;220
100..300;6;89158471;GT;G;0.0704225003719329;100
100..300;6;89329951;C;G;0.1069959998130798;160
100..300;6;89613905;C;T;0.0431373007595539;160
100..300;6;89630557;A;G;0.0261627994477748;225
100..300;6;89630727;T;C;0.0517711006104946;250
100..300;6;89662855;C;A;0.0591549016535282;225
100..300;6;89687413;C;G;0.0404857993125915;155
100..300;6;89692763;A;G;0.0570469982922077;210
100..300;6;89698870;G;A;0.0428570993244648;130
100..300;6;89789783;A;G;0.0549451000988483;120
100..300;6;89830289;A;C;0.0503875985741615;180
100..300;6;89932639;A;G;0.0447761006653308;195
100..300;6;89932774;A;G;0.0593749992549419;225
100..300;6;89950600;C;T;0.0440414994955062;265
100..300;6;98179534;A;C;0.0769231021404266;120
100..300;6;98926524;A;G;0.03913040086627;155
100..300;6;99371503;C;T;0.1608700007200241;145
100..300;6;99377472;C;T;0.0520231015980243;110
100..300;6;99446210;G;C;0.0392156988382339;210
100..300;6;99867151;G;A;0.125;100
100..300;6;100516271;C;G;0.1031389981508255;140
100..300;6;100718219;A;G;0.0769231021404266;120
100..300;6;105402837;G;A;0.0769231021404266;150
100..300;6;106519310;C;A;0.046594999730587;195
100..300;6;106551947;A;G;0.0514286011457443;110
100..300;6;107070009;T;C;0.0612903013825416;210
100..300;6;107721012;T;C;0.0372671000659465;120
100..300;6;107893490;T;C;0.034682098776102;120
100..300;6;108785847;G;A;0.0704846009612083;160
100..300;6;108785883;T;C;0.0403226017951965;175
100..300;6;108786207;G;C;0.0373443998396396;170
100..300;6;109196503;A;G;0.1377550065517425;130
100..300;6;109198408;A;G;0.097826100885868;120
100..300;6;109198420;T;C;0.1000000014901161;130
100..300;6;109199592;G;C;0.0462184995412826;155
100..300;6;109227101;T;C;0.0746887996792793;145
100..300;6;109227510;T;C;0.0287356004118919;110
100..300;6;109264859;T;C;0.0985916033387184;180
100..300;6;109286353;A;G;0.1435640007257461;130
100..300;6;110425059;T;C;0.0465116016566753;120
100..300;6;110438805;G;A;0.0509090982377529;170
100..300;6;111266001;G;A;0.0236485991626977;195
100..300;6;112061110;T;G;0.0559211000800132;200
100..300;6;112087407;C;T;0.0648854970932006;180
100..300;6;112114061;G;T;0.0469799004495143;100
100..300;6;112114070;C;A;0.0484847985208034;105
100..300;6;112114709;T;A;0.0471203997731208;115
100..300;6;112356173;A;C;0.0366972014307975;150
100..300;6;116278502;C;T;0.051162801682949;150
100..300;6;116399324;T;C;0.0679612010717392;210
100..300;6;116765215;A;C;0.0437499992549419;210
100..300;6;116792490;C;T;0.0860655978322029;170
100..300;6;116792862;A;G;0.0905511975288391;180
100..300;6;116793060;A;T;0.082251101732254;165
100..300;6;117387808;T;C;0.0361991003155708;140
100..300;6;117404285;G;T;0.0790959969162941;120
100..300;6;117409656;A;G;0.0396040007472038;130
100..300;6;117431994;T;C;0.0632911026477813;205
100..300;6;117548123;T;G;0.0467289984226226;140
100..300;6;117548261;A;G;0.0414634011685848;270
100..300;6;118502812;G;A;0.0523255988955497;110
100..300;6;118566140;C;T;0.0428570993244648;235
100..300;6;118923859;T;C;0.0425532013177871;130
100..300;6;119348712;T;C;0.0555556006729602;105
100..300;6;124936991;T;C;0.0942407995462417;120
100..300;6;125252048;G;A;0.0816992968320846;190
100..300;6;125957084;C;G;0.0540541000664234;210
100..300;6;126258237;T;C;0.0257353000342845;185
100..300;6;126258242;A;G;0.0268198996782302;180
100..300;6;128067654;T;G;0.0486111007630825;280
100..300;6;128929678;CT;C;0.0617761015892028;185
100..300;6;129313110;A;G;0.0958904027938842;100
100..300;6;129486569;A;G;0.0905172005295753;155
100..300;6;130440659;T;C;0.0392857007682323;200
100..300;6;130956280;C;G;0.0404624007642269;240
100..300;6;131851228;C;A;0.0380228012800216;160
100..300;6;132315681;G;C;0.044642899185419;140
100..300;6;132570617;G;A;0.0725388973951339;270
100..300;6;132997785;A;G;0.0619047991931438;150
100..300;6;134262022;C;G;0.0466925986111164;175
100..300;6;134966395;G;A;0.052631601691246;125
100..300;6;135037429;G;T;0.0607734993100166;130
100..300;6;138908735;T;C;0.072649598121643;140
100..300;6;139247906;C;T;0.0310344994068145;190
100..300;6;143501975;A;G;0.0828728973865509;120
100..300;6;143502020;C;T;0.0769231021404266;150
100..300;6;143503967;T;G;0.0416667014360427;125
100..300;6;143760472;T;C;0.0398670993745327;190
100..300;6;147314249;G;C;0.1476510018110275;100
100..300;6;147314277;G;A;0.1162789985537529;115
100..300;6;147359223;G;A;0.1049999967217445;130
100..300;6;147508937;T;C;0.0471698008477687;140
100..300;6;148544121;G;A;0.0966183990240097;285
100..300;6;149836209;A;G;0.0574017986655235;215
100..300;6;150043291;C;G;0.0441175997257232;145
100..300;6;150064594;G;T;0.0535713993012905;150
100..300;6;150831121;G;A;0.0711743980646133;195
100..300;6;151573432;A;G;0.079136699438095;190
100..300;6;152098960;A;G;0.0341463014483451;135
100..300;6;152132156;A;G;0.0242717992514371;130
100..300;6;152143704;G;A;0.057432398200035;190
100..300;6;152208125;A;G;0.0306748002767562;215
100..300;6;152451129;G;A;0.0590277984738349;190
100..300;6;152463486;C;T;0.0635837987065315;110
100..300;6;153043965;C;A;0.058823499828577;125
100..300;6;153091341;T;C;0.0409356988966465;110
100..300;6;153091342;G;A;0.0419161990284919;105
100..300;6;154039373;T;G;0.0613026991486549;190
100..300;6;154442267;A;G;0.039301298558712;165
100..300;6;157186564;C;G;0.0599999986588954;100
100..300;6;157299382;G;C;0.0858896002173423;115
100..300;6;158237433;A;T;0.0328358002007007;220
100..300;6;158237830;G;T;0.0351759009063243;145
100..300;6;158242200;G;GA;0.0323740988969802;200
100..300;6;158621570;G;C;0.0441989004611969;120
100..300;6;158644726;G;C;0.040650401264429;145
100..300;6;158763430;G;A;0.1060170009732246;230
100..300;6;158764531;A;T;0.0759878009557724;220
100..300;6;158767096;G;A;0.1010100021958351;140
100..300;6;158769768;G;C;0.0788177028298378;145
100..300;6;158770756;T;C;0.078125;125
100..300;6;158784636;A;G;0.0985506996512413;215
100..300;6;158841921;C;T;0.0506911985576152;155
100..300;6;159232998;A;G;0.0286458004266023;270
100..300;6;159692840;G;A;0.0274509992450475;175
100..300;6;159713959;T;C;0.0443212985992431;240
100..300;6;159777363;A;G;0.0459363982081413;185
100..300;6;159778655;C;T;0.0502513013780117;135
100..300;6;159790604;A;G;0.0414634011685848;270
100..300;6;159790613;G;GGTT;0.043257001787424;265
100..300;6;159907588;T;C;0.0476190000772476;170
100..300;6;160043257;A;G;0.0370370000600814;130
100..300;6;160084175;G;A;0.0276679992675781;165
100..300;6;160096449;T;C;0.0260223001241683;180
100..300;6;160103741;A;T;0.0688072964549064;140
100..300;6;160122091;C;T;0.0446194000542163;265
100..300;6;160136537;T;C;0.0418604984879493;140
100..300;6;160139813;G;A;0.0539772994816303;235
100..300;6;160139848;C;CATG;0.0635593011975288;175
100..300;6;160155979;A;G;0.0470084995031356;155
100..300;6;160585045;T;C;0.0794702023267746;100
100..300;6;160706469;G;A;0.0656716004014015;215
100..300;6;160718825;G;A;0.0812183022499084;130
100..300;6;160722576;C;T;0.1081079989671707;120
100..300;6;160731208;A;G;0.1157890036702156;130
100..300;6;160739051;A;G;0.0852273032069206;110
100..300;6;161136630;A;G;0.0622407011687755;155
100..300;6;161749007;T;C;0.0535713993012905;185
100..300;6;162568468;A;G;0.0456140004098415;185
100..300;6;162569040;G;A;0.1098269969224929;115
100..300;6;162569113;A;G;0.0740740969777107;110
100..300;6;162569527;T;C;0.0442803986370563;185
100..300;6;163096003;A;T;0.0666666999459266;145
100..300;6;165299438;A;G;0.0257511008530855;155
100..300;6;165300472;C;A;0.0416667014360427;160
100..300;6;165301971;C;G;0.0670553967356681;250
100..300;6;165302184;G;A;0.0604026988148689;210
100..300;6;165894602;T;A;0.044871799647808;105
100..300;6;165894603;C;T;0.0451612994074821;100
100..300;6;166326158;C;T;0.0692640990018844;155
100..300;6;166448745;C;T;0.0244897995144128;155
100..300;6;166459522;T;C;0.0573476999998092;185
100..300;6;167136287;C;T;0.049668900668621;215
100..300;6;167297930;G;A;0.1049719974398613;110
100..300;6;167305948;A;G;0.0664206966757774;170
100..300;6;168063722;T;C;0.0714285969734191;180
100..300;6;168288977;A;G;0.0572138987481594;280
100..300;6;168608142;T;TC;0.0507812015712261;170
100..300;6;168667230;T;G;0.0481282994151115;125
100..300;6;169232210;A;AG;0.0443038009107112;120
100..300;6;169248672;A;G;0.0383693017065525;285
100..300;6;169762419;C;A;0.1602209955453872;120
100..300;6;170017397;C;T;0.0645160973072052;145
100..300;6;170553212;C;G;0.0681115016341209;210
100..300;6;170569705;C;T;0.1209679991006851;160
100..300;6;170583012;C;T;0.0925925970077514;110
100..300;7;256773;A;G;0.1558440029621124;105
100..300;7;860398;A;G;0.0945274010300636;130
100..300;7;886080;A;G;0.0693069025874137;190
100..300;7;892323;A;G;0.067164197564125;175
100..300;7;988812;T;C;0.0229225996881723;235
100..300;7;1057638;T;C;0.0729482993483543;225
100..300;7;1093084;A;G;0.0359711982309818;185
100..300;7;1898365;A;G;0.0441175997257232;180
100..300;7;2069347;C;G;0.0265152007341384;180
100..300;7;2475153;T;C;0.0583657994866371;175
100..300;7;2712425;T;C;0.0330329984426498;230
100..300;7;2930046;A;G;0.0547112002968788;215
100..300;7;2937133;A;G;0.0361111015081405;230
100..300;7;3987312;G;C;0.0262008998543024;145
100..300;7;4077033;A;G;0.0422535017132759;140
100..300;7;4270733;T;C;0.0337079018354415;175
100..300;7;4762404;G;A;0.0265781003981828;200
100..300;7;4805681;G;T;0.0290697999298572;220
100..300;7;4836426;T;C;0.0171569008380174;250
100..300;7;4860710;A;G;0.0531915016472339;270
100..300;7;4996797;A;C;0.0619468986988067;220
100..300;7;5064644;A;G;0.0669291019439697;170
100..300;7;5064728;A;G;0.0791667029261589;170
100..300;7;5072923;C;A;0.0418604984879493;155
100..300;7;5228093;G;A;0.057142898440361;135
100..300;7;5302782;C;T;0.0635593011975288;155
100..300;7;5352071;G;C;0.1365460008382797;165
100..300;7;5357084;C;T;0.1036269962787628;260
100..300;7;5527965;T;C;0.0453171990811824;255
100..300;7;5528735;G;A;0.0487805008888244;175
100..300;7;6026830;C;T;0.0607143007218837;180
100..300;7;6031484;G;A;0.0340556986629962;205
100..300;7;6153890;C;G;0.037542700767517;190
100..300;7;6154121;A;G;0.066006600856781;200
100..300;7;6154752;T;C;0.0405405014753341;185
100..300;7;6402039;C;T;0.0581394992768764;115
100..300;7;6924696;T;C;0.0327381007373333;210
100..300;7;7373518;C;T;0.0311526004225015;230
100..300;7;12423483;T;C;0.0542168989777565;110
100..300;7;12471686;A;G;0.1184210032224655;160
100..300;7;12472298;G;T;0.03913040086627;165
100..300;7;16464307;G;C;0.0363636016845703;105
100..300;7;16544845;G;A;0.0679612010717392;130
100..300;7;16783492;G;T;0.0444444008171558;120
100..300;7;16864444;C;T;0.0295202992856502;190
100..300;7;16864813;C;T;0.0769231021404266;215
100..300;7;16873833;G;A;0.043010801076889;115
100..300;7;17339486;A;G;0.0421052984893322;135
100..300;7;19145123;CTCT;C;0.0643564015626907;285
100..300;7;21221365;A;C;0.0495355986058712;205
100..300;7;21543299;T;C;0.0448178984224796;245
100..300;7;21725834;T;C;0.0731706991791725;115
100..300;7;21892426;T;C;0.0598802007734775;125
100..300;7;21916787;A;G;0.0387930981814861;160
100..300;7;22438588;T;G;0.1418180018663406;175
100..300;7;23273552;C;T;0.0503596998751163;175
100..300;7;23689297;A;G;0.0291262008249759;130
100..300;7;23689312;C;T;0.030434800311923;140
100..300;7;23698272;G;A;0.0541515983641147;175
100..300;7;24717332;T;C;0.0580645017325878;190
100..300;7;24871738;G;T;0.0901288017630577;155
100..300;7;25168355;C;T;0.0514468997716903;200
100..300;7;25168375;A;G;0.0490797981619834;210
100..300;7;25226781;A;G;0.0240963995456695;175
100..300;7;28279388;A;T;0.0921408981084823;255
100..300;7;28279615;C;A;0.0776699036359787;145
100..300;7;29883956;C;T;0.0420168004930019;145
100..300;7;29884605;C;T;0.0622010007500648;135
100..300;7;30755715;G;A;0.0334190018475055;260
100..300;7;30922175;A;G;0.0625;225
100..300;7;31529836;A;T;0.0516128987073898;100
100..300;7;31642839;T;C;0.0441639982163906;220
100..300;7;31643796;A;G;0.0445205010473728;205
100..300;7;31692475;G;C;0.0578511990606784;155
100..300;7;31707223;T;C;0.0714285969734191;185
100..300;7;32169847;T;C;0.0625;175
100..300;7;32559018;A;T;0.0618182010948658;180
100..300;7;32559044;T;C;0.0528302006423473;175
100..300;7;32583865;G;C;0.0220819991081953;210
100..300;7;32869570;A;G;0.0681817978620529;165
100..300;7;34750392;T;C;0.0503875985741615;170
100..300;7;34750737;A;G;0.0874999985098838;115
100..300;7;34751230;C;G;0.0606060996651649;255
100..300;7;34751340;C;T;0.0753424987196922;215
100..300;7;34751589;A;G;0.0407523997128009;210
100..300;7;34751723;A;G;0.065972201526165;200
100..300;7;34778501;T;A;0.0486485995352268;120
100..300;7;34811781;G;C;0.051282100379467;120
100..300;7;35147875;T;C;0.0474137999117374;150
100..300;7;36406512;G;A;0.0551180988550186;170
100..300;7;36415868;C;T;0.039801001548767;130
100..300;7;36452603;T;C;0.0662650987505912;110
100..300;7;36855737;T;C;0.0559005998075008;110
100..300;7;37741197;A;C;0.0451388992369174;190
100..300;7;37876853;G;A;0.0614525005221366;120
100..300;7;38317248;T;C;0.0313589014112949;200
100..300;7;38391829;G;A;0.0668895989656448;205
100..300;7;38391835;T;C;0.0528053008019924;205
100..300;7;38391880;A;C;0.0547112002968788;220
100..300;7;40274566;A;G;0.0431655012071132;175
100..300;7;41965989;A;G;0.0405405014753341;140
100..300;7;41965990;A;C;0.0410959012806415;140
100..300;7;42172590;C;T;0.1046769991517067;290
100..300;7;43248885;G;A;0.0909091010689735;165
100..300;7;43866914;G;A;0.0376811996102333;230
100..300;7;43926562;A;C;0.0347003005445003;185
100..300;7;43965914;A;G;0.1415089964866638;115
100..300;7;44060774;T;C;0.1004370003938674;160
100..300;7;44108954;G;A;0.0819671973586082;125
100..300;7;44112925;AG;A;0.1140350028872489;165
100..300;7;44139027;G;A;0.1011670008301734;170
100..300;7;44220107;A;G;0.0451127998530864;260
100..300;7;44220272;T;C;0.0349205993115901;210
100..300;7;44969726;A;G;0.0821918025612831;145
100..300;7;45085867;C;G;0.070175401866436;190
100..300;7;45086066;A;G;0.0371517017483711;200
100..300;7;45101315;T;C;0.1787440031766891;140
100..300;7;45186189;A;C;0.0396600998938083;225
100..300;7;45186223;A;G;0.0397877991199493;240
100..300;7;45662163;T;C;0.064846396446228;195
100..300;7;45664372;A;G;0.0486111007630825;185
100..300;7;45866173;A;G;0.0296736005693674;225
100..300;7;45872996;T;C;0.0833332985639572;140
100..300;7;45917456;C;G;0.0394737012684345;105
100..300;7;47873982;A;G;0.0575539991259574;180
100..300;7;47874017;A;G;0.056768599897623;150
100..300;7;47876079;G;A;0.0506329014897346;105
100..300;7;47994330;T;C;0.0628931000828743;205
100..300;7;48389118;T;A;0.0564103014767169;130
100..300;7;48466969;G;A;0.0534591004252433;205
100..300;7;48467045;G;A;0.0387930981814861;155
100..300;7;48594699;A;C;0.0408162996172905;100
100..300;7;50134181;G;A;0.0516432002186775;140
100..300;7;50136085;T;C;0.039547998458147;120
100..300;7;50141376;T;C;0.0547945015132427;140
100..300;7;50528202;C;T;0.0364371985197067;160
100..300;7;51600444;A;G;0.1305640041828155;215
100..300;7;51600494;A;G;0.1483680009841919;215
100..300;7;51600578;T;C;0.1452510058879852;125
100..300;7;53035861;G;C;0.0909091010689735;265
100..300;7;53035878;A;G;0.088068202137947;255
100..300;7;53188370;T;C;0.052785899490118;230
100..300;7;53188825;C;T;0.0494296997785568;180
100..300;7;54419901;T;C;0.0913705974817276;135
100..300;7;54553999;A;G;0.0474307984113693;165
100..300;7;55201256;G;A;0.0655172020196914;190
100..300;7;55259906;G;A;0.0372671000659465;105
100..300;7;55638582;C;T;0.0666666999459266;110
100..300;7;55645624;C;A;0.061403501778841;165
100..300;7;55939883;T;C;0.0555556006729602;225
100..300;7;56068501;T;C;0.0370370000600814;135
100..300;7;56081669;T;C;0.0433332994580268;195
100..300;7;56081717;A;G;0.0515463985502719;195
100..300;7;56228709;G;A;0.079136699438095;100
100..300;7;56228860;T;G;0.1004569977521896;150
100..300;7;56228905;G;A;0.0881057009100914;155
100..300;7;56229035;G;A;0.0750987976789474;170
100..300;7;56229053;C;T;0.0846154019236564;175
100..300;7;56229231;T;C;0.0854701027274131;170
100..300;7;56229291;T;C;0.0859375;165
100..300;7;56229509;G;C;0.0569395013153553;190
100..300;7;56229694;T;C;0.0388350002467632;205
100..300;7;56229753;T;C;0.0496454015374183;195
100..300;7;57425167;A;G;0.0664206966757774;175
100..300;7;63113858;G;T;0.0976743996143341;150
100..300;7;63114111;G;A;0.0939596965909004;100
100..300;7;63770442;T;C;0.0847458019852638;110
100..300;7;63893284;T;C;0.1058389991521835;195
100..300;7;63910319;C;T;0.0778687968850135;165
100..300;7;63938080;C;A;0.1111110001802444;105
100..300;7;64220023;T;C;0.0969529002904892;245
100..300;7;64266267;C;T;0.1570249944925308;175
100..300;7;64266300;A;T;0.1351349949836731;190
100..300;7;64706424;T;G;0.1090909987688064;145
100..300;7;64864229;T;C;0.0996564030647277;190
100..300;7;64992360;A;G;0.0647481977939605;200
100..300;7;65335519;T;C;0.0904254987835884;120
100..300;7;65964372;A;G;0.0634920969605445;165
100..300;7;66423483;C;T;0.0859375;170
100..300;7;66423583;A;C;0.1099290028214454;195
100..300;7;66824053;T;C;0.050000000745058;165
100..300;7;73596424;T;C;0.0303029995411634;230
100..300;7;73865031;T;C;0.0313901007175445;155
100..300;7;75558268;A;G;0.0308369994163513;155
100..300;7;75922934;A;G;0.0892857015132904;115
100..300;7;75985969;A;G;0.0366197004914283;235
100..300;7;76000956;C;T;0.0700388997793197;175
100..300;7;76030497;C;T;0.0629921033978462;165
100..300;7;77256452;G;A;0.0591133013367652;125
100..300;7;77794257;A;G;0.1000000014901161;210
100..300;7;80096835;T;G;0.0381355993449687;160
100..300;7;80798179;A;C;0.0433070994913578;155
100..300;7;82038152;T;C;0.050000000745058;100
100..300;7;82915671;G;A;0.0853658989071846;170
100..300;7;87182209;G;T;0.0717130973935127;175
100..300;7;87450090;A;T;0.0465116016566753;110
100..300;7;87462869;A;G;0.0901288017630577;150
100..300;7;87509329;G;A;0.0384614989161491;215
100..300;7;87521774;C;T;0.1171550005674362;170
100..300;7;87522208;G;C;0.0598592013120651;195
100..300;7;87550285;G;A;0.0970148965716362;170
100..300;7;87935182;G;C;0.0973450988531112;155
100..300;7;88282672;A;C;0.0649999976158142;140
100..300;7;88639665;G;A;0.0896551981568336;100
100..300;7;88794175;G;T;0.1055559962987899;120
100..300;7;89335845;G;T;0.0609137006103992;140
100..300;7;90227330;T;C;0.0819671973586082;125
100..300;7;90372182;C;G;0.0331492014229297;110
100..300;7;90385094;A;G;0.0659897997975349;125
100..300;7;90709536;T;C;0.0462962985038757;145
100..300;7;92164994;A;G;0.052631601691246;115
100..300;7;93341535;T;C;0.052631601691246;185
100..300;7;94413962;G;A;0.0603015013039112;130
100..300;7;94665370;A;C;0.0398772992193698;225
100..300;7;95316772;T;A;0.0573769994080066;150
100..300;7;95372243;T;C;0.0471698008477687;135
100..300;7;95394734;G;A;0.0599999986588954;100
100..300;7;98244682;A;G;0.0311111006885767;145
100..300;7;98293539;T;C;0.0343643017113208;195
100..300;7;98304289;T;C;0.0457516014575958;190
100..300;7;99876804;G;A;0.0535713993012905;275
100..300;7;99903276;C;T;0.0458716005086898;140
100..300;7;99903288;G;A;0.0436892993748188;135
100..300;7;99916794;C;A;0.0769231021404266;110
100..300;7;100097308;T;C;0.0492423996329307;170
100..300;7;100600019;A;G;0.0628271996974945;125
100..300;7;100822533;G;A;0.0323624983429908;215
100..300;7;100867997;T;C;0.0464285984635353;205
100..300;7;100889133;C;G;0.0572207011282444;240
100..300;7;101051857;A;G;0.0440252013504505;210
100..300;7;101089040;T;C;0.0414013005793094;225
100..300;7;101128436;A;G;0.0274999998509883;255
100..300;7;101163167;G;C;0.04060909897089;115
100..300;7;101196120;A;G;0.0384614989161491;280
100..300;7;101204117;A;G;0.0650406032800674;180
100..300;7;102822189;C;T;0.0635697022080421;260
100..300;7;102841395;C;T;0.0404624007642269;115
100..300;7;104668963;G;A;0.0777480006217956;260
100..300;7;105536594;T;A;0.0243902001529932;125
100..300;7;105551610;C;T;0.0386266000568866;150
100..300;7;105582834;G;C;0.0325203016400337;180
100..300;7;105974960;A;G;0.0479042008519172;210
100..300;7;105974980;C;G;0.0426829010248184;210
100..300;7;106018005;A;G;0.0453258007764816;220
100..300;7;106018014;G;C;0.0463767983019351;220
100..300;7;106022244;C;T;0.0636041983962059;190
100..300;7;107045003;T;G;0.053872101008892;170
100..300;7;107782809;T;C;0.0343137010931968;145
100..300;7;108994352;C;G;0.0394088998436927;130
100..300;7;112784595;A;G;0.051162801682949;145
100..300;7;116506020;G;C;0.0648854970932006;175
100..300;7;116757518;G;A;0.0538921989500522;115
100..300;7;116776273;T;C;0.0544218011200428;100
100..300;7;122393325;G;A;0.1034480035305023;110
100..300;7;123169180;C;T;0.0405405014753341;145
100..300;7;123511965;T;C;0.096296302974224;100
100..300;7;123511981;C;T;0.1062500029802322;115
100..300;7;123616373;T;C;0.043010801076889;125
100..300;7;123953710;C;T;0.0638298019766807;130
100..300;7;124858948;C;A;0.0370370000600814;130
100..300;7;124858949;A;T;0.0370370000600814;130
100..300;7;125033770;T;C;0.0265781003981828;200
100..300;7;125034885;G;A;0.0496894009411335;105
100..300;7;127582103;A;G;0.0371621996164321;200
100..300;7;127582264;C;T;0.0185614991933107;295
100..300;7;127582467;A;G;0.0222929995507001;220
100..300;7;127584139;G;A;0.0643275007605552;115
100..300;7;127584232;G;A;0.064615398645401;215
100..300;7;128313185;A;G;0.0439560003578662;170
100..300;7;128498131;A;G;0.0755556002259254;140
100..300;7;128675737;G;C;0.0863308981060981;185
100..300;7;128675828;A;C;0.0759494006633758;155
100..300;7;128677604;T;C;0.05327869951725;185
100..300;7;128677828;C;T;0.1180120036005973;115
100..300;7;128682980;G;A;0.1006940007209777;185
100..300;7;128775760;A;G;0.0477940998971462;185
100..300;7;128967330;A;G;0.0287081003189086;130
100..300;7;129001172;C;G;0.0474307984113693;165
100..300;7;129460332;G;T;0.0580913014709949;160
100..300;7;130185375;C;T;0.0606060996651649;135
100..300;7;130215997;T;C;0.0388350002467632;210
100..300;7;130381647;C;G;0.0722891986370086;165
100..300;7;130440971;G;T;0.0345912016928195;205
100..300;7;130989722;A;G;0.0787402018904686;155
100..300;7;132179832;C;T;0.0517798997461795;210
100..300;7;134296475;A;G;0.097297303378582;115
100..300;7;134304791;G;A;0.0977011024951934;110
100..300;7;134993502;A;T;0.0324323996901512;120
100..300;7;135207209;A;G;0.0650888010859489;100
100..300;7;135594567;C;A;0.0989582985639572;130
100..300;7;135643362;T;C;0.125786006450653;105
100..300;7;135708128;C;T;0.0990099012851715;130
100..300;7;135721428;G;A;0.0463320016860961;170
100..300;7;135929992;C;T;0.0399999991059303;145
100..300;7;138441295;T;A;0.0390625;185
100..300;7;138580565;G;A;0.082840196788311;110
100..300;7;138621037;C;T;0.0458716005086898;145
100..300;7;138621061;C;T;0.0291667003184556;160
100..300;7;138679022;G;A;0.0398229993879795;145
100..300;7;139028969;C;G;0.0248447004705667;110
100..300;7;139047711;A;G;0.0827585980296135;190
100..300;7;139047751;A;G;0.0695971027016639;180
100..300;7;139055291;C;G;0.0376343987882137;115
100..300;7;139417744;G;A;0.0652173981070518;145
100..300;7;139454125;G;T;0.0265152007341384;180
100..300;7;139454204;G;C;0.0210970006883144;160
100..300;7;140567204;T;C;0.0505837015807628;170
100..300;7;141664912;A;G;0.1098899990320205;240
100..300;7;141665328;C;T;0.0916666984558105;160
100..300;7;141764965;T;C;0.052631601691246;170
100..300;7;141778774;C;G;0.0573248006403446;225
100..300;7;141779000;A;G;0.0766422972083091;190
100..300;7;141790438;T;G;0.0452128015458583;265
100..300;7;141837935;G;T;0.0693332999944686;245
100..300;7;141972804;C;T;0.0660793036222457;160
100..300;7;141973545;G;C;0.0413534007966518;175
100..300;7;142052413;A;C;0.0282685998827219;180
100..300;7;142255308;T;C;0.0737326964735984;150
100..300;7;142384603;T;G;0.1355309933423996;195
100..300;7;142384737;C;A;0.1279370039701461;260
100..300;7;142384802;G;A;0.1111110001802444;240
100..300;7;142384825;T;C;0.1096770018339157;205
100..300;7;142400325;T;G;0.030434800311923;155
100..300;7;142434344;G;A;0.08695650100708;115
100..300;7;142535861;A;G;0.0443038009107112;100
100..300;7;142544396;G;A;0.0655021965503692;160
100..300;7;142544491;C;T;0.0760456025600433;170
100..300;7;142544533;A;G;0.0783582031726837;175
100..300;7;142555135;G;T;0.0595744997262954;160
100..300;7;142563803;A;G;0.1056910008192062;160
100..300;7;142563940;T;C;0.1089489981532096;185
100..300;7;142564042;T;C;0.0547945015132427;195
100..300;7;142581165;G;C;0.0625;160
100..300;7;142588240;A;G;0.0372340008616447;125
100..300;7;142593062;T;C;0.0561797991394996;120
100..300;7;142615809;G;C;0.108373999595642;125
100..300;7;142619093;T;C;0.1142859980463981;135
100..300;7;142627134;T;A;0.0791667029261589;165
100..300;7;142863715;G;T;0.0574713014066219;175
100..300;7;143388917;T;C;0.0457516014575958;200
100..300;7;143391438;T;C;0.0386740006506443;120
100..300;7;144647371;T;C;0.0666666999459266;140
100..300;7;144667736;T;C;0.0733591020107269;165
100..300;7;144667784;CT;C;0.0670732036232948;215
100..300;7;144667825;T;G;0.0597484000027179;205
100..300;7;148229642;G;A;0.0419161990284919;105
100..300;7;148614023;GT;G;0.080645203590393;100
100..300;7;148783898;T;C;0.0409356988966465;225
100..300;7;148790303;C;T;0.0597825981676578;115
100..300;7;148809304;C;A;0.0380951985716819;140
100..300;7;149239787;T;G;0.0467289984226226;130
100..300;7;149282232;T;C;0.074498601257801;225
100..300;7;149455966;C;G;0.05693069845438;280
100..300;7;149723729;CT;C;0.0399999991059303;170
100..300;7;149788469;T;C;0.0336133986711502;165
100..300;7;149812331;T;C;0.0488888993859291;150
100..300;7;149814814;T;C;0.0648854970932006;175
100..300;7;149815989;C;G;0.0359711982309818;180
100..300;7;149819701;A;G;0.0578946992754936;140
100..300;7;149820889;T;G;0.0733944997191429;170
100..300;7;149821680;G;T;0.0286624003201723;210
100..300;7;149826495;T;C;0.0240550003945827;185
100..300;7;149827824;A;G;0.0298507008701562;140
100..300;7;150692505;C;T;0.0601265989243984;215
100..300;7;150692768;G;A;0.0761905014514923;210
100..300;7;150742955;T;C;0.0480226017534732;225
100..300;7;150747145;C;T;0.078947402536869;125
100..300;7;150858914;C;T;0.0467836000025272;225
100..300;7;150947340;A;C;0.0358974002301692;135
100..300;7;151055521;G;T;0.0444444008171558;185
100..300;7;151064227;A;G;0.026894899085164;270
100..300;7;151066568;A;T;0.0366492010653018;260
100..300;7;151215664;T;G;0.0295202992856502;180
100..300;7;151215700;C;T;0.0325203016400337;165
100..300;7;151223805;A;G;0.0610931999981403;210
100..300;7;151235481;T;C;0.0286343991756439;290
100..300;7;151238344;C;G;0.0285714007914066;255
100..300;7;151733623;A;G;0.0315315015614032;140
100..300;7;151987171;G;A;0.0363636016845703;110
100..300;7;152113391;G;A;0.026315800845623;160
100..300;7;152176768;T;C;0.0457317009568214;225
100..300;7;155070881;C;G;0.0853658989071846;125
100..300;7;155509086;G;A;0.0668895989656448;205
100..300;7;155737669;G;A;0.0765027031302452;120
100..300;7;155738260;C;T;0.0556962005794048;275
100..300;7;155738386;G;A;0.0323740988969802;190
100..300;7;155741959;G;C;0.0528169013559818;190
100..300;7;156675683;C;G;0.0295566990971565;140
100..300;7;156675684;A;C;0.0333333015441894;140
100..300;7;156676439;G;C;0.0747663974761962;280
100..300;7;156676485;T;C;0.0954653993248939;280
100..300;7;156676496;G;A;0.0839160978794097;290
100..300;7;156762136;C;T;0.0397727005183696;105
100..300;7;157181660;A;G;0.0457143001258373;115
100..300;7;158133657;G;T;0.0584416016936302;115
100..300;7;158664766;G;A;0.0405405014753341;105
100..300;7;159034635;A;G;0.0320000015199184;160
100..300;8;492389;A;G;0.0686274990439415;140
100..300;8;715858;T;C;0.0423729009926319;155
100..300;8;1548622;G;A;0.042918499559164;155
100..300;8;1869201;A;G;0.0186334997415542;215
100..300;8;1909382;C;T;0.0426965989172458;285
100..300;8;2100860;A;G;0.0555556006729602;170
100..300;8;2106405;C;G;0.0344827994704246;185
100..300;8;3214526;A;G;0.0497738011181354;150
100..300;8;3214585;C;G;0.058823499828577;165
100..300;8;3493625;A;G;0.03125;120
100..300;8;3493673;A;C;0.0305677000433206;145
100..300;8;3632234;C;G;0.0704225003719329;140
100..300;8;6513782;G;A;0.0387597009539604;165
100..300;8;6521263;A;C;0.0387930981814861;150
100..300;8;6823734;C;A;0.0444444008171558;125
100..300;8;6936877;A;G;0.0280702002346515;185
100..300;8;6936878;G;C;0.0283688008785247;185
100..300;8;8702641;A;G;0.0393701009452343;165
100..300;8;8892219;C;G;0.0449827015399932;205
100..300;8;10482989;T;TC;0.079645998775959;170
100..300;8;10532942;T;C;0.1099480018019676;240
100..300;8;10613063;T;C;0.0441175997257232;235
100..300;8;11549084;C;T;0.1270360052585601;195
100..300;8;11757066;G;A;0.1055409982800483;265
100..300;8;12728755;C;A;0.1436170041561126;125
100..300;8;13021334;A;C;0.0646388009190559;185
100..300;8;13031234;G;A;0.0283285994082689;245
100..300;8;13092806;T;G;0.0506911985576152;140
100..300;8;17210065;T;C;0.0397351011633873;105
100..300;8;17538871;A;G;0.1168219968676567;135
100..300;8;17538906;C;G;0.1346150040626526;130
100..300;8;17562030;A;G;0.067164197564125;180
100..300;8;17642610;T;C;0.0611111000180244;125
100..300;8;17642714;C;T;0.0769231021404266;240
100..300;8;17645922;C;G;0.097222201526165;145
100..300;8;17655905;A;G;0.0391459017992019;185
100..300;8;17684490;C;T;0.0426229014992713;200
100..300;8;17723664;T;C;0.0327868983149528;120
100..300;8;18061477;G;A;0.0382165983319282;100
100..300;8;18069818;C;T;0.0254776999354362;100
100..300;8;18073263;T;C;0.0265957005321979;120
100..300;8;18400344;C;T;0.0615941993892192;195
100..300;8;18400484;T;C;0.060869600623846;155
100..300;8;18871818;A;C;0.0377907007932662;235
100..300;8;19059480;C;A;0.0706522017717361;115
100..300;8;19319592;G;A;0.0315788984298706;180
100..300;8;20179316;G;C;0.0485075004398822;185
100..300;8;21990344;C;G;0.0493827015161514;155
100..300;8;22247989;C;T;0.0409555993974208;205
100..300;8;22566731;C;T;0.0504201985895633;235
100..300;8;22571195;G;A;0.0486322008073329;215
100..300;8;22571238;G;C;0.051162801682949;155
100..300;8;22669046;A;G;0.0404039993882179;180
100..300;8;22713422;C;T;0.0505747012794017;280
100..300;8;22713505;G;A;0.0608466006815433;255
100..300;8;22727205;C;T;0.0344827994704246;235
100..300;8;23103360;C;G;0.047393400222063;140
100..300;8;23144577;T;C;0.0285714007914066;225
100..300;8;23201811;G;C;0.0517928004264831;165
100..300;8;23202743;C;T;0.056716401129961;210
100..300;8;23288582;G;A;0.0421347990632057;235
100..300;8;23291465;T;G;0.0517711006104946;235
100..300;8;23303265;G;C;0.0487805008888244;100
100..300;8;23368046;A;G;0.0384614989161491;175
100..300;8;23434322;C;T;0.0418410003185272;165
100..300;8;23806140;A;C;0.0319149009883403;125
100..300;8;24956691;T;G;0.0817120969295501;190
100..300;8;24956889;C;T;0.0794392973184585;160
100..300;8;25302369;A;G;0.0373134016990661;170
100..300;8;25364649;G;A;0.0342857018113136;110
100..300;8;25372652;T;C;0.0244897995144128;145
100..300;8;25400926;T;C;0.0465116016566753;115
100..300;8;25423284;G;C;0.0700388997793197;165
100..300;8;25436342;T;C;0.0691244006156921;140
100..300;8;25460308;T;A;0.0574713014066219;295
100..300;8;26379462;T;C;0.055172398686409;110
100..300;8;26508200;T;C;0.0413222983479499;245
100..300;8;26770511;G;A;0.0553633011877536;200
100..300;8;26779389;A;T;0.0724138021469116;190
100..300;8;26779401;C;T;0.0751880034804344;175
100..300;8;26779408;C;T;0.0823045000433921;160
100..300;8;26859125;C;T;0.0747125968337059;115
100..300;8;27397611;C;T;0.0555556006729602;150
100..300;8;27397629;A;G;0.051282100379467;170
100..300;8;27397746;G;A;0.0987654030323028;155
100..300;8;27451068;C;A;0.0463320016860961;180
100..300;8;27467305;C;T;0.0335820987820625;170
100..300;8;27469321;A;AGG;0.05190309882164;195
100..300;8;27500988;G;A;0.0498084016144275;170
100..300;8;27516406;C;T;0.0823969990015029;170
100..300;8;27536849;T;C;0.0355030000209808;110
100..300;8;27904718;C;T;0.0296052992343902;205
100..300;8;27909654;A;G;0.0636363998055458;145
100..300;8;28041063;C;T;0.0398406013846397;165
100..300;8;30237736;C;G;0.0536585003137588;145
100..300;8;30240679;T;C;0.051020398736;125
100..300;8;30843082;C;T;0.2399999946355819;105
100..300;8;31064419;A;G;0.0932642966508865;130
100..300;8;31220751;T;G;0.0425532013177871;160
100..300;8;33499309;A;T;0.0622407011687755;170
100..300;8;33499311;A;T;0.0622407011687755;170
100..300;8;37095400;G;A;0.0517928004264831;180
100..300;8;38238144;T;C;0.0581817999482154;175
100..300;8;38415024;G;C;0.0425532013177871;175
100..300;8;38415064;A;C;0.0420560985803604;145
100..300;8;38424140;A;G;0.0458716005086898;145
100..300;8;38425690;A;C;0.0329670011997222;125
100..300;8;38426493;T;C;0.0301724001765251;165
100..300;8;38429293;G;C;0.0311111006885767;160
100..300;8;38430037;T;C;0.0398670993745327;215
100..300;8;38431048;G;C;0.0558376014232635;145
100..300;8;38434629;C;A;0.0740740969777107;150
100..300;8;38435945;A;G;0.0280374009162187;135
100..300;8;38441129;T;C;0.0614525005221366;125
100..300;8;38441901;A;G;0.0747663974761962;155
100..300;8;38442106;C;T;0.0370370000600814;135
100..300;8;38442197;C;G;0.0416667014360427;115
100..300;8;38453392;G;T;0.0507614016532897;140
100..300;8;38467098;A;G;0.0224718991667032;175
100..300;8;38467613;A;G;0.0388350002467632;135
100..300;8;40013616;T;C;0.0772726982831955;140
100..300;8;40015534;A;G;0.0575220994651317;150
100..300;8;41668396;T;C;0.0965147018432617;240
100..300;8;41690230;A;G;0.0378006994724273;190
100..300;8;41690485;C;T;0.0390244014561176;140
100..300;8;41725776;T;C;0.0421686992049217;215
100..300;8;42316862;A;G;0.0563380010426044;230
100..300;8;42401781;G;A;0.0643275007605552;120
100..300;8;47939665;T;C;0.0388889014720916;110
100..300;8;52142923;T;C;0.0523255988955497;115
100..300;8;54522901;G;C;0.0280898995697498;125
100..300;8;54626835;T;A;0.1096770018339157;115
100..300;8;54629980;A;G;0.049261100590229;135
100..300;8;55449662;T;A;0.055214699357748;230
100..300;8;55450876;T;C;0.0513833984732627;170
100..300;8;55452088;A;G;0.0742048993706703;195
100..300;8;55453888;G;A;0.0491802990436553;125
100..300;8;56074178;G;A;0.0278638005256652;230
100..300;8;56102193;A;G;0.0270269997417926;120
100..300;8;56166374;T;G;0.0833332985639572;120
100..300;8;58496934;A;G;0.0371747016906738;195
100..300;8;60938530;T;C;0.0447761006653308;235
100..300;8;61576775;T;C;0.0298507008701562;125
100..300;8;63409165;T;C;0.0432691983878612;140
100..300;8;65378067;C;T;0.0345821008086204;235
100..300;8;65779776;T;C;0.050000000745058;115
100..300;8;69832577;A;G;0.0373332984745502;255
100..300;8;69987450;T;G;0.096551701426506;190
100..300;8;69987529;A;G;0.0574713014066219;190
100..300;8;70734040;T;A;0.0285714007914066;100
100..300;8;72069083;A;G;0.064935103058815;200
100..300;8;72071806;G;C;0.0769231021404266;135
100..300;8;72075403;A;G;0.0384614989161491;165
100..300;8;72937968;A;G;0.0576923005282878;215
100..300;8;73422712;A;AAAAC;0.0440252013504505;110
100..300;8;79571320;C;T;0.0350000001490116;145
100..300;8;80064579;A;C;0.1098899990320205;115
100..300;8;81444877;C;T;0.0673077031970024;135
100..300;8;86048614;C;T;0.0388350002467632;210
100..300;8;86575970;C;T;0.0387323983013629;190
100..300;8;86576020;C;T;0.0416667014360427;185
100..300;8;86657515;A;G;0.0344827994704246;170
100..300;8;86659053;G;C;0.0577616989612579;180
100..300;8;86739642;C;A;0.0429448001086711;105
100..300;8;94146031;A;G;0.0444444008171558;180
100..300;8;94148874;A;G;0.0457516014575958;100
100..300;8;94174086;A;G;0.0648649036884307;130
100..300;8;94176688;A;G;0.0397351011633873;100
100..300;8;94643368;C;T;0.0478087998926639;155
100..300;8;94668001;T;C;0.0917873978614807;140
100..300;8;97691089;G;A;0.0734265968203544;185
100..300;8;97865331;A;T;0.0466101989150047;165
100..300;8;97865337;A;T;0.05327869951725;165
100..300;8;97931317;G;A;0.0519481003284454;215
100..300;8;97994508;T;C;0.020491799339652;155
100..300;8;97994520;T;C;0.0199203006923198;160
100..300;8;98102916;G;A;0.0472972989082336;105
100..300;8;98883712;A;G;0.0644330009818077;265
100..300;8;99832530;C;T;0.069277100265026;205
100..300;8;100140796;A;G;0.1297069936990738;165
100..300;8;100240956;A;G;0.097826100885868;125
100..300;8;101689366;A;G;0.0448877997696399;275
100..300;8;101872131;C;T;0.0444444008171558;155
100..300;8;104223730;A;G;0.0557769015431404;165
100..300;8;105802428;C;G;0.0566038005053997;185
100..300;8;107958139;G;A;0.0515872985124588;160
100..300;8;109400290;A;G;0.0867346972227096;130
100..300;8;109425155;G;A;0.0615384988486766;170
100..300;8;109436406;G;A;0.0646765977144241;130
100..300;8;109444782;G;A;0.0397111997008323;180
100..300;8;109448259;T;G;0.0305809993296861;210
100..300;8;109452831;C;G;0.0804598033428192;110
100..300;8;109464764;G;A;0.06751050055027;165
100..300;8;109464837;T;C;0.0484581999480724;155
100..300;8;109479611;G;C;0.052631601691246;125
100..300;8;112265476;A;T;0.0860927030444145;100
100..300;8;116771675;C;A;0.0561797991394996;180
100..300;8;116771736;T;C;0.0539567992091178;190
100..300;8;118379627;A;G;0.0359476990997791;195
100..300;8;119557637;G;T;0.0418604984879493;135
100..300;8;122953919;C;G;0.0392156988382339;245
100..300;8;123126651;A;G;0.0536397993564605;175
100..300;8;123128394;C;T;0.0474453009665012;175
100..300;8;123688953;G;C;0.0591715984046459;105
100..300;8;124023548;C;G;0.0596025995910167;200
100..300;8;124049654;A;G;0.0780346989631652;230
100..300;8;124451009;C;T;0.0488721989095211;185
100..300;8;124486306;T;C;0.0689655020833015;150
100..300;8;124487122;A;G;0.0851064026355743;165
100..300;8;124515894;A;G;0.0502513013780117;140
100..300;8;124567732;T;C;0.1046509966254234;175
100..300;8;124567749;T;C;0.1074070036411285;180
100..300;8;125433302;A;C;0.0569947995245456;135
100..300;8;127735707;T;G;0.0443548001348972;175
100..300;8;128187320;A;G;0.0474137999117374;150
100..300;8;129728957;C;G;0.0503596998751163;185
100..300;8;131970577;G;A;0.1036039963364601;140
100..300;8;132095758;G;A;0.054644800722599;120
100..300;8;132969501;A;G;0.0408162996172905;150
100..300;8;132969515;C;T;0.0379747003316879;150
100..300;8;133047816;C;T;0.0569619983434677;100
100..300;8;133220781;A;G;0.0493150986731052;250
100..300;8;133464770;C;G;0.0862068980932235;115
100..300;8;133475764;A;G;0.0262171998620033;180
100..300;8;134509727;A;G;0.0301724001765251;145
100..300;8;138594184;T;A;0.0549451000988483;115
100..300;8;138619446;T;C;0.0625;195
100..300;8;138630731;C;T;0.1217710003256797;175
100..300;8;138679683;A;G;0.0570175014436244;150
100..300;8;138826728;T;C;0.0916666984558105;155
100..300;8;139618747;G;A;0.1111110001802444;265
100..300;8;140523729;T;C;0.1145370006561279;155
100..300;8;140879490;A;G;0.0543932989239692;155
100..300;8;141136609;C;T;0.1043479964137077;235
100..300;8;141160785;T;C;0.05726870149374;140
100..300;8;141166408;C;T;0.0895522013306617;135
100..300;8;141447939;T;C;0.0410959012806415;140
100..300;8;141449759;A;G;0.0496894009411335;105
100..300;8;142345817;G;C;0.0525114014744758;285
100..300;8;142354673;G;A;0.0289016999304294;220
100..300;8;142542011;A;C;0.034324899315834;285
100..300;8;142587893;G;A;0.0905660018324852;165
100..300;8;142661023;C;T;0.0392156988382339;145
100..300;8;142682072;C;T;0.0320000015199184;250
100..300;8;142682129;A;C;0.0256409998983144;180
100..300;8;142874500;G;C;0.0416667014360427;240
100..300;8;142914327;T;C;0.0328767001628875;240
100..300;8;143249912;C;T;0.0842697024345398;235
100..300;8;143538076;G;A;0.0487805008888244;280
100..300;8;143562235;A;G;0.0527577996253967;285
100..300;8;143606976;T;C;0.0477387011051178;255
100..300;8;143719133;A;G;0.0577889010310173;245
100..300;8;143719423;A;C;0.0560000017285347;240
100..300;8;143720565;C;A;0.0392156988382339;170
100..300;8;143720566;C;G;0.0392156988382339;170
100..300;8;143729108;A;G;0.0304569005966186;265
100..300;8;143741778;T;A;0.0368851982057094;165
100..300;8;143742309;C;G;0.0366300009191036;185
100..300;8;143743102;G;A;0.0239234007894992;150
100..300;8;143743120;C;T;0.026315800845623;165
100..300;8;143744352;G;A;0.0229007992893457;175
100..300;8;143745035;CTT;C;0.070754699409008;155
100..300;8;143745107;T;C;0.0776699036359787;145
100..300;8;143745309;G;A;0.0394088998436927;135
100..300;8;143804639;T;C;0.0325580984354019;290
100..300;8;144099354;G;C;0.0450236983597278;275
100..300;8;144108718;G;A;0.0460829995572567;135
100..300;8;144318103;T;G;0.0295202992856502;175
100..300;8;144354636;A;G;0.0285714007914066;130
100..300;8;144379425;A;C;0.065972201526165;175
100..300;8;144396341;A;G;0.0359999984502792;170
100..300;8;144397883;T;C;0.0486891008913517;185
100..300;8;144414342;C;T;0.0843989998102188;250
100..300;8;144415027;A;G;0.0586510002613067;240
100..300;8;144468517;T;G;0.0404039993882179;150
100..300;8;144547957;T;TCTG;0.0308369994163513;160
100..300;8;144774231;C;CTTT;0.0760233998298645;135
100..300;8;144804257;T;C;0.0627615004777908;150
100..300;9;312124;C;T;0.0497738011181354;140
100..300;9;370244;G;A;0.0355556011199951;145
100..300;9;377111;C;G;0.050000000745058;155
100..300;9;390512;T;C;0.0847458019852638;160
100..300;9;396835;C;T;0.0382513999938964;235
100..300;9;730054;G;A;0.0486111007630825;100
100..300;9;738434;T;C;0.0274914000183343;195
100..300;9;740901;T;C;0.0516605004668235;175
100..300;9;841825;T;C;0.0564972013235092;110
100..300;9;990840;T;C;0.0472727008163929;200
100..300;9;1056398;G;C;0.0425532013177871;230
100..300;9;1056732;A;G;0.0549451000988483;245
100..300;9;1056959;C;G;0.0269230995327234;185
100..300;9;2029199;A;G;0.115556001663208;150
100..300;9;2096774;A;G;0.0750000029802322;105
100..300;9;2876417;G;C;0.0920000001788139;175
100..300;9;4117933;G;C;0.0528846010565757;285
100..300;9;4576680;C;T;0.0291776992380619;245
100..300;9;4663252;C;A;0.0599999986588954;170
100..300;9;5921881;A;G;0.0909091010689735;185
100..300;9;6012734;C;A;0.1351349949836731;175
100..300;9;6639196;C;A;0.0467033013701438;250
100..300;9;6639239;T;C;0.0547619014978408;280
100..300;9;6986464;C;G;0.0627802982926368;155
100..300;9;7103816;T;C;0.0748298987746238;185
100..300;9;14116328;G;C;0.0725388973951339;125
100..300;9;14720359;T;C;0.0449437983334064;125
100..300;9;14722479;C;G;0.0615836009383201;230
100..300;9;14722618;A;G;0.0523810014128685;150
100..300;9;14747414;G;A;0.0267379991710186;120
100..300;9;14770660;T;G;0.0280000008642673;165
100..300;9;14775861;A;G;0.135245993733406;165
100..300;9;14776142;T;C;0.0688704997301101;245
100..300;9;14801689;C;T;0.0592592991888523;180
100..300;9;14816831;C;G;0.1015869975090026;195
100..300;9;14859298;A;G;0.0557276010513305;220
100..300;9;14859358;C;T;0.0584416016936302;205
100..300;9;15055132;T;G;0.0669014006853103;190
100..300;9;15055609;A;G;0.0735694989562034;265
100..300;9;15055923;G;C;0.0664653033018112;235
100..300;9;15185322;A;G;0.0446926988661289;110
100..300;9;15479637;C;T;0.0747663974761962;135
100..300;9;15784633;G;A;0.0823045000433921;160
100..300;9;16206762;G;T;0.0376343987882137;125
100..300;9;18775812;A;C;0.1178160011768341;220
100..300;9;18777198;C;A;0.0786516964435577;250
100..300;9;18777370;C;T;0.1017540022730827;200
100..300;9;18777424;A;G;0.1273410022258758;185
100..300;9;18928041;G;A;0.0441175997257232;140
100..300;9;18995152;A;C;0.0891088992357254;140
100..300;9;19076675;C;G;0.0943396016955375;170
100..300;9;19341047;G;A;0.0392156988382339;100
100..300;9;20776744;C;A;0.0519481003284454;150
100..300;9;20944630;A;G;0.0898203998804092;105
100..300;9;21029331;C;T;0.0476190000772476;125
100..300;9;21077717;A;G;0.1531910002231598;160
100..300;9;21481557;G;T;0.0426357015967369;180
100..300;9;21816759;A;G;0.0540541000664234;145
100..300;9;24545515;A;G;0.0868166983127594;210
100..300;9;25677700;C;A;0.0445344001054763;170
100..300;9;25677935;C;T;0.026315800845623;150
100..300;9;26978172;G;A;0.0430621989071369;130
100..300;9;27205023;A;G;0.0355556011199951;145
100..300;9;32425912;G;A;0.057915098965168;165
100..300;9;32459452;G;T;0.057142898440361;135
100..300;9;32480253;T;A;0.0189394000917673;170
100..300;9;32500834;T;C;0.0652173981070518;175
100..300;9;32551711;G;A;0.0277778003364801;175
100..300;9;33354072;T;TTTTTA;0.1282050013542175;125
100..300;9;33463453;G;GAGA;0.0445545017719268;145
100..300;9;33469193;T;C;0.032490998506546;195
100..300;9;33568689;A;T;0.0454544983804225;150
100..300;9;33568791;G;T;0.076530598104;135
100..300;9;33613837;G;A;0.057142898440361;160
100..300;9;33618360;G;A;0.0282131992280483;210
100..300;9;33618462;T;A;0.0448429994285106;150
100..300;9;33618499;A;G;0.052631601691246;120
100..300;9;33676096;G;C;0.0662252008914947;205
100..300;9;34089397;C;T;0.0592105016112327;110
100..300;9;34107506;T;C;0.0243902001529932;160
100..300;9;34318742;C;G;0.0505952015519142;225
100..300;9;34723747;A;C;0.0283688008785247;205
100..300;9;35107768;A;C;0.1075699999928474;170
100..300;9;35555461;A;G;0.0329670011997222;265
100..300;9;35618526;A;G;0.0709220021963119;180
100..300;9;35713184;T;C;0.0619047991931438;145
100..300;9;35720798;T;C;0.0365297012031078;135
100..300;9;35826041;C;T;0.0591260008513927;250
100..300;9;35826061;C;T;0.0597403012216091;240
100..300;9;35910791;A;T;0.0697114989161491;275
100..300;9;36002939;G;C;0.049822099506855;170
100..300;9;36013202;A;G;0.1455699950456619;105
100..300;9;36021855;G;A;0.0930233001708984;105
100..300;9;37441316;G;A;0.0909091010689735;180
100..300;9;37489381;T;C;0.0758929029107093;150
100..300;9;37637220;T;A;0.0457143001258373;235
100..300;9;37735683;A;G;0.0427631996572017;190
100..300;9;37948727;C;T;0.0275590997189283;165
100..300;9;37974746;C;T;0.0840708017349243;290
100..300;9;38615701;T;C;0.0580807998776435;250
100..300;9;69151677;A;C;0.0549451000988483;115
100..300;9;69387995;TGTTATA;T;0.0566038005053997;140
100..300;9;69432683;A;G;0.0584614984691143;215
100..300;9;70535957;G;T;0.0361991003155708;155
100..300;9;70536002;T;C;0.0505050010979175;205
100..300;9;71745180;T;C;0.0385964997112751;185
100..300;9;71745293;C;G;0.0308641996234655;230
100..300;9;72432145;G;C;0.1098269969224929;110
100..300;9;72541141;T;C;0.0643777027726173;150
100..300;9;73475764;G;T;0.0294118002057075;230
100..300;9;74800368;C;A;0.1538459956645965;190
100..300;9;74802056;T;C;0.0683230012655258;210
100..300;9;74821725;A;G;0.0909091010689735;130
100..300;9;74827700;T;C;0.0604396015405654;130
100..300;9;75137594;T;C;0.0978723019361496;150
100..300;9;75891229;A;G;0.0367893017828464;180
100..300;9;75891271;C;T;0.0404624007642269;220
100..300;9;76354143;A;C;0.0477528013288974;230
100..300;9;76358515;A;G;0.0947367995977401;130
100..300;9;76704005;G;A;0.1515150070190429;185
100..300;9;76706955;T;C;0.099667802453041;220
100..300;9;76707152;T;G;0.126811996102333;195
100..300;9;76709263;A;G;0.0777480006217956;265
100..300;9;76709825;C;T;0.1375840008258819;215
100..300;9;76710642;C;G;0.0766962021589279;230
100..300;9;77315426;G;C;0.0981594994664192;120
100..300;9;77339629;C;T;0.1055279970169067;140
100..300;9;77369316;C;T;0.1232229992747306;135
100..300;9;78178337;A;G;0.0541400983929634;200
100..300;9;78178340;A;C;0.0536278001964092;205
100..300;9;78179338;C;G;0.0613717995584011;200
100..300;9;81585614;C;T;0.0371517017483711;210
100..300;9;81917782;G;T;0.0558824017643928;240
100..300;9;81994247;C;G;0.0718749985098838;235
100..300;9;83012493;A;G;0.0490797981619834;100
100..300;9;84676160;C;T;0.051282100379467;110
100..300;9;84677413;T;C;0.061728399246931;115
100..300;9;84678866;A;T;0.0388889014720916;120
100..300;9;84679559;A;G;0.0444444008171558;125
100..300;9;84680237;A;G;0.041176501661539;115
100..300;9;84682066;T;C;0.0548780001699924;120
100..300;9;84682446;A;G;0.0858896002173423;110
100..300;9;84688251;C;G;0.0697674006223678;145
100..300;9;84688441;G;C;0.0824175998568534;130
100..300;9;84689350;T;A;0.0471203997731208;140
100..300;9;84697596;T;C;0.0616739988327026;160
100..300;9;85167296;C;T;0.0591715984046459;110
100..300;9;86079264;T;G;0.056768599897623;150
100..300;9;87084278;G;C;0.0352112986147403;190
100..300;9;87084875;C;G;0.0366492010653018;140
100..300;9;87728590;A;G;0.04782610014081;165
100..300;9;87885490;C;A;0.13297900557518;260
100..300;9;87886533;A;C;0.1005750000476837;245
100..300;9;87887543;A;T;0.0655737966299057;215
100..300;9;87887904;C;T;0.1174930036067962;270
100..300;9;87888092;G;A;0.0904522985219955;270
100..300;9;87888536;A;G;0.0621762014925479;275
100..300;9;88325143;A;G;0.0692640990018844;160
100..300;9;89038062;A;G;0.0614251010119915;275
100..300;9;89339933;G;C;0.076470598578453;115
100..300;9;89388764;T;C;0.0817610025405883;220
100..300;9;89450455;C;T;0.09375;205
100..300;9;90751960;A;G;0.0297871995717287;145
100..300;9;90887733;A;T;0.0598802007734775;115
100..300;9;92172343;T;C;0.0316741988062858;145
100..300;9;92517703;A;C;0.0827338024973869;185
100..300;9;92522700;G;T;0.0985916033387184;180
100..300;9;92613166;A;G;0.0264317002147436;140
100..300;9;92658701;G;A;0.0434782989323139;145
100..300;9;92836800;T;C;0.0380434989929199;125
100..300;9;92837566;T;C;0.051094900816679;280
100..300;9;94288238;C;G;0.0264026001095771;210
100..300;9;94288388;A;G;0.0679244995117187;180
100..300;9;94293045;A;G;0.0353535003960132;260
100..300;9;94301346;C;G;0.0714285969734191;215
100..300;9;94459181;A;G;0.0418005995452404;205
100..300;9;94931697;G;C;0.0645160973072052;155
100..300;9;97068444;G;C;0.1034480035305023;110
100..300;9;97428498;G;A;0.0603015013039112;130
100..300;9;97432124;C;T;0.1327009946107864;135
100..300;9;97922437;C;A;0.0480226017534732;235
100..300;9;97922475;G;A;0.0375722981989383;235
100..300;9;97927411;G;A;0.0714285969734191;125
100..300;9;98060802;C;T;0.0411522984504699;180
100..300;9;98060853;C;G;0.0309858992695808;230
100..300;9;98092483;G;C;0.0615384988486766;140
100..300;9;98229148;A;C;0.0301204994320869;115
100..300;9;98293840;C;T;0.0912408977746963;185
100..300;9;98299357;G;C;0.0481927990913391;105
100..300;9;98306298;A;G;0.0408162996172905;200
100..300;9;98496521;A;G;0.1004180014133453;155
100..300;9;98578034;C;T;0.0512048006057739;220
100..300;9;99015983;T;G;0.0521471984684467;220
100..300;9;99035048;T;C;0.0471698008477687;210
100..300;9;99222654;G;C;0.0557940006256103;165
100..300;9;99306630;T;C;0.1388889998197555;110
100..300;9;99833403;T;C;0.1120330020785331;155
100..300;9;99928760;C;CTTCT;0.0847458019852638;110
100..300;9;100292669;C;T;0.039547998458147;245
100..300;9;100585926;T;A;0.0340556986629962;215
100..300;9;101371346;T;C;0.0326409004628658;215
100..300;9;101476448;A;T;0.0496454015374183;205
100..300;9;101562263;A;G;0.0864197984337806;100
100..300;9;101623429;T;C;0.0454544983804225;100
100..300;9;101686816;T;C;0.0625;180
100..300;9;104856017;A;G;0.057142898440361;175
100..300;9;104858586;T;C;0.0338542014360427;250
100..300;9;104861748;T;C;0.0516128987073898;210
100..300;9;106925122;G;A;0.0542857013642787;240
100..300;9;106927471;T;C;0.0535713993012905;240
100..300;9;106927578;C;T;0.0621622018516063;265
100..300;9;106929395;G;A;0.0327868983149528;260
100..300;9;107010864;T;A;0.0439999997615814;160
100..300;9;108123199;T;C;0.0630630999803543;145
100..300;9;108863349;G;C;0.0433332994580268;205
100..300;9;109194319;A;G;0.0433790013194084;295
100..300;9;110404417;A;T;0.0438871011137962;200
100..300;9;110407350;C;T;0.025000000372529;190
100..300;9;110407351;A;G;0.0245613995939493;195
100..300;9;110434453;C;A;0.0600857995450496;150
100..300;9;110445970;G;T;0.0578946992754936;130
100..300;9;110875574;A;G;0.0363127999007701;240
100..300;9;111328121;A;G;0.0422077998518943;210
100..300;9;111597344;A;C;0.0896551981568336;180
100..300;9;111609213;T;C;0.0423729009926319;250
100..300;9;111609310;A;G;0.0540541000664234;260
100..300;9;111609344;C;A;0.0535713993012905;230
100..300;9;111692264;C;T;0.1122990027070045;130
100..300;9;112041893;A;G;0.058823499828577;175
100..300;9;112150337;C;A;0.017543900758028;175
100..300;9;112998281;T;C;0.0728155001997947;140
100..300;9;113360674;G;A;0.0912408977746963;180
100..300;9;113373918;T;C;0.0638298019766807;230
100..300;9;114002003;T;C;0.1294119954109192;155
100..300;9;114008496;T;C;0.0903009995818138;195
100..300;9;114008505;A;G;0.0858085975050926;200
100..300;9;114240237;T;C;0.1118640005588531;195
100..300;9;114270742;C;T;0.0656934008002281;170
100..300;9;114403926;T;G;0.125668004155159;245
100..300;9;114403966;G;A;0.0855856016278266;280
100..300;9;114407961;C;G;0.1021279990673065;150
100..300;9;114424432;T;C;0.0895884037017822;270
100..300;9;115035318;C;T;0.0672269016504287;150
100..300;9;115042265;C;T;0.0431034006178379;150
100..300;9;115084291;T;C;0.0437709987163543;210
100..300;9;116344602;A;C;0.1327430009841919;140
100..300;9;120798555;T;C;0.0496894009411335;105
100..300;9;120799578;A;C;0.0484847985208034;225
100..300;9;121006922;T;C;0.0337079018354415;120
100..300;9;121017727;A;G;0.0575220994651317;150
100..300;9;121098411;T;C;0.0880502983927726;105
100..300;9;121123999;G;A;0.0276679992675781;165
100..300;9;121146233;G;A;0.0387597009539604;170
100..300;9;121989111;A;G;0.050000000745058;105
100..300;9;122381513;A;C;0.0626865997910499;215
100..300;9;122381760;C;CA;0.080717496573925;160
100..300;9;122477222;T;G;0.0414013005793094;210
100..300;9;122628962;A;G;0.0472972989082336;295
100..300;9;122629398;C;T;0.0729411989450454;295
100..300;9;122838747;T;A;0.039647601544857;150
100..300;9;123035214;T;C;0.0825083032250404;200
100..300;9;123365974;C;G;0.0174927003681659;210
100..300;9;123367625;T;C;0.0344827994704246;130
100..300;9;123368882;A;G;0.0714285969734191;135
100..300;9;123372263;A;G;0.0688072964549064;280
100..300;9;124021154;C;G;0.1011559963226318;230
100..300;9;124321446;T;C;0.0343137010931968;135
100..300;9;124414882;G;A;0.0428134985268116;210
100..300;9;124467839;T;C;0.1299210041761398;165
100..300;9;124468612;A;G;0.0636041983962059;175
100..300;9;124469495;G;C;0.0745342001318931;215
100..300;9;124493169;A;G;0.0630630999803543;140
100..300;9;124995031;T;C;0.0955881997942924;170
100..300;9;125150878;T;C;0.1157409995794296;160
100..300;9;125207551;T;C;0.0721649006009101;130
100..300;9;125213375;T;C;0.1144279986619949;130
100..300;9;126662440;G;A;0.0917430967092514;140
100..300;9;126693308;C;G;0.0213523004204034;190
100..300;9;126707260;C;G;0.0689655020833015;110
100..300;9;126989960;T;C;0.104264996945858;130
100..300;9;127174741;A;G;0.0334727987647056;160
100..300;9;127712732;C;T;0.0835381001234054;265
100..300;9;127713163;C;A;0.0881057009100914;155
100..300;9;127715489;A;G;0.0310734007507562;255
100..300;9;127723339;A;G;0.0742574036121368;140
100..300;9;127724105;T;C;0.0696202963590622;110
100..300;9;127727279;G;A;0.0531250014901161;220
100..300;9;127731234;G;A;0.0932203009724617;260
100..300;9;127733354;G;C;0.0724299028515815;295
100..300;9;127741791;A;G;0.0321428999304771;190
100..300;9;127745109;C;G;0.0397111997008323;185
100..300;9;127843106;T;C;0.0446096993982791;185
100..300;9;128176382;T;C;0.032863799482584;140
100..300;9;128222476;T;C;0.1003239974379539;205
100..300;9;128533596;A;G;0.0388350002467632;200
100..300;9;128713304;C;G;0.0388059988617897;230
100..300;9;128753268;T;G;0.0841121971607208;210
100..300;9;129059206;A;G;0.0461537986993789;220
100..300;9;129084678;C;T;0.0402477011084556;200
100..300;9;129638201;A;G;0.0453460998833179;280
100..300;9;129814233;T;G;0.0568719990551471;155
100..300;9;129829230;G;A;0.0454544983804225;185
100..300;9;129834742;T;C;0.0280702002346515;185
100..300;9;129834783;C;A;0.0480769015848636;135
100..300;9;129875433;A;G;0.0927535966038703;230
100..300;9;129878447;G;T;0.096491202712059;135
100..300;9;130265925;C;CGGCAGT;0.0812499970197677;105
100..300;9;130338307;C;T;0.0416667014360427;285
100..300;9;130338375;G;A;0.0295566990971565;265
100..300;9;130360514;A;C;0.0399999991059303;140
100..300;9;130360540;T;C;0.0476190000772476;145
100..300;9;130369761;T;C;0.0375000014901161;210
100..300;9;130430524;A;G;0.0884146019816398;220
100..300;9;130678606;T;C;0.0584416016936302;200
100..300;9;130885614;G;A;0.0452261008322238;135
100..300;9;130893782;A;G;0.0212014000862836;180
100..300;9;130904061;G;A;0.0284553002566099;170
100..300;9;130911838;G;A;0.0722891986370086;220
100..300;9;131026432;A;C;0.0377907007932662;230
100..300;9;131026433;G;C;0.0375722981989383;230
100..300;9;131038934;T;C;0.0602836981415748;190
100..300;9;131052701;C;T;0.039682500064373;100
100..300;9;131075843;T;C;0.0820896029472351;180
100..300;9;131289981;C;G;0.0961538031697273;105
100..300;9;131446568;A;G;0.0315456986427307;210
100..300;9;131512152;A;G;0.0687500014901161;100
100..300;9;132198490;T;C;0.058620698750019;200
100..300;9;132226867;T;C;0.0370370000600814;180
100..300;9;132401620;T;C;0.0288808997720479;200
100..300;9;132679179;A;G;0.0254545006901025;190
100..300;9;133162355;A;G;0.0491227991878986;175
100..300;9;133475078;G;T;0.0805369019508361;190
100..300;9;133547174;T;C;0.0726644024252891;190
100..300;9;133734024;T;C;0.0480769015848636;210
100..300;9;134026248;T;G;0.0329217985272407;175
100..300;9;134028745;A;C;0.0416667014360427;155
100..300;9;134041883;A;G;0.0399999991059303;265
100..300;9;134880818;G;A;0.0380434989929199;120
100..300;9;134887180;T;C;0.074906401336193;175
100..300;9;134909570;C;T;0.108312003314495;275
100..300;9;134909954;C;T;0.1166670024394989;195
100..300;9;134912514;G;A;0.0996441021561622;185
100..300;9;135547960;T;C;0.0604026988148689;195
100..300;9;135547963;C;T;0.0631579011678695;190
100..300;9;135548708;C;G;0.09808100014925;275
100..300;9;135548716;T;C;0.0991379022598266;280
100..300;9;135549839;GC;G;0.0742574036121368;150
100..300;9;135624083;T;G;0.0292683001607656;145
100..300;9;135624282;T;C;0.0360656008124351;215
100..300;9;135765207;G;T;0.0794223994016647;175
100..300;9;135850231;G;C;0.0343137010931968;140
100..300;9;135945095;G;GCCT;0.0691824033856391;220
100..300;9;136011699;A;G;0.049261100590229;115
100..300;9;136290477;G;A;0.0684211030602455;130
100..300;9;136291438;T;C;0.0493827015161514;225
100..300;9;136340958;T;C;0.0349461995065212;250
100..300;9;136376449;A;G;0.0208333004266023;150
100..300;9;136377593;A;C;0.032846700400114;175
100..300;9;136438951;A;C;0.0317918993532657;235
100..300;9;136505847;A;C;0.0426829010248184;215
100..300;9;136513480;G;A;0.0543131008744239;195
100..300;9;136517745;A;G;0.0509804002940654;170
100..300;9;136523808;G;A;0.0357142984867095;295
100..300;9;136670022;G;C;0.0223213993012905;150
100..300;9;136723174;A;G;0.0359281003475189;240
100..300;9;136763898;T;C;0.0378377996385097;250
100..300;9;136946144;A;G;0.0627802982926368;155
100..300;9;136969389;T;C;0.0657277032732963;140
100..300;9;136969457;T;C;0.0555556006729602;130
100..300;9;136969986;C;G;0.0384614989161491;115
100..300;9;136984718;A;G;0.0442176982760429;210
100..300;9;137020441;T;C;0.0447761006653308;215
100..300;9;137022427;T;C;0.037542700767517;190
100..300;9;137032730;A;G;0.1160219982266426;120
100..300;9;137048977;A;G;0.047393400222063;125
100..300;9;137156924;A;G;0.0323624983429908;195
100..300;9;137188094;T;G;0.0226629003882408;240
100..300;9;137199451;A;G;0.0405062995851039;270
100..300;9;137216103;A;G;0.0241934992372989;170
100..300;9;137252821;T;C;0.0482456013560295;295
100..300;9;137272145;A;G;0.0309523995965719;270
100..300;9;137349095;T;C;0.064935103058815;105
100..300;9;137351340;T;C;0.0559441000223159;190
100..300;9;137426340;C;G;0.0372340008616447;125
100..300;9;137433625;T;C;0.0378377996385097;140
100..300;9;137463396;C;G;0.0504201985895633;155
100..300;9;137614623;C;A;0.0790959969162941;130
100..300;9;137971537;T;A;0.0900620967149734;205
100..300;9;137986862;C;A;0.0304182991385459;165
100..300;9;138017218;T;C;0.0482456013560295;150
100..300;9;138120899;G;A;0.0358422994613647;185
≥300;1;2512975;A;G;0.0530611984431743;320
≥300;1;2562891;A;G;0.041338600218296;325
≥300;1;3022133;G;T;0.0616438016295433;305
≥300;1;6149303;C;T;0.0750000029802322;300
≥300;1;8335500;T;G;0.0239650998264551;310
≥300;1;9264154;T;C;0.0379463993012905;315
≥300;1;9264611;G;A;0.0258824005722999;300
≥300;1;11803000;A;G;0.0344827994704246;315
≥300;1;13390590;A;C;0.032634001225233;300
≥300;1;13416600;T;C;0.042586799710989;.
≥300;1;15807492;C;T;0.0376983992755413;335
≥300;1;15807577;T;C;0.0573248006403446;315
≥300;1;18700745;G;A;0.0459082014858722;330
≥300;1;22600748;A;G;0.0478169992566108;315
≥300;1;24066110;A;G;0.0585682988166809;305
≥300;1;26343910;A;G;0.0533333010971546;310
≥300;1;27882794;G;A;0.0849056988954544;300
≥300;1;45331833;G;C;0.0504386015236377;300
≥300;1;54225281;C;T;0.0502091981470584;330
≥300;1;152664367;T;A;0.0439999997615814;340
≥300;1;152709204;CAGCTCTGGGGGCTGCTGT;C;0.1531320065259933;310
≥300;1;153032372;C;T;0.0410959012806415;300
≥300;1;153032377;T;C;0.0412147007882595;315
≥300;1;156908739;C;T;0.0228215996176004;315
≥300;1;161727359;T;G;0.0340135991573333;305
≥300;1;167126528;A;G;0.066210001707077;305
≥300;1;167126644;A;G;0.0492126010358333;340
≥300;1;171636247;C;T;0.0525114014744758;300
≥300;1;175123571;T;C;0.04339250177145;345
≥300;1;204997300;G;C;0.0555556006729602;305
≥300;1;220884304;T;C;0.0389610007405281;320
≥300;1;220884320;A;G;0.0415799990296363;325
≥300;1;228219559;A;G;0.0355030000209808;330
≥300;1;228224526;C;T;0.0299401003867387;335
≥300;1;228224527;A;G;0.0292968992143869;340
≥300;1;228224607;A;G;0.0362694002687931;.
≥300;1;228264315;C;G;0.0273037999868392;.
≥300;1;232986045;A;G;0.066210001707077;300
≥300;1;245685698;T;C;0.0265849009156227;330
≥300;1;245686142;T;C;0.0287907999008893;.
≥300;1;245687204;C;G;0.0373443998396396;345
≥300;1;245687211;G;C;0.0439331009984016;.
≥300;10;27246671;C;T;0.061728399246931;335
≥300;10;27250160;T;C;0.0597014985978603;.
≥300;10;27251532;T;C;0.046025101095438;330
≥300;10;44971756;C;T;0.044964000582695;.
≥300;10;84214480;C;T;0.0518671981990337;320
≥300;10;113165732;T;C;0.0454544983804225;330
≥300;10;122211207;A;T;0.0338600017130374;300
≥300;10;128108716;T;C;0.0590717010200023;330
≥300;10;130107832;T;C;0.0437956005334854;305
≥300;11;624674;T;C;0.0513918995857238;310
≥300;11;823809;G;C;0.0393161997199058;.
≥300;11;1241791;T;G;0.0522876009345054;305
≥300;11;1242546;T;C;0.0343053005635738;.
≥300;11;3413899;G;A;0.057259701192379;335
≥300;11;3413910;A;G;0.0544354990124702;335
≥300;11;3414981;A;G;0.0324674993753433;310
≥300;11;8911517;A;G;0.0496032014489173;320
≥300;11;18137446;C;T;0.0575539991259574;310
≥300;11;18137908;C;T;0.0425532013177871;.
≥300;11;18173801;T;C;0.0559284016489982;315
≥300;11;61962564;A;G;0.0625;310
≥300;11;64259167;A;G;0.0309050995856523;305
≥300;11;65583603;A;G;0.0577366985380649;305
≥300;11;65641466;T;C;0.0323974005877971;305
≥300;11;68262705;A;C;0.0537189990282058;320
≥300;11;69296043;A;G;0.0318907015025615;315
≥300;11;69296261;C;G;0.0512294992804527;330
≥300;11;69303648;T;C;0.0436590015888214;315
≥300;11;71435791;T;C;0.0451305992901325;300
≥300;11;71794762;T;C;0.0395256988704204;335
≥300;11;75587752;G;A;0.0392927005887031;.
≥300;11;113412755;G;A;0.057142898440361;.
≥300;12;5044528;T;C;0.0505262985825538;315
≥300;12;52434002;T;C;0.0583501011133194;340
≥300;12;52795912;G;C;0.0550661012530326;315
≥300;12;122133746;T;C;0.04259629920125;335
≥300;12;122995487;A;G;0.0462962985038757;.
≥300;12;132062617;A;G;0.0644171983003616;.
≥300;12;132141339;T;C;0.0482456013560295;300
≥300;13;19177089;C;T;0.0280527994036674;.
≥300;13;49549552;T;G;0.0931817963719368;300
≥300;13;52029105;G;A;0.0601335987448692;320
≥300;13;52643135;G;A;0.0554370991885662;325
≥300;13;75240208;A;C;0.1116070002317428;310
≥300;14;19796655;G;T;0.0284809991717338;.
≥300;14;21525364;G;A;0.0461537986993789;300
≥300;14;24432227;T;C;0.0555556006729602;300
≥300;14;39348824;G;A;0.0495689995586872;310
≥300;14;74357299;T;C;0.0319149009883403;320
≥300;14;77378249;A;T;0.0615033991634845;315
≥300;14;92652323;T;C;0.0424241982400417;.
≥300;14;94290113;A;T;0.0502091981470584;325
≥300;14;94290413;C;T;0.0533333010971546;.
≥300;14;94290457;C;T;0.0998184978961944;.
≥300;14;94382814;A;G;0.0517240986227989;335
≥300;14;100734308;C;T;0.0501043982803821;325
≥300;14;104714369;G;A;0.1010529994964599;310
≥300;15;28141480;T;C;0.049040500074625;305
≥300;15;34752856;A;G;0.0604026988148689;305
≥300;15;43525854;A;G;0.0739220008254051;.
≥300;15;43525881;A;G;0.0372671000659465;340
≥300;15;43989823;A;G;0.0498865991830825;305
≥300;15;74361805;C;T;0.0756646022200584;340
≥300;15;79457785;G;A;0.0495283007621765;300
≥300;16;1788639;C;T;0.0440252013504505;330
≥300;16;2000191;T;G;0.0396660007536411;305
≥300;16;31085174;C;G;0.0580913014709949;300
≥300;16;56626904;A;G;0.0958677977323532;.
≥300;16;56626929;T;C;0.0936037003993988;.
≥300;16;87644643;A;G;0.0380312986671924;315
≥300;16;89282969;C;G;0.0457665994763374;315
≥300;17;782512;A;G;0.0409835986793041;320
≥300;17;2299649;C;T;0.0358744002878665;315
≥300;17;7463332;G;C;0.049549501389265;305
≥300;17;7513280;A;G;0.0974930003285408;.
≥300;17;9821962;T;C;0.0576132014393806;325
≥300;17;28534859;T;C;0.0310078002512455;345
≥300;17;36498436;A;G;0.0316455997526645;315
≥300;17;36602169;C;G;0.0475207008421421;340
≥300;17;38330121;C;T;0.0295138992369174;.
≥300;17;38330919;A;G;0.0488888993859291;315
≥300;17;38738586;A;G;0.0858469009399414;300
≥300;17;40782305;A;G;0.0511110983788967;315
≥300;17;40966761;A;G;0.0370370000600814;300
≥300;17;40984020;G;A;0.0436590015888214;340
≥300;17;40994032;G;A;0.0821167975664138;.
≥300;17;40999815;G;A;0.0444874018430709;345
≥300;17;40999832;C;T;0.0436680987477302;310
≥300;17;41424307;A;T;0.0470163002610206;.
≥300;17;41424310;C;T;0.0477031990885734;.
≥300;17;41424408;C;T;0.0377734005451202;335
≥300;17;41487088;G;T;0.0455311983823776;.
≥300;17;46032108;A;G;0.0516605004668235;.
≥300;17;48058771;C;G;0.0547368004918098;325
≥300;17;50166023;A;G;0.033271700143814;.
≥300;17;76292483;C;CTGA;0.0389049015939235;.
≥300;17;79795321;G;GATCCCGCTCCCGGTCCCT;0.0420649982988834;340
≥300;17;81547352;T;C;0.0400891005992889;300
≥300;17;81665333;T;C;0.0355140008032321;.
≥300;17;82019339;A;G;0.05726870149374;305
≥300;18;22415790;C;T;0.0934578999876976;305
≥300;18;22416048;A;G;0.0577366985380649;310
≥300;18;57436280;T;C;0.0365496985614299;.
≥300;18;57436784;C;T;0.0420168004930019;320
≥300;18;59359129;G;A;0.0239043999463319;330
≥300;18;62442327;T;C;0.0945945978164672;320
≥300;18;62442484;T;C;0.1000000014901161;300
≥300;18;78994444;T;C;0.0461309999227523;.
≥300;18;78994549;C;T;0.0305465999990701;.
≥300;19;3831711;T;C;0.0365854017436504;330
≥300;19;6415165;T;C;0.0585682988166809;320
≥300;19;11614598;A;G;0.0520832985639572;.
≥300;19;13286746;T;C;0.0424144007265567;.
≥300;19;15615749;T;G;0.0380761995911598;330
≥300;19;17656091;T;C;0.0452674999833107;330
≥300;19;41709825;C;T;0.0453649014234542;345
≥300;19;41709853;G;A;0.0548780001699924;335
≥300;19;41709863;C;T;0.0614406988024711;315
≥300;19;42935542;A;G;0.0896056964993476;.
≥300;19;43614036;C;A;0.0479042008519172;.
≥300;19;45408744;C;A;0.0513392984867095;320
≥300;19;47544564;T;C;0.0502091981470584;335
≥300;19;51185586;C;G;0.0319149009883403;305
≥300;19;51367941;A;G;0.0519481003284454;305
≥300;19;51498142;A;G;0.0748559981584549;335
≥300;19;52582560;C;T;0.0555556006729602;300
≥300;19;53351144;C;G;0.0483870990574359;335
≥300;19;53490807;G;A;0.0550239011645317;300
≥300;19;54041932;T;C;0.0524016991257667;325
≥300;19;54042277;C;T;0.0470851995050907;300
≥300;19;54108253;G;C;0.0374706983566284;300
≥300;19;54174203;A;G;0.0573248006403446;.
≥300;19;54278849;C;G;0.0886470004916191;.
≥300;19;54279838;T;C;0.097938098013401;.
≥300;19;54338192;T;C;0.0812183022499084;.
≥300;19;54338210;G;T;0.0876865983009338;.
≥300;19;54663046;C;T;0.057259701192379;310
≥300;19;54666711;G;A;0.0460000000894069;330
≥300;19;54885488;A;G;0.0812854021787643;.
≥300;19;54939094;A;C;0.0374150015413761;.
≥300;19;55056716;T;C;0.056565698236227;330
≥300;19;55056717;T;G;0.056565698236227;330
≥300;19;55203951;G;C;0.0479303002357482;300
≥300;19;57507250;G;A;0.0483558997511863;.
≥300;19;57841438;C;T;0.0611765012145042;300
≥300;2;68655336;C;T;0.0706401988863945;320
≥300;2;73700951;A;C;0.0388350002467632;.
≥300;2;96013823;C;T;0.0597345009446144;300
≥300;2;131626766;T;C;0.0555556006729602;.
≥300;2;131626808;A;G;0.0589318983256816;.
≥300;2;131627015;G;C;0.0436300002038478;.
≥300;2;167713948;C;T;0.1132479980587959;335
≥300;2;168850918;T;C;0.0349344983696937;300
≥300;2;218135587;T;C;0.0414079017937183;330
≥300;2;240630432;T;C;0.0325380004942417;310
≥300;2;241851121;G;A;0.0542299002408981;305
≥300;20;298541;T;C;0.0288888998329639;305
≥300;20;1635491;A;G;0.048903901129961;.
≥300;20;1915413;A;G;0.0461216010153293;320
≥300;20;1915414;C;T;0.0473118014633655;320
≥300;20;2483707;G;A;0.051282100379467;320
≥300;20;21706706;A;G;0.0709676966071128;330
≥300;20;31845336;A;G;0.0418182015419006;.
≥300;20;38217336;T;C;0.0381355993449687;315
≥300;20;49906048;A;G;0.0315125994384288;315
≥300;20;57652458;C;T;0.0416667014360427;305
≥300;20;61936802;T;C;0.0599251016974449;.
≥300;20;63203343;A;G;0.0426965989172458;305
≥300;21;44550929;A;G;0.1089819967746734;.
≥300;21;44601579;A;G;0.0425000004470348;.
≥300;21;44601692;A;G;0.0309654008597135;.
≥300;21;44647267;T;C;0.0406403988599777;.
≥300;21;46314928;G;A;0.0566038005053997;300
≥300;22;17818927;C;T;0.0184332001954317;305
≥300;22;19132032;T;C;0.0363247990608215;305
≥300;22;24874488;C;G;0.0406698994338512;300
≥300;22;35726677;A;C;0.0397490002214908;325
≥300;22;37206982;A;G;0.0378618985414505;310
≥300;22;37207012;T;C;0.0335570015013217;305
≥300;22;37375118;A;G;0.0997831001877784;310
≥300;22;42077599;T;C;0.035087700933218;315
≥300;3;39186173;A;G;0.0420649982988834;.
≥300;3;47410628;A;G;0.0413943007588386;305
≥300;3;48660221;G;C;0.1084339991211891;340
≥300;3;48695047;C;T;0.0825472027063369;300
≥300;3;125924996;C;T;0.0280777998268604;300
≥300;3;125924997;C;G;0.0278970003128051;305
≥300;3;127022265;A;G;0.0447426997125148;300
≥300;3;156810612;A;G;0.1197339966893196;305
≥300;4;2829656;G;T;0.0740740969777107;310
≥300;4;6301627;A;G;0.0795454978942871;300
≥300;4;8240772;A;G;0.0576497018337249;315
≥300;4;52744105;T;C;0.0471092015504837;325
≥300;4;56531030;G;C;0.0384614989161491;.
≥300;4;116599152;C;T;0.0743243023753166;310
≥300;4;153659136;G;A;0.0655021965503692;305
≥300;5;1036785;T;C;0.1033060029149055;320
≥300;5;1036847;A;C;0.0570469982922077;.
≥300;5;1443084;A;G;0.0721442997455596;345
≥300;5;17605218;T;C;0.0573769994080066;.
≥300;5;17605332;T;C;0.0422222018241882;310
≥300;5;25910457;G;A;0.0378618985414505;300
≥300;5;73123790;A;C;0.0404255017638206;310
≥300;5;77785660;A;C;0.0471698008477687;.
≥300;5;77785855;T;C;0.0422535017132759;345
≥300;5;140787878;T;C;0.0625;.
≥300;5;140788485;G;A;0.1032930016517639;.
≥300;5;140788566;T;G;0.1048389971256256;.
≥300;5;140795037;A;G;0.1127979978919029;335
≥300;5;140795280;C;G;0.0892561972141265;.
≥300;5;140802307;C;T;0.0868545025587081;315
≥300;5;140802516;T;G;0.0833332985639572;.
≥300;5;140803473;A;G;0.107583999633789;.
≥300;5;140807352;T;G;0.053406998515129;.
≥300;5;140807517;G;A;0.0581614002585411;.
≥300;5;140807737;T;C;0.0931264013051986;315
≥300;5;140808798;G;T;0.0910469964146614;.
≥300;5;140808816;G;A;0.0886263027787208;.
≥300;5;140823847;T;C;0.0938566997647285;.
≥300;5;140829882;G;T;0.0666666999459266;.
≥300;5;140836141;G;C;0.0344827994704246;.
≥300;5;140842572;C;A;0.0828024968504905;.
≥300;5;140843056;G;A;0.0759717002511024;.
≥300;5;141175025;C;T;0.0506023988127708;.
≥300;5;141184688;T;C;0.0714285969734191;.
≥300;5;141201937;T;G;0.0695409998297691;.
≥300;5;141330894;C;T;0.0316455997526645;320
≥300;5;141344268;T;C;0.0647772997617721;340
≥300;6;26033413;A;G;0.0365216992795467;.
≥300;6;26199675;T;C;0.0330935008823871;.
≥300;6;26370429;G;A;0.0679406002163887;315
≥300;6;26370431;T;C;0.0670860037207603;320
≥300;6;26370479;C;T;0.134903997182846;315
≥300;6;26370520;A;G;0.0643016025424003;300
≥300;6;26468432;A;G;0.0595744997262954;315
≥300;6;26597105;G;A;0.0410155989229679;330
≥300;6;27312073;C;T;0.0292134992778301;305
≥300;6;27807896;G;A;0.0590909011662006;310
≥300;6;27865396;G;A;0.0308880005031824;.
≥300;6;27871968;C;T;0.0454544983804225;.
≥300;6;27890643;G;A;0.0245184004306793;.
≥300;6;28923399;C;T;0.0181818008422851;.
≥300;6;29101239;A;G;0.0710173025727272;345
≥300;6;29101487;C;T;0.0684327036142349;315
≥300;6;29101522;T;C;0.0704846009612083;315
≥300;6;29374998;A;G;0.0589519999921321;310
≥300;6;29556180;G;A;0.0396040007472038;340
≥300;6;29723526;A;G;0.0329068005084991;.
≥300;6;29726903;C;A;0.0375275984406471;315
≥300;6;29726904;T;A;0.0371178984642028;315
≥300;6;29745652;T;C;0.0836652964353561;340
≥300;6;29745688;C;T;0.1239669993519783;320
≥300;6;29792252;C;G;0.0584416016936302;310
≥300;6;29792575;C;CGCGGGCGCCGTGGATGGAGCA;0.0324427001178264;335
≥300;6;29827859;A;G;0.0734340995550155;300
≥300;6;29827880;A;G;0.0807859972119331;300
≥300;6;29828216;A;G;0.0494505986571311;.
≥300;6;29828592;T;A;0.0666666999459266;.
≥300;6;29829862;T;C;0.044573601335287;325
≥300;6;29887956;T;C;0.0379147008061409;300
≥300;6;29888526;T;C;0.046399999409914;.
≥300;6;29888662;G;T;0.0688202008605003;.
≥300;6;29888668;T;C;0.0667613968253135;.
≥300;6;29926473;A;T;0.0346320010721683;315
≥300;6;29926492;C;T;0.0359281003475189;345
≥300;6;29926612;C;A;0.050000000745058;320
≥300;6;29926615;T;G;0.0357142984867095;325
≥300;6;29926746;A;G;0.0460993014276027;.
≥300;6;29926790;A;G;0.0431520007550716;.
≥300;6;29926807;A;C;0.0437376014888286;340
≥300;6;29926823;T;G;0.0463575981557369;305
≥300;6;29927255;C;G;0.0454544983804225;340
≥300;6;29927262;C;A;0.0537427999079227;345
≥300;6;29927322;A;C;0.0472174994647502;.
≥300;6;29928224;A;C;0.0329670011997222;.
≥300;6;29942547;C;G;0.0577616989612579;.
≥300;6;29942781;A;T;0.0266667008399963;.
≥300;6;29957504;G;C;0.0674846991896629;325
≥300;6;29972425;A;G;0.0401691012084484;300
≥300;6;30103553;T;C;0.0562770999968051;310
≥300;6;30110498;T;C;0.0725125968456268;.
≥300;6;30110553;T;C;0.064801201224327;.
≥300;6;30112497;A;G;0.0435572005808353;.
≥300;6;30112719;A;G;0.0318090990185737;340
≥300;6;30685004;T;C;0.0347704999148845;.
≥300;6;30703873;G;A;0.0302012991160154;.
≥300;6;30889295;C;G;0.0330435000360012;.
≥300;6;30894646;T;C;0.0348837003111839;.
≥300;6;30897427;C;A;0.0477177985012531;300
≥300;6;30909983;C;A;0.0371133983135223;320
≥300;6;30951614;A;G;0.0450449995696544;.
≥300;6;30952347;A;G;0.0442803986370563;.
≥300;6;30987096;A;G;0.0379212982952594;.
≥300;6;30987636;C;G;0.0338345989584922;.
≥300;6;31056453;G;C;0.0444840006530284;.
≥300;6;31056724;T;C;0.0594406016170978;.
≥300;6;31111663;T;C;0.0502182990312576;320
≥300;6;31111867;A;G;0.0382165983319282;.
≥300;6;31112239;G;C;0.0377734005451202;.
≥300;6;31116393;C;A;0.0448429994285106;.
≥300;6;31116862;T;C;0.0405186004936695;.
≥300;6;31144960;A;C;0.0568928010761737;305
≥300;6;31148469;A;G;0.1058090031147003;315
≥300;6;31154705;A;G;0.0397923998534679;.
≥300;6;31154723;A;G;0.0447226986289024;.
≥300;6;31161533;T;C;0.0327868983149528;.
≥300;6;31170330;A;G;0.0300299990922212;.
≥300;6;31271672;G;C;0.3529410064220428;.
≥300;6;31410610;C;T;0.0412371009588241;.
≥300;6;31410611;A;G;0.0412371009588241;.
≥300;6;31410648;G;A;0.0406249985098838;.
≥300;6;31410709;C;T;0.0393442995846271;.
≥300;6;31410733;A;G;0.0399306006729602;.
≥300;6;31412154;A;G;0.0472441017627716;.
≥300;6;31558196;A;G;0.041907500475645;.
≥300;6;31572916;C;G;0.0251572001725435;315
≥300;6;31630712;G;A;0.0470016002655029;.
≥300;6;31635190;A;G;0.0330738984048366;335
≥300;6;31635993;G;A;0.056768599897623;300
≥300;6;31636814;T;C;0.0460316985845565;.
≥300;6;31664357;A;C;0.0467033013701438;.
≥300;6;31765689;C;T;0.0434782989323139;.
≥300;6;31766568;T;G;0.0360933989286422;340
≥300;6;31972121;T;C;0.0400696992874145;.
≥300;6;32058086;T;C;0.058823499828577;305
≥300;6;32061428;A;G;0.0545145012438297;.
≥300;6;32096949;C;T;0.035087700933218;.
≥300;6;32154695;A;C;0.0368508994579315;.
≥300;6;32157868;T;C;0.0320512987673282;310
≥300;6;32166733;A;G;0.057142898440361;325
≥300;6;32179919;A;G;0.0357698015868663;.
≥300;6;32180254;G;A;0.0324544012546539;340
≥300;6;32184157;G;A;0.0610021986067295;320
≥300;6;32192179;C;T;0.0422833003103733;310
≥300;6;32200994;T;G;0.0562249012291431;345
≥300;6;32202470;T;C;0.032040499150753;.
≥300;6;32293475;G;T;0.0830257982015609;.
≥300;6;32293730;C;T;0.1418920010328292;315
≥300;6;32394862;A;G;0.0549683012068271;315
≥300;6;32394892;G;T;0.048140000551939;310
≥300;6;32843868;G;A;0.0441175997257232;310
≥300;6;32848666;T;C;0.0531915016472339;310
≥300;6;32850459;A;G;0.0284090992063283;335
≥300;6;32850997;C;T;0.0601503998041152;.
≥300;6;32853214;G;A;0.0307691991329193;.
≥300;6;32938809;T;C;0.0639344006776809;.
≥300;6;32938875;A;T;0.0481927990913391;.
≥300;6;32949721;G;C;0.0352564007043838;.
≥300;6;33007480;T;C;0.050000000745058;.
≥300;6;33068728;C;G;0.0414937995374202;325
≥300;6;33069076;C;A;0.0665434002876281;.
≥300;6;33069173;T;C;0.0470016002655029;.
≥300;6;33069194;T;C;0.0365854017436504;.
≥300;6;33069222;C;T;0.049907598644495;.
≥300;6;33080829;C;G;0.0523732006549835;.
≥300;6;33080851;C;A;0.0589226000010967;.
≥300;6;33080884;G;A;0.0695488974452018;.
≥300;6;33080886;A;G;0.0699433013796806;.
≥300;6;33084966;C;T;0.0302326008677482;305
≥300;6;33084991;C;T;0.0350194983184337;.
≥300;6;33085026;A;G;0.0451504997909069;.
≥300;6;33085173;C;T;0.0460176989436149;.
≥300;6;33085181;T;C;0.0422793999314308;.
≥300;6;43175858;T;C;0.0320640988647937;325
≥300;6;150021096;A;G;0.0396660007536411;325
≥300;6;168287601;G;T;0.0485075004398822;.
≥300;7;1936796;T;C;0.0556701011955738;305
≥300;7;5394476;A;G;0.0466530993580818;325
≥300;7;23586070;G;A;0.0659999996423721;.
≥300;7;39339726;T;C;0.0547008998692035;.
≥300;7;55732178;G;C;0.0462554991245269;310
≥300;7;74056384;A;G;0.0472441017627716;335
≥300;7;102973690;A;C;0.0556745007634162;310
≥300;7;131511158;G;T;0.0580913014709949;335
≥300;7;150742412;T;C;0.0485651008784771;315
≥300;8;1565843;A;C;0.0530303008854389;.
≥300;8;1668474;A;G;0.0541081987321376;340
≥300;8;143560645;T;C;0.0347984991967678;345
≥300;8;143722129;C;T;0.0318907015025615;300
≥300;8;143792787;A;G;0.0548203997313976;340
≥300;8;143813383;A;G;0.0372807011008262;300
≥300;8;144263216;T;C;0.0599571987986564;315
≥300;9;7799606;A;C;0.0441175997257232;.
≥300;9;7799653;T;G;0.0446601994335651;340
≥300;9;81992843;A;T;0.1052630022168159;340
≥300;9;82059881;G;A;0.0909091010689735;.
≥300;9;92837543;A;G;0.0363636016845703;300
≥300;9;122628848;T;C;0.0399999991059303;315
≥300;9;128166354;T;C;0.0384614989161491;320
≥300;9;134909468;G;A;0.1106470003724098;320
