coverage;chromosome;position;alt_allele;ref_allele;vaf;Coverage
100..300;2;214767532;G;A;0.0350000001490116;135
100..300;5;41061614;G;A;0.0410000011324882;195
100..300;9;101623430;G;A;0.0469999983906745;105
