coverage;chromosome;position;alt_allele;ref_allele;vaf;Coverage
50..100;3;47428690;A;G;0.0450000017881393;90
50..100;5;52788350;A;G;0.0439999997615814;65
100..300;2;214767532;G;A;0.0350000001490116;135
100..300;5;41061614;G;A;0.0410000011324882;195
100..300;9;101623430;G;A;0.0469999983906745;105
