coverage;chromosome;position;alt_allele;ref_allele;vaf;Coverage
1..10;1;120810433;T;G;0.1588789969682693;1
1..10;1;248295269;A;T;0.3091790080070495;1
1..10;19;22665226;C;G;0.1867469996213913;5
1..10;5;141201647;A;C;0.2336069941520691;1
10..30;12;8177532;C;T;0.2398519963026046;15
10..30;19;5866713;A;G;0.2138359993696212;15
10..30;19;22653909;C;T;0.1904760003089904;10
10..30;19;35372324;T;G;0.2445649951696396;25
10..30;2;108751521;G;A;0.1358020007610321;25
10..30;2;129980756;A;C;0.2074470072984695;10
10..30;3;198157341;T;C;0.1792449951171875;25
30..50;10;38392035;T;G;0.1893939971923828;40
30..50;10;79870424;T;C;0.4457829892635345;40
30..50;14;73575485;G;A;0.1645569950342178;45
30..50;14;77377020;G;A;0.0574713014066219;45
30..50;15;43607955;T;C;0.1737450063228607;35
30..50;16;1773443;G;C;0.0882352963089943;40
30..50;16;74391401;T;C;0.1945530027151107;35
30..50;19;15794719;A;C;0.1952860057353973;45
30..50;19;41121963;A;G;0.2539680004119873;45
30..50;2;161507419;A;G;0.3928569853305816;40
30..50;3;57227919;C;G;0.1547619998455047;45
30..50;4;69214515;G;A;0.2987549901008606;30
30..50;6;24976946;C;A;0.1812500059604644;35
30..50;6;26406027;A;G;0.1911109983921051;30
30..50;7;67238341;A;G;0.3732720017433166;40
30..50;7;102787442;T;C;0.1904760003089904;30
30..50;7;103098415;C;T;0.1820729970932006;30
30..50;8;8892957;G;A;0.0689655020833015;45
50..100;1;1407232;C;G;0.0878378003835678;90
50..100;1;1738405;C;CCA;0.1422020047903061;70
50..100;1;3426240;T;G;0.1428570002317428;80
50..100;1;6213146;T;C;0.2196969985961914;90
50..100;1;6634514;A;G;0.1578949987888336;95
50..100;1;7623970;A;G;0.2127660065889358;95
50..100;1;11654311;G;T;0.0461537986993789;85
50..100;1;12097231;C;T;0.3684209883213043;95
50..100;1;20526702;A;C;0.0894308984279632;90
50..100;1;22506250;T;A;0.2805759906768799;95
50..100;1;22955424;T;G;0.2156859934329986;95
50..100;1;27967201;A;G;0.2476190030574798;70
50..100;1;29159499;T;C;0.1773049980401992;95
50..100;1;38708945;A;G;0.2019229978322982;70
50..100;1;38859391;C;T;0.2246380001306533;90
50..100;1;45206294;G;A;0.1339289993047714;70
50..100;1;46934295;A;G;0.1992190033197403;80
50..100;1;47144621;T;C;0.233707994222641;90
50..100;1;52842993;G;C;0.1962029933929443;95
50..100;1;61914626;A;G;0.1969700008630752;90
50..100;1;62038496;T;G;0.1879190057516098;95
50..100;1;63843594;C;A;0.215827003121376;95
50..100;1;65218865;C;G;0.1878450065851211;85
50..100;1;66976592;T;C;0.1703699976205825;90
50..100;1;78119402;C;T;0.2671760022640228;90
50..100;1;78629896;C;T;0.5597019791603088;95
50..100;1;87168246;G;A;0.1428570002317428;95
50..100;1;107441476;G;A;0.4539009928703308;90
50..100;1;110040713;A;G;0.1774190068244934;80
50..100;1;114433602;C;A;0.2314050048589706;80
50..100;1;119853675;T;C;0.3070180118083954;80
50..100;1;119931555;T;C;0.2460319995880127;85
50..100;1;120542069;C;CA;0.2186049968004226;80
50..100;1;151524900;A;G;0.2222220003604889;95
50..100;1;154607982;A;C;0.1094890013337135;90
50..100;1;155357300;A;G;0.2017540037631988;70
50..100;1;156925033;T;C;0.0666666999459266;80
50..100;1;161595591;G;A;0.1476919949054718;90
50..100;1;171392752;T;C;0.1376810073852539;95
50..100;1;180155153;C;G;0.1127820014953613;80
50..100;1;181049044;G;C;0.2209299951791763;95
50..100;1;185271342;G;A;0.2605629861354828;90
50..100;1;196788262;T;C;0.1901410073041916;70
50..100;1;197428956;G;A;0.2335769981145858;90
50..100;1;198256348;A;G;0.1551720052957534;75
50..100;1;200873213;C;T;0.1292520016431808;95
50..100;1;201009251;C;G;0.1893939971923828;95
50..100;1;204151824;T;G;0.2824429869651794;80
50..100;1;205992708;A;G;0.218978002667427;95
50..100;1;212052002;A;G;0.1756760030984878;90
50..100;1;212895062;C;T;0.3000000119209289;90
50..100;1;216046439;G;A;0.2222220003604889;95
50..100;1;223995906;C;T;0.4000000059604645;95
50..100;1;227430982;A;G;0.1428570002317428;95
50..100;1;228316969;T;C;0.2203390002250671;80
50..100;1;230921501;T;A;0.2035399973392486;70
50..100;1;232402488;G;T;0.1512610018253326;80
50..100;1;235231195;T;TA;0.2072069942951202;75
50..100;1;235677195;T;G;0.1643839925527572;95
50..100;1;237456749;C;T;0.4645670056343078;90
50..100;1;237589774;A;AT;0.3851850032806396;95
50..100;1;240093522;A;C;0.1753250062465667;95
50..100;1;244843190;TAGAAA;T;0.0569106005132198;85
50..100;10;5813205;A;G;0.140186995267868;70
50..100;10;5915389;T;C;0.171875;90
50..100;10;13796604;G;A;0.1487600058317184;75
50..100;10;14840061;A;AT;0.2195120006799698;95
50..100;10;16933079;A;G;0.2155169993638992;85
50..100;10;17323170;G;A;0.25;95
50..100;10;24851482;C;G;0.1162789985537529;90
50..100;10;27028849;C;T;0.1944440007209777;95
50..100;10;27092420;C;T;0.17985600233078;90
50..100;10;28120685;G;C;0.1417910009622573;90
50..100;10;28436788;T;C;0.1897809952497482;90
50..100;10;30340207;A;G;0.1293099969625473;80
50..100;10;30380949;C;G;0.1970800012350082;90
50..100;10;30857686;C;T;0.1755730062723159;85
50..100;10;32456320;C;A;0.2265619933605194;90
50..100;10;42149361;G;A;0.125;90
50..100;10;45374265;G;C;0.1785710006952285;70
50..100;10;45374447;G;A;0.1481480002403259;75
50..100;10;45854864;T;C;0.2336069941520691;50
50..100;10;68674752;G;C;0.1908400058746338;90
50..100;10;68749117;C;T;0.25;90
50..100;10;69162403;C;T;0.2977100014686584;85
50..100;10;70114163;T;C;0.1634619981050491;75
50..100;10;79611942;T;C;0.3779900074005127;80
50..100;10;79683469;C;CA;0.2283460050821304;95
50..100;10;79683910;G;A;0.1446540057659149;95
50..100;10;79684673;G;A;0.1492539942264557;90
50..100;10;79684734;G;A;0.1527779996395111;85
50..100;10;79684824;G;C;0.1503269970417022;80
50..100;10;79684842;T;A;0.1594199985265731;70
50..100;10;79685317;A;G;0.1984730064868927;85
50..100;10;80024957;A;G;0.1048389971256256;80
50..100;10;86942633;A;G;0.171642005443573;90
50..100;10;87709326;C;CATAT;0.2210530042648315;70
50..100;10;94355078;A;G;0.1842110008001327;75
50..100;10;100947740;T;C;0.2018350064754486;80
50..100;10;103139440;G;C;0.1875;85
50..100;10;103348698;C;T;0.1616159975528717;65
50..100;10;112394904;G;GT;0.1721310019493103;95
50..100;10;113633160;A;T;0.2260269969701767;95
50..100;10;113884281;A;G;0.2410710006952285;70
50..100;10;133459805;C;G;0.0599999986588954;90
50..100;10;133467829;T;C;0.2191780060529709;95
50..100;11;280464;G;C;0.1428570002317428;85
50..100;11;830120;G;A;0.0658683031797409;95
50..100;11;2610380;T;C;0.096296302974224;90
50..100;11;2610392;T;C;0.0909091010689735;90
50..100;11;3973969;C;T;0.1157020032405853;85
50..100;11;6603387;C;T;0.2056739926338195;95
50..100;11;13757367;A;C;0.1089110001921653;70
50..100;11;23101058;C;T;0.1960780024528503;65
50..100;11;26711376;G;A;0.3464570045471191;80
50..100;11;33057899;T;G;0.1764709949493408;75
50..100;11;33583339;T;C;0.140625;90
50..100;11;43943019;T;C;0.2276419997215271;80
50..100;11;58291949;G;A;0.2777779996395111;75
50..100;11;58358147;C;T;0.1860470026731491;95
50..100;11;60069624;T;C;0.1823900043964386;95
50..100;11;62331471;TGAC;T;0.2959179878234863;85
50..100;11;62602683;A;G;0.1481480002403259;75
50..100;11;68015477;T;G;0.2834649980068207;90
50..100;11;69072929;C;T;0.1654680073261261;95
50..100;11;69072944;G;C;0.1729319989681244;90
50..100;11;74355292;G;A;0.2631579935550689;75
50..100;11;85916065;C;T;0.1811590045690536;95
50..100;11;94593599;C;G;0.1944440007209777;90
50..100;11;95795550;T;C;0.2212390005588531;75
50..100;11;101583461;A;G;0.1644739955663681;90
50..100;11;123491882;A;T;0.2569440007209778;95
50..100;11;126021267;G;A;0.2164179980754852;90
50..100;11;131661121;G;T;0.3517239987850189;95
50..100;12;6509705;T;C;0.1451610028743744;80
50..100;12;7367230;G;A;0.101851999759674;70
50..100;12;8229550;A;G;0.4526320099830627;85
50..100;12;8359511;T;TG;0.2136750072240829;85
50..100;12;9429195;C;T;0.1783780008554458;90
50..100;12;9429202;T;C;0.1479289978742599;75
50..100;12;26602613;T;C;0.4148150086402893;90
50..100;12;30726042;C;G;0.226950004696846;90
50..100;12;31103995;A;G;0.20796500146389;85
50..100;12;41027840;G;A;0.1589400023221969;95
50..100;12;52250612;C;A;0.1916169971227646;95
50..100;12;52250628;G;A;0.1925469934940338;90
50..100;12;52471659;C;T;0.204818993806839;65
50..100;12;55412003;A;C;0.2239380031824112;95
50..100;12;61880246;T;C;0.2272730022668838;85
50..100;12;68731733;T;G;0.2457630038261413;80
50..100;12;68731734;T;G;0.2521010041236877;80
50..100;12;69597953;G;A;0.19200000166893;90
50..100;12;69796628;C;A;0.2121209949254989;85
50..100;12;76600031;G;A;0.2125979959964752;85
50..100;12;81216923;A;G;0.1481480002403259;75
50..100;12;95867108;C;T;0.3398059904575348;70
50..100;12;101363752;A;G;0.1964289993047714;80
50..100;12;101964115;T;G;0.1417910009622573;85
50..100;12;102101071;C;T;0.2160000056028366;90
50..100;12;109193746;T;C;0.2733809947967529;90
50..100;12;118246543;C;G;0.1564629971981048;70
50..100;12;120694088;T;C;0.1532260030508041;90
50..100;12;122263552;G;A;0.1443299949169159;65
50..100;12;125136873;G;A;0.1982759982347488;90
50..100;12;132143736;T;C;0.1129029989242553;80
50..100;12;132143740;A;G;0.1065569967031478;75
50..100;13;19048653;T;G;0.2459020018577575;80
50..100;13;19366648;G;A;0.1744969934225082;90
50..100;13;21530702;T;G;0.2047239989042282;95
50..100;13;24500352;T;C;0.2040819972753524;90
50..100;13;24709356;T;C;0.2941179871559143;85
50..100;13;27017670;G;A;0.4126980006694793;85
50..100;13;32308775;GT;G;0.3000000119209289;60
50..100;13;41604196;C;A;0.2054789960384369;90
50..100;13;49567140;T;C;0.3057850003242492;85
50..100;13;52642900;A;C;0.1857589930295944;80
50..100;13;53409132;A;C;0.2014929950237274;95
50..100;13;67902265;C;T;0.4298250079154968;85
50..100;13;72795504;G;A;0.2214770019054412;95
50..100;13;76992289;T;C;0.1219509989023208;70
50..100;13;77260492;C;A;0.2447549998760223;90
50..100;13;89361962;A;T;0.2521010041236877;85
50..100;13;98385833;T;C;0.4850749969482422;95
50..100;13;109782884;T;C;0.1610739976167678;90
50..100;14;19975713;G;C;0.2352939993143081;65
50..100;14;21301034;A;C;0.1824820041656494;90
50..100;14;23079574;AGAACGT;A;0.0924369990825653;85
50..100;14;74919827;TGG;T;0.2058819979429245;85
50..100;14;90278328;A;G;0.3819440007209778;95
50..100;14;92142990;C;T;0.160304993391037;95
50..100;14;96295486;C;T;0.1748249977827072;90
50..100;14;99174568;A;G;0.1866669952869415;90
50..100;14;103102392;G;A;0.1170210018754005;55
50..100;14;103457138;G;A;0.1605840027332306;90
50..100;15;22727158;C;G;0.3987340033054352;70
50..100;15;23121326;T;A;0.4033609926700592;75
50..100;15;26772389;A;G;0.1777780055999755;85
50..100;15;26773650;A;G;0.1133330017328262;90
50..100;15;43210328;T;C;0.184931993484497;95
50..100;15;43649185;T;C;0.1063830032944679;85
50..100;15;43649258;T;C;0.0833332985639572;95
50..100;15;43729303;C;G;0.2417580038309097;95
50..100;15;45403247;G;C;0.1061950027942657;80
50..100;15;45433057;G;C;0.2170539945363998;80
50..100;15;50402109;G;A;0.3934429883956909;70
50..100;15;51893961;C;A;0.1296299993991851;75
50..100;15;53716692;G;GA;0.1869920045137405;90
50..100;15;54338354;TTGTC;T;0.2105260044336319;90
50..100;15;59671289;G;A;0.1677850037813186;95
50..100;15;59678099;A;C;0.2142859995365142;85
50..100;15;63660954;G;A;0.5266669988632202;95
50..100;15;64864886;TC;T;0.252032995223999;90
50..100;15;64917519;GTGTC;G;0.213591992855072;80
50..100;15;66349079;C;T;0.1690140068531036;85
50..100;15;68361714;A;G;0.1034480035305023;80
50..100;15;72230997;T;C;0.1875;75
50..100;15;75843853;T;C;0.1397850066423416;60
50..100;15;77916965;C;T;0.1612900048494339;85
50..100;15;79896865;G;C;0.1212119981646537;75
50..100;15;80162403;C;T;0.1832060068845749;95
50..100;15;85262288;A;G;0.1601420044898986;85
50..100;15;89263479;T;C;0.2657339870929718;90
50..100;15;90887387;A;G;0.3333329856395721;95
50..100;15;94384008;C;T;0.2076919972896576;85
50..100;15;100472918;A;G;0.1627909988164901;85
50..100;15;101562774;G;A;0.1171170026063919;75
50..100;16;657748;T;C;0.1679999977350235;80
50..100;16;770888;C;T;0.136691004037857;85
50..100;16;770944;A;T;0.1266669929027557;90
50..100;16;1772796;CACCT;C;0.0882352963089943;95
50..100;16;11254849;G;C;0.1631209999322891;85
50..100;16;11765485;G;A;0.3455879986286163;95
50..100;16;20427877;A;G;0.138727992773056;90
50..100;16;20429698;A;G;0.1500000059604644;95
50..100;16;29613347;A;C;0.1626790016889572;80
50..100;16;35173663;A;G;0.2014929950237274;90
50..100;16;50153985;A;G;0.0992366001009941;70
50..100;16;54933184;A;C;0.1544719934463501;70
50..100;16;55871764;T;C;0.1791040003299713;90
50..100;16;57469301;T;C;0.15625;90
50..100;16;57753536;A;G;0.1470589935779571;95
50..100;16;70219929;C;T;0.1276600062847137;90
50..100;16;81159828;C;G;0.3333329856395721;95
50..100;16;81859103;A;T;0.1692309975624084;80
50..100;16;82170181;G;C;0.1590909957885742;85
50..100;16;87755258;A;G;0.1736110001802444;95
50..100;16;90095444;G;A;0.1572050005197525;80
50..100;17;13496299;T;A;0.1790120005607605;65
50..100;17;31994548;G;T;0.1846150010824203;85
50..100;17;34626239;A;G;0.1851850003004074;95
50..100;17;35554715;G;A;0.1240309998393058;95
50..100;17;41249750;A;G;0.179625004529953;85
50..100;17;47391476;T;A;0.2647059857845306;65
50..100;17;47943332;T;C;0.2043800055980682;85
50..100;17;50397140;A;G;0.2977100014686584;95
50..100;17;51260896;T;C;0.1099999994039535;65
50..100;17;58360940;A;G;0.2419349998235702;85
50..100;17;63438051;T;G;0.1824820041656494;90
50..100;17;66029213;G;A;0.2662340104579925;95
50..100;17;67215926;T;C;0.2571429908275604;95
50..100;17;74328510;GC;G;0.2290080040693283;90
50..100;17;76385601;T;C;0.1461540013551712;80
50..100;17;78399553;T;C;0.2424239963293075;95
50..100;17;81442408;G;A;0.1240879967808723;85
50..100;17;82037614;CTT;C;0.2051279991865158;70
50..100;18;6980524;C;T;0.3691279888153076;95
50..100;18;6985632;T;C;0.2302159965038299;95
50..100;18;31524601;A;C;0.2160000056028366;95
50..100;18;32470393;T;C;0.1475410014390945;70
50..100;18;44708512;T;A;0.1578949987888336;90
50..100;18;52923870;G;T;0.2887319922447204;95
50..100;18;56694606;T;C;0.1037740036845207;70
50..100;18;61957742;A;G;0.213591992855072;70
50..100;18;62143330;G;A;0.115385003387928;70
50..100;18;63954571;C;G;0.2213740050792694;85
50..100;18;74081919;GT;G;0.1759999990463256;90
50..100;18;74248438;G;C;0.0799999982118606;85
50..100;18;79378068;C;T;0.1360000073909759;90
50..100;19;797517;C;G;0.125;70
50..100;19;860852;C;G;0.2605629861354828;95
50..100;19;991968;C;T;0.1129029989242553;70
50..100;19;1009551;G;GGCCCCCGCGGAGGCCCCACCACACTCT;0.1276600062847137;75
50..100;19;2291060;T;C;0.1217949986457824;95
50..100;19;6737505;T;C;0.2012989968061447;90
50..100;19;7682407;G;T;0.1000000014901161;75
50..100;19;7788897;T;C;0.2068970054388046;85
50..100;19;7927167;C;A;0.2281879931688308;95
50..100;19;7933848;T;A;0.1888110041618347;95
50..100;19;7943599;T;C;0.1162789985537529;80
50..100;19;14061967;T;C;0.1567160040140152;80
50..100;19;14917370;G;A;0.3636359870433807;90
50..100;19;15110039;A;G;0.1398600041866302;85
50..100;19;15611919;T;G;0.1881189942359924;50
50..100;19;15611928;T;C;0.1848179996013641;70
50..100;19;15664400;C;T;0.1801799982786178;85
50..100;19;15794695;C;T;0.2090590000152588;60
50..100;19;16509491;T;C;0.187049999833107;95
50..100;19;19537537;C;G;0.1666669994592666;85
50..100;19;22602332;C;T;0.1297709941864013;95
50..100;19;34545276;C;A;0.1081079989671707;50
50..100;19;34684687;A;G;0.1856289952993393;85
50..100;19;39247938;A;G;0.2000000029802322;90
50..100;19;40826211;C;T;0.1433569937944412;65
50..100;19;40826266;T;C;0.4171119928359985;50
50..100;19;41061601;G;A;0.1666669994592666;75
50..100;19;42401872;A;G;0.061403501778841;65
50..100;19;43417909;G;A;0.1338029950857162;95
50..100;19;45901321;G;A;0.1506849974393844;95
50..100;19;45940628;A;C;0.1467889994382858;80
50..100;19;49054276;T;C;0.1632650047540664;65
50..100;19;49108062;T;C;0.1719750016927719;85
50..100;19;51019030;T;C;0.2826089859008789;90
50..100;19;54537051;T;C;0.2191780060529709;95
50..100;2;10819258;G;A;0.2551720142364502;95
50..100;2;15618169;C;T;0.1897809952497482;90
50..100;2;17515852;A;T;0.2833330035209656;90
50..100;2;20447454;T;C;0.080645203590393;95
50..100;2;21028042;A;G;0.3435109853744507;95
50..100;2;23926569;A;G;0.1623930037021637;80
50..100;2;28906552;G;A;0.1678829938173294;85
50..100;2;29023178;C;T;0.160304993391037;90
50..100;2;46612338;C;T;0.1523810029029846;65
50..100;2;48646443;T;C;0.1727270036935806;80
50..100;2;49167566;G;T;0.2522520124912262;70
50..100;2;55881747;C;T;0.4927540123462677;95
50..100;2;60735220;G;A;0.1626020073890686;95
50..100;2;61420766;G;A;0.2307689934968948;80
50..100;2;62146472;G;C;0.1594679951667785;80
50..100;2;68024002;A;G;0.2000000029802322;90
50..100;2;75710675;T;C;0.0342466011643409;85
50..100;2;86492028;C;A;0.2769230008125305;95
50..100;2;86790317;A;G;0.2184869945049286;90
50..100;2;88112086;T;A;0.1760559976100921;95
50..100;2;96023242;T;C;0.2333330065011978;60
50..100;2;106122379;G;A;0.1349209994077682;80
50..100;2;108736086;A;G;0.1267610043287277;95
50..100;2;108791752;A;G;0.1897809952497482;90
50..100;2;112077299;C;T;0.1860470026731491;85
50..100;2;113612169;C;CT;0.082840196788311;70
50..100;2;127840887;T;C;0.1694920063018798;90
50..100;2;131329774;T;G;0.2159090042114257;60
50..100;2;151576372;A;G;0.1782950013875961;90
50..100;2;152626743;C;T;0.2719300091266632;80
50..100;2;157628563;T;G;0.2384109944105148;90
50..100;2;159904571;G;T;0.1588789969682693;60
50..100;2;161983248;T;C;0.184931993484497;95
50..100;2;164722071;G;A;0.2016810029745102;80
50..100;2;170716430;A;G;0.1836729943752288;95
50..100;2;172427985;T;C;0.1449279934167862;90
50..100;2;173297772;A;G;0.1515150070190429;95
50..100;2;181549631;C;T;0.2733809947967529;85
50..100;2;182983386;C;T;0.1347520053386688;95
50..100;2;189083970;A;G;0.195945993065834;95
50..100;2;201141373;A;G;0.1599999964237213;95
50..100;2;201812569;T;A;0.2238810062408447;85
50..100;2;227057605;G;A;0.2635659873485565;85
50..100;2;230990963;T;C;0.2970300018787384;60
50..100;2;231000554;T;G;0.1942449957132339;95
50..100;2;233182513;A;G;0.1391299962997436;75
50..100;2;233955144;A;G;0.2255640029907226;90
50..100;2;240561091;C;T;0.1679999977350235;70
50..100;2;241217672;T;C;0.2000000029802322;90
50..100;2;241676113;T;TG;0.1654680073261261;90
50..100;20;1240394;C;T;0.1901410073041916;85
50..100;20;9389859;GT;G;0.2867130041122436;95
50..100;20;33965289;T;C;0.3555560111999511;90
50..100;20;44115947;C;G;0.1456310003995895;60
50..100;20;45304381;T;G;0.125;95
50..100;20;48632651;C;T;0.325203001499176;95
50..100;20;62323449;T;C;0.2713179886341095;90
50..100;20;63701289;C;T;0.1125829964876174;95
50..100;21;13527649;A;G;0.2043479979038238;90
50..100;21;20425096;C;G;0.402985006570816;95
50..100;21;31060653;T;A;0.5833330154418945;90
50..100;21;36486912;A;G;0.043010801076889;60
50..100;21;36994952;G;C;0.2042250037193298;95
50..100;22;20621310;G;GGGT;0.1199999973177909;60
50..100;22;20702143;G;C;0.1923079937696457;65
50..100;22;23189844;T;C;0.2162159979343414;75
50..100;22;23311693;A;G;0.2376240044832229;90
50..100;22;23313032;A;G;0.1584700047969818;65
50..100;22;23894632;C;T;0.1150439977645874;80
50..100;22;24749504;G;A;0.515625;90
50..100;22;46721008;A;G;0.2230769991874694;90
50..100;22;50267952;A;G;0.0970873981714248;60
50..100;22;50525807;A;G;0.1775150001049041;95
50..100;22;50548858;G;A;0.0758621022105217;85
50..100;22;50776757;T;C;0.1902440041303634;75
50..100;3;5187958;T;C;0.1515150070190429;85
50..100;3;8994326;G;T;0.1428570002317428;95
50..100;3;17878019;T;C;0.2199999988079071;75
50..100;3;22990618;A;G;0.2222220003604889;90
50..100;3;32635240;A;G;0.2201829999685287;75
50..100;3;32635250;T;C;0.2213110029697418;85
50..100;3;36828388;AGAAG;A;0.126581996679306;85
50..100;3;42739824;A;G;0.1791040003299713;95
50..100;3;49228311;T;C;0.2482759952545166;90
50..100;3;49357401;A;G;0.2991069853305816;80
50..100;3;61742465;T;C;0.196721002459526;70
50..100;3;69009632;T;C;0.2105260044336319;70
50..100;3;69077344;C;T;0.3571430146694183;85
50..100;3;90257406;G;GC;0.1142859980463981;80
50..100;3;98782284;G;A;0.2000000029802322;90
50..100;3;100813666;A;T;0.2348479926586151;85
50..100;3;102462287;G;A;0.25;90
50..100;3;113400570;G;A;0.3385829925537109;75
50..100;3;114159736;G;A;0.1359219998121261;75
50..100;3;114232449;G;C;0.5378149747848511;95
50..100;3;121781852;T;C;0.136363998055458;85
50..100;3;122627023;T;C;0.1889760047197342;90
50..100;3;128153626;A;C;0.1571429967880249;75
50..100;3;128463231;A;G;0.2177419960498809;90
50..100;3;128487017;C;G;0.1214289963245391;90
50..100;3;132600517;C;A;0.2010309994220733;70
50..100;3;142359917;T;C;0.1654140055179596;80
50..100;3;149145364;G;A;0.274073988199234;90
50..100;3;170708167;C;G;0.5149250030517578;95
50..100;3;191382772;A;C;0.2058819979429245;90
50..100;3;193618850;C;T;0.2000000029802322;90
50..100;3;194666571;T;C;0.4275360107421875;95
50..100;3;194670140;GA;G;0.3971630036830902;95
50..100;3;194687975;G;A;0.106795996427536;65
50..100;4;3955310;A;G;0.1111110001802444;60
50..100;4;4248128;A;G;0.160304993391037;85
50..100;4;4248182;T;C;0.1689189970493316;90
50..100;4;8088301;T;C;0.4142859876155853;95
50..100;4;25407216;A;G;0.2411350011825561;90
50..100;4;41644634;C;G;0.1875;80
50..100;4;54276524;G;C;0.1654140055179596;95
50..100;4;55605266;G;A;0.2515720129013061;95
50..100;4;73445127;G;A;0.281480997800827;85
50..100;4;75655880;T;C;0.3857139945030212;90
50..100;4;75782851;C;T;0.1842110008001327;95
50..100;4;76369408;A;G;0.1879699975252151;95
50..100;4;78499710;C;T;0.4462809860706329;90
50..100;4;86025531;A;T;0.2296299934387207;85
50..100;4;97972286;G;A;0.3196719884872436;80
50..100;4;105474024;A;G;0.2068970054388046;80
50..100;4;118506802;G;C;0.1267610043287277;80
50..100;4;129204151;C;T;0.4313730001449585;65
50..100;4;140443425;C;CTTAT;0.2204719930887222;75
50..100;4;140644420;T;G;0.0896551981568336;90
50..100;4;143997521;G;T;0.2237759977579116;95
50..100;4;153555772;C;T;0.2426470071077346;95
50..100;4;155785260;T;C;0.2301589995622635;85
50..100;4;155785330;A;G;0.5460990071296692;90
50..100;4;170069224;T;C;0.3055559992790222;90
50..100;4;176192613;C;A;0.3884299993515014;85
50..100;4;176216837;T;C;0.17985600233078;95
50..100;4;184678335;A;G;0.1233770027756691;95
50..100;4;184712990;C;T;0.1475410014390945;85
50..100;4;184734038;C;G;0.1985819935798645;90
50..100;4;186599883;A;C;0.2178220003843307;80
50..100;5;421311;C;A;0.1602559983730316;90
50..100;5;17202543;C;A;0.1417320072650909;85
50..100;5;36142487;A;T;0.1864410042762756;80
50..100;5;53658638;GT;G;0.1641789972782135;85
50..100;5;61332584;T;G;0.1588239967823028;85
50..100;5;61332587;T;G;0.1656800061464309;85
50..100;5;64977191;A;G;0.1481480002403259;95
50..100;5;66596766;T;C;0.1290320008993148;95
50..100;5;73909892;T;C;0.0915492996573448;90
50..100;5;79236835;T;C;0.218978002667427;90
50..100;5;80072225;T;TAGA;0.2272730022668838;85
50..100;5;96786556;G;T;0.2204719930887222;90
50..100;5;102388768;T;C;0.2014389932155609;90
50..100;5;103009842;C;A;0.3225809931755066;80
50..100;5;110640887;A;G;0.2094590067863464;95
50..100;5;113515266;A;G;0.4014079868793487;90
50..100;5;129027137;G;A;0.255638986825943;95
50..100;5;140862537;A;C;0.1327430009841919;95
50..100;5;143332610;G;GT;0.1451610028743744;90
50..100;5;146458877;A;G;0.3983739912509918;95
50..100;5;147923204;A;G;0.2118639945983886;85
50..100;5;148107114;A;C;0.1923079937696457;85
50..100;5;148108804;T;C;0.2276419997215271;85
50..100;5;150152269;G;A;0.2017540037631988;75
50..100;6;576902;C;T;0.1901410073041916;95
50..100;6;13591903;T;C;0.2177419960498809;90
50..100;6;18258285;A;G;0.1721310019493103;90
50..100;6;27457865;C;G;0.2155169993638992;75
50..100;6;28392882;C;G;0.2647059857845306;95
50..100;6;29750742;G;T;0.1851850003004074;95
50..100;6;29803334;T;C;0.2424239963293075;95
50..100;6;29929190;T;C;0.158730000257492;90
50..100;6;29929222;T;C;0.1727270036935806;85
50..100;6;29929240;A;C;0.3131310045719147;85
50..100;6;31055726;C;G;0.1451610028743744;85
50..100;6;32326164;C;G;0.1370970010757446;80
50..100;6;32661378;A;C;0.7032970190048218;90
50..100;6;32662186;T;C;0.5680750012397766;80
50..100;6;33185751;T;C;0.1322309970855713;75
50..100;6;35140004;A;G;0.2374099940061569;90
50..100;6;38803320;C;T;0.2844829857349396;80
50..100;6;39883903;G;A;0.1875;90
50..100;6;49517553;A;C;0.2466669976711273;95
50..100;6;56562133;T;C;0.2583329975605011;80
50..100;6;72622393;T;C;0.1274510025978088;70
50..100;6;87472986;C;G;0.1711709946393966;70
50..100;6;87511385;C;T;0.3181819915771484;90
50..100;6;104852387;CAG;C;0.1652889996767044;80
50..100;6;109227634;G;A;0.1544719934463501;95
50..100;6;124282232;G;A;0.1231879964470863;90
50..100;6;130215860;A;G;0.2538459897041321;95
50..100;6;138920195;G;A;0.1439999938011169;85
50..100;6;152456684;A;G;0.1681420058012008;80
50..100;6;152488392;T;A;0.1639340072870254;75
50..100;6;152995191;G;A;0.19200000166893;65
50..100;6;163415344;T;C;0.1360000073909759;80
50..100;7;2647127;C;G;0.0364963002502918;85
50..100;7;31554894;T;C;0.2165610045194625;95
50..100;7;32817273;TG;T;0.2831859886646271;70
50..100;7;36452603;T;C;0.2222220003604889;80
50..100;7;43973248;A;G;0.3322679996490478;50
50..100;7;45157834;A;G;0.0932203009724617;65
50..100;7;45917456;C;G;0.1323529928922653;95
50..100;7;48221272;G;T;0.2566370069980621;75
50..100;7;48594699;A;C;0.1944440007209777;95
50..100;7;66998208;AT;A;0.4019609987735748;85
50..100;7;72949377;C;G;0.168626993894577;65
50..100;7;73434169;C;G;0.0689655020833015;75
50..100;7;73578528;G;C;0.0894308984279632;65
50..100;7;77571075;T;A;0.3410849869251251;80
50..100;7;90232643;A;G;0.2543860077857971;80
50..100;7;90372182;C;G;0.1736110001802444;95
50..100;7;99916794;C;A;0.187049999833107;95
50..100;7;100352383;T;C;0.1764709949493408;85
50..100;7;101163167;G;C;0.1313869953155517;85
50..100;7;104669162;A;G;0.2157679945230484;50
50..100;7;122681621;A;C;0.2423080056905746;90
50..100;7;124032402;C;CGCTGCT;0.0675676017999649;90
50..100;7;125034885;G;A;0.2076919972896576;90
50..100;7;128477173;A;G;0.3270680010318756;75
50..100;7;135643362;T;C;0.3741010129451751;95
50..100;7;138702053;A;C;0.1407410055398941;90
50..100;7;141778508;C;T;0.1596640050411224;80
50..100;7;142175794;A;C;0.1666669994592666;95
50..100;7;142535861;A;G;0.2000000029802322;95
50..100;7;142602301;G;A;0.2781960070133209;85
50..100;7;149874130;C;T;0.0610686987638473;75
50..100;7;158133657;G;T;0.2478629946708679;85
50..100;8;413192;A;G;0.3353660106658935;70
50..100;8;431344;G;C;0.2014389932155609;90
50..100;8;3754048;C;G;0.2142859995365142;85
50..100;8;14237690;C;T;0.1747570037841797;75
50..100;8;17210065;T;C;0.1519999951124191;80
50..100;8;22048261;C;G;0.1985819935798645;95
50..100;8;22591668;T;C;0.1724140048027038;95
50..100;8;23303265;G;C;0.1476510018110275;95
50..100;8;25468214;C;T;0.2755100131034851;70
50..100;8;27397808;T;C;0.2649570107460022;85
50..100;8;27565545;C;G;0.2148759961128235;75
50..100;8;27651636;A;G;0.4054050147533417;95
50..100;8;38438225;C;T;0.1382109969854354;90
50..100;8;38459331;T;C;0.1627909988164901;90
50..100;8;38838478;C;T;0.3422819972038269;90
50..100;8;39606304;C;T;0.218978002667427;85
50..100;8;58603197;A;G;0.4144139885902405;80
50..100;8;62747076;A;G;0.2302629947662353;95
50..100;8;66468293;C;T;0.1702129989862442;95
50..100;8;81443386;G;A;0.2666670083999634;75
50..100;8;93726401;A;G;0.1777780055999755;95
50..100;8;94148874;A;G;0.1641789972782135;95
50..100;8;97644738;T;G;0.1384620070457458;85
50..100;8;112287046;G;A;0.1705430001020431;90
50..100;8;131940480;AT;A;0.353534996509552;70
50..100;8;140522588;C;T;0.245614007115364;80
50..100;8;141449759;A;G;0.1985819935798645;95
50..100;8;143727098;T;C;0.1353379935026168;75
50..100;8;143727968;A;G;0.1056339964270591;85
50..100;8;143739867;T;G;0.095238097012043;90
50..100;9;846952;C;G;0.1574800014495849;90
50..100;9;2096774;A;G;0.1756760030984878;95
50..100;9;4662369;C;A;0.2410710006952285;60
50..100;9;4662394;G;A;0.109375;70
50..100;9;19063110;C;T;0.3658539950847626;90
50..100;9;19341047;G;A;0.1782950013875961;80
50..100;9;21029331;C;T;0.1624999940395355;95
50..100;9;26978261;G;A;0.2686569988727569;85
50..100;9;34089397;C;T;0.0948904976248741;95
50..100;9;72432145;G;C;0.4344260096549988;80
50..100;9;92512056;G;A;0.1519999951124191;85
50..100;9;92616071;A;G;0.2118639945983886;85
50..100;9;111707847;G;A;0.2619050145149231;85
50..100;9;122092932;T;C;0.1212119981646537;75
50..100;9;123015648;C;T;0.167939007282257;85
50..100;9;125056019;T;C;0.2909089922904968;75
50..100;9;130265925;C;CGGCAGT;0.1278200000524521;85
50..100;9;131009433;G;T;0.1346150040626526;70
50..100;9;131479407;A;G;0.1439390033483505;95
50..100;9;136011699;A;G;0.2378049939870834;90
50..100;9;136290477;G;A;0.1578949987888336;80
50..100;9;136969325;A;G;0.1913039982318878;80
50..100;9;137048977;A;G;0.1790120005607605;90
50..100;9;138023718;T;TGGAGAAGGAGACCAC;0.0620154999196529;65
100..300;1;948519;G;T;0.1735849976539611;170
100..300;1;979034;C;CGAA;0.1495019942522049;220
100..300;1;1014228;A;G;0.1634619981050491;220
100..300;1;1354896;G;C;0.1453489959239959;115
100..300;1;1487901;A;G;0.1815070062875747;190
100..300;1;1628409;A;C;0.1545449942350387;155
100..300;1;1629572;T;TG;0.1354169994592666;130
100..300;1;1704891;A;G;0.1724140048027038;205
100..300;1;1756657;T;C;0.1366119980812072;125
100..300;1;2405838;T;C;0.2537310123443603;135
100..300;1;2408634;G;C;0.1041669994592666;195
100..300;1;2491175;A;G;0.1902440041303634;145
100..300;1;2502455;A;G;0.1827410012483596;115
100..300;1;2502461;T;C;0.1390369981527328;110
100..300;1;2512975;A;G;0.1554049998521804;295
100..300;1;2521130;C;T;0.1803710013628006;265
100..300;1;2562891;A;G;0.1763390004634857;295
100..300;1;2596694;C;T;0.3596490025520324;150
100..300;1;3021701;T;C;0.1422590017318725;160
100..300;1;3021843;C;CAGA;0.1779139935970306;240
100..300;1;3022005;T;C;0.1832879930734634;265
100..300;1;3022360;G;T;0.1690540015697479;245
100..300;1;3412095;T;C;0.1460060030221939;260
100..300;1;3412820;T;C;0.1466670036315918;100
100..300;1;3507824;A;G;0.1860470026731491;145
100..300;1;3595370;G;A;0.2159619927406311;150
100..300;1;3632268;C;G;0.1882349997758865;175
100..300;1;3752608;T;C;0.1798940002918243;245
100..300;1;3763492;A;G;0.1834319978952407;245
100..300;1;3787146;A;G;0.1979700028896331;275
100..300;1;3836572;T;A;0.3319999873638153;185
100..300;1;3844915;T;C;0.3684209883213043;185
100..300;1;3883678;G;A;0.3418180048465729;185
100..300;1;4711993;C;T;0.1256279945373535;130
100..300;1;6051661;T;C;0.1983910053968429;245
100..300;1;6051697;A;G;0.1551720052957534;235
100..300;1;6124032;G;A;0.3529410064220428;200
100..300;1;6128486;A;G;0.2834219932556152;120
100..300;1;6136809;G;A;0.3659420013427734;185
100..300;1;6136883;G;A;0.3578949868679046;125
100..300;1;6144162;G;C;0.2122900038957595;115
100..300;1;6149303;C;T;0.3386000096797943;290
100..300;1;6151123;A;G;0.3738740086555481;150
100..300;1;6155676;G;C;0.1439390033483505;175
100..300;1;6209280;G;A;0.1476189941167831;130
100..300;1;6581288;A;G;0.1494850069284439;135
100..300;1;6599445;A;G;0.1541499942541122;175
100..300;1;6633037;G;A;0.2131150066852569;170
100..300;1;7460069;T;C;0.2324559986591339;155
100..300;1;7622177;C;T;0.1461189985275268;150
100..300;1;7622429;C;T;0.1470589935779571;100
100..300;1;7622680;G;A;0.1402709931135177;155
100..300;1;7622713;C;T;0.1659570038318634;165
100..300;1;7622734;G;T;0.174467995762825;165
100..300;1;7622819;C;T;0.191780999302864;160
100..300;1;7624261;A;G;0.2299470007419586;130
100..300;1;7624353;C;T;0.2488040030002594;150
100..300;1;7677739;G;A;0.1897439956665039;130
100..300;1;8330324;C;G;0.1645160019397735;215
100..300;1;8335500;T;G;0.1578949987888336;285
100..300;1;8365840;C;T;0.1457490026950836;165
100..300;1;8949347;T;C;0.1968750059604644;225
100..300;1;8949385;C;A;0.2150170058012008;200
100..300;1;8951478;A;G;0.1375000029802322;165
100..300;1;8951527;G;T;0.1563639938831329;185
100..300;1;8951663;T;G;0.1474650055170059;160
100..300;1;9004779;A;G;0.1535090059041977;145
100..300;1;9105626;A;G;0.1388099938631057;225
100..300;1;9245386;C;A;0.1617159992456436;205
100..300;1;9246974;A;G;0.146465003490448;130
100..300;1;9247079;C;T;0.1620109975337982;125
100..300;1;9263851;A;G;0.1242770031094551;250
100..300;1;9264154;T;C;0.1598059982061386;285
100..300;1;9264512;C;T;0.1624999940395355;280
100..300;1;9264611;G;A;0.1802469938993454;280
100..300;1;9735980;T;C;0.1373389959335327;160
100..300;1;9744661;A;G;0.1573030054569244;190
100..300;1;10130826;T;A;0.4217390120029449;145
100..300;1;10258594;G;C;0.229436993598938;160
100..300;1;10268280;T;C;0.1508380025625229;120
100..300;1;10375266;A;C;0.1434780061244964;155
100..300;1;10399722;A;G;0.1411760002374649;110
100..300;1;10400428;C;T;0.1396230012178421;170
100..300;1;10413139;T;C;0.1979169994592666;195
100..300;1;10419621;A;G;0.1990289986133575;145
100..300;1;10506158;G;A;0.4089219868183136;175
100..300;1;10645053;A;G;0.1993239969015121;205
100..300;1;10648085;G;A;0.15625;225
100..300;1;10653708;C;T;0.2568089962005615;180
100..300;1;10660544;A;G;0.1776649951934814;140
100..300;1;10665441;A;G;0.0981307998299598;290
100..300;1;11046878;A;G;0.2511210143566131;175
100..300;1;11711931;G;A;0.1291510015726089;170
100..300;1;11775499;T;C;0.1435189992189407;145
100..300;1;11776613;A;C;0.2258059978485107;130
100..300;1;11778705;A;G;0.1864410042762756;115
100..300;1;11778784;G;A;0.1697250008583068;150
100..300;1;11778952;T;C;0.1512199938297271;140
100..300;1;11778977;A;G;0.1481480002403259;145
100..300;1;11779866;T;C;0.1520269960165023;195
100..300;1;11785165;C;T;0.0994763970375061;125
100..300;1;11788011;C;G;0.167613998055458;245
100..300;1;11794419;G;T;0.1987179964780807;200
100..300;1;11794839;A;G;0.1992029994726181;170
100..300;1;11803000;A;G;0.176923006772995;275
100..300;1;11816605;A;G;0.1785710006952285;110
100..300;1;11838802;A;G;0.1710530072450637;280
100..300;1;11838976;T;G;0.1219509989023208;180
100..300;1;12022869;G;A;0.3632960021495819;180
100..300;1;12244637;G;A;0.2530120015144348;115
100..300;1;12578936;T;C;0.2246699929237365;160
100..300;1;12838814;G;C;0.2110819965600967;140
100..300;1;13390590;A;C;0.1638419926166534;255
100..300;1;15112737;GC;G;0.2348069995641708;280
100..300;1;15171336;C;T;0.2363640069961547;120
100..300;1;15219581;A;G;0.15625;200
100..300;1;15289643;A;G;0.1474359929561615;110
100..300;1;15324566;G;A;0.1818179935216903;120
100..300;1;15329448;A;G;0.1470589935779571;155
100..300;1;15341780;A;G;0.1483249962329864;145
100..300;1;15487341;C;T;0.1758240014314651;245
100..300;1;15731994;T;C;0.1532569974660873;170
100..300;1;15770398;T;C;0.3644860088825226;145
100..300;1;15807492;C;T;0.172662004828453;275
100..300;1;15807577;T;C;0.1885859966278076;275
100..300;1;15939409;A;T;0.1460179984569549;150
100..300;1;15993321;G;A;0.1572050005197525;155
100..300;1;16028095;T;A;0.1939159929752349;170
100..300;1;16030002;G;C;0.1322579979896545;210
100..300;1;16030027;G;A;0.1286170035600662;215
100..300;1;16030036;A;G;0.1254130005836486;210
100..300;1;16030038;C;T;0.1339869946241378;210
100..300;1;16030652;T;C;0.1882849931716919;105
100..300;1;16049015;A;G;0.2316080033779144;255
100..300;1;16051504;T;C;0.1847510039806366;220
100..300;1;16051505;G;A;0.1871349960565567;225
100..300;1;16051720;T;C;0.1857710033655166;165
100..300;1;16051836;C;G;0.1925130039453506;115
100..300;1;16052230;T;A;0.1650169938802719;205
100..300;1;16148628;T;C;0.1842110008001327;260
100..300;1;16148631;T;C;0.1822919994592666;265
100..300;1;16398835;A;G;0.2228260040283203;120
100..300;1;16409637;C;T;0.2946430146694183;160
100..300;1;16486571;T;C;0.1869920045137405;160
100..300;1;16938395;G;T;0.1679099947214126;165
100..300;1;16956078;A;G;0.125;275
100..300;1;16966076;A;G;0.1374569982290268;195
100..300;1;16986097;A;G;0.1802120059728622;195
100..300;1;17229013;T;G;0.1775359958410263;185
100..300;1;17618439;T;C;0.2282160073518753;155
100..300;1;19081800;GC;G;0.2113209962844848;195
100..300;1;19173066;C;T;0.1793719977140426;165
100..300;1;19240387;T;C;0.1125829964876174;200
100..300;1;19345272;A;T;0.1538459956645965;135
100..300;1;19814480;T;G;0.2064220011234283;150
100..300;1;19814790;T;C;0.1925469934940338;220
100..300;1;19897659;A;G;0.1722490042448043;145
100..300;1;20175177;A;G;0.2000000029802322;170
100..300;1;20330331;G;A;0.2117650061845779;165
100..300;1;20336445;G;A;0.2067669928073883;175
100..300;1;20354225;A;G;0.2211059927940368;145
100..300;1;20500723;T;C;0.1603769958019256;150
100..300;1;20664780;A;G;0.2784810066223144;170
100..300;1;20686070;T;C;0.1852860003709793;235
100..300;1;20698408;T;C;0.2064220011234283;145
100..300;1;21411461;C;T;0.2162159979343414;100
100..300;1;21473431;A;G;0.2199549973011016;290
100..300;1;21575943;T;G;0.1986750066280365;110
100..300;1;21608940;T;G;0.1366119980812072;110
100..300;1;21614062;T;C;0.1864410042762756;150
100..300;1;21617327;A;G;0.1666669994592666;210
100..300;1;21619037;T;C;0.1233329996466636;195
100..300;1;21703628;G;A;0.3783780038356781;105
100..300;1;21782877;A;G;0.2155169993638992;135
100..300;1;21887634;G;A;0.3760449886322021;240
100..300;1;22009812;T;C;0.3324399888515472;235
100..300;1;22009815;A;G;0.337911993265152;230
100..300;1;22509184;G;A;0.2418770045042038;180
100..300;1;22526222;C;G;0.2058819979429245;160
100..300;1;22589260;C;T;0.3105129897594452;275
100..300;1;22593601;G;C;0.3183389902114868;200
100..300;1;22597292;A;G;0.3553299903869629;135
100..300;1;22597871;A;G;0.3170729875564575;120
100..300;1;22600821;G;A;0.3260869979858398;235
100..300;1;22882432;A;G;0.209524005651474;135
100..300;1;23441703;A;G;0.2051279991865158;135
100..300;1;23793137;T;C;0.180768996477127;185
100..300;1;24061927;G;A;0.1699350029230117;110
100..300;1;24066181;C;T;0.1875;280
100..300;1;24067073;T;C;0.1491940021514892;165
100..300;1;24068321;G;A;0.1160219982266426;245
100..300;1;24082675;T;C;0.189872995018959;165
100..300;1;24089643;T;C;0.1476790010929107;155
100..300;1;24331573;G;C;0.1647939980030059;185
100..300;1;24342177;G;C;0.1837459951639175;190
100..300;1;24354425;T;C;0.138046994805336;195
100..300;1;24379839;A;C;0.2369939982891082;125
100..300;1;24442126;A;G;0.1591590046882629;225
100..300;1;25228228;A;G;0.1453740000724792;155
100..300;1;26161528;A;G;0.1650940030813217;145
100..300;1;26275079;G;A;0.15625;125
100..300;1;26343910;A;G;0.1736840009689331;270
100..300;1;26354172;T;C;0.2364130020141601;250
100..300;1;26354328;T;C;0.1882639974355697;290
100..300;1;26367754;C;T;0.141631007194519;155
100..300;1;26367769;C;T;0.1244440004229545;150
100..300;1;26460136;A;G;0.2212390005588531;145
100..300;1;26519704;T;C;0.15625;230
100..300;1;26952030;A;G;0.1592690050601959;275
100..300;1;26952062;A;G;0.15625;295
100..300;1;27349634;T;C;0.1402440071105957;100
100..300;1;27360975;T;G;0.2173909991979599;135
100..300;1;27382648;G;A;0.1400000005960464;165
100..300;1;27882794;G;A;0.4000000059604645;265
100..300;1;27882851;C;T;0.414247989654541;255
100..300;1;27882855;G;A;0.4070079922676086;255
100..300;1;28228915;A;G;0.1382109969854354;165
100..300;1;28236165;G;A;0.1656049937009811;110
100..300;1;28237741;G;A;0.2243590056896209;110
100..300;1;28237768;G;A;0.1990289986133575;140
100..300;1;30716054;G;A;0.2291669994592666;225
100..300;1;30874552;T;C;0.1583849936723709;230
100..300;1;30878666;A;G;0.1512610018253326;155
100..300;1;30953968;G;A;0.3743590116500854;145
100..300;1;31423761;T;C;0.1508380025625229;240
100..300;1;31691408;T;G;0.2530120015144348;175
100..300;1;31692773;C;T;0.3470790088176727;205
100..300;1;31698605;G;T;0.4258370101451874;140
100..300;1;31699894;T;G;0.3143630027770996;265
100..300;1;31728046;C;T;0.3493329882621765;255
100..300;1;31731046;G;C;0.1880879998207092;235
100..300;1;31741980;G;T;0.1752990037202835;185
100..300;1;31756312;A;G;0.1992750018835067;205
100..300;1;32091885;G;A;0.1709399968385696;240
100..300;1;32207307;G;T;0.1806019991636276;210
100..300;1;32214950;T;C;0.1909089982509613;145
100..300;1;32217361;A;C;0.2710840106010437;115
100..300;1;32229218;G;A;0.2545450031757355;115
100..300;1;32231027;C;A;0.1826090067625045;155
100..300;1;32247598;G;A;0.095522403717041;230
100..300;1;32595233;A;AT;0.1233770027756691;125
100..300;1;32944092;A;G;0.1538459956645965;180
100..300;1;33559328;C;T;0.3769840002059936;165
100..300;1;33559430;G;A;0.4044939875602722;185
100..300;1;34794601;A;G;0.1417720019817352;285
100..300;1;34884972;C;CT;0.1403509974479675;155
100..300;1;35901980;T;C;0.1320749968290329;180
100..300;1;36178099;G;GAGA;0.1108490005135536;290
100..300;1;36319669;T;C;0.1632650047540664;115
100..300;1;36341880;T;C;0.1279069930315017;165
100..300;1;37554146;T;C;0.1443569958209991;260
100..300;1;37557715;T;C;0.257425993680954;200
100..300;1;37708311;T;TTTC;0.1585900038480758;155
100..300;1;37718644;C;T;0.1871660053730011;140
100..300;1;37719975;A;G;0.1882719993591308;205
100..300;1;37720051;T;C;0.1813949942588806;140
100..300;1;37720534;G;C;0.1675679981708526;125
100..300;1;37721775;G;A;0.1657750010490417;125
100..300;1;37721781;A;G;0.1666669994592666;120
100..300;1;37723025;C;T;0.1558440029621124;110
100..300;1;37723068;T;C;0.1487600058317184;160
100..300;1;37723096;T;C;0.1590110063552856;185
100..300;1;37723115;G;A;0.1677419990301132;205
100..300;1;37984238;C;T;0.1533100008964538;180
100..300;1;37997832;T;C;0.156028002500534;195
100..300;1;38709824;T;C;0.184685006737709;155
100..300;1;38710557;A;G;0.1978610008955001;140
100..300;1;38864727;A;G;0.2020729929208755;125
100..300;1;38873777;T;C;0.2000000029802322;120
100..300;1;38874610;T;C;0.1906609982252121;170
100..300;1;38875190;G;A;0.204254999756813;170
100..300;1;38886599;T;G;0.1749050021171569;175
100..300;1;39387318;C;T;0.1965810060501098;175
100..300;1;39523127;A;G;0.1923079937696457;215
100..300;1;39525802;C;A;0.2129279971122741;180
100..300;1;39525803;A;G;0.2061070054769516;175
100..300;1;39753023;A;G;0.1267119944095611;190
100..300;1;40239755;G;C;0.1853149980306625;210
100..300;1;40240054;T;A;0.1388889998197555;135
100..300;1;41510546;A;G;0.1400000005960464;175
100..300;1;41510674;C;T;0.1111110001802444;135
100..300;1;41510858;T;C;0.1533920019865036;235
100..300;1;41524790;A;G;0.189189001917839;170
100..300;1;41580076;C;T;0.2077919989824295;225
100..300;1;41581537;G;C;0.2303519994020462;265
100..300;1;41584695;T;C;0.1666669994592666;205
100..300;1;43605020;G;A;0.4696129858493805;135
100..300;1;43824858;G;A;0.1880339980125427;160
100..300;1;44137834;T;C;0.2282609939575195;120
100..300;1;44739926;C;T;0.1560000032186508;165
100..300;1;44753223;T;A;0.2038459926843643;175
100..300;1;44759326;C;A;0.1491709947586059;115
100..300;1;44760412;A;G;0.1645569950342178;215
100..300;1;44775613;G;C;0.1512919962406158;185
100..300;1;44780570;A;T;0.1802120059728622;200
100..300;1;44780661;C;T;0.1991869956254959;175
100..300;1;44803661;G;A;0.1666669994592666;155
100..300;1;44804352;C;G;0.1433569937944412;200
100..300;1;44806156;C;T;0.0778442993760109;110
100..300;1;44826236;A;G;0.1737589985132217;180
100..300;1;44827194;A;G;0.2052980065345764;225
100..300;1;44827846;G;A;0.381395012140274;160
100..300;1;44828080;C;T;0.1843000054359436;200
100..300;1;44841834;A;G;0.3184359967708587;125
100..300;1;44958709;G;A;0.2030459940433502;130
100..300;1;44958837;C;G;0.2283950001001358;110
100..300;1;44978366;A;G;0.168284997344017;195
100..300;1;44988221;C;A;0.1399179995059967;185
100..300;1;45003483;T;C;0.1639340072870254;115
100..300;1;45003504;T;A;0.1483249962329864;125
100..300;1;45003914;A;G;0.2528739869594574;135
100..300;1;45014037;G;A;0.1448280066251754;190
100..300;1;45628355;G;A;0.4000000059604645;170
100..300;1;45629600;C;T;0.28506800532341;155
100..300;1;45700203;GA;G;0.4206900000572204;120
100..300;1;45729703;C;T;0.4102559983730316;130
100..300;1;46194623;C;T;0.4040000140666961;185
100..300;1;46341925;A;G;0.4428569972515106;190
100..300;1;46405089;A;C;0.3178290128707886;170
100..300;1;46511045;T;C;0.2966099977493286;240
100..300;1;46614993;T;C;0.2723740041255951;170
100..300;1;46615007;A;G;0.2642860114574432;185
100..300;1;46615069;T;C;0.2546130120754242;170
100..300;1;46815074;G;GAT;0.3776220083236694;205
100..300;1;46815187;A;G;0.3792049884796142;215
100..300;1;46815212;T;C;0.3890779912471771;200
100..300;1;46817100;T;C;0.4007630050182342;170
100..300;1;46900378;T;G;0.1918369978666305;145
100..300;1;47030150;T;C;0.1751410067081451;125
100..300;1;47142179;T;A;0.1518989950418472;145
100..300;1;47143817;C;T;0.1988469958305359;225
100..300;1;47148813;G;A;0.1958760023117065;125
100..300;1;47994235;T;C;0.3581660091876983;250
100..300;1;48232079;T;C;0.2105260044336319;210
100..300;1;49045752;G;A;0.2454549968242645;140
100..300;1;50405456;A;G;0.2156859934329986;110
100..300;1;51288232;A;G;0.2170210033655166;160
100..300;1;52525966;T;C;0.3104580044746399;220
100..300;1;52854602;T;G;0.1521739959716797;160
100..300;1;52904685;T;G;0.1770190000534057;210
100..300;1;52995795;A;G;0.1782950013875961;260
100..300;1;53594343;C;G;0.1612900048494339;220
100..300;1;53594575;C;T;0.2028570026159286;245
100..300;1;53888985;G;T;0.1918600052595138;115
100..300;1;54104589;C;T;0.160193994641304;145
100..300;1;54139645;TGG;T;0.2105260044336319;250
100..300;1;54701169;T;C;0.2166669964790344;195
100..300;1;54716627;A;T;0.150640994310379;210
100..300;1;54758458;C;T;0.1458330005407333;200
100..300;1;54759078;A;C;0.1936620026826858;205
100..300;1;55072879;G;T;0.2288559973239898;135
100..300;1;56536941;A;G;0.2196529954671859;120
100..300;1;56536955;T;C;0.1979700028896331;140
100..300;1;56692378;A;G;0.1461189985275268;150
100..300;1;56744022;C;T;0.254144012928009;125
100..300;1;56753866;A;C;0.2165610045194625;105
100..300;1;58048279;A;C;0.1654680073261261;200
100..300;1;58048418;G;A;0.2324839979410171;225
100..300;1;58506159;A;G;0.2598040103912353;135
100..300;1;58534040;A;G;0.2327039986848831;115
100..300;1;58576509;T;G;0.211008995771408;235
100..300;1;58576716;G;C;0.097799502313137;275
100..300;1;61766458;C;T;0.3076919913291931;115
100..300;1;61990342;A;G;0.1280789971351623;140
100..300;1;62266749;C;T;0.2000000029802322;145
100..300;1;63843422;A;G;0.2012580037117004;120
100..300;1;64632626;A;G;0.2559059858322143;165
100..300;1;64691437;G;C;0.1916169971227646;235
100..300;1;64845531;C;G;0.1356469988822937;215
100..300;1;64855567;A;G;0.1847130060195922;210
100..300;1;64869412;C;T;0.2226150035858154;185
100..300;1;65092410;A;G;0.1418920010328292;105
100..300;1;66676992;C;T;0.2168669998645782;115
100..300;1;66682013;T;C;0.1700679957866668;195
100..300;1;66777341;A;C;0.1681029945611953;150
100..300;1;67278569;C;T;0.1948049962520599;165
100..300;1;68482597;C;A;0.2027650028467178;135
100..300;1;68494666;C;T;0.2341459989547729;115
100..300;1;69919618;T;C;0.1904760003089904;215
100..300;1;74199809;A;G;0.2328770011663437;195
100..300;1;74205390;T;C;0.161417007446289;185
100..300;1;74706968;C;T;0.3010750114917755;125
100..300;1;75732751;C;T;0.2631579935550689;115
100..300;1;75733100;A;G;0.1226420029997825;150
100..300;1;75744069;A;G;0.1583330035209655;255
100..300;1;75744107;C;T;0.1747310012578964;265
100..300;1;75744250;C;T;0.2109179943799972;280
100..300;1;75744604;T;C;0.2138359993696212;220
100..300;1;75744792;T;C;0.180645003914833;115
100..300;1;75761337;G;A;0.1474650055170059;150
100..300;1;76700455;G;A;0.1810580044984817;255
100..300;1;77293893;G;A;0.2218309938907623;185
100..300;1;77926761;A;G;0.1698109954595565;150
100..300;1;78492806;T;C;0.2071200013160705;215
100..300;1;79055238;C;T;0.1439110040664672;195
100..300;1;79521225;A;C;0.2212390005588531;165
100..300;1;79521816;C;T;0.2518520057201385;100
100..300;1;81427141;T;C;0.2178989946842193;175
100..300;1;81501781;TCAGCAGCAG;T;0.2265619933605194;275
100..300;1;81721749;T;C;0.1818179935216903;140
100..300;1;81722517;G;C;0.0945945978164672;155
100..300;1;86022231;A;C;0.2346940040588379;120
100..300;1;86046853;T;C;0.2471909970045089;120
100..300;1;86428558;T;C;0.2385790050029754;135
100..300;1;88771873;T;C;0.1719750016927719;105
100..300;1;88807604;A;G;0.1703300029039383;125
100..300;1;91319330;A;G;0.4321610033512115;125
100..300;1;91394244;G;A;0.4148469865322113;160
100..300;1;91720100;T;C;0.2412589937448501;205
100..300;1;93582928;G;C;0.1610489934682846;190
100..300;1;94001103;G;A;0.1990049928426742;140
100..300;1;94005598;T;C;0.2422360032796859;120
100..300;1;94008289;C;T;0.2610290050506592;175
100..300;1;94008308;T;C;0.2551440000534057;155
100..300;1;94008772;C;T;0.1757580041885376;110
100..300;1;94047009;T;C;0.2078649997711181;240
100..300;1;94078720;A;G;0.2280700057744979;115
100..300;1;96679606;G;T;0.183908000588417;125
100..300;1;97515865;T;C;0.2429379969835281;120
100..300;1;98695628;A;C;0.1818179935216903;130
100..300;1;98953091;C;G;0.1887760013341903;135
100..300;1;101772262;T;C;0.5759159922599792;120
100..300;1;107057296;T;C;0.1495600044727325;240
100..300;1;107505351;T;C;0.2142859995365142;200
100..300;1;107537323;A;G;0.1513510048389434;120
100..300;1;108722407;T;G;0.2172619998455047;225
100..300;1;108823664;T;C;0.1435640007257461;135
100..300;1;108834448;A;C;0.1778849959373474;135
100..300;1;108851942;C;T;0.2194440066814422;250
100..300;1;108922543;A;ACTT;0.1379310041666031;120
100..300;1;108937356;T;G;0.2254099994897842;170
100..300;1;109267922;A;C;0.1654410064220428;185
100..300;1;109295231;A;G;0.1815180033445358;195
100..300;1;109297116;A;C;0.1753730028867721;180
100..300;1;109737079;T;C;0.1778849959373474;130
100..300;1;110039158;G;T;0.248756006360054;135
100..300;1;110602039;G;A;0.1532849967479705;180
100..300;1;111184247;A;G;0.2835049927234649;130
100..300;1;111198700;A;G;0.1806720048189163;155
100..300;1;111241360;T;C;0.2748090028762817;105
100..300;1;111648905;G;T;0.1502590030431747;135
100..300;1;111755960;G;A;0.2531650066375732;155
100..300;1;111766709;C;T;0.2549799978733063;170
100..300;1;112520503;G;A;0.1631940007209777;200
100..300;1;112540817;T;C;0.2129029929637909;105
100..300;1;112597961;C;T;0.2339179962873459;105
100..300;1;112694059;T;C;0.2446810007095337;130
100..300;1;112694549;G;A;0.2000000029802322;200
100..300;1;112696760;A;G;0.2088239938020706;230
100..300;1;112698430;C;T;0.1569969952106475;200
100..300;1;112700356;T;G;0.1367190033197403;175
100..300;1;112700426;T;C;0.1428570002317428;205
100..300;1;112710229;C;CTTG;0.1890030056238174;190
100..300;1;114137918;T;C;0.2188449949026107;220
100..300;1;114857263;G;C;0.1547619998455047;115
100..300;1;115058907;G;C;0.2377050071954727;165
100..300;1;115663802;A;G;0.2156859934329986;255
100..300;1;115705205;C;T;0.1716739982366562;150
100..300;1;115791113;C;T;0.4545449912548065;120
100..300;1;115857214;T;C;0.2280000001192093;190
100..300;1;115857708;G;C;0.1198500022292137;185
100..300;1;116714075;C;A;0.3989070057868957;130
100..300;1;116768525;A;C;0.1781249940395355;220
100..300;1;117011799;G;A;0.1245900020003318;210
100..300;1;117101436;G;A;0.2492489963769912;215
100..300;1;117994519;C;T;0.2610839903354645;130
100..300;1;119033195;G;C;0.1994879990816116;270
100..300;1;119085233;T;C;0.4492189884185791;185
100..300;1;119085331;C;T;0.2374999970197677;180
100..300;1;119126639;A;C;0.2060610055923462;115
100..300;1;119219552;A;G;0.1909549981355667;150
100..300;1;119422310;C;T;0.1918600052595138;240
100..300;1;119438989;T;C;0.2275449931621551;115
100..300;1;119445799;T;C;0.1866029947996139;155
100..300;1;119445889;A;G;0.2307689934968948;115
100..300;1;119446065;A;G;0.25;140
100..300;1;119514535;T;C;0.2197449952363968;200
100..300;1;119605239;A;G;0.2458329945802688;155
100..300;1;119623830;C;G;0.1328900009393692;210
100..300;1;119894128;C;T;0.1994609981775283;260
100..300;1;119895095;A;G;0.2297299951314926;220
100..300;1;119895261;G;A;0.2147240042686462;225
100..300;1;119915381;T;A;0.1428570002317428;140
100..300;1;119929234;T;C;0.1880339980125427;165
100..300;1;119935375;A;C;0.1735160052776336;155
100..300;1;145873965;T;C;0.1202189996838569;145
100..300;1;145899155;A;G;0.4583329856395721;165
100..300;1;145927267;A;T;0.4084509909152984;120
100..300;1;149900352;C;G;0.2233680039644241;205
100..300;1;149933386;A;G;0.2327039986848831;105
100..300;1;150473343;G;A;0.2068970054388046;125
100..300;1;150510879;T;C;0.1895910054445266;190
100..300;1;150512511;A;G;0.1690959930419922;235
100..300;1;150553930;T;C;0.1639340072870254;225
100..300;1;150559900;A;G;0.1592359989881515;220
100..300;1;150755063;A;G;0.1916169971227646;220
100..300;1;150836413;G;C;0.1631209999322891;195
100..300;1;150967881;T;G;0.1639340072870254;155
100..300;1;150967882;T;C;0.1666669994592666;160
100..300;1;150968905;T;C;0.1651380062103271;160
100..300;1;150987874;C;A;0.161764994263649;180
100..300;1;151132600;A;G;0.1607140004634857;220
100..300;1;151162103;TA;T;0.2644630074501037;105
100..300;1;151291201;GACA;G;0.1809049993753433;155
100..300;1;151365227;T;C;0.2199310064315796;185
100..300;1;152110849;T;A;0.1831829994916916;240
100..300;1;152350656;T;G;0.1825100034475326;175
100..300;1;152358764;A;G;0.2900429964065552;150
100..300;1;152409586;T;C;0.204818993806839;125
100..300;1;152409644;T;C;0.1794870048761367;185
100..300;1;152719598;C;G;0.2140669971704483;225
100..300;1;152719996;C;A;0.2208119928836822;285
100..300;1;152720112;G;A;0.2351270020008087;245
100..300;1;152737689;T;G;0.4216519892215729;245
100..300;1;152759960;C;G;0.3844090104103088;265
100..300;1;152760825;A;T;0.3764710128307342;255
100..300;1;152972118;T;C;0.2122450023889541;175
100..300;1;153003019;A;G;0.2403849959373474;150
100..300;1;153032333;C;T;0.2036360055208206;195
100..300;1;153032372;C;T;0.1947740018367767;295
100..300;1;153418150;A;G;0.1753930002450943;255
100..300;1;153458959;G;T;0.195929005742073;250
100..300;1;153537414;C;T;0.1784390062093734;175
100..300;1;153615864;T;C;0.1326159983873367;180
100..300;1;154414549;C;T;0.1697250008583068;165
100..300;1;154429203;A;G;0.1336629986763;150
100..300;1;154572175;T;G;0.1865079998970031;155
100..300;1;154772331;G;C;0.1583009958267212;180
100..300;1;154772376;G;A;0.1595740020275116;135
100..300;1;154965759;C;G;0.189872995018959;170
100..300;1;154966186;C;T;0.2560000121593475;185
100..300;1;155023444;A;G;0.1666669994592666;160
100..300;1;155060832;A;G;0.2217739969491958;165
100..300;1;155134074;G;A;0.1314550042152404;145
100..300;1;155177242;A;G;0.1804880052804947;135
100..300;1;155208991;A;T;0.1453489959239959;115
100..300;1;155216938;T;C;0.1991049945354461;275
100..300;1;155321462;T;C;0.1731600016355514;165
100..300;1;155752120;T;C;0.1894740015268325;130
100..300;1;155763567;A;G;0.2009799927473068;145
100..300;1;156134501;A;G;0.2036200016736984;145
100..300;1;156137743;T;C;0.2362869977951049;155
100..300;1;156158429;C;T;0.2145590037107467;185
100..300;1;156232382;G;A;0.3649289906024933;140
100..300;1;156236330;A;G;0.1541099995374679;195
100..300;1;156294857;T;C;0.199084997177124;285
100..300;1;156344706;T;C;0.1858969926834106;105
100..300;1;156377340;A;G;0.1424330025911331;220
100..300;1;156530336;C;T;0.4046239852905273;125
100..300;1;156548587;A;G;0.359375;180
100..300;1;156815190;C;T;0.3277589976787567;200
100..300;1;156815825;A;G;0.3605020046234131;210
100..300;1;156815987;A;G;0.4087840020656585;210
100..300;1;156876441;A;G;0.1794870048761367;185
100..300;1;156903935;A;G;0.1710209995508194;290
100..300;1;156908005;A;C;0.211339995265007;255
100..300;1;156908739;C;T;0.1222219988703727;290
100..300;1;156908945;C;T;0.1657460033893585;130
100..300;1;156909740;T;C;0.2054049968719482;120
100..300;1;156909788;T;C;0.2020200043916702;185
100..300;1;156913204;C;G;0.1906349956989288;195
100..300;1;156913423;A;C;0.1723300069570541;275
100..300;1;156914792;T;C;0.1915889978408813;140
100..300;1;156920880;C;T;0.1546050012111663;205
100..300;1;156932430;A;G;0.1464170068502426;200
100..300;1;156932489;G;T;0.1558070033788681;230
100..300;1;156937239;T;C;0.1696970015764236;120
100..300;1;156939903;A;G;0.2885569930076599;135
100..300;1;156969275;A;G;0.1736840009689331;130
100..300;1;157059407;G;A;0.1778980046510696;255
100..300;1;157587911;A;G;0.4031409919261932;130
100..300;1;157589332;T;C;0.3757399916648865;220
100..300;1;157630127;G;A;0.4691779911518097;200
100..300;1;157630147;A;T;0.4851849973201751;185
100..300;1;158578998;G;A;0.2259889990091323;240
100..300;1;158607377;T;A;0.1868129968643188;130
100..300;1;158674315;A;T;0.3732390105724334;105
100..300;1;158765805;T;C;0.4691939949989319;150
100..300;1;158765901;C;T;0.4238680005073547;170
100..300;1;158765950;G;A;0.4204550087451935;180
100..300;1;158766102;G;A;0.4503310024738312;210
100..300;1;158766655;T;C;0.472923994064331;185
100..300;1;159016687;C;G;0.1818179935216903;175
100..300;1;159032587;A;C;0.2623459994792938;225
100..300;1;159032599;A;T;0.2594749927520752;240
100..300;1;159440550;A;T;0.2079509943723678;225
100..300;1;159535311;A;G;0.1722220033407211;250
100..300;1;159806576;A;G;0.1991530060768127;150
100..300;1;159809120;A;G;0.2000000029802322;260
100..300;1;159809193;C;T;0.2020909935235977;200
100..300;1;159815623;T;C;0.2077919989824295;165
100..300;1;159815635;G;A;0.2126699984073639;155
100..300;1;159884461;C;T;0.2333330065011978;135
100..300;1;160130411;G;C;0.193693995475769;165
100..300;1;160166560;A;G;0.1732279956340789;250
100..300;1;160425147;C;A;0.2283740043640136;205
100..300;1;160425213;A;G;0.1835619956254959;245
100..300;1;160816880;G;A;0.2181819975376129;115
100..300;1;161000299;T;C;0.1305840015411377;190
100..300;1;161099046;C;A;0.1594199985265731;145
100..300;1;161160911;T;C;0.1845639944076538;215
100..300;1;161166434;A;C;0.1858109980821609;195
100..300;1;161193247;C;T;0.1731449961662292;185
100..300;1;161193843;T;C;0.1702129989862442;195
100..300;1;161198214;T;C;0.1360950022935867;235
100..300;1;161379107;A;T;0.1568630039691925;155
100..300;1;161506414;T;C;0.1738100051879882;265
100..300;1;161506415;G;A;0.1742240041494369;265
100..300;1;161509809;A;G;0.1899999976158142;145
100..300;1;161510859;G;A;0.1938329935073852;150
100..300;1;161548543;T;A;0.1753250062465667;285
100..300;1;161711990;G;A;0.2570419907569885;195
100..300;1;161727282;C;G;0.1343279927968979;225
100..300;1;161727359;T;G;0.144893005490303;280
100..300;1;161781951;G;A;0.2264149934053421;110
100..300;1;162343945;T;C;0.1806720048189163;150
100..300;1;162365466;T;C;0.1732849925756454;190
100..300;1;162374312;T;C;0.1945530027151107;185
100..300;1;162397281;T;C;0.3809520006179809;120
100..300;1;162445636;T;C;0.1658290028572082;130
100..300;1;164357216;C;G;0.1694920063018798;200
100..300;1;164357352;G;T;0.2676770091056824;140
100..300;1;165249442;T;C;0.1971829980611801;145
100..300;1;165428878;C;T;0.2158049941062927;225
100..300;1;165679472;T;C;0.2105260044336319;135
100..300;1;166747404;C;A;0.5232560038566589;115
100..300;1;166747856;C;G;0.4191620051860809;130
100..300;1;166747861;CAAG;C;0.4329270124435425;130
100..300;1;167126528;A;G;0.1369509994983673;285
100..300;1;167697079;C;T;0.2393620014190673;140
100..300;1;167823118;A;G;0.1858740001916885;165
100..300;1;167845792;G;A;0.2218050062656402;190
100..300;1;167856368;G;A;0.1992339938879013;175
100..300;1;167870340;A;G;0.1818179935216903;170
100..300;1;167880176;G;A;0.1515150070190429;180
100..300;1;168576626;G;A;0.1610170006752014;110
100..300;1;168714238;T;C;0.2116180062294006;155
100..300;1;168938661;A;G;0.198863998055458;125
100..300;1;168938867;G;C;0.1578949987888336;120
100..300;1;169514323;C;T;0.2539680004119873;120
100..300;1;169542640;G;T;0.2192690074443817;220
100..300;1;169542801;C;T;0.1908400058746338;190
100..300;1;169544345;T;G;0.16423399746418;185
100..300;1;169546488;T;C;0.1872510015964508;160
100..300;1;169550656;A;G;0.1767439991235733;140
100..300;1;169552615;G;A;0.2402829974889755;175
100..300;1;169617043;T;C;0.1827960014343261;125
100..300;1;170166528;T;C;0.1459230035543441;155
100..300;1;170166619;C;T;0.2067800015211105;200
100..300;1;170166624;C;T;0.2195950001478195;200
100..300;1;170369796;G;C;0.398963987827301;135
100..300;1;170866621;A;G;0.4117650091648102;100
100..300;1;170958474;G;A;0.131068006157875;145
100..300;1;170989888;T;C;0.2091840058565139;130
100..300;1;170989947;T;C;0.2454549968242645;145
100..300;1;170996540;C;T;0.1924879997968673;145
100..300;1;171258077;C;T;0.2425249963998794;205
100..300;1;171334697;A;G;0.2233500033617019;130
100..300;1;171339693;G;A;0.234604001045227;245
100..300;1;171786042;A;G;0.175925999879837;150
100..300;1;171794409;T;C;0.2642489969730377;130
100..300;1;172532503;C;T;0.187049999833107;190
100..300;1;173503326;A;G;0.1639340072870254;120
100..300;1;173909694;C;T;0.177835002541542;275
100..300;1;173909724;C;T;0.1761659979820251;280
100..300;1;176616321;A;G;0.1640210002660751;120
100..300;1;177954305;G;T;0.203125;160
100..300;1;178747028;A;G;0.384211003780365;135
100..300;1;179085885;T;C;0.1522630006074905;175
100..300;1;179630866;G;A;0.2040819972753524;155
100..300;1;179630907;A;G;0.1729730069637298;125
100..300;1;179652089;A;G;0.1942149996757507;160
100..300;1;179662107;A;G;0.1770830005407333;130
100..300;1;179663401;G;A;0.2139919996261596;160
100..300;1;180044100;G;T;0.245614007115364;110
100..300;1;180084023;C;A;0.2751680016517639;105
100..300;1;180266593;T;C;0.1809519976377487;150
100..300;1;181049100;G;A;0.1304350048303604;155
100..300;1;181052347;T;C;0.1924290060997009;215
100..300;1;181055268;A;G;0.375;180
100..300;1;182057678;C;G;0.2109829932451248;240
100..300;1;182057887;T;C;0.2153850048780441;225
100..300;1;182575446;T;C;0.1477990001440048;215
100..300;1;182602142;T;C;0.2087379992008209;145
100..300;1;183130425;A;G;0.1766559928655624;210
100..300;1;185174589;G;A;0.1643839925527572;155
100..300;1;185202737;G;A;0.172775000333786;120
100..300;1;185226821;T;C;0.1505379974842071;135
100..300;1;185551468;A;G;0.3302330076694488;145
100..300;1;186057342;C;T;0.4769229888916015;130
100..300;1;186061909;T;C;0.482558012008667;115
100..300;1;186132407;G;A;0.2095810025930404;115
100..300;1;186144720;C;G;0.2666670083999634;110
100..300;1;186977737;G;A;0.2513090074062347;130
100..300;1;190764921;A;G;0.4364640116691589;110
100..300;1;191146508;T;C;0.2066670060157776;120
100..300;1;193020464;A;G;0.2762430012226105;120
100..300;1;193181089;G;A;0.313304990530014;170
100..300;1;196673103;A;G;0.2110390067100525;195
100..300;1;196685194;C;A;0.5454549789428711;140
100..300;1;196690107;T;C;0.4578950107097626;130
100..300;1;196713817;A;G;0.1019110009074211;100
100..300;1;196831912;T;G;0.2258059978485107;175
100..300;1;196831948;T;A;0.2237759977579116;165
100..300;1;196951018;T;C;0.2226279973983764;195
100..300;1;197159596;A;G;0.251255989074707;140
100..300;1;197927598;C;T;0.2207210063934326;150
100..300;1;198198157;C;T;0.1827410012483596;130
100..300;1;200407567;T;C;0.3900929987430572;240
100..300;1;200864089;C;T;0.1590909957885742;175
100..300;1;200908722;G;T;0.2229730039834976;105
100..300;1;201077934;A;G;0.1673309952020645;165
100..300;1;201197255;A;G;0.343284010887146;170
100..300;1;201206980;A;G;0.1624200046062469;225
100..300;1;201207840;G;A;0.2427749931812286;250
100..300;1;201208118;C;T;0.2137400060892105;185
100..300;1;201208150;T;C;0.2201489955186844;195
100..300;1;201208410;T;G;0.2420379966497421;225
100..300;1;201212792;T;G;0.1692710071802139;270
100..300;1;201214235;T;C;0.1304350048303604;110
100..300;1;201214274;C;T;0.1656440049409866;110
100..300;1;201215147;T;C;0.213929995894432;130
100..300;1;201283738;T;C;0.1462260037660598;150
100..300;1;201313445;G;A;0.2032520025968551;250
100..300;1;201361940;G;A;0.2000000029802322;190
100..300;1;201365667;T;C;0.234604001045227;225
100..300;1;201372047;C;CAGAAG;0.3818680047988891;240
100..300;1;201386541;C;T;0.1935479938983917;210
100..300;1;202012090;G;C;0.16109399497509;210
100..300;1;202012734;C;T;0.1343279927968979;230
100..300;1;202562613;T;C;0.3807109892368316;130
100..300;1;202605656;A;G;0.3433960080146789;180
100..300;1;203084742;T;C;0.0982659012079238;110
100..300;1;203183673;C;T;0.3594309985637665;190
100..300;1;203483281;A;G;0.2083330005407333;145
100..300;1;203483592;T;C;0.1960300058126449;280
100..300;1;203502991;A;G;0.2291669994592666;130
100..300;1;203799200;C;T;0.1794870048761367;200
100..300;1;203800404;A;G;0.1278540045022964;150
100..300;1;204126092;T;C;0.2000000029802322;220
100..300;1;204162058;G;T;0.3613710105419159;210
100..300;1;204190659;C;G;0.1416669934988021;160
100..300;1;204192819;T;C;0.2163269966840744;155
100..300;1;204202932;C;G;0.1546390056610107;180
100..300;1;204202968;A;G;0.1584160029888153;190
100..300;1;204618112;A;G;0.2222220003604889;280
100..300;1;204954892;T;C;0.2162159979343414;215
100..300;1;204975313;A;G;0.192452996969223;170
100..300;1;204975326;A;G;0.196491003036499;185
100..300;1;204975408;G;A;0.1777780055999755;145
100..300;1;204976686;T;C;0.1993239969015121;195
100..300;1;204976806;G;A;0.2012989968061447;205
100..300;1;204979531;G;A;0.402098000049591;200
100..300;1;204997300;G;C;0.3435289859771728;290
100..300;1;205058609;A;G;0.1404110044240951;200
100..300;1;205059695;AG;A;0.1785710006952285;155
100..300;1;205061988;T;C;0.2522520124912262;145
100..300;1;205303798;T;C;0.1861860007047653;235
100..300;1;205303855;G;C;0.1828570067882537;245
100..300;1;205339207;A;G;0.2109089940786361;185
100..300;1;205339240;T;C;0.1904760003089904;225
100..300;1;205351242;G;A;0.254144012928009;125
100..300;1;205351341;A;G;0.1586720049381256;180
100..300;1;205420525;T;C;0.1686750054359436;110
100..300;1;205620446;T;C;0.1804729998111724;240
100..300;1;206012565;G;A;0.1589400023221969;215
100..300;1;206013858;G;A;0.1434260010719299;170
100..300;1;206476722;G;A;0.2000000029802322;195
100..300;1;206477764;A;G;0.1993869990110397;210
100..300;1;206584745;T;A;0.3535909950733185;125
100..300;1;207113036;A;C;0.1827960014343261;120
100..300;1;207126725;A;G;0.2121209949254989;155
100..300;1;207480019;G;A;0.2154700011014938;120
100..300;1;207505962;G;A;0.1468929946422577;215
100..300;1;207609362;G;A;0.1893939971923828;185
100..300;1;207621975;G;A;0.2303030043840408;110
100..300;1;209611861;A;G;0.1524160057306289;190
100..300;1;209638541;G;T;0.1371680051088333;150
100..300;1;210265655;T;G;0.1104289963841438;115
100..300;1;210861363;C;T;0.2352939993143081;130
100..300;1;211663410;A;G;0.1409399956464767;100
100..300;1;212100264;A;G;0.172775000333786;140
100..300;1;214652853;A;G;0.1000000014901161;130
100..300;1;214657249;G;A;0.2093019932508468;215
100..300;1;215580012;G;T;0.183007001876831;100
100..300;1;215671031;T;C;0.2127660065889358;195
100..300;1;216175422;T;C;0.4830920100212097;135
100..300;1;220314315;T;C;0.1590909957885742;130
100..300;1;220882121;A;G;0.151419997215271;210
100..300;1;220884304;T;C;0.1513649970293045;275
100..300;1;220884320;A;G;0.136584997177124;275
100..300;1;221739466;C;T;0.1902309954166412;280
100..300;1;222540161;G;C;0.1566269993782043;220
100..300;1;222660196;G;C;0.2248519957065582;120
100..300;1;223005219;C;A;0.4085710048675537;240
100..300;1;223111186;G;A;0.1631940007209777;195
100..300;1;223626980;T;A;0.2268040031194687;135
100..300;1;223761612;C;G;0.2083330005407333;185
100..300;1;223766378;C;A;0.1918819993734359;175
100..300;1;223772257;A;G;0.16423399746418;185
100..300;1;223792505;C;G;0.1844259947538375;150
100..300;1;223802264;T;C;0.2134830057621002;115
100..300;1;223821211;A;G;0.1612900048494339;175
100..300;1;223863737;T;C;0.3911289870738983;195
100..300;1;223863759;G;A;0.2071429938077926;220
100..300;1;223864224;C;T;0.2179490029811859;270
100..300;1;224574664;G;C;0.1666669994592666;205
100..300;1;225340481;A;C;0.2556819915771484;115
100..300;1;225345982;G;A;0.2162159979343414;130
100..300;1;225346517;C;T;0.2822969853878021;140
100..300;1;225398572;T;G;0.1584910005331039;185
100..300;1;225838705;G;A;0.1633989959955215;205
100..300;1;225844528;T;C;0.1744190007448196;170
100..300;1;225847208;A;G;0.1650490015745163;140
100..300;1;225877491;C;G;0.1631209999322891;190
100..300;1;226164797;G;T;0.3480390012264251;135
100..300;1;226367601;G;A;0.3614029884338379;185
100..300;1;226383066;A;G;0.1576920002698898;170
100..300;1;226402257;A;G;0.4133740067481994;220
100..300;1;226961502;A;G;0.1782950013875961;170
100..300;1;227434310;G;A;0.1491529941558838;200
100..300;1;228097290;T;C;0.1725489944219589;190
100..300;1;228174981;A;G;0.1565839946269989;200
100..300;1;228214807;T;C;0.1697250008583068;150
100..300;1;228219309;T;C;0.2109089940786361;205
100..300;1;228276602;T;G;0.1213110014796257;205
100..300;1;228277645;G;A;0.1861110031604766;245
100..300;1;228283678;C;G;0.1498710066080093;265
100..300;1;228307089;A;G;0.1403509974479675;225
100..300;1;228315976;G;A;0.1473679989576339;265
100..300;1;228316771;C;T;0.1294959932565689;190
100..300;1;228317967;G;C;0.2341140061616897;210
100..300;1;228317998;C;T;0.1982250064611435;225
100..300;1;228321726;G;A;0.2437669932842254;245
100..300;1;228333179;T;C;0.1564629971981048;100
100..300;1;228333272;G;C;0.1643189936876297;145
100..300;1;228337260;A;C;0.2151390016078949;165
100..300;1;228337926;A;C;0.1827960014343261;130
100..300;1;228338964;C;T;0.1731339991092682;225
100..300;1;228340711;A;G;0.1459850072860717;100
100..300;1;228340862;G;C;0.225610002875328;105
100..300;1;228374649;C;T;0.1742859929800033;235
100..300;1;229531657;G;C;0.1580879986286163;180
100..300;1;229651283;A;G;0.2000000029802322;100
100..300;1;230219692;T;C;0.1654929965734481;190
100..300;1;230249191;C;T;0.2074690014123916;165
100..300;1;230279402;A;G;0.1607629954814911;240
100..300;1;230710048;G;A;0.1714289933443069;170
100..300;1;231241060;C;G;0.1795919984579086;165
100..300;1;232319657;T;C;0.2328770011663437;150
100..300;1;232399211;C;T;0.167832002043724;185
100..300;1;232425650;C;T;0.1739130020141601;215
100..300;1;232428551;A;T;0.2046509981155395;140
100..300;1;232439175;C;T;0.3787879943847656;220
100..300;1;232445690;A;G;0.356667011976242;205
100..300;1;232462241;A;T;0.5141239762306213;115
100..300;1;232950710;C;T;0.143885001540184;195
100..300;1;232986045;A;G;0.1385869979858398;250
100..300;1;232986381;T;C;0.2073169946670532;235
100..300;1;232998340;T;C;0.1995009928941726;260
100..300;1;233362280;T;C;0.1502349972724914;145
100..300;1;233905571;T;C;0.1519429981708526;200
100..300;1;234446905;C;T;0.3276599943637848;160
100..300;1;234448485;T;C;0.4751130044460296;145
100..300;1;234608504;A;G;0.2258059978485107;140
100..300;1;235160983;C;T;0.1853789985179901;270
100..300;1;235161230;A;T;0.1609759926795959;145
100..300;1;235427244;A;G;0.1774190068244934;120
100..300;1;235777150;T;C;0.188072994351387;145
100..300;1;235781994;C;T;0.2669320106506347;175
100..300;1;235809135;C;T;0.1879999935626983;175
100..300;1;235809567;C;T;0.1875;225
100..300;1;235977874;C;T;0.2796609997749328;160
100..300;1;235981651;G;A;0.1069959998130798;170
100..300;1;235990886;T;C;0.245398998260498;115
100..300;1;235991065;T;G;0.2538860142230987;125
100..300;1;237454457;T;C;0.4393309950828552;160
100..300;1;240329434;A;G;0.1792449951171875;140
100..300;1;241548834;T;C;0.3288590013980865;100
100..300;1;241592046;T;C;0.1950349956750869;185
100..300;1;241860596;G;A;0.1683849990367889;195
100..300;1;241870961;G;A;0.2541669905185699;160
100..300;1;241872136;A;G;0.1485510021448135;185
100..300;1;241993647;T;C;0.1558440029621124;100
100..300;1;243415810;A;G;0.2006690055131912;200
100..300;1;244560790;A;G;0.1851850003004074;150
100..300;1;244572556;G;A;0.211008995771408;230
100..300;1;244583848;A;G;0.2300470024347305;140
100..300;1;247257119;T;C;0.1884620040655136;180
100..300;1;247491196;A;G;0.1646489948034286;285
100..300;1;247588859;C;T;0.1659570038318634;170
100..300;1;247672648;C;T;0.2664090096950531;180
100..300;1;247712306;G;C;0.2048610001802444;200
100..300;1;247723647;C;T;0.2370129972696304;220
100..300;1;247840994;G;A;0.2333330065011978;115
100..300;1;247875992;A;G;0.2202800065279007;195
100..300;1;247876149;T;C;0.2058050036430359;265
100..300;1;247991045;T;C;0.2342859953641891;240
100..300;1;248038987;C;T;0.226743996143341;240
100..300;1;248204004;A;T;0.2949999868869781;140
100..300;1;248323998;T;C;0.4950500130653381;210
100..300;1;248348762;G;T;0.3439149856567383;140
100..300;1;248348792;T;C;0.372092992067337;180
100..300;1;248349335;T;C;0.4581939876079559;215
100..300;1;248349447;A;G;0.4558300077915191;205
100..300;1;248349465;T;G;0.4362930059432983;185
100..300;1;248681658;C;T;0.2202170044183731;210
100..300;1;248682055;T;G;0.1793610006570816;275
100..300;10;864285;G;A;0.3235290050506592;125
100..300;10;988472;T;C;0.1619430035352707;165
100..300;10;1124364;G;C;0.1764709949493408;130
100..300;10;3103963;G;C;0.1157409995794296;160
100..300;10;3129953;T;C;0.2068970054388046;155
100..300;10;3147974;A;C;0.2111800014972686;115
100..300;10;3149631;T;C;0.1785710006952285;180
100..300;10;5094459;G;C;0.2195120006799698;135
100..300;10;5099417;T;C;0.1757809966802597;165
100..300;10;5107511;A;G;0.1597629934549331;105
100..300;10;5200074;T;C;0.2390239983797073;145
100..300;10;5525403;A;G;0.1482349932193756;285
100..300;10;5761405;G;A;0.2279790043830871;125
100..300;10;5943662;A;C;0.1866669952869415;190
100..300;10;6021545;A;G;0.1461540013551712;185
100..300;10;6024237;G;C;0.1928250044584274;155
100..300;10;7348338;G;A;0.1904760003089904;135
100..300;10;8161339;C;T;0.1512199938297271;140
100..300;10;8161346;A;C;0.1414629966020584;140
100..300;10;8161512;T;G;0.2252960056066513;180
100..300;10;8161641;A;C;0.2160000056028366;180
100..300;10;8161722;A;T;0.208633005619049;195
100..300;10;8620212;A;G;0.245398998260498;120
100..300;10;11257772;T;A;0.1688890010118484;145
100..300;10;11463176;G;A;0.2140350043773651;210
100..300;10;11755501;A;G;0.1907220035791397;135
100..300;10;12250349;T;G;0.1463409960269928;160
100..300;10;13058204;C;T;0.2249999940395355;145
100..300;10;13058441;C;A;0.1773400008678436;150
100..300;10;13172753;C;G;0.2284640073776245;170
100..300;10;13183119;A;G;0.1702129989862442;125
100..300;10;13188934;T;C;0.1428570002317428;160
100..300;10;13192356;T;A;0.1890909969806671;190
100..300;10;14843599;T;C;0.2083330005407333;230
100..300;10;14901177;G;C;0.1684779971837997;125
100..300;10;14932844;A;G;0.1735849976539611;165
100..300;10;14932906;C;T;0.2145210057497024;195
100..300;10;14934728;C;G;0.2521370053291321;155
100..300;10;14987265;G;A;0.2675159871578216;105
100..300;10;14999862;A;G;0.1512349992990493;180
100..300;10;14999909;A;C;0.3244050145149231;190
100..300;10;15008689;A;G;0.4298639893531799;150
100..300;10;15008801;C;T;0.1842110008001327;100
100..300;10;15015375;A;G;0.1935479938983917;120
100..300;10;15064442;G;A;0.1681420058012008;145
100..300;10;15684089;T;C;0.1476189941167831;140
100..300;10;16505059;G;A;0.2399999946355819;160
100..300;10;16520601;A;G;0.1590909957885742;220
100..300;10;16840519;C;T;0.327800989151001;165
100..300;10;17594310;A;G;0.3407819867134094;110
100..300;10;17714597;C;T;0.1928250044584274;150
100..300;10;19204380;A;G;0.2352939993143081;100
100..300;10;19387624;G;A;0.2175730019807815;160
100..300;10;19387632;A;G;0.225941002368927;160
100..300;10;19489053;A;G;0.2068970054388046;220
100..300;10;20785795;C;T;0.1743769943714141;185
100..300;10;20831187;G;A;0.2514620125293731;115
100..300;10;23002023;T;C;0.1605499982833862;150
100..300;10;23119349;T;C;0.1659920066595077;175
100..300;10;24433017;C;A;0.366254985332489;165
100..300;10;25023760;G;A;0.486187994480133;140
100..300;10;25024889;T;C;0.4809519946575165;155
100..300;10;26088402;T;C;0.2205879986286163;100
100..300;10;26173861;A;G;0.4190869927406311;175
100..300;10;26216893;A;G;0.2954550087451935;115
100..300;10;27014676;T;A;0.25;110
100..300;10;27028911;T;C;0.1907510012388229;110
100..300;10;27112127;T;C;0.2032970041036605;120
100..300;10;27134815;C;T;0.2325579971075058;115
100..300;10;27145554;A;G;0.1242939978837966;115
100..300;10;27149035;C;T;0.2192510068416595;120
100..300;10;27247771;T;TTAGA;0.2645739912986755;170
100..300;10;27413240;T;C;0.1944440007209777;270
100..300;10;27413759;T;C;0.1481480002403259;210
100..300;10;27413796;G;A;0.1447370052337646;220
100..300;10;28340914;A;G;0.1234569996595382;155
100..300;10;29292511;T;C;0.2418030053377151;165
100..300;10;29458292;A;G;0.2000000029802322;205
100..300;10;29465606;A;G;0.1953639984130859;190
100..300;10;29480718;A;G;0.1718380004167556;280
100..300;10;29481622;G;A;0.1433819979429245;170
100..300;10;29488629;A;G;0.1746030002832412;110
100..300;10;29532160;T;C;0.3684209883213043;150
100..300;10;29532594;C;T;0.4059830009937286;165
100..300;10;29533230;C;T;0.3284020125865936;250
100..300;10;29550584;G;A;0.447513997554779;130
100..300;10;29550858;G;A;0.3939389884471893;240
100..300;10;29551109;G;A;0.3425410091876983;250
100..300;10;29551235;G;A;0.2920350134372711;145
100..300;10;29554904;T;C;0.4375;205
100..300;10;30027279;C;T;0.1741939932107925;230
100..300;10;30027943;C;T;0.1810809969902038;270
100..300;10;30340297;A;G;0.1075270026922226;180
100..300;10;30380438;A;G;0.2115380018949508;180
100..300;10;30845285;G;A;0.1671089977025985;255
100..300;10;32567818;C;A;0.1968089938163757;125
100..300;10;32583192;T;C;0.2012989968061447;105
100..300;10;32848623;C;T;0.2339179962873459;110
100..300;10;33057769;G;C;0.2051279991865158;195
100..300;10;33180253;G;A;0.1920730024576187;220
100..300;10;33186354;T;C;0.1836729943752288;240
100..300;10;33206339;T;C;0.390625;130
100..300;10;33213312;T;C;0.2157679945230484;180
100..300;10;33221735;A;G;0.3548389971256256;145
100..300;10;33221840;A;G;0.3147409856319427;160
100..300;10;33263767;T;C;0.2061859965324401;135
100..300;10;36523323;T;C;0.1881189942359924;210
100..300;10;36523951;G;A;0.2089039981365203;210
100..300;10;42566985;A;G;0.1585370004177093;175
100..300;10;42785641;C;T;0.2214290052652359;185
100..300;10;42817359;T;C;0.1748629957437515;100
100..300;10;42823749;A;G;0.2189050018787384;125
100..300;10;43110169;TG;T;0.2258059978485107;105
100..300;10;43387894;A;T;0.3000000119209289;115
100..300;10;43481535;C;T;0.1708540022373199;150
100..300;10;43605076;G;C;0.3741939961910248;230
100..300;10;43616358;A;G;0.4124999940395355;170
100..300;10;43616797;A;G;0.3673470020294189;215
100..300;10;44293378;T;C;0.1725070029497146;250
100..300;10;44297907;A;G;0.2259889990091323;120
100..300;10;44890598;C;T;0.1642860025167465;185
100..300;10;45374300;T;C;0.119047999382019;120
100..300;10;45458319;G;A;0.1564989984035492;255
100..300;10;45463408;C;G;0.1411409974098205;235
100..300;10;45463433;C;A;0.1428570002317428;240
100..300;10;45750852;G;A;0.1560000032186508;125
100..300;10;45788964;A;G;0.1967960000038147;100
100..300;10;46012928;A;G;0.1531910002231598;155
100..300;10;46027444;C;A;0.1543859988451004;175
100..300;10;46297471;C;T;0.1942149996757507;165
100..300;10;46297485;A;G;0.206277996301651;150
100..300;10;46298041;G;C;0.1558440029621124;145
100..300;10;48211965;C;T;0.1484719961881637;150
100..300;10;48232303;T;C;0.1597220003604889;105
100..300;10;48239677;A;G;0.1277370005846023;185
100..300;10;48451601;G;A;0.2091840058565139;140
100..300;10;48455141;A;G;0.1943569928407669;205
100..300;10;48634610;T;C;0.317918986082077;115
100..300;10;48760447;A;G;0.2419349998235702;120
100..300;10;48790779;T;C;0.2304529994726181;155
100..300;10;48805357;C;T;0.1789139956235885;210
100..300;10;48813995;A;G;0.1722220033407211;115
100..300;10;48817401;T;G;0.161653995513916;185
100..300;10;48820263;T;C;0.1876920014619827;215
100..300;10;48826788;A;G;0.2147440016269683;210
100..300;10;48830833;C;G;0.1584160029888153;200
100..300;10;48890694;C;G;0.188741996884346;200
100..300;10;48913409;A;G;0.1187049970030784;195
100..300;10;48964066;T;C;0.2565450072288513;125
100..300;10;48976904;T;C;0.2356320023536682;235
100..300;10;48978370;T;C;0.1923079937696457;175
100..300;10;49616071;A;G;0.1929820030927658;185
100..300;10;49616573;A;G;0.151078999042511;180
100..300;10;49752163;A;G;0.2146120071411132;145
100..300;10;50151765;C;A;0.1860470026731491;120
100..300;10;50265073;GA;G;0.1580879986286163;210
100..300;10;50265841;T;G;0.2044029980897903;225
100..300;10;50679198;A;G;0.2193730026483535;240
100..300;10;50727636;C;T;0.190322995185852;140
100..300;10;50727946;T;C;0.2238810062408447;180
100..300;10;50809877;A;G;0.2138729989528656;115
100..300;10;52411553;T;C;0.1500000059604644;130
100..300;10;52411946;T;G;0.2247190028429031;125
100..300;10;52412414;A;G;0.2067310065031051;150
100..300;10;52412851;T;C;0.185366004705429;125
100..300;10;52413009;A;G;0.2075469940900802;105
100..300;10;52413055;A;C;0.1755730062723159;100
100..300;10;53809212;G;T;0.1497800052165985;165
100..300;10;53823145;T;G;0.2119569927453994;135
100..300;10;54132882;C;T;0.3228699862957001;145
100..300;10;55599937;T;C;0.3020829856395721;120
100..300;10;58517789;C;A;0.2285709977149963;110
100..300;10;59654253;T;G;0.219879999756813;225
100..300;10;59654418;A;G;0.2379309982061386;205
100..300;10;60071893;G;C;0.2177120000123977;200
100..300;10;62198353;C;T;0.2433629930019378;155
100..300;10;62218221;T;C;0.2229730039834976;100
100..300;10;62399574;T;G;0.1671829968690872;225
100..300;10;63168063;G;C;0.2209299951791763;110
100..300;10;66379281;A;G;0.1821859925985336;160
100..300;10;68174164;A;G;0.1346150040626526;220
100..300;10;68174212;A;G;0.1337389945983886;225
100..300;10;68174501;G;C;0.339491993188858;295
100..300;10;68199485;A;C;0.1830990016460418;195
100..300;10;68341660;C;G;0.2077919989824295;165
100..300;10;68414950;A;T;0.2634150087833404;140
100..300;10;68572915;A;T;0.1260160058736801;180
100..300;10;68573105;T;C;0.1447809934616089;215
100..300;10;68632376;T;C;0.1803279966115951;250
100..300;10;68632380;G;A;0.1761520057916641;250
100..300;10;68632618;A;G;0.2014649957418441;190
100..300;10;68645480;A;G;0.1973239928483963;220
100..300;10;68645782;G;A;0.1857710033655166;195
100..300;10;68645784;G;A;0.1835940033197403;200
100..300;10;68885620;C;A;0.2433460056781768;195
100..300;10;68885941;T;C;0.1859840005636215;260
100..300;10;69097207;G;C;0.1129710003733635;155
100..300;10;69133035;T;C;0.4640879929065704;125
100..300;10;69186084;T;C;0.3554500043392181;135
100..300;10;69232908;T;C;0.3874540030956268;190
100..300;10;69250619;T;C;0.1691540032625198;135
100..300;10;70114927;A;G;0.2666670083999634;120
100..300;10;70114978;A;G;0.2262769937515258;190
100..300;10;70115110;C;T;0.1825399994850158;175
100..300;10;70121102;G;A;0.1749999970197677;135
100..300;10;70255023;A;G;0.1692309975624084;165
100..300;10;70255107;A;G;0.2037039995193481;110
100..300;10;70255817;G;T;0.1387760043144226;170
100..300;10;70566644;A;G;0.2196969985961914;175
100..300;10;70758074;A;G;0.1835940033197403;180
100..300;10;70758253;G;A;0.1834859997034073;150
100..300;10;71322806;G;A;0.1538459956645965;210
100..300;10;71675131;C;G;0.3377479910850525;210
100..300;10;71773420;G;A;0.2768360078334808;115
100..300;10;71791212;A;G;0.3533329963684082;195
100..300;10;71798371;A;G;0.170305997133255;155
100..300;10;71799095;G;A;0.3882350027561188;115
100..300;10;71799129;A;G;0.3754790127277374;175
100..300;10;71799195;T;C;0.3838709890842438;200
100..300;10;71802987;A;G;0.3591949939727783;225
100..300;10;71810577;A;G;0.1783780008554458;115
100..300;10;71815086;A;G;0.1742859929800033;240
100..300;10;71819125;C;T;0.2570089995861053;140
100..300;10;71819460;T;C;0.1715690046548843;135
100..300;10;71851225;A;G;0.1475410014390945;200
100..300;10;72008101;A;G;0.1111110001802444;105
100..300;10;73122193;A;G;0.1992029994726181;170
100..300;10;73911598;T;G;0.1472869962453842;180
100..300;10;74655751;T;G;0.1527269929647445;180
100..300;10;77184832;A;G;0.1800950020551681;140
100..300;10;77780830;C;T;0.198171004652977;225
100..300;10;77781211;C;T;0.1638229936361313;210
100..300;10;79300717;C;T;0.2471909970045089;185
100..300;10;79557289;T;G;0.1846970021724701;180
100..300;10;79559702;T;C;0.1464439928531646;105
100..300;10;79684078;A;G;0.1318680047988891;125
100..300;10;79685104;C;T;0.0745342001318931;100
100..300;10;79892150;G;A;0.2326730042695999;140
100..300;10;79946568;G;A;0.2000000029802322;195
100..300;10;80081936;T;G;0.2125000059604644;125
100..300;10;80090851;A;C;0.1629959940910339;150
100..300;10;80166110;C;T;0.1505379974842071;120
100..300;10;80363037;A;G;0.1868129968643188;170
100..300;10;80609463;A;T;0.190871000289917;165
100..300;10;84212287;G;A;0.204473003745079;205
100..300;10;84219183;A;G;0.1848479956388473;220
100..300;10;84219235;T;C;0.186379998922348;195
100..300;10;84222045;G;T;0.204473003745079;215
100..300;10;84391385;G;C;0.2634919881820678;220
100..300;10;86138972;A;G;0.1822219938039779;160
100..300;10;86706708;T;C;0.2264810055494308;195
100..300;10;86945549;G;T;0.2250919938087463;195
100..300;10;86960032;G;C;0.1518989950418472;205
100..300;10;86962641;T;A;0.145455002784729;105
100..300;10;88673588;A;T;0.2222220003604889;110
100..300;10;88913267;A;G;0.1971330046653747;195
100..300;10;89206636;A;G;0.1978020071983337;195
100..300;10;89462530;C;A;0.1985819935798645;190
100..300;10;89593209;A;G;0.1739130020141601;165
100..300;10;89611689;A;G;0.1666669994592666;100
100..300;10;89709168;G;C;0.1724140048027038;100
100..300;10;89762791;G;A;0.2638039886951446;105
100..300;10;89978799;A;C;0.2033900022506714;170
100..300;10;91054274;T;C;0.4147469997406006;150
100..300;10;92118852;G;A;0.2537310123443603;155
100..300;10;92935798;A;G;0.4756099879741668;105
100..300;10;93062929;T;C;0.3306449949741363;135
100..300;10;93209573;T;C;0.1572329998016357;110
100..300;10;93284086;G;T;0.1321839988231659;105
100..300;10;93284104;T;TC;0.1313129961490631;120
100..300;10;93284178;A;G;0.1821710020303726;160
100..300;10;93402356;C;G;0.2154700011014938;115
100..300;10;93635607;G;C;0.3627910017967224;145
100..300;10;94344908;G;T;0.253807008266449;130
100..300;10;94733301;T;C;0.1937170028686523;125
100..300;10;94842865;T;C;0.1906349956989288;190
100..300;10;94941844;C;G;0.2036200016736984;160
100..300;10;94942290;T;C;0.2293139994144439;250
100..300;10;95038992;C;T;0.3028570115566253;115
100..300;10;95067273;T;C;0.2185930013656616;275
100..300;10;95067362;TA;T;0.257627010345459;240
100..300;10;95067421;C;T;0.4798389971256256;200
100..300;10;95184154;G;A;0.143885001540184;105
100..300;10;95194541;G;A;0.1824820041656494;175
100..300;10;95207197;G;GT;0.2638039886951446;130
100..300;10;95238701;T;C;0.1649480015039444;130
100..300;10;95315130;C;T;0.2000000029802322;120
100..300;10;95687616;T;A;0.1674879938364029;140
100..300;10;96189816;C;A;0.1875;155
100..300;10;96609779;G;A;0.1796610057353973;185
100..300;10;96620380;C;T;0.1868129968643188;120
100..300;10;97357146;T;C;0.171205997467041;170
100..300;10;97469742;T;C;0.2136750072240829;155
100..300;10;97616335;C;T;0.1428570002317428;190
100..300;10;97616395;G;A;0.1917099952697754;135
100..300;10;97633477;A;G;0.1673150062561035;170
100..300;10;97651033;C;T;0.1516129970550537;195
100..300;10;97679603;A;G;0.1717170029878616;140
100..300;10;98261123;T;C;0.1875;130
100..300;10;98262226;A;G;0.1560689955949783;120
100..300;10;98431163;A;G;0.2119400054216385;215
100..300;10;99235506;A;G;0.1538459956645965;155
100..300;10;99368605;A;C;0.1435900032520294;125
100..300;10;99387935;A;G;0.1947669982910156;215
100..300;10;99387963;T;C;0.1873019933700561;200
100..300;10;99685834;C;A;0.1597220003604889;200
100..300;10;99691502;C;T;0.2188840061426162;150
100..300;10;99830862;T;C;0.187049999833107;100
100..300;10;99836239;A;T;0.1948049962520599;205
100..300;10;99845793;C;G;0.1923079937696457;145
100..300;10;99847104;T;G;0.2000000029802322;130
100..300;10;99850776;T;C;0.1984730064868927;175
100..300;10;99850808;A;G;0.2205879986286163;145
100..300;10;99851537;A;G;0.2258059978485107;160
100..300;10;100204555;A;G;0.1604280024766922;120
100..300;10;100746313;C;G;0.3190790116786957;210
100..300;10;100973056;C;A;0.1939660012722015;170
100..300;10;100983737;A;G;0.1604479998350143;195
100..300;10;100986746;T;C;0.1700289994478225;260
100..300;10;100990864;T;C;0.1620370000600814;145
100..300;10;100990866;C;T;0.1674209982156753;145
100..300;10;100991026;A;C;0.1343279927968979;180
100..300;10;101006817;G;A;0.3233700096607208;240
100..300;10;101489279;G;A;0.2834219932556152;125
100..300;10;101521877;G;C;0.1705880016088485;120
100..300;10;101608897;C;T;0.1556600034236908;140
100..300;10;102424324;A;G;0.2000000029802322;150
100..300;10;102425196;G;C;0.3209879994392395;100
100..300;10;102470028;T;C;0.2837840020656585;145
100..300;10;102471297;G;A;0.335640013217926;185
100..300;10;102472959;A;G;0.4652409851551056;120
100..300;10;102504350;T;C;0.2787609994411468;145
100..300;10;103054405;C;T;0.1713290065526962;195
100..300;10;103076290;C;T;0.1543619930744171;110
100..300;10;103089711;A;G;0.188741996884346;205
100..300;10;103350983;AGGAGGC;A;0.09375;120
100..300;10;103409825;G;A;0.179190993309021;115
100..300;10;103417888;T;G;0.1865440011024475;220
100..300;10;103434329;T;C;0.2020550072193145;195
100..300;10;103441808;A;G;0.2275130003690719;125
100..300;10;103441820;T;C;0.2184469997882843;135
100..300;10;103444697;C;T;0.1986750066280365;110
100..300;10;103445545;C;A;0.2165900021791458;150
100..300;10;103602347;A;G;0.1785710006952285;250
100..300;10;104315323;A;G;0.2043009996414184;260
100..300;10;106579358;C;G;0.2093749940395355;220
100..300;10;106607262;T;C;0.2007720023393631;165
100..300;10;109877877;C;A;0.1448599994182586;155
100..300;10;110810372;C;G;0.198863998055458;115
100..300;10;112299572;T;TCTCTGTTTTC;0.2073729932308197;155
100..300;10;112440597;A;G;0.1958760023117065;195
100..300;10;113604826;G;A;0.2194440066814422;250
100..300;10;113634189;T;C;0.2175730019807815;150
100..300;10;113650081;T;C;0.1822659969329834;135
100..300;10;113651839;A;C;0.2192980051040649;145
100..300;10;113653034;G;A;0.2410259991884231;130
100..300;10;113654142;C;T;0.2184469997882843;135
100..300;10;113679881;C;CTT;0.1496350020170211;195
100..300;10;113729393;G;C;0.1407410055398941;180
100..300;10;113729408;A;G;0.1433449983596801;190
100..300;10;114045297;C;G;0.2297299951314926;100
100..300;10;114272760;G;A;0.1347150057554245;135
100..300;10;114959739;C;T;0.1443849951028823;120
100..300;10;115727253;T;G;0.1550000011920929;130
100..300;10;116128914;T;C;0.1632650047540664;130
100..300;10;116469251;C;T;0.2395830005407333;125
100..300;10;116471793;G;A;0.163792997598648;155
100..300;10;116591902;G;A;0.1637630015611648;190
100..300;10;116609094;C;T;0.1842110008001327;175
100..300;10;117197516;G;A;0.1772730052471161;150
100..300;10;117374457;C;G;0.1790540069341659;205
100..300;10;117374547;C;T;0.1370970010757446;260
100..300;10;119155180;A;G;0.1931820064783096;125
100..300;10;121580593;G;A;0.1774889975786209;165
100..300;10;121713659;G;A;0.201550006866455;100
100..300;10;121790176;G;T;0.2243900001049041;135
100..300;10;122085600;A;G;0.1518989950418472;225
100..300;10;122143618;A;G;0.1762589961290359;180
100..300;10;122211054;T;C;0.1958760023117065;285
100..300;10;122211207;A;T;0.1786600053310394;285
100..300;10;122454735;A;G;0.2068970054388046;120
100..300;10;122456894;G;A;0.1611369997262954;140
100..300;10;122983342;A;G;0.2313729971647262;160
100..300;10;123768532;A;G;0.1330049932003021;145
100..300;10;123842505;T;C;0.2427749931812286;125
100..300;10;124489924;G;GA;0.1741070002317428;180
100..300;10;124490356;C;A;0.2195120006799698;250
100..300;10;124981787;A;G;0.2421520054340362;145
100..300;10;125026585;G;A;0.3473950028419494;275
100..300;10;125027060;T;C;0.2979350090026855;255
100..300;10;125796084;A;G;0.2197310030460357;150
100..300;10;125841756;C;T;0.1677850037813186;100
100..300;10;125988805;G;A;0.1619430035352707;185
100..300;10;127176357;T;C;0.279244989156723;180
100..300;10;127362194;A;G;0.1728399991989135;170
100..300;10;127444291;A;G;0.1464969962835312;110
100..300;10;127552592;C;G;0.1656250059604644;210
100..300;10;128102594;T;C;0.1623619943857193;190
100..300;10;128103237;C;G;0.2520549893379211;265
100..300;10;128103483;T;C;0.1893689930438995;205
100..300;10;128109346;A;G;0.1958039999008178;195
100..300;10;128119296;C;T;0.1717170029878616;130
100..300;10;130068270;G;A;0.25136598944664;120
100..300;10;130106792;T;C;0.1576920002698898;175
100..300;10;131973082;C;T;0.1906609982252121;175
100..300;10;132645884;G;A;0.2068970054388046;170
100..300;10;132833484;T;C;0.1566669940948486;205
100..300;10;132834775;T;C;0.184466004371643;140
100..300;10;132869351;T;C;0.1853040009737014;215
100..300;10;132899672;A;G;0.2277780026197433;120
100..300;10;132922540;A;G;0.1653539985418319;175
100..300;10;132924881;G;C;0.2008929997682571;160
100..300;10;133128815;T;C;0.0982659012079238;115
100..300;10;133218872;G;A;0.1717170029878616;140
100..300;10;133456284;A;G;0.1680330038070678;170
100..300;10;133457333;T;TC;0.2718890011310577;160
100..300;10;133464740;C;CTGGGGTG;0.2333330065011978;135
100..300;10;133466248;T;C;0.23853200674057;140
100..300;10;133554985;AGCTGAGACGG;A;0.2559520006179809;110
100..300;10;133555086;C;T;0.2596490085124969;180
100..300;10;133555331;T;C;0.211008995771408;145
100..300;10;133556028;C;T;0.2260539978742599;180
100..300;10;133556839;A;G;0.1578949987888336;145
100..300;10;133557129;T;C;0.1587979942560196;155
100..300;10;133557135;A;C;0.1515150070190429;155
100..300;10;133559366;G;C;0.1295340061187744;125
100..300;10;133560087;T;C;0.2022469937801361;115
100..300;11;198062;G;C;0.1809950023889541;150
100..300;11;212408;T;C;0.1860470026731491;120
100..300;11;233067;T;C;0.1847130060195922;210
100..300;11;233212;A;C;0.2255319952964782;180
100..300;11;250877;T;C;0.1638419926166534;115
100..300;11;299471;T;C;0.1764709949493408;205
100..300;11;721570;T;C;0.1341989934444427;150
100..300;11;801092;A;G;0.1820809990167617;230
100..300;11;823729;T;C;0.1695760041475296;285
100..300;11;830044;A;G;0.1090909987688064;135
100..300;11;830601;TGGTC;T;0.1501419991254806;240
100..300;11;870446;A;G;0.1779939979314804;185
100..300;11;900929;G;C;0.1451610028743744;120
100..300;11;1051657;A;AC;0.1722850054502487;190
100..300;11;1102586;T;C;0.3345859944820404;175
100..300;11;1104729;A;G;0.4076429903507232;105
100..300;11;1161529;T;G;0.1794870048761367;180
100..300;11;1163029;G;C;0.1739130020141601;180
100..300;11;1174639;G;C;0.1761659979820251;135
100..300;11;1176525;A;G;0.2184869945049286;240
100..300;11;1176540;T;C;0.2208119928836822;260
100..300;11;1176552;T;C;0.2076369971036911;275
100..300;11;1176567;T;C;0.2013729959726333;285
100..300;11;1176633;T;C;0.2021560072898864;245
100..300;11;1176982;T;C;0.1058389991521835;175
100..300;11;1177269;C;T;0.1676470041275024;230
100..300;11;1177356;C;T;0.2081910073757171;205
100..300;11;1179112;T;C;0.1449699997901916;220
100..300;11;1181383;C;T;0.1272729933261871;180
100..300;11;1182279;G;A;0.1403940021991729;280
100..300;11;1182438;C;T;0.3427839875221252;270
100..300;11;1194354;G;A;0.1627909988164901;125
100..300;11;1194472;G;A;0.2570089995861053;155
100..300;11;1195858;C;T;0.3206749856472015;165
100..300;11;1196002;C;T;0.381756991147995;200
100..300;11;1196902;A;G;0.3295449912548065;185
100..300;11;1197482;T;C;0.1613920032978058;200
100..300;11;1197925;G;C;0.1726910024881363;160
100..300;11;1198945;T;C;0.1603260040283203;255
100..300;11;1225711;G;A;0.1837269961833953;250
100..300;11;1227730;A;G;0.1939159929752349;165
100..300;11;1241677;C;T;0.1981350034475326;290
100..300;11;1242293;A;G;0.1698109954595565;270
100..300;11;1486565;A;G;0.1569769978523254;120
100..300;11;1836532;T;C;0.1417910009622573;180
100..300;11;2166625;C;G;0.1095890030264854;120
100..300;11;2167008;T;C;0.1563789993524551;155
100..300;11;2411622;T;C;0.1611720025539398;200
100..300;11;2420373;A;G;0.1580879986286163;190
100..300;11;2561911;G;A;0.3257920145988464;150
100..300;11;2631427;G;T;0.4383560121059418;115
100..300;11;2633443;A;G;0.4319530129432678;120
100..300;11;2662187;T;C;0.1964289993047714;190
100..300;11;2667296;A;G;0.3782050013542175;115
100..300;11;2669063;C;A;0.405128002166748;145
100..300;11;2670270;A;G;0.2577320039272308;135
100..300;11;2671669;C;CA;0.1344089955091476;140
100..300;11;2673376;A;C;0.1660650074481964;195
100..300;11;2673812;T;C;0.1940930038690567;170
100..300;11;2677404;C;T;0.2074470072984695;135
100..300;11;2678630;G;A;0.1886789947748184;115
100..300;11;2684113;T;A;0.3758389949798584;115
100..300;11;2687789;G;A;0.2382979989051818;165
100..300;11;2689008;C;G;0.1408450007438659;155
100..300;11;2694225;A;G;0.1311479955911636;125
100..300;11;2695821;T;A;0.2458329945802688;170
100..300;11;2696450;T;C;0.2415730059146881;125
100..300;11;2698444;A;AC;0.179640993475914;125
100..300;11;2847958;T;C;0.1666669994592666;240
100..300;11;2929328;G;A;0.2879379987716675;170
100..300;11;3002069;G;C;0.1948529928922653;180
100..300;11;3101587;G;A;0.171547994017601;155
100..300;11;3228599;A;G;0.1666669994592666;235
100..300;11;3371581;A;G;0.201116994023323;115
100..300;11;3403658;A;G;0.2013420015573501;195
100..300;11;3413899;G;A;0.2274769991636276;290
100..300;11;3413910;A;G;0.2068179994821548;295
100..300;11;3414815;T;C;0.1573030054569244;195
100..300;11;3414865;A;G;0.1748249977827072;285
100..300;11;3415162;A;G;0.1897590011358261;235
100..300;11;3415235;T;A;0.2174939960241317;260
100..300;11;3415262;G;A;0.4162560105323791;245
100..300;11;3418199;G;C;0.1858740001916885;165
100..300;11;3418225;C;A;0.189872995018959;185
100..300;11;3418249;A;G;0.1785710006952285;200
100..300;11;3638763;T;G;0.161764994263649;190
100..300;11;4211488;T;C;0.2133329957723617;105
100..300;11;4211663;C;T;0.1005920022726059;120
100..300;11;4475383;A;C;0.4267779886722564;175
100..300;11;4475616;T;C;0.3631579875946045;130
100..300;11;4475686;T;C;0.4142009913921356;120
100..300;11;4587032;C;A;0.1832060068845749;220
100..300;11;4594278;G;C;0.1784839928150177;175
100..300;11;4640055;G;A;0.205046996474266;230
100..300;11;4653345;A;G;0.1527779996395111;200
100..300;11;4988319;C;A;0.1749999970197677;130
100..300;11;5199902;A;G;0.1952189952135086;165
100..300;11;5323362;C;A;0.268570989370346;125
100..300;11;5343512;T;C;0.4215689897537231;135
100..300;11;5453940;C;G;0.2000000029802322;195
100..300;11;5454276;A;G;0.277193009853363;190
100..300;11;5571518;C;T;0.3343470096588135;235
100..300;11;5571579;T;C;0.3042069971561432;225
100..300;11;5571969;A;G;0.44200599193573;220
100..300;11;5571977;A;G;0.4462029933929443;220
100..300;11;5572080;G;A;0.4345990121364593;170
100..300;11;5581208;A;T;0.375;270
100..300;11;5581385;G;A;0.3915489912033081;260
100..300;11;5581449;C;T;0.3794040083885193;260
100..300;11;5581560;G;A;0.3823530077934265;275
100..300;11;5581698;C;G;0.3026709854602813;240
100..300;11;5581738;A;G;0.3210229873657226;240
100..300;11;5698558;G;A;0.1974519938230514;120
100..300;11;5737156;T;C;0.2510640025138855;170
100..300;11;5755365;G;T;0.234375;235
100..300;11;5788581;T;G;0.2236839979887008;220
100..300;11;5788760;A;G;0.2094019949436187;160
100..300;11;6026826;C;T;0.2402829974889755;200
100..300;11;6045978;A;C;0.1717170029878616;140
100..300;11;6108607;T;C;0.3882679939270019;245
100..300;11;6241485;A;G;0.179309993982315;190
100..300;11;6392136;T;C;0.151761993765831;245
100..300;11;6403380;C;T;0.1797389984130859;220
100..300;11;6509048;T;C;0.2592589855194092;155
100..300;11;6511289;T;C;0.2537310123443603;135
100..300;11;6533711;A;C;0.1882349997758865;180
100..300;11;6540040;G;A;0.1446810066699981;160
100..300;11;6563777;A;G;0.2045450061559677;150
100..300;11;6609785;T;C;0.1872339993715286;170
100..300;11;6611219;T;C;0.2008029967546463;170
100..300;11;6617154;T;C;0.1548669934272766;160
100..300;11;6622745;T;C;0.2085430026054382;280
100..300;11;6623369;T;C;0.154790997505188;280
100..300;11;6623570;C;A;0.1888539940118789;230
100..300;11;6768698;A;C;0.4358969926834106;275
100..300;11;6785265;C;T;0.4025970101356506;215
100..300;11;6785596;T;G;0.4352940022945404;235
100..300;11;6785932;G;C;0.4424780011177063;240
100..300;11;6870154;A;G;0.4222219884395599;260
100..300;11;6877264;C;T;0.3686639964580536;155
100..300;11;7314193;G;C;0.270000010728836;135
100..300;11;7635578;A;G;0.2022899985313415;170
100..300;11;7639816;T;TCTC;0.2045450061559677;160
100..300;11;7706325;C;T;0.2786889970302582;165
100..300;11;7960547;A;G;0.1893939971923828;290
100..300;11;8100544;T;C;0.1510069966316223;195
100..300;11;8110754;T;C;0.2372259944677353;190
100..300;11;8128206;G;T;0.1416669934988021;155
100..300;11;8138310;T;C;0.2202800065279007;190
100..300;11;8413530;T;C;0.1741289943456649;145
100..300;11;8413531;C;A;0.1739130020141601;150
100..300;11;8625123;G;T;0.1802719980478286;195
100..300;11;8625216;C;G;0.1842110008001327;130
100..300;11;8685686;T;C;0.2000000029802322;130
100..300;11;8702732;C;CGAT;0.2037039995193481;160
100..300;11;8911517;A;G;0.1691540032625198;265
100..300;11;8917387;T;C;0.159743994474411;210
100..300;11;8921395;T;C;0.2025720030069351;210
100..300;11;8925632;A;G;0.1840489953756332;245
100..300;11;8937823;A;G;0.1141299977898597;265
100..300;11;9094677;T;G;0.4349780082702636;165
100..300;11;9094811;A;G;0.1938460022211074;215
100..300;11;9998332;A;G;0.2152779996395111;190
100..300;11;10534039;G;C;0.2638300061225891;150
100..300;11;10559810;T;C;0.1686049997806549;115
100..300;11;10560693;G;A;0.16143499314785;155
100..300;11;10626155;A;G;0.3738870024681091;235
100..300;11;10764628;T;C;0.3307389914989471;175
100..300;11;11956026;C;T;0.1865289956331253;130
100..300;11;12162299;T;C;0.1713480055332183;240
100..300;11;12204399;G;T;0.413332998752594;240
100..300;11;12208108;G;T;0.2129279971122741;175
100..300;11;12239460;C;T;0.1336210072040558;145
100..300;11;12243995;G;A;0.2126699984073639;140
100..300;11;13009741;T;C;0.1888110041618347;100
100..300;11;13010299;A;G;0.1525419950485229;205
100..300;11;13010508;A;C;0.1935479938983917;105
100..300;11;13356910;T;C;0.1838569939136505;165
100..300;11;13610563;C;T;0.1904760003089904;120
100..300;11;16484260;C;T;0.2020200043916702;265
100..300;11;16484385;A;G;0.2259040027856826;235
100..300;11;16484573;T;C;0.1736840009689331;135
100..300;11;17097140;C;T;0.1660380065441131;180
100..300;11;17428382;T;C;0.1463409960269928;250
100..300;11;17430945;A;G;0.3773579895496368;140
100..300;11;17531558;A;G;0.3497270047664642;130
100..300;11;17645892;C;G;0.1907889991998672;210
100..300;11;18137446;C;T;0.1558749973773956;295
100..300;11;18189267;A;G;0.1424800008535385;265
100..300;11;18189268;A;C;0.1421049982309341;270
100..300;11;18189302;T;C;0.1529749929904937;255
100..300;11;18197131;A;G;0.1913879960775375;155
100..300;11;18197166;CT;C;0.186379998922348;195
100..300;11;18209742;A;C;0.3497759997844696;160
100..300;11;18231557;T;C;0.1670890003442764;260
100..300;11;18283786;C;T;0.2302629947662353;100
100..300;11;18465758;G;C;0.1823710054159164;215
100..300;11;18609980;C;T;0.1399179995059967;170
100..300;11;18610142;T;C;0.1968089938163757;130
100..300;11;18729494;T;C;0.0876493975520134;160
100..300;11;18742479;C;G;0.4216029942035675;195
100..300;11;19880086;A;G;0.2096769958734512;175
100..300;11;21613736;G;C;0.4096390008926391;110
100..300;11;21613749;G;T;0.4156630039215088;110
100..300;11;22859456;T;C;0.1847829967737198;110
100..300;11;23404344;C;A;0.236842006444931;140
100..300;11;23404921;T;A;0.1557379961013794;175
100..300;11;23405684;C;T;0.1781249940395355;225
100..300;11;24738309;A;G;0.2360250055789947;110
100..300;11;26565254;A;G;0.5906739830970764;140
100..300;11;26565443;C;T;0.2190809994935989;200
100..300;11;26565586;C;T;0.5170940160751343;175
100..300;11;27093241;T;C;0.2433860003948211;130
100..300;11;27125723;A;G;0.2289559990167617;195
100..300;11;27368134;T;C;0.2334800064563751;160
100..300;11;27699390;T;C;0.201320007443428;200
100..300;11;27773991;C;T;0.1882349997758865;105
100..300;11;29725946;G;A;0.2566840052604675;130
100..300;11;29726250;T;C;0.1825399994850158;160
100..300;11;30233638;T;C;0.169291004538536;175
100..300;11;31793331;A;G;0.1142859980463981;165
100..300;11;32683530;T;C;0.2248519957065582;110
100..300;11;33031561;T;C;0.1834059953689575;160
100..300;11;33043848;T;C;0.1800770014524459;180
100..300;11;33058950;C;T;0.1927080005407333;125
100..300;11;33076282;A;G;0.2072069942951202;165
100..300;11;33542577;C;T;0.2303799986839294;265
100..300;11;33559760;A;G;0.1990049928426742;135
100..300;11;33583414;T;C;0.1428570002317428;130
100..300;11;33618558;C;A;0.1974789947271347;160
100..300;11;33645787;G;A;0.2000000029802322;180
100..300;11;33668106;A;G;0.1493899971246719;225
100..300;11;34461361;T;C;0.2629109919071197;140
100..300;11;35032270;T;A;0.2102800011634826;140
100..300;11;35204608;G;A;0.1675129979848861;130
100..300;11;35221360;A;G;0.1337209939956665;110
100..300;11;35470838;T;C;0.1965319961309433;125
100..300;11;36574050;G;A;0.2397660017013549;240
100..300;11;43523281;C;A;0.2439019978046417;115
100..300;11;44067802;A;G;0.1928099989891052;200
100..300;11;44130027;A;T;0.2020729929208755;135
100..300;11;44275396;T;C;0.196491003036499;195
100..300;11;44309959;G;C;0.2027489989995956;195
100..300;11;44618718;G;A;0.1699029952287674;275
100..300;11;45903402;T;C;0.1605499982833862;135
100..300;11;46784521;A;G;0.1789879947900772;165
100..300;11;46894628;G;T;0.2210880070924759;210
100..300;11;47448803;T;C;0.1850219964981079;155
100..300;11;48144715;C;G;0.37984499335289;180
100..300;11;48264682;G;A;0.2173909991979599;140
100..300;11;48264704;T;C;0.4108909964561462;135
100..300;11;48365634;G;A;0.4309619963169098;165
100..300;11;48991502;T;C;0.4327490031719208;230
100..300;11;49057298;T;C;0.2203390002250671;230
100..300;11;49059064;C;T;0.4035710096359253;195
100..300;11;49186746;G;A;0.2267210036516189;140
100..300;11;55367959;T;C;0.1753730028867721;190
100..300;11;55554735;G;A;0.2237759977579116;215
100..300;11;55555342;T;G;0.2196529954671859;120
100..300;11;55572176;T;C;0.1880339980125427;160
100..300;11;55572322;T;C;0.221343994140625;190
100..300;11;55811464;A;G;0.239436998963356;140
100..300;11;55820438;G;A;0.2222220003604889;240
100..300;11;55838826;T;G;0.1952860057353973;205
100..300;11;55839342;T;C;0.2064059972763061;210
100..300;11;55885487;G;A;0.1962620019912719;135
100..300;11;55885688;A;G;0.2385790050029754;140
100..300;11;56105668;C;T;0.2175440043210983;200
100..300;11;56232590;A;G;0.2310130000114441;230
100..300;11;56276128;G;A;0.2147649973630905;280
100..300;11;56290721;A;G;0.2082320004701614;285
100..300;11;56346099;G;A;0.2070060074329376;210
100..300;11;56346117;A;C;0.1876830011606216;230
100..300;11;56417412;A;G;0.3062329888343811;250
100..300;11;56543021;T;C;0.2149119973182678;155
100..300;11;56612658;G;C;0.2717950046062469;115
100..300;11;56664358;G;A;0.2430559992790222;210
100..300;11;56740404;C;T;0.1831679940223693;250
100..300;11;56740556;A;G;0.2216980010271072;140
100..300;11;56820024;C;CA;0.4758839905261993;230
100..300;11;56989546;A;G;0.280254989862442;210
100..300;11;57018744;T;C;0.2781069874763489;120
100..300;11;57236870;T;G;0.1779939979314804;205
100..300;11;57545996;G;C;0.131410002708435;205
100..300;11;57576551;T;G;0.2074300050735473;225
100..300;11;58179792;G;C;0.1886789947748184;260
100..300;11;58191303;T;C;0.1824820041656494;195
100..300;11;58203723;A;G;0.2285709977149963;285
100..300;11;58203729;A;G;0.220779001712799;285
100..300;11;58215254;T;G;0.1609199941158294;230
100..300;11;58215291;G;A;0.1453489959239959;215
100..300;11;58215360;A;T;0.1618120074272155;205
100..300;11;58215424;T;G;0.2015109956264495;265
100..300;11;58215722;G;A;0.2588239908218384;160
100..300;11;58267071;T;C;0.1774190068244934;210
100..300;11;58292610;G;A;0.2516129910945892;115
100..300;11;58358832;T;A;0.2178220003843307;145
100..300;11;58724448;T;A;0.2694059908390045;140
100..300;11;58834836;T;C;0.2374999970197677;115
100..300;11;59457292;C;A;0.1877930015325546;295
100..300;11;59492373;T;C;0.1756760030984878;245
100..300;11;59855960;A;G;0.1825399994850158;165
100..300;11;59878866;C;T;0.1966290026903152;125
100..300;11;60046700;A;G;0.2051279991865158;125
100..300;11;60763791;G;A;0.1453740000724792;160
100..300;11;60842583;C;G;0.1895599961280822;260
100..300;11;61343874;G;C;0.1976280063390731;165
100..300;11;61546073;A;G;0.13714300096035;105
100..300;11;61720218;A;G;0.187266007065773;180
100..300;11;61771548;G;C;0.1640869975090026;225
100..300;11;61962564;A;G;0.2868219912052154;280
100..300;11;62169472;T;C;0.3677810132503509;240
100..300;11;62296397;T;C;0.1515150070190429;175
100..300;11;62331301;A;G;0.1526100039482116;175
100..300;11;62567436;C;G;0.1355140060186386;135
100..300;11;62598147;G;A;0.2024790048599243;170
100..300;11;62611188;A;G;0.0955881997942924;265
100..300;11;62611329;C;T;0.1540399938821792;280
100..300;11;62614336;C;G;0.1878789961338043;220
100..300;11;62666426;A;G;0.141631007194519;165
100..300;11;62666701;A;G;0.1889249980449676;225
100..300;11;62870728;A;T;0.1048950031399726;100
100..300;11;62870731;A;T;0.1034480035305023;100
100..300;11;62885307;T;C;0.1538459956645965;170
100..300;11;62909748;A;G;0.1834059953689575;155
100..300;11;62909880;A;G;0.1543859988451004;200
100..300;11;62984340;C;T;0.1904760003089904;105
100..300;11;62984439;A;C;0.1532260030508041;175
100..300;11;62984710;C;T;0.1728399991989135;110
100..300;11;63014974;T;C;0.2295919954776764;150
100..300;11;63143785;A;C;0.2135419994592666;145
100..300;11;63243732;C;A;0.3181819915771484;110
100..300;11;63290453;A;G;0.1864410042762756;205
100..300;11;63297351;C;T;0.1904760003089904;170
100..300;11;63304838;T;C;0.1888410001993179;160
100..300;11;64117815;T;C;0.2216359972953796;260
100..300;11;64200298;G;C;0.1546390056610107;135
100..300;11;64210595;G;C;0.1593409925699234;135
100..300;11;64219241;A;C;0.0797545984387397;110
100..300;11;64219867;T;C;0.1825399994850158;270
100..300;11;64255798;T;C;0.1337790042161941;205
100..300;11;64259167;A;G;0.1714289933443069;260
100..300;11;64271703;A;G;0.1932110041379928;235
100..300;11;64728885;T;G;0.2025319933891296;220
100..300;11;64735891;A;G;0.1551720052957534;160
100..300;11;64751590;C;T;0.1550389975309372;180
100..300;11;64792426;C;T;0.1555559933185577;195
100..300;11;65021722;C;T;0.3832600116729736;150
100..300;11;65089011;A;G;0.1698109954595565;140
100..300;11;65204815;C;G;0.1878609955310821;225
100..300;11;65214382;T;G;0.3822219967842102;155
100..300;11;65236838;T;C;0.1747210025787353;190
100..300;11;65396886;T;C;0.2304829955101013;180
100..300;11;65411339;T;C;0.1840000003576278;170
100..300;11;65552241;A;G;0.1224490031599998;205
100..300;11;65571473;G;T;0.204818993806839;220
100..300;11;65583603;A;G;0.1435900032520294;280
100..300;11;65617256;T;C;0.1343870013952255;170
100..300;11;65619052;A;G;0.112245000898838;135
100..300;11;65636180;A;C;0.1666669994592666;210
100..300;11;65641466;T;C;0.1578949987888336;265
100..300;11;65728100;T;C;0.1939660012722015;160
100..300;11;65779862;A;G;0.1772149950265884;265
100..300;11;65779984;A;C;0.1295679956674575;190
100..300;11;66025983;T;C;0.2204300016164779;260
100..300;11;66026326;A;G;0.133105993270874;210
100..300;11;66059233;A;G;0.1470589935779571;220
100..300;11;66061986;A;G;0.1751819998025894;190
100..300;11;66316311;A;G;0.3316830098628998;280
100..300;11;66341562;C;T;0.3928569853305816;130
100..300;11;66438698;T;C;0.0886076018214225;105
100..300;11;66510683;C;T;0.1599999964237213;255
100..300;11;66558013;C;T;0.1875;175
100..300;11;66714162;A;G;0.1366119980812072;125
100..300;11;67586108;T;C;0.141414001584053;130
100..300;11;67647021;T;C;0.315216988325119;190
100..300;11;67796691;G;A;0.2136220037937164;170
100..300;11;67801137;G;T;0.1781820058822631;175
100..300;11;67975047;G;A;0.3785310089588165;105
100..300;11;67995753;A;G;0.247525006532669;190
100..300;11;68022775;T;C;0.3598619997501373;200
100..300;11;68410042;T;C;0.1666669994592666;195
100..300;11;68433827;T;C;0.1933699995279312;125
100..300;11;68938206;A;C;0.2000000029802322;200
100..300;11;69055363;T;C;0.1911109983921051;150
100..300;11;69063896;A;G;0.2007430046796798;180
100..300;11;69083998;T;G;0.148485004901886;220
100..300;11;69086544;G;A;0.168066993355751;230
100..300;11;69087895;A;G;0.1348679959774017;195
100..300;11;69296043;A;G;0.198412999510765;285
100..300;11;70155906;T;C;0.1423079967498779;185
100..300;11;70167400;T;C;0.1317369937896728;110
100..300;11;70187920;A;G;0.1758240014314651;230
100..300;11;70333566;T;C;0.1744190007448196;110
100..300;11;70339219;T;C;0.1846150010824203;220
100..300;11;70354423;T;C;0.1737450063228607;170
100..300;11;70407283;T;C;0.1244020015001297;140
100..300;11;70407369;T;C;0.1578949987888336;190
100..300;11;72230168;G;A;0.2268660068511963;220
100..300;11;72577555;A;G;0.1764709949493408;230
100..300;11;72579585;A;G;0.1865440011024475;210
100..300;11;72704284;A;G;0.1643839925527572;150
100..300;11;73235263;A;T;0.4120369851589203;150
100..300;11;73679727;G;GAA;0.1603769958019256;140
100..300;11;73970045;T;C;0.1795769929885864;195
100..300;11;73970090;A;G;0.1785710006952285;150
100..300;11;74074281;C;T;0.2100840061903;170
100..300;11;74138957;C;G;0.2213740050792694;100
100..300;11;74338524;G;A;0.1781380027532577;165
100..300;11;74457366;G;A;0.228872999548912;195
100..300;11;74859203;C;G;0.1703300029039383;115
100..300;11;77142737;C;T;0.2075469940900802;170
100..300;11;77214596;T;C;0.2018779963254928;145
100..300;11;77243743;TA;T;0.163332998752594;195
100..300;11;77243767;C;T;0.1545190066099167;225
100..300;11;77243788;A;G;0.1542699933052063;235
100..300;11;77701601;A;G;0.2425249963998794;225
100..300;11;78079609;C;G;0.175925999879837;220
100..300;11;78114274;C;T;0.234043002128601;125
100..300;11;78726137;A;G;0.2037039995193481;175
100..300;11;78854269;G;C;0.1912750005722046;195
100..300;11;82689586;G;A;0.2116560041904449;145
100..300;11;82824921;T;C;0.1885710060596466;130
100..300;11;82853252;G;T;0.2397660017013549;115
100..300;11;82914772;A;G;0.2764709889888763;120
100..300;11;83166001;A;G;0.2420089989900589;155
100..300;11;83285943;C;A;0.1151520013809204;125
100..300;11;85919368;T;C;0.1774190068244934;165
100..300;11;86412514;G;A;0.1846690028905868;185
100..300;11;86556591;T;C;0.2208330035209655;160
100..300;11;86556672;A;C;0.1822219938039779;145
100..300;11;86622392;T;A;0.2204300016164779;140
100..300;11;88175178;G;C;0.3398059904575348;150
100..300;11;90135587;A;G;0.1799159944057464;160
100..300;11;90282710;G;A;0.1855670064687729;255
100..300;11;92353828;T;C;0.1766919940710067;190
100..300;11;92355011;T;C;0.2163009941577911;240
100..300;11;92840745;T;G;0.1610739976167678;100
100..300;11;92890711;A;G;0.2727270126342773;195
100..300;11;92969796;A;G;0.2000000029802322;110
100..300;11;93352371;G;T;0.1435900032520294;130
100..300;11;93396317;C;G;0.2709360122680664;125
100..300;11;93396318;G;A;0.2709360122680664;125
100..300;11;93408414;A;C;0.2447549998760223;100
100..300;11;93667630;T;C;0.2011490017175674;120
100..300;11;93668840;G;A;0.2000000029802322;115
100..300;11;93726994;C;A;0.2553189992904663;105
100..300;11;94528089;G;C;0.2055560052394867;115
100..300;11;94531877;C;CT;0.2111109942197799;125
100..300;11;94587071;C;T;0.1452510058879852;130
100..300;11;94589186;T;A;0.2176869958639145;100
100..300;11;94589187;A;G;0.2176869958639145;100
100..300;11;94800207;T;C;0.190647006034851;190
100..300;11;95831095;G;A;0.2432429939508438;150
100..300;11;95847762;A;G;0.1981569975614547;140
100..300;11;95923947;G;T;0.1936759948730468;170
100..300;11;100337424;G;C;0.2083330005407333;160
100..300;11;100976338;A;G;0.25;125
100..300;11;100979471;A;G;0.1875;105
100..300;11;100992365;G;A;0.2584750056266784;165
100..300;11;100992623;A;C;0.2777779996395111;180
100..300;11;101128522;C;T;0.1720429956912994;195
100..300;11;101476362;G;A;0.2361110001802444;160
100..300;11;101489019;A;G;0.1734320074319839;180
100..300;11;101915283;A;G;0.1737450063228607;170
100..300;11;102527862;T;C;0.159291997551918;225
100..300;11;102695089;A;C;0.2912090122699737;120
100..300;11;102722517;C;T;0.1839620023965835;140
100..300;11;102779223;G;A;0.2669900059700012;140
100..300;11;104037228;A;G;0.2106920033693313;215
100..300;11;108173261;T;C;0.1418920010328292;105
100..300;11;108173364;A;T;0.1838240027427673;110
100..300;11;108222481;T;A;0.1828790009021759;170
100..300;11;108304735;A;G;0.1525419950485229;150
100..300;11;108509585;C;T;0.2164500057697296;165
100..300;11;108675741;G;A;0.1919189989566803;140
100..300;11;110773809;C;T;0.3853209912776947;140
100..300;11;110788295;G;A;0.4012939929962158;215
100..300;11;111911560;T;C;0.2133889943361282;170
100..300;11;111913505;T;C;0.1813330054283142;255
100..300;11;111926180;G;A;0.1370970010757446;175
100..300;11;113323446;C;A;0.264151006937027;105
100..300;11;113396099;A;G;0.1956519931554794;155
100..300;11;113399293;C;G;0.2019540071487426;225
100..300;11;113400106;A;G;0.164122000336647;180
100..300;11;113411573;G;T;0.2325579971075058;165
100..300;11;113789854;G;A;0.168831005692482;150
100..300;11;113979284;C;A;0.1671469956636428;225
100..300;11;113989703;G;A;0.1947190016508102;205
100..300;11;115214747;C;A;0.1940930038690567;155
100..300;11;116820918;A;C;0.1582729965448379;270
100..300;11;117195974;C;T;0.1776860058307647;170
100..300;11;117381773;C;T;0.3524999916553497;270
100..300;11;117395596;G;C;0.3396230041980743;175
100..300;11;117439273;T;C;0.2261310070753097;125
100..300;11;117439306;G;A;0.2283460050821304;165
100..300;11;117465006;C;T;0.4024389982223511;170
100..300;11;117776781;T;C;0.197279006242752;110
100..300;11;117903431;G;C;0.2128379940986633;205
100..300;11;117993348;G;A;0.2452829927206039;210
100..300;11;117993398;A;G;0.1297709941864013;175
100..300;11;117994131;G;A;0.2775329947471618;145
100..300;11;118015738;T;C;0.2000000029802322;195
100..300;11;118167098;T;G;0.2461539953947067;135
100..300;11;118264079;AGCCC;A;0.2857140004634857;125
100..300;11;118339245;C;A;0.3471499979496002;130
100..300;11;118534353;G;A;0.2033900022506714;140
100..300;11;118534590;A;G;0.1538459956645965;185
100..300;11;118559804;T;C;0.1508619934320449;155
100..300;11;118600708;C;T;0.2039469927549362;100
100..300;11;118601639;A;C;0.1451610028743744;130
100..300;11;119092106;A;C;0.4108909964561462;140
100..300;11;119314967;C;T;0.2044820040464401;235
100..300;11;119335120;G;A;0.1491529941558838;195
100..300;11;119345794;T;C;0.1886229962110519;225
100..300;11;120458149;C;T;0.1974789947271347;155
100..300;11;120485082;T;G;0.1538459956645965;125
100..300;11;121157872;G;C;0.1310040056705474;155
100..300;11;121362877;C;G;0.3104580044746399;210
100..300;11;122614323;A;G;0.171875;215
100..300;11;122809891;T;C;0.2012580037117004;110
100..300;11;122867553;G;A;0.4551720023155212;100
100..300;11;123458932;G;A;0.1935479938983917;130
100..300;11;123460054;A;G;0.1666669994592666;120
100..300;11;123906791;T;C;0.5245280265808105;180
100..300;11;123907029;C;T;0.4387350082397461;185
100..300;11;123943116;A;G;0.3524360060691833;245
100..300;11;123943233;C;G;0.3543539941310882;235
100..300;11;123943782;G;A;0.4602510035037994;165
100..300;11;123976685;C;G;0.415459007024765;145
100..300;11;123994598;A;G;0.4281249940395355;230
100..300;11;124009874;C;T;0.4504500031471252;155
100..300;11;124023527;G;A;0.3917999863624573;270
100..300;11;124023695;G;A;0.3861669898033142;245
100..300;11;124038366;G;C;0.3842700123786926;260
100..300;11;124038465;A;G;0.3571430146694183;245
100..300;11;124038943;G;C;0.2813369929790497;140
100..300;11;124038946;T;G;0.2760559916496277;140
100..300;11;124038949;A;G;0.2740109860897064;145
100..300;11;124137193;T;C;0.1824319958686828;200
100..300;11;124481513;T;A;0.2962960004806518;105
100..300;11;124516843;C;T;0.2079209983348846;140
100..300;11;124516869;G;C;0.2336450070142746;150
100..300;11;124625017;C;T;0.1823900043964386;100
100..300;11;124872469;A;G;0.3206749856472015;165
100..300;11;124896307;T;C;0.14826500415802;210
100..300;11;124897229;A;G;0.2097380012273788;185
100..300;11;124897790;T;G;0.1612900048494339;120
100..300;11;125582418;G;A;0.1616159975528717;140
100..300;11;125609468;A;G;0.1773580014705658;175
100..300;11;125609601;T;C;0.1944440007209777;120
100..300;11;125747715;G;A;0.2910799980163574;140
100..300;11;125899459;C;T;0.1360539942979812;200
100..300;11;126521402;G;T;0.3386580049991607;205
100..300;11;129442765;T;C;0.204473003745079;205
100..300;11;129876812;T;G;0.1785710006952285;215
100..300;11;129884050;A;G;0.1330469995737075;155
100..300;11;129884773;C;T;0.1761900037527084;135
100..300;11;130032863;C;T;0.152671992778778;100
100..300;11;130032984;C;G;0.1355929970741272;160
100..300;11;130120692;G;A;0.1928250044584274;155
100..300;11;130427853;C;G;0.1527779996395111;105
100..300;11;130672987;T;C;0.3435899913311004;125
100..300;11;130880747;C;A;0.1689189970493316;195
100..300;11;130906629;C;T;0.2049999982118606;135
100..300;11;130906718;G;A;0.1719460040330886;140
100..300;11;130907991;A;G;0.2279410064220428;180
100..300;11;130910120;T;C;0.1044180020689964;175
100..300;11;130911780;T;C;0.2822090089321136;120
100..300;11;130914501;A;G;0.1360539942979812;220
100..300;11;130914593;G;A;0.188741996884346;215
100..300;11;130914721;C;T;0.2358800023794174;205
100..300;11;130914752;C;G;0.2229969948530197;200
100..300;11;130914799;T;C;0.2164179980754852;195
100..300;11;130914812;T;C;0.2270919978618621;185
100..300;11;130914859;G;C;0.2125000059604644;175
100..300;11;130915310;A;G;0.1947569996118545;195
100..300;11;130915409;C;T;0.1978799998760223;200
100..300;11;131180999;C;G;0.2549999952316284;130
100..300;11;131661106;C;T;0.3837209939956665;115
100..300;11;132034967;T;A;0.2102800011634826;140
100..300;11;133625661;C;G;0.189189001917839;170
100..300;11;133909136;A;G;0.1762920022010803;240
100..300;11;134168023;T;C;0.190871000289917;160
100..300;11;134282136;A;G;0.1392409950494766;150
100..300;11;134332142;T;C;0.1782609969377517;135
100..300;11;134374737;C;T;0.2079209983348846;140
100..300;12;139036;G;C;0.34375;125
100..300;12;202783;G;A;0.3589740097522735;200
100..300;12;438517;C;T;0.1597629934549331;120
100..300;12;548238;A;G;0.174698993563652;220
100..300;12;553672;C;T;0.1624650061130523;260
100..300;12;557777;G;A;0.1307190060615539;115
100..300;12;879728;A;G;0.1290320008993148;200
100..300;12;881746;C;A;0.378722995519638;160
100..300;12;883063;T;C;0.2422910034656524;150
100..300;12;889199;T;G;0.313304990530014;155
100..300;12;929812;CT;C;0.1571819931268692;260
100..300;12;1593746;T;C;0.1411409974098205;225
100..300;12;1831348;A;G;0.1832800060510635;220
100..300;12;2504904;T;G;0.1897439956665039;140
100..300;12;2585472;T;C;0.1692309975624084;165
100..300;12;2782270;A;T;0.172662004828453;100
100..300;12;2834758;A;G;0.220096006989479;280
100..300;12;3640708;C;T;0.2039799988269806;135
100..300;12;3673481;T;A;0.2475569993257522;220
100..300;12;3673535;T;C;0.2114090025424957;200
100..300;12;3840332;A;T;0.1963350027799606;285
100..300;12;3841016;T;G;0.2062940001487732;205
100..300;12;3841018;T;C;0.2048610001802444;205
100..300;12;3841811;C;T;0.2286999970674514;135
100..300;12;3841956;C;G;0.1707320064306259;175
100..300;12;3842028;T;C;0.1722690016031265;175
100..300;12;3842143;G;A;0.1402209997177124;180
100..300;12;4097647;C;T;0.2130579948425293;205
100..300;12;4444166;G;A;0.1975309997797012;105
100..300;12;4444217;G;A;0.1801239997148513;105
100..300;12;4627876;A;G;0.4064170122146606;135
100..300;12;4810101;G;A;0.116466000676155;185
100..300;12;5044528;T;C;0.1815920025110244;270
100..300;12;5732567;C;A;0.2133760005235672;205
100..300;12;5967474;G;A;0.2087910026311874;120
100..300;12;5981834;G;A;0.4386619925498962;190
100..300;12;5985618;C;T;0.2000000029802322;240
100..300;12;5985679;A;G;0.4156860113143921;175
100..300;12;6029429;T;C;0.1700679957866668;200
100..300;12;6330843;C;T;0.1893939971923828;180
100..300;12;6341779;C;T;0.1934159994125366;155
100..300;12;6451407;T;G;0.1016039997339248;255
100..300;12;6453119;T;C;0.1521739959716797;195
100..300;12;6453127;T;C;0.1565839946269989;200
100..300;12;6453587;G;A;0.3171519935131073;205
100..300;12;6453644;G;A;0.2798629999160766;190
100..300;12;6453657;T;C;0.1159420013427734;185
100..300;12;6453670;A;G;0.0948904976248741;180
100..300;12;6465878;T;G;0.1921399980783462;155
100..300;12;6530815;G;C;0.1774889975786209;165
100..300;12;6537154;C;T;0.1574469953775406;170
100..300;12;6537943;C;T;0.1814810037612915;190
100..300;12;6601981;A;C;0.1725150048732757;240
100..300;12;6831328;A;G;0.1847829967737198;185
100..300;12;6937980;A;C;0.0888888984918594;110
100..300;12;6944745;T;C;0.1662130057811737;255
100..300;12;7124640;A;T;0.2054789960384369;145
100..300;12;7814480;G;A;0.1344259977340698;125
100..300;12;8044828;G;C;0.1459850072860717;190
100..300;12;8235753;G;A;0.3548389971256256;160
100..300;12;8834689;A;G;0.1627909988164901;140
100..300;12;9833319;T;G;0.2399999946355819;125
100..300;12;10112395;C;G;0.1971150040626526;150
100..300;12;10160476;C;T;0.3732059895992279;145
100..300;12;10702026;A;G;0.311024010181427;165
100..300;12;10806432;T;C;0.2358209937810897;235
100..300;12;10809516;G;A;0.2200559973716735;250
100..300;12;10986336;C;T;0.2425149977207183;245
100..300;12;11186008;A;G;0.1977400034666061;130
100..300;12;11186175;C;A;0.2205879986286163;195
100..300;12;11186377;T;C;0.2521739900112152;160
100..300;12;11870089;G;C;0.4035089910030365;220
100..300;12;11870839;A;C;0.4077250063419342;165
100..300;12;11870909;A;C;0.2142859995365142;150
100..300;12;11871007;T;C;0.3944219946861267;175
100..300;12;11872176;G;A;0.1882349997758865;130
100..300;12;11875208;C;A;0.1987580060958862;110
100..300;12;11875223;T;G;0.2147240042686462;115
100..300;12;11884147;A;G;0.2163269966840744;170
100..300;12;11884244;A;G;0.2029519975185394;190
100..300;12;11884384;G;C;0.1872339993715286;175
100..300;12;12094660;G;A;0.1959999948740005;175
100..300;12;12094682;C;T;0.1969110071659088;185
100..300;12;12477412;A;G;0.2103900015354156;270
100..300;12;12718165;G;T;0.161993995308876;230
100..300;12;12827392;A;T;0.1857140064239502;135
100..300;12;12949671;A;G;0.1794120073318481;245
100..300;12;13213665;T;C;0.1682240068912506;155
100..300;12;13865843;C;G;0.2075469940900802;190
100..300;12;14457265;T;C;0.1793480068445205;120
100..300;12;14806457;C;T;0.1860470026731491;220
100..300;12;14823129;G;A;0.256410002708435;165
100..300;12;14823244;A;T;0.1945289969444275;225
100..300;12;14823483;C;CTA;0.2195120006799698;185
100..300;12;16272722;T;A;0.2705309987068176;140
100..300;12;16400156;C;T;0.2517009973526001;205
100..300;12;18290875;A;C;0.2183910012245178;115
100..300;12;18346702;T;C;0.2391300052404403;125
100..300;12;18496123;T;C;0.3882980048656463;120
100..300;12;18503291;A;G;0.2777779996395111;110
100..300;12;19456569;G;A;0.2681559920310974;140
100..300;12;19456819;G;A;0.1674010008573532;165
100..300;12;19456995;A;G;0.3531909883022308;175
100..300;12;19457018;G;A;0.3516950011253357;160
100..300;12;19457019;C;A;0.3574469983577728;160
100..300;12;19457097;C;T;0.1700679957866668;190
100..300;12;20449893;A;C;0.159743994474411;215
100..300;12;20875274;C;G;0.2083330005407333;145
100..300;12;21178615;C;T;0.2216220051050186;125
100..300;12;24832719;A;G;0.3222219944000244;120
100..300;12;24901957;A;G;0.3863640129566192;250
100..300;12;24997578;C;T;0.2090400010347366;115
100..300;12;25023935;A;G;0.1753250062465667;105
100..300;12;25089661;G;C;0.2295919954776764;140
100..300;12;25146987;A;G;0.2070710062980651;130
100..300;12;25158555;T;G;0.1719750016927719;100
100..300;12;26224299;C;T;0.1739130020141601;120
100..300;12;26495159;T;C;0.3809520006179809;110
100..300;12;26596898;A;G;0.1754390001296997;115
100..300;12;26654022;A;G;0.1764709949493408;145
100..300;12;26656479;G;T;0.1837349981069564;220
100..300;12;27082448;A;G;0.1872510015964508;165
100..300;12;27470725;A;T;0.221343994140625;165
100..300;12;27692876;T;C;0.2108840048313141;100
100..300;12;27920239;A;T;0.2429910004138946;150
100..300;12;30715068;T;C;0.1780820041894912;245
100..300;12;30719244;A;G;0.2270530015230178;135
100..300;12;30728875;C;T;0.2367600053548813;230
100..300;12;30753424;A;G;0.21875;195
100..300;12;31981130;G;A;0.2127660065889358;165
100..300;12;31982009;G;A;0.2357410043478012;190
100..300;12;31983004;G;A;0.2757200002670288;175
100..300;12;31984578;G;C;0.2249000072479248;180
100..300;12;31985476;G;A;0.2510460019111633;165
100..300;12;32602325;A;G;0.1920530050992965;105
100..300;12;32986635;T;C;0.1538459956645965;175
100..300;12;38202865;A;G;0.4381439983844757;130
100..300;12;40251455;A;C;0.1628960072994232;160
100..300;12;40429552;C;G;0.1513160020112991;105
100..300;12;40479224;A;G;0.313069999217987;235
100..300;12;40479853;A;G;0.2351270020008087;250
100..300;12;40479961;A;G;0.2147240042686462;230
100..300;12;40480006;A;C;0.211678996682167;210
100..300;12;42324009;T;A;0.122807003557682;110
100..300;12;42459282;A;C;0.2277780026197433;120
100..300;12;42679110;T;C;0.2119569927453994;125
100..300;12;43375425;C;A;0.2085559964179992;125
100..300;12;43375473;C;T;0.201116994023323;120
100..300;12;43660428;G;A;0.3834950029850006;150
100..300;12;44875501;T;C;0.1472599953413009;195
100..300;12;45023883;C;T;0.138727992773056;115
100..300;12;45173199;A;G;0.1720429956912994;135
100..300;12;47077656;A;G;0.2149119973182678;170
100..300;12;47235585;T;G;0.1392409950494766;225
100..300;12;47791665;T;C;0.1095890030264854;195
100..300;12;47844974;G;A;0.3932580053806305;185
100..300;12;47879112;G;A;0.1651789993047714;145
100..300;12;47981785;G;A;0.2266010046005249;130
100..300;12;47982508;A;G;0.1608390063047409;190
100..300;12;48133403;T;C;0.1991869956254959;165
100..300;12;48169067;T;C;0.2007170021533966;195
100..300;12;48169205;A;C;0.1694210022687912;170
100..300;12;48184659;T;C;0.1475410014390945;205
100..300;12;48203092;CA;C;0.2055560052394867;270
100..300;12;48330001;T;C;0.1865440011024475;225
100..300;12;48486168;G;T;0.3705579936504364;140
100..300;12;48494811;T;C;0.3523809909820556;135
100..300;12;48525876;C;T;0.3872550129890442;280
100..300;12;48525877;A;G;0.3851850032806396;275
100..300;12;48526013;T;C;0.4277290105819702;240
100..300;12;48560257;G;A;0.4779660105705261;200
100..300;12;48560442;C;G;0.3571430146694183;245
100..300;12;48682028;G;T;0.1493899971246719;235
100..300;12;48783330;G;T;0.1423079967498779;175
100..300;12;48827839;A;G;0.2014929950237274;185
100..300;12;48862015;C;G;0.1481480002403259;115
100..300;12;49033325;A;G;0.1798779964447021;240
100..300;12;49297274;A;G;0.117807999253273;255
100..300;12;50073861;T;G;0.1842820048332214;265
100..300;12;50073986;A;G;0.1400000005960464;245
100..300;12;50090230;A;G;0.1793480068445205;130
100..300;12;50109486;T;C;0.186147004365921;155
100..300;12;50350798;T;A;0.1712709963321685;255
100..300;12;50674626;A;G;0.1715980023145675;115
100..300;12;50843019;C;T;0.1666669994592666;200
100..300;12;50961020;T;C;0.1801239997148513;210
100..300;12;50999333;T;C;0.17289699614048;145
100..300;12;51049161;A;G;0.1596959978342056;180
100..300;12;51125004;G;C;0.2000000029802322;180
100..300;12;51913361;T;C;0.1554049998521804;110
100..300;12;52009214;T;C;0.1650490015745163;210
100..300;12;52229200;A;G;0.1721850037574768;195
100..300;12;52229245;C;T;0.1772149950265884;210
100..300;12;52241457;A;G;0.1040460020303726;120
100..300;12;52248733;T;C;0.1718059927225113;155
100..300;12;52252398;T;C;0.1798840016126632;275
100..300;12;52258212;A;C;0.1652359962463379;290
100..300;12;52287676;A;G;0.1666669994592666;165
100..300;12;52385576;A;G;0.1651380062103271;150
100..300;12;52433824;T;C;0.1357340067625045;250
100..300;12;52469307;T;G;0.21492500603199;235
100..300;12;52469780;T;C;0.1860470026731491;170
100..300;12;52488310;G;T;0.2044029980897903;230
100..300;12;52490951;G;A;0.2022060006856918;100
100..300;12;52493127;C;T;0.2130839973688125;180
100..300;12;52569995;G;A;0.1578949987888336;130
100..300;12;52573333;T;C;0.1847130060195922;210
100..300;12;52573652;A;G;0.2383899986743927;225
100..300;12;52601458;A;G;0.2189349979162216;115
100..300;12;52777217;A;G;0.1512199938297271;275
100..300;12;52808399;G;C;0.2291669994592666;170
100..300;12;52811973;C;T;0.2315270006656646;135
100..300;12;52823917;A;C;0.2352939993143081;145
100..300;12;52904991;T;A;0.1854840070009231;165
100..300;12;53037514;A;T;0.1927710026502609;110
100..300;12;53058346;G;A;0.1540700048208236;225
100..300;12;53058741;C;T;0.2148440033197403;185
100..300;12;53060409;A;G;0.1277779936790466;240
100..300;12;53123768;A;G;0.1671829968690872;215
100..300;12;53315126;G;A;0.28125;155
100..300;12;53945268;A;C;0.3247419893741607;135
100..300;12;53985894;G;A;0.1597799956798553;250
100..300;12;54517642;T;C;0.2418030053377151;170
100..300;12;54802939;T;C;0.1750970035791397;190
100..300;12;55320622;CA;C;0.2285709977149963;105
100..300;12;55469614;A;G;0.2176470011472702;120
100..300;12;55575165;A;G;0.2335530072450637;215
100..300;12;55637154;T;C;0.1638229936361313;205
100..300;12;55637489;A;G;0.1911759972572326;155
100..300;12;55655138;T;C;0.1945389956235885;205
100..300;12;55683815;T;A;0.2433860003948211;135
100..300;12;55683956;T;C;0.1584510058164596;205
100..300;12;55688241;C;G;0.1794019937515258;210
100..300;12;55723916;G;C;0.1576759964227676;160
100..300;12;55726805;T;C;0.1724140048027038;165
100..300;12;55819513;T;G;0.2179490029811859;105
100..300;12;55958525;A;T;0.1368079930543899;205
100..300;12;56270257;A;G;0.1736530065536499;215
100..300;12;56471554;G;A;0.1864410042762756;195
100..300;12;56686880;C;CAT;0.1392409950494766;160
100..300;12;56712876;T;A;0.2426230013370514;215
100..300;12;56714419;G;A;0.1359650045633316;150
100..300;12;56716008;G;A;0.1680909991264343;240
100..300;12;56716147;T;A;0.1929350048303604;260
100..300;12;56720316;G;A;0.1899639964103698;210
100..300;12;56720523;T;A;0.1784700006246566;250
100..300;12;56739356;G;T;0.2131980061531067;130
100..300;12;57243810;A;G;0.1603379994630813;160
100..300;12;57256057;T;C;0.1778520047664642;195
100..300;12;57591421;T;C;0.1263539940118789;180
100..300;12;57621711;A;G;0.1264819949865341;170
100..300;12;57718406;G;A;0.1856539994478225;170
100..300;12;57732451;A;C;0.2227489948272705;135
100..300;12;58244544;T;C;0.2068970054388046;100
100..300;12;58244565;T;C;0.2075469940900802;105
100..300;12;59779575;T;A;0.3000000119209289;125
100..300;12;61879443;C;G;0.3440000116825104;165
100..300;12;61880351;T;G;0.3021979928016662;135
100..300;12;63150429;G;A;0.159291997551918;160
100..300;12;63668243;C;A;0.196491003036499;210
100..300;12;63668272;A;G;0.1788319945335388;195
100..300;12;63668285;C;T;0.1901140064001083;190
100..300;12;63871944;T;C;0.2709679901599884;110
100..300;12;64830394;G;A;0.1643839925527572;100
100..300;12;65120486;C;T;0.2274679988622665;150
100..300;12;65169932;T;C;0.1529410034418106;105
100..300;12;66302630;T;C;0.1912350058555603;170
100..300;12;66305115;C;T;0.2181819975376129;150
100..300;12;66517991;T;G;0.1823530048131942;115
100..300;12;67658398;T;G;0.1552239954471588;235
100..300;12;68223439;T;C;0.3288289904594421;140
100..300;12;68689025;A;G;0.1939390003681183;110
100..300;12;68690761;G;A;0.1623039990663528;125
100..300;12;68706628;T;C;0.1857919991016388;135
100..300;12;68721918;A;G;0.2216490060091018;130
100..300;12;69957904;A;C;0.1761360019445419;110
100..300;12;70534836;A;G;0.2000000029802322;110
100..300;12;70559497;C;T;0.2363640069961547;210
100..300;12;70590115;C;A;0.2492839992046356;235
100..300;12;70590239;T;C;0.2330099940299987;145
100..300;12;70594507;G;A;0.1785710006952285;130
100..300;12;70596274;C;T;0.4491980075836181;130
100..300;12;70920322;T;C;0.3426969945430755;115
100..300;12;74292636;C;T;0.3880600035190582;145
100..300;12;75207663;A;G;0.1467580050230026;185
100..300;12;75298975;T;A;0.2012580037117004;105
100..300;12;75506808;G;A;0.2415460050106048;130
100..300;12;76060186;A;G;0.3813230097293854;175
100..300;12;77029847;A;G;0.1500000059604644;155
100..300;12;78177134;C;G;0.2789120078086853;110
100..300;12;80588318;G;A;0.2117650061845779;120
100..300;12;85038262;A;T;0.1542859971523285;110
100..300;12;88080353;T;C;0.205035999417305;185
100..300;12;89523260;A;G;0.2252960056066513;190
100..300;12;89635124;C;T;0.3165830075740814;135
100..300;12;94521827;C;T;0.1761900037527084;145
100..300;12;95512827;A;C;0.1279619932174682;130
100..300;12;98598064;T;TC;0.1483249962329864;150
100..300;12;99246381;C;G;0.2043009996414184;205
100..300;12;99246650;C;T;0.2262440025806427;175
100..300;12;99655061;A;T;0.2118230015039444;140
100..300;12;100578871;T;A;0.4258059859275818;110
100..300;12;100579381;C;T;0.4876540005207062;110
100..300;12;100579931;T;C;0.4463280141353607;125
100..300;12;100739970;C;A;0.4186049997806549;145
100..300;12;101069040;A;G;0.1938779950141906;140
100..300;12;101126870;CTG;C;0.1767240017652511;175
100..300;12;101158297;A;G;0.2078649997711181;115
100..300;12;101166550;A;C;0.2959179878234863;130
100..300;12;101193740;T;C;0.1750739961862564;225
100..300;12;101338877;T;C;0.1915889978408813;140
100..300;12;101632148;G;C;0.2824859917163849;115
100..300;12;101675299;G;A;0.1899639964103698;180
100..300;12;101685640;A;G;0.2451609969139099;100
100..300;12;101723811;T;C;0.1683669984340667;125
100..300;12;101764985;C;T;0.2011830061674118;240
100..300;12;101830658;T;C;0.0974358990788459;115
100..300;12;101901440;C;T;0.2044440060853958;150
100..300;12;102840474;C;T;0.1551720052957534;115
100..300;12;103706839;T;C;0.139610007405281;210
100..300;12;103777964;T;C;0.1719129979610443;280
100..300;12;104251606;G;C;0.1487890034914016;195
100..300;12;104265317;T;C;0.1671919971704483;220
100..300;12;105039745;A;T;0.3980099856853485;125
100..300;12;105040689;T;C;0.3807109892368316;130
100..300;12;105820515;A;G;0.4628570079803467;120
100..300;12;106015917;T;C;0.1599999964237213;155
100..300;12;106195880;G;C;0.1850000023841858;135
100..300;12;106239791;T;C;0.1742420047521591;200
100..300;12;106978499;T;C;0.2017170041799545;175
100..300;12;107642126;C;T;0.2844440042972564;140
100..300;12;107657629;A;G;0.1983910053968429;250
100..300;12;107746255;C;T;0.1666669994592666;105
100..300;12;107756981;A;C;0.172093003988266;145
100..300;12;108292231;G;C;0.4373089969158172;235
100..300;12;108592255;T;C;0.2135230004787445;200
100..300;12;109179923;G;A;0.1666669994592666;155
100..300;12;109191652;T;C;0.167832002043724;195
100..300;12;109199383;C;G;0.4413790106773376;105
100..300;12;109199567;C;G;0.1968909949064254;130
100..300;12;109201716;A;G;0.2148759961128235;155
100..300;12;109206811;T;C;0.1636900007724762;225
100..300;12;109233933;A;C;0.3877550065517425;170
100..300;12;109415544;G;A;0.1360000073909759;155
100..300;12;109517903;C;A;0.1144070029258728;145
100..300;12;109533676;G;C;0.1459850072860717;190
100..300;12;109573424;T;G;0.1653749942779541;270
100..300;12;109573425;T;C;0.1623709946870803;270
100..300;12;109576074;A;G;0.1538459956645965;200
100..300;12;111162330;T;G;0.2139530032873153;145
100..300;12;112875665;T;C;0.3409090042114258;145
100..300;12;112881795;T;C;0.4248929917812347;155
100..300;12;112887824;C;T;0.3456789851188659;105
100..300;12;114679532;A;G;0.1395349949598312;180
100..300;12;115970733;G;A;0.2589640021324157;165
100..300;12;115991884;G;A;0.1711959987878799;255
100..300;12;116008640;T;C;0.1794870048761367;220
100..300;12;116737803;T;C;0.1142859980463981;150
100..300;12;117028062;A;G;0.1687500029802322;205
100..300;12;117280881;C;G;0.1978610008955001;125
100..300;12;118073854;A;ATGATCACCTCGGGCTGGG;0.1495539993047714;285
100..300;12;120151356;G;A;0.2130430042743683;155
100..300;12;120199396;A;G;0.1531250029802322;215
100..300;12;120216281;C;G;0.1599999964237213;240
100..300;12;120224174;C;T;0.1727019995450973;235
100..300;12;120446525;T;C;0.2222220003604889;215
100..300;12;120496604;T;C;0.1703699976205825;185
100..300;12;120529118;G;A;0.1820989996194839;220
100..300;12;120783658;G;A;0.1881719976663589;130
100..300;12;120997733;G;A;0.1558440029621124;205
100..300;12;121004438;T;C;0.1578949987888336;160
100..300;12;121005080;A;G;0.1781380027532577;155
100..300;12;121016345;T;C;0.1857710033655166;170
100..300;12;121177300;A;G;0.3580789864063263;155
100..300;12;121184760;A;G;0.2739729881286621;155
100..300;12;121222984;C;T;0.3687939941883087;190
100..300;12;121228843;G;A;0.1831829994916916;225
100..300;12;121253293;A;G;0.1750839948654174;210
100..300;12;122190233;A;C;0.1223020032048225;185
100..300;12;122849895;T;C;0.1593219935894012;195
100..300;12;122976737;A;G;0.1737090051174163;150
100..300;12;122986547;A;G;0.2192510068416595;135
100..300;12;123265188;A;G;0.256756991147995;145
100..300;12;123321672;T;C;0.1930380016565323;215
100..300;12;123341012;T;C;0.2088889926671981;150
100..300;12;123616494;G;T;0.160193994641304;140
100..300;12;123619502;G;A;0.1960780024528503;180
100..300;12;123620139;A;G;0.1850000023841858;135
100..300;12;123659848;G;A;0.2037039995193481;225
100..300;12;123692742;C;T;0.1479289978742599;110
100..300;12;123694870;C;T;0.1702129989862442;120
100..300;12;123696502;T;C;0.1657139956951141;115
100..300;12;123853225;T;C;0.166153997182846;210
100..300;12;124347928;A;G;0.2024170011281967;220
100..300;12;124372114;A;T;0.1818179935216903;230
100..300;12;124817558;A;G;0.1312219947576522;140
100..300;12;124935829;G;A;0.256410002708435;115
100..300;12;124948072;A;G;0.1237619966268539;270
100..300;12;124954070;C;A;0.3645829856395721;135
100..300;12;124956813;C;T;0.3195590078830719;255
100..300;12;124964924;A;G;0.2948209941387176;165
100..300;12;124968569;T;C;0.1543619930744171;190
100..300;12;125128293;A;G;0.175257995724678;130
100..300;12;125350254;A;G;0.1783439964056015;225
100..300;12;126726499;C;T;0.1559139937162399;250
100..300;12;128544041;T;C;0.1492539942264557;225
100..300;12;128669441;A;G;0.1910569965839386;165
100..300;12;128794319;G;A;0.3626759946346283;185
100..300;12;128875953;A;G;0.1493780016899109;165
100..300;12;129014381;G;A;0.1647730022668838;115
100..300;12;129075012;T;C;0.1906159967184066;230
100..300;12;130346361;T;C;0.1467889994382858;155
100..300;12;130354620;A;G;0.2103559970855713;210
100..300;12;131799508;A;G;0.1651380062103271;140
100..300;12;131845121;T;C;0.1877730041742324;150
100..300;12;132023844;G;A;0.1724140048027038;200
100..300;12;132029743;G;C;0.1732279956340789;175
100..300;12;132037988;T;C;0.1686390042304992;230
100..300;12;132064755;G;A;0.13994200527668;220
100..300;12;132139773;C;G;0.2492399960756302;235
100..300;12;132140150;G;C;0.2014130055904388;190
100..300;12;132141339;T;C;0.1682460010051727;290
100..300;12;132197268;G;A;0.1772149950265884;110
100..300;12;132199225;T;C;0.1720000058412552;160
100..300;12;132604155;T;C;0.1346630007028579;290
100..300;12;132625629;A;G;0.1966529935598373;170
100..300;12;132632300;T;C;0.3497270047664642;130
100..300;12;132643245;C;T;0.3304350078105926;150
100..300;12;132643940;C;T;0.1733870059251785;165
100..300;12;132659414;T;C;0.3170729875564575;165
100..300;12;132681251;A;C;0.1794870048761367;165
100..300;12;132728018;T;C;0.1304350048303604;115
100..300;12;132754873;C;G;0.1560849994421005;260
100..300;12;132780826;C;T;0.1041669994592666;155
100..300;12;132786420;A;G;0.2669680118560791;165
100..300;12;132851656;A;G;0.3214290142059326;215
100..300;12;133063073;A;G;0.1921710073947906;200
100..300;12;133151899;C;A;0.1385540068149566;110
100..300;12;133191482;G;A;0.2206899970769882;100
100..300;12;133225713;C;T;0.1610489934682846;180
100..300;12;133234294;T;C;0.2140080034732818;170
100..300;13;18946930;A;G;0.1632650047540664;135
100..300;13;19051200;A;G;0.2049690037965774;105
100..300;13;19051230;G;A;0.194594994187355;125
100..300;13;19126502;T;C;0.2312500029802322;105
100..300;13;19173851;T;C;0.2121209949254989;170
100..300;13;19173898;T;C;0.2069970071315765;235
100..300;13;19177554;G;A;0.1883720010519027;290
100..300;13;19178398;C;CAA;0.2037740051746368;195
100..300;13;19179414;T;C;0.1884060055017471;255
100..300;13;19179435;G;A;0.1811929941177368;265
100..300;13;19369630;G;A;0.1516589969396591;135
100..300;13;19382513;C;T;0.1540399938821792;255
100..300;13;19382831;C;G;0.2127660065889358;235
100..300;13;19382860;C;T;0.2205879986286163;245
100..300;13;19394878;C;T;0.2052980065345764;100
100..300;13;19394888;C;G;0.1965319961309433;115
100..300;13;19394916;C;T;0.1958760023117065;135
100..300;13;19564790;G;A;0.3134329915046692;180
100..300;13;19650247;G;A;0.2282160073518753;155
100..300;13;19661852;C;T;0.1546390056610107;130
100..300;13;19751326;T;C;0.184906005859375;135
100..300;13;19838881;C;T;0.1630430072546005;235
100..300;13;19851771;A;C;0.1476790010929107;165
100..300;13;19851808;C;T;0.1357470005750656;155
100..300;13;20142272;T;C;0.1739130020141601;130
100..300;13;20512460;A;G;0.2293580025434494;140
100..300;13;21287727;A;G;0.3470590114593506;125
100..300;13;23134284;A;G;0.3857139945030212;100
100..300;13;23354532;T;C;0.2169809937477111;150
100..300;13;23756612;A;G;0.1500000059604644;180
100..300;13;23941368;T;C;0.1925469934940338;210
100..300;13;23941485;A;G;0.2087910026311874;135
100..300;13;24223648;A;G;0.160534992814064;210
100..300;13;24223775;T;C;0.2127660065889358;200
100..300;13;24321421;G;A;0.2356899976730346;110
100..300;13;24449798;T;C;0.2012200057506561;105
100..300;13;24455080;T;C;0.1501979976892471;170
100..300;13;24459089;G;A;0.1987580060958862;110
100..300;13;24459255;C;G;0.1666669994592666;100
100..300;13;24486175;G;A;0.2310339957475662;185
100..300;13;24494670;T;A;0.1229050010442733;115
100..300;13;24698732;T;C;0.3713530004024505;250
100..300;13;25267878;G;C;0.1432929933071136;220
100..300;13;25469044;C;A;0.1645960062742233;205
100..300;13;25551513;A;G;0.2441309988498687;150
100..300;13;25570758;T;C;0.2421520054340362;145
100..300;13;25699265;A;C;0.1832879930734634;250
100..300;13;26213977;G;A;0.1825399994850158;185
100..300;13;26676686;C;T;0.1813949942588806;145
100..300;13;26680030;C;T;0.1794870048761367;150
100..300;13;27253824;C;T;0.174358993768692;130
100..300;13;27273029;T;C;0.1686049997806549;130
100..300;13;27569092;G;A;0.2472530007362365;130
100..300;13;27988468;G;T;0.1865289956331253;130
100..300;13;28037245;G;T;0.2678569853305816;155
100..300;13;28049622;T;C;0.1848340034484863;155
100..300;13;28107818;G;C;0.1638800054788589;200
100..300;13;29306932;A;C;0.1370559930801391;125
100..300;13;29535802;A;G;0.248321995139122;105
100..300;13;30646969;T;C;0.2513970136642456;125
100..300;13;30921021;A;G;0.1940930038690567;160
100..300;13;31778577;G;A;0.1337579935789108;105
100..300;13;31933289;C;T;0.2704080045223236;130
100..300;13;32101959;T;C;0.1775150001049041;105
100..300;13;32135016;C;A;0.2551020085811615;145
100..300;13;32173517;A;C;0.2325579971075058;120
100..300;13;32202016;C;T;0.2046509981155395;140
100..300;13;32202479;A;T;0.1792829930782318;165
100..300;13;32310634;C;T;0.4092830121517181;155
100..300;13;32311517;C;T;0.3466669917106628;165
100..300;13;32337751;G;A;0.2356320023536682;125
100..300;13;32355095;G;A;0.1488669961690902;210
100..300;13;32362509;C;T;0.4451220035552978;115
100..300;13;33054001;G;T;0.3297489881515503;205
100..300;13;33054056;C;G;0.3450700044631958;215
100..300;13;33054102;A;G;0.3239440023899078;210
100..300;13;33126237;G;T;0.3433479964733124;160
100..300;13;33129519;C;T;0.3846150040626526;200
100..300;13;33129928;C;T;0.3324809968471527;285
100..300;13;35646242;A;C;0.183908000588417;120
100..300;13;35810894;T;G;0.2080540060997009;195
100..300;13;35822894;G;C;0.2327039986848831;110
100..300;13;35827701;G;A;0.1474100053310394;165
100..300;13;35827772;C;T;0.3850930035114288;115
100..300;13;36170663;A;G;0.1879429966211319;200
100..300;13;38690553;C;T;0.1844259947538375;175
100..300;13;38968394;C;A;0.2483659982681274;100
100..300;13;38976527;T;G;0.2590909898281097;155
100..300;13;39012206;C;G;0.220779001712799;155
100..300;13;39013029;G;A;0.214477002620697;260
100..300;13;39013540;G;A;0.2377849966287613;220
100..300;13;39013728;C;A;0.2189539968967437;210
100..300;13;39013752;C;T;0.2150170058012008;205
100..300;13;39655754;A;G;0.1187210008502006;140
100..300;13;39655820;A;T;0.1627909988164901;175
100..300;13;39656157;C;T;0.1094530001282692;130
100..300;13;40621274;A;G;0.3803679943084717;110
100..300;13;40799118;A;G;0.1609199941158294;240
100..300;13;40805136;T;C;0.1745450049638748;180
100..300;13;40941235;T;C;0.1639340072870254;210
100..300;13;41611560;C;T;0.1927080005407333;130
100..300;13;42070444;T;A;0.2472729980945587;195
100..300;13;42127581;G;A;0.2487310022115707;135
100..300;13;42129546;C;T;0.5;105
100..300;13;42155305;T;C;0.1935479938983917;150
100..300;13;42895075;A;G;0.3918919861316681;100
100..300;13;43029735;T;C;0.3814429938793182;120
100..300;13;43968535;T;C;0.1636359989643097;100
100..300;13;44434011;C;T;0.1870229989290237;165
100..300;13;44575309;C;T;0.1757930070161819;245
100..300;13;45436334;C;A;0.1392409950494766;175
100..300;13;45436541;T;C;0.1320219933986663;245
100..300;13;46098735;T;A;0.186379998922348;190
100..300;13;46098739;A;C;0.190310999751091;200
100..300;13;46098786;C;G;0.1855349987745285;205
100..300;13;46257136;T;A;0.2458560019731521;245
100..300;13;46259015;C;A;0.1407040059566497;125
100..300;13;46259032;T;C;0.1367920041084289;130
100..300;13;46834899;A;G;0.2227070033550262;150
100..300;13;48317100;G;A;0.2295919954776764;135
100..300;13;49464073;T;C;0.1818179935216903;175
100..300;13;49506691;T;G;0.1575089991092682;175
100..300;13;49541661;G;A;0.2727270126342773;105
100..300;13;49551486;T;C;0.3896099925041199;110
100..300;13;49559963;C;T;0.3423080146312713;165
100..300;13;49560014;G;A;0.3541670143604278;180
100..300;13;49567226;A;G;0.3508769869804382;145
100..300;13;49892325;G;A;0.2421649992465973;195
100..300;13;51162055;G;A;0.1619720011949539;105
100..300;13;51799678;C;G;0.3575760126113891;110
100..300;13;51865994;G;A;0.2348749935626983;205
100..300;13;51908600;G;A;0.1394889950752258;215
100..300;13;51934843;T;C;0.155797004699707;190
100..300;13;51966733;A;G;0.1574469953775406;160
100..300;13;51970669;G;C;0.2370129972696304;215
100..300;13;51974004;C;A;0.195045992732048;235
100..300;13;52135802;C;A;0.2279070019721985;140
100..300;13;52643358;G;A;0.1776320040225982;175
100..300;13;52848418;G;A;0.1497800052165985;155
100..300;13;53028942;C;T;0.1954669952392578;230
100..300;13;53408998;C;G;0.1421799957752227;160
100..300;13;53409016;A;G;0.1449279934167862;155
100..300;13;53409021;T;C;0.1497579962015152;150
100..300;13;58528741;C;T;0.2388529926538467;225
100..300;13;58530676;G;C;0.1838070005178451;285
100..300;13;59666695;T;C;0.2382349967956543;235
100..300;13;59666827;T;C;0.2038830071687698;150
100..300;13;60637743;G;T;0.2276120036840438;185
100..300;13;70924120;A;G;0.1844259947538375;175
100..300;13;70924211;T;G;0.2448129951953888;165
100..300;13;72755220;A;G;0.1875;145
100..300;13;72775221;C;G;0.173333004117012;100
100..300;13;75326374;A;G;0.1824100017547607;205
100..300;13;75341125;C;A;0.1948720067739486;125
100..300;13;76259548;G;A;0.2348479926586151;165
100..300;13;76957226;T;C;0.2354740053415298;225
100..300;13;76987124;C;T;0.2061070054769516;100
100..300;13;77000848;G;A;0.2727270126342773;110
100..300;13;77059507;A;G;0.2681559920310974;110
100..300;13;77604415;A;G;0.1299439966678619;110
100..300;13;80337376;A;G;0.1621620059013366;235
100..300;13;89361587;C;G;0.205263003706932;135
100..300;13;89362235;A;C;0.1798940002918243;130
100..300;13;89991965;T;G;0.1329109966754913;115
100..300;13;89992074;A;G;0.2046779990196228;125
100..300;13;89992657;A;G;0.2196529954671859;130
100..300;13;90230483;A;G;0.1096770018339157;105
100..300;13;90231129;G;C;0.1911109983921051;160
100..300;13;90231615;A;C;0.1090909987688064;110
100..300;13;94382495;A;G;0.2384340018033981;185
100..300;13;94711792;G;C;0.1178570017218589;185
100..300;13;94758442;G;C;0.2175730019807815;180
100..300;13;95587551;A;G;0.1862750053405761;145
100..300;13;97992999;G;A;0.2312140017747879;125
100..300;13;98390136;C;T;0.3031669855117798;155
100..300;13;98395734;A;G;0.4112679958343506;250
100..300;13;98395772;C;T;0.4109199941158294;245
100..300;13;98640887;T;G;0.136363998055458;200
100..300;13;98884963;T;G;0.4623120129108429;130
100..300;13;98888141;G;A;0.4444440007209778;115
100..300;13;98902308;T;C;0.1421319991350174;140
100..300;13;98914181;A;G;0.4529910087585449;170
100..300;13;98923314;A;G;0.2033900022506714;150
100..300;13;100635086;T;C;0.3823530077934265;220
100..300;13;100636738;T;C;0.4126209914684295;140
100..300;13;100670368;C;G;0.3401640057563782;155
100..300;13;101067948;G;T;0.3743320107460022;125
100..300;13;105489886;T;C;0.202127993106842;125
100..300;13;106663811;C;T;0.3945580124855041;105
100..300;13;108844465;C;T;0.202127993106842;120
100..300;13;109783567;A;G;0.167272999882698;175
100..300;13;110161362;A;G;0.3315789997577667;130
100..300;13;110198495;G;A;0.3046880066394806;180
100..300;13;110206722;C;G;0.4099999964237213;140
100..300;13;110450371;T;C;0.1481480002403259;225
100..300;13;110469273;T;C;0.3409959971904754;170
100..300;13;110480209;T;C;0.2684560120105743;105
100..300;13;110503432;A;G;0.2137099951505661;165
100..300;13;110508071;T;C;0.1557790040969848;270
100..300;13;110687754;A;T;0.1353379935026168;100
100..300;13;110937240;C;G;0.4131270051002502;195
100..300;13;110937681;G;A;0.401868999004364;150
100..300;13;110938918;A;G;0.4150939881801605;225
100..300;13;112819284;C;CAT;0.2299470007419586;130
100..300;13;113066162;T;C;0.1888410001993179;150
100..300;13;113325565;A;G;0.1646340042352676;115
100..300;13;113799443;C;T;0.1744969934225082;195
100..300;13;113839885;A;G;0.2055560052394867;130
100..300;14;19827468;G;C;0.1356379985809326;275
100..300;14;19936577;A;G;0.1791040003299713;140
100..300;14;19936608;G;A;0.189872995018959;110
100..300;14;19975784;G;A;0.2052240073680877;120
100..300;14;19975853;T;A;0.1722970008850097;195
100..300;14;19975867;G;T;0.1649830043315887;205
100..300;14;19976034;C;A;0.3120299875736236;185
100..300;14;19976282;A;C;0.1793480068445205;135
100..300;14;19976429;C;T;0.2374430000782013;140
100..300;14;19976448;G;C;0.2453700006008148;135
100..300;14;20002693;C;CT;0.2476779967546463;260
100..300;14;20060091;T;G;0.1920900046825409;130
100..300;14;20060162;G;A;0.2000000029802322;150
100..300;14;20060203;G;A;0.1898149996995926;150
100..300;14;20060289;T;TCATAGATTTGCTCACTGAC;0.1969110071659088;170
100..300;14;20060523;C;T;0.2205879986286163;190
100..300;14;20197631;A;T;0.3687939941883087;200
100..300;14;20197681;A;G;0.3561640083789825;210
100..300;14;20224436;C;G;0.1678570061922073;200
100..300;14;20229430;T;C;0.2485879957675933;130
100..300;14;20383654;C;G;0.1909089982509613;155
100..300;14;21087322;A;G;0.1962260007858276;185
100..300;14;21162664;T;C;0.2024289965629577;165
100..300;14;21317631;A;G;0.2171950042247772;160
100..300;14;21499294;A;G;0.196721002459526;135
100..300;14;21525364;G;A;0.1977079957723617;240
100..300;14;21570079;T;G;0.1901410073041916;210
100..300;14;21602445;AC;A;0.0636041983962059;160
100..300;14;21602747;T;G;0.1713400036096573;220
100..300;14;21602793;A;G;0.1492539942264557;185
100..300;14;21665635;G;A;0.2078849971294403;205
100..300;14;22086736;C;T;0.2445649951696396;135
100..300;14;22105547;TA;T;0.3636359870433807;125
100..300;14;22105548;A;T;0.3895350098609924;130
100..300;14;22455296;T;C;0.1677020043134689;105
100..300;14;22469569;T;A;0.1476189941167831;140
100..300;14;22478914;T;C;0.1739130020141601;130
100..300;14;22545118;G;C;0.1442790031433105;130
100..300;14;22634064;G;A;0.2486030012369156;250
100..300;14;22634135;T;C;0.2354650050401687;245
100..300;14;22634450;T;C;0.1746030002832412;260
100..300;14;22771119;A;T;0.1685079932212829;240
100..300;14;22771504;TAGC;T;0.2000000029802322;160
100..300;14;22778903;G;A;0.1428570002317428;200
100..300;14;22829926;T;G;0.2903229892253876;140
100..300;14;22842737;A;G;0.2083330005407333;105
100..300;14;22843385;A;G;0.1587979942560196;160
100..300;14;22843714;C;T;0.180768996477127;175
100..300;14;22884857;C;G;0.1675529927015304;255
100..300;14;23138037;A;C;0.2116180062294006;160
100..300;14;23307890;A;G;0.3333329856395721;180
100..300;14;23389062;A;AG;0.2395209968090057;150
100..300;14;23423679;G;A;0.1594589948654174;245
100..300;14;23429818;T;C;0.1464969962835312;200
100..300;14;23563818;A;G;0.2575759887695312;175
100..300;14;23750320;A;G;0.2194090038537979;170
100..300;14;24051009;C;T;0.1651789993047714;140
100..300;14;24053702;G;C;0.2060299962759018;135
100..300;14;24054385;A;G;0.2549999952316284;135
100..300;14;24074599;C;G;0.2402600049972534;205
100..300;14;24076157;C;T;0.1881189942359924;200
100..300;14;24145210;T;A;0.2096219956874847;180
100..300;14;24184317;C;G;0.1601420044898986;195
100..300;14;24213408;G;C;0.1319800019264221;135
100..300;14;24409279;A;G;0.1698109954595565;185
100..300;14;24428000;G;C;0.2415730059146881;130
100..300;14;24432227;T;C;0.1960780024528503;290
100..300;14;24507368;C;T;0.2393160015344619;155
100..300;14;24631076;G;A;0.1581400036811828;140
100..300;14;24632423;C;T;0.1162789985537529;210
100..300;14;24634203;C;T;0.2012380063533783;220
100..300;14;24634208;A;G;0.2092310041189193;220
100..300;14;25267192;T;C;0.1703470051288604;195
100..300;14;25267262;C;G;0.1845020055770874;185
100..300;14;28264637;C;A;0.1423359960317611;195
100..300;14;28264641;A;G;0.1480139940977096;195
100..300;14;28264750;A;G;0.1384080052375793;205
100..300;14;30906116;T;A;0.413792997598648;130
100..300;14;30912145;C;T;0.3710409998893738;145
100..300;14;30956251;T;A;0.1974519938230514;100
100..300;14;31109556;T;C;0.1735289990901947;230
100..300;14;31129042;G;A;0.1538459956645965;185
100..300;14;31129221;C;T;0.1650490015745163;140
100..300;14;31150186;C;T;0.1889400035142898;150
100..300;14;32637966;G;A;0.1779139935970306;105
100..300;14;34629893;G;A;0.2882100045681;150
100..300;14;34740374;C;G;0.3021279871463775;140
100..300;14;34740685;A;G;0.4312500059604645;135
100..300;14;34740780;A;G;0.3821659982204437;160
100..300;14;34794777;C;T;0.2551440000534057;160
100..300;14;35077167;C;T;0.236842006444931;150
100..300;14;35404564;A;G;0.1030040010809898;135
100..300;14;35761018;G;T;0.2721090018749237;110
100..300;14;36759299;T;C;0.1751150041818618;145
100..300;14;39176061;A;T;0.1818179935216903;100
100..300;14;39234120;G;A;0.117646999657154;155
100..300;14;39294972;C;G;0.2094240039587021;130
100..300;14;39348824;G;A;0.2056560069322586;255
100..300;14;39386051;C;T;0.2134830057621002;125
100..300;14;44506307;T;C;0.161201998591423;255
100..300;14;44934413;C;T;0.1535270065069198;170
100..300;14;47144161;T;G;0.2511419951915741;145
100..300;14;49374173;C;A;0.1991530060768127;170
100..300;14;49988369;C;T;0.1761659979820251;125
100..300;14;50330163;C;G;0.1336410045623779;140
100..300;14;50739427;T;A;0.201320007443428;195
100..300;14;50760282;G;A;0.1960130035877227;200
100..300;14;51720254;G;A;0.1546390056610107;205
100..300;14;52015199;T;C;0.1954019963741302;240
100..300;14;52027354;A;G;0.1904760003089904;115
100..300;14;52054028;T;G;0.1549710035324096;245
100..300;14;52860450;G;A;0.1510419994592666;130
100..300;14;53991531;C;CTTCTT;0.1923079937696457;155
100..300;14;54991270;C;G;0.1947669982910156;235
100..300;14;55766351;T;G;0.2280700057744979;160
100..300;14;55766542;T;C;0.231003001332283;230
100..300;14;55766589;T;C;0.2000000029802322;250
100..300;14;56296635;T;C;0.1685820072889328;170
100..300;14;56297168;A;G;0.1812870055437088;120
100..300;14;56585793;T;G;0.294871985912323;165
100..300;14;56609202;T;G;0.1192310005426406;180
100..300;14;58004727;G;C;0.1801470071077346;180
100..300;14;58138132;C;A;0.1793719977140426;150
100..300;14;58371950;G;A;0.3526319861412048;120
100..300;14;58371983;T;C;0.3207550048828125;100
100..300;14;59475867;T;A;0.2404370009899139;135
100..300;14;59538126;T;C;0.2071010023355484;120
100..300;14;59565278;A;G;0.2684209942817688;130
100..300;14;59576605;A;G;0.1708540022373199;140
100..300;14;60509419;A;G;0.1961719989776611;145
100..300;14;61831964;G;C;0.2027029991149902;165
100..300;14;61832287;C;A;0.1951220035552978;170
100..300;14;61832298;A;G;0.1862349957227707;170
100..300;14;61996048;C;T;0.3354040086269378;115
100..300;14;62283828;T;C;0.3152709901332855;135
100..300;14;62708242;T;C;0.3726109862327575;220
100..300;14;64210033;T;C;0.1298339962959289;245
100..300;14;64442127;A;G;0.3188849985599518;220
100..300;14;64564816;T;C;0.4648649990558624;125
100..300;14;64779238;T;C;0.1157890036702156;120
100..300;14;64779244;G;A;0.1129029989242553;115
100..300;14;64779905;C;T;0.1553779989480972;170
100..300;14;64786514;C;T;0.1651380062103271;230
100..300;14;64787031;T;C;0.2005809992551803;235
100..300;14;64793509;G;T;0.2062149941921234;250
100..300;14;64795408;T;C;0.2530120015144348;170
100..300;14;64796582;T;C;0.175925999879837;140
100..300;14;64796629;T;C;0.1587979942560196;155
100..300;14;64800751;C;T;0.1992480009794235;170
100..300;14;64804932;G;A;0.1881189942359924;145
100..300;14;65468187;C;A;0.1909549981355667;135
100..300;14;66013050;C;A;0.3600969910621643;260
100..300;14;66013479;A;G;0.1841000020503997;160
100..300;14;66013529;T;C;0.1359650045633316;145
100..300;14;66013530;C;A;0.1353709995746612;145
100..300;14;67569162;G;A;0.1410260051488876;150
100..300;14;67579885;T;C;0.2128710001707077;140
100..300;14;67782782;T;C;0.2210530042648315;125
100..300;14;68887943;G;T;0.2060810029506683;215
100..300;14;69054957;A;G;0.1611109972000122;255
100..300;14;69229075;A;G;0.4170849919319153;145
100..300;14;69237836;T;G;0.4113210141658783;185
100..300;14;69527850;T;C;0.1856289952993393;215
100..300;14;69796931;T;C;0.1970590054988861;240
100..300;14;69886100;A;G;0.4545449912548065;165
100..300;14;70013498;A;T;0.4151790142059326;155
100..300;14;70167829;T;C;0.404321014881134;220
100..300;14;70247244;A;G;0.1743119955062866;145
100..300;14;70247245;C;T;0.1772730052471161;150
100..300;14;70247264;G;A;0.4454550147056579;140
100..300;14;70247374;T;C;0.1945530027151107;115
100..300;14;70247542;G;A;0.3860999941825866;130
100..300;14;70457885;G;T;0.1978799998760223;190
100..300;14;70458784;C;G;0.1623380035161972;185
100..300;14;70584075;C;T;0.1394229978322982;130
100..300;14;70595239;C;T;0.189189001917839;100
100..300;14;70595524;C;T;0.1510419994592666;135
100..300;14;70595626;G;A;0.2365590035915374;130
100..300;14;70595718;T;C;0.2272730022668838;165
100..300;14;70732735;A;G;0.1260270029306411;260
100..300;14;70734462;G;C;0.1286759972572326;170
100..300;14;70734475;C;T;0.1376519948244094;155
100..300;14;72662275;C;T;0.1862750053405761;120
100..300;14;72753312;G;A;0.1985560059547424;180
100..300;14;72937972;C;A;0.1925469934940338;110
100..300;14;72938087;A;G;0.1927080005407333;125
100..300;14;72946031;T;C;0.1674209982156753;145
100..300;14;72955642;G;T;0.2145110070705413;220
100..300;14;72958607;T;C;0.1727939993143081;200
100..300;14;73595264;C;T;0.3020530045032501;250
100..300;14;73617142;T;C;0.1394560039043426;195
100..300;14;73619711;A;G;0.1607140004634857;150
100..300;14;73729878;A;G;0.1242600008845329;225
100..300;14;73988110;A;C;0.2169809937477111;150
100..300;14;74057166;G;A;0.1764709949493408;210
100..300;14;74057246;A;G;0.1730770021677017;265
100..300;14;74245180;T;C;0.112745001912117;135
100..300;14;74357299;T;C;0.1875;295
100..300;14;74526097;G;A;0.1810699999332428;155
100..300;14;74764250;T;C;0.1420120000839233;240
100..300;14;74781799;A;G;0.1738040000200271;280
100..300;14;75280166;A;G;0.2108429968357086;230
100..300;14;75280555;C;T;0.2606379985809326;140
100..300;14;75579348;T;C;0.1653120070695877;265
100..300;14;76310914;T;C;0.2107619941234588;145
100..300;14;76828587;A;G;0.1577540040016174;260
100..300;14;76837991;A;G;0.1822219938039779;150
100..300;14;77251895;T;C;0.1855670064687729;135
100..300;14;77326864;A;G;0.1782950013875961;175
100..300;14;77330298;A;G;0.1293099969625473;155
100..300;14;77377628;T;C;0.1653120070695877;255
100..300;14;77377922;A;G;0.1832879930734634;255
100..300;14;77378249;A;T;0.2000000029802322;275
100..300;14;77413962;T;C;0.1970440000295639;135
100..300;14;77673986;A;G;0.1725240051746368;220
100..300;14;77674012;A;T;0.1913580000400543;220
100..300;14;77683351;G;C;0.1244240030646324;150
100..300;14;77718223;A;C;0.1543029993772506;240
100..300;14;77718318;G;T;0.1774650067090988;255
100..300;14;77768453;T;C;0.167382001876831;125
100..300;14;85622971;A;G;0.1414469927549362;215
100..300;14;88385844;A;G;0.1545449942350387;155
100..300;14;89932563;A;G;0.1975309997797012;100
100..300;14;90107708;A;C;0.1575759947299957;115
100..300;14;90279078;C;T;0.2771080136299133;165
100..300;14;91215544;A;G;0.1707320064306259;105
100..300;14;91297293;T;C;0.1538459956645965;135
100..300;14;91374725;G;A;0.1869920045137405;160
100..300;14;92121658;G;T;0.1260499954223632;255
100..300;14;92454027;T;C;0.375;180
100..300;14;92932736;A;G;0.1553670018911361;245
100..300;14;92932824;A;G;0.1088709980249404;185
100..300;14;93956948;C;T;0.1959999948740005;170
100..300;14;94283955;A;G;0.1358699947595596;125
100..300;14;94306092;A;G;0.1859840005636215;240
100..300;14;94366459;A;G;0.3788970112800598;285
100..300;14;94446462;A;G;0.1994539946317672;250
100..300;14;94446559;G;T;0.2255890071392059;205
100..300;14;95407315;C;A;0.45728600025177;135
100..300;14;95439984;A;G;0.3784529864788055;230
100..300;14;95452229;T;C;0.1884820014238357;130
100..300;14;95452288;C;T;0.3533569872379303;185
100..300;14;95922836;G;A;0.1813730001449585;135
100..300;14;96086522;C;G;0.2131150066852569;130
100..300;14;96305722;A;T;0.2166669964790344;195
100..300;14;96362965;T;C;0.1235959976911544;110
100..300;14;96833516;G;A;0.1758619993925094;200
100..300;14;98716289;C;T;0.2035930007696151;225
100..300;14;98973311;A;G;0.3779259920120239;210
100..300;14;99909370;T;C;0.2213740050792694;175
100..300;14;100141258;T;C;0.1708540022373199;135
100..300;14;100334994;T;C;0.1966100037097931;190
100..300;14;100538878;C;T;0.1194029971957206;175
100..300;14;100538899;G;A;0.1102359965443611;175
100..300;14;100550487;G;A;0.2000000029802322;115
100..300;14;102348705;T;C;0.2021660059690475;180
100..300;14;102434864;G;A;0.4092530012130737;210
100..300;14;102871987;A;T;0.189189001917839;125
100..300;14;102875712;C;T;0.1888889968395233;125
100..300;14;102974136;C;G;0.3421050012111664;190
100..300;14;103100448;T;C;0.1810089945793151;230
100..300;14;103100498;G;C;0.1790540069341659;205
100..300;14;103102277;A;T;0.1199999973177909;145
100..300;14;103102644;C;A;0.1043960005044937;105
100..300;14;103108377;T;C;0.2000000029802322;125
100..300;14;103130128;T;C;0.1789470016956329;130
100..300;14;103339633;C;T;0.2066670060157776;100
100..300;14;103465542;G;A;0.2199999988079071;115
100..300;14;104174144;C;G;0.1658769994974136;140
100..300;14;104712857;C;T;0.3392859995365143;185
100..300;14;104714228;C;T;0.3111110031604767;190
100..300;14;104714369;G;A;0.3271769881248474;265
100..300;14;105150705;T;C;0.1797389984130859;215
100..300;14;105221745;T;C;0.2333330065011978;195
100..300;15;22943162;C;T;0.2176869958639145;200
100..300;15;24508923;A;G;0.3649289906024933;140
100..300;15;25679947;G;C;0.4577110111713409;145
100..300;15;25681039;A;G;0.3458209931850433;235
100..300;15;25681051;G;C;0.183908000588417;235
100..300;15;25681057;G;C;0.1804729998111724;230
100..300;15;25708295;T;C;0.202454000711441;105
100..300;15;25971227;C;G;0.1883410066366195;140
100..300;15;26939288;T;C;0.1834319978952407;120
100..300;15;26939335;T;C;0.1627909988164901;145
100..300;15;26939370;A;G;0.1945700049400329;145
100..300;15;26943312;T;C;0.1926909983158111;205
100..300;15;27327045;A;G;0.1764709949493408;100
100..300;15;27328788;T;C;0.1371680051088333;145
100..300;15;27328821;C;T;0.1505379974842071;180
100..300;15;27871136;C;T;0.1695650070905685;155
100..300;15;27896158;A;G;0.1695909947156906;125
100..300;15;30005534;T;C;0.2490119934082031;180
100..300;15;30005555;A;G;0.2000000029802322;165
100..300;15;30005618;C;G;0.5290700197219849;130
100..300;15;31050541;T;C;0.2643389999866485;260
100..300;15;32633025;G;T;0.2188840061426162;155
100..300;15;32898822;G;A;0.1797239929437637;145
100..300;15;33067169;T;C;0.1993959993124008;240
100..300;15;33088784;C;A;0.1685390025377273;120
100..300;15;33088799;T;A;0.1641789972782135;135
100..300;15;33601568;T;C;0.4575160145759582;105
100..300;15;33823080;T;C;0.1938329935073852;155
100..300;15;34342117;A;G;0.2422679960727691;130
100..300;15;34981419;T;C;0.1957300007343292;190
100..300;15;39021201;G;C;0.1925469934940338;110
100..300;15;39254327;C;G;0.1685390025377273;115
100..300;15;39272092;A;G;0.1697250008583068;145
100..300;15;39272093;T;C;0.168950006365776;145
100..300;15;40272854;A;G;0.4050630033016205;175
100..300;15;40303364;T;C;0.1320129930973053;200
100..300;15;40364523;T;C;0.2035399973392486;150
100..300;15;40557209;T;C;0.1439999938011169;180
100..300;15;40900342;T;C;0.1818179935216903;220
100..300;15;41016167;C;A;0.1972479969263076;150
100..300;15;41507513;T;C;0.1460669934749603;185
100..300;15;41521081;T;C;0.1596390008926391;235
100..300;15;41565018;A;G;0.1907220035791397;120
100..300;15;41568292;A;T;0.1007750034332275;175
100..300;15;41699117;T;A;0.3400000035762787;130
100..300;15;41734566;T;C;0.3033710122108459;110
100..300;15;41749514;A;G;0.4121040105819702;245
100..300;15;41841899;T;C;0.2131980061531067;125
100..300;15;41842173;C;G;0.3878790140151977;105
100..300;15;41843790;T;C;0.3768999874591827;215
100..300;15;41844838;C;CT;0.1468529999256134;110
100..300;15;41845084;A;G;0.3108110129833221;160
100..300;15;41846258;A;G;0.1571000069379806;230
100..300;15;41846840;A;G;0.3571430146694183;145
100..300;15;41847444;T;C;0.1833740025758743;280
100..300;15;41853738;C;G;0.1936620026826858;195
100..300;15;41856602;T;C;0.1757809966802597;180
100..300;15;41857398;G;C;0.1638419926166534;235
100..300;15;41858690;A;G;0.1777780055999755;175
100..300;15;41866175;A;G;0.1317829936742782;180
100..300;15;41867092;T;C;0.1560979932546615;140
100..300;15;41874302;T;C;0.1620550006628036;170
100..300;15;41876202;T;C;0.1945209950208664;230
100..300;15;42070100;G;T;0.2125000059604644;115
100..300;15;42071130;A;G;0.189300000667572;180
100..300;15;42079554;T;A;0.209999993443489;210
100..300;15;42081612;C;G;0.2204470038414001;215
100..300;15;42147178;A;G;0.1215279996395111;195
100..300;15;42878595;G;A;0.3894079923629761;205
100..300;15;42878625;T;C;0.368243008852005;195
100..300;15;43239213;C;G;0.4021739959716797;180
100..300;15;43268238;T;C;0.2797619998455047;120
100..300;15;43361124;A;G;0.1558440029621124;160
100..300;15;43366737;T;C;0.1453289985656738;200
100..300;15;43369604;C;T;0.3473049998283386;125
100..300;15;43415610;T;A;0.1897809952497482;195
100..300;15;43432448;G;T;0.4101380109786987;160
100..300;15;43456106;G;A;0.3483609855175018;170
100..300;15;43469998;T;C;0.1740739941596985;175
100..300;15;43475576;C;G;0.3578949868679046;130
100..300;15;43492277;T;C;0.1761659979820251;135
100..300;15;43523801;T;C;0.183908000588417;180
100..300;15;43524719;A;G;0.3918130099773407;240
100..300;15;43525206;A;G;0.1752019971609115;265
100..300;15;43525208;C;T;0.3814710080623626;260
100..300;15;43600649;C;G;0.2147890031337738;175
100..300;15;43600695;G;A;0.2606379985809326;130
100..300;15;43647444;T;C;0.158730000257492;170
100..300;15;43776871;C;G;0.1551720052957534;110
100..300;15;43801729;C;T;0.1911759972572326;185
100..300;15;43809812;C;A;0.2128850072622299;240
100..300;15;43905851;G;A;0.2222220003604889;185
100..300;15;45136514;T;C;0.2257139980792999;260
100..300;15;45164908;T;G;0.1954890042543411;185
100..300;15;47765874;A;G;0.4076650142669678;200
100..300;15;48992550;T;TTCC;0.2000000029802322;165
100..300;15;49866498;A;C;0.1703300029039383;130
100..300;15;49920375;T;G;0.2274509966373443;160
100..300;15;50182703;T;C;0.1847389936447143;185
100..300;15;50263347;A;G;0.2033900022506714;190
100..300;15;50945713;C;T;0.1647060066461563;115
100..300;15;51218505;A;T;0.2377360016107559;180
100..300;15;51218671;C;A;0.1871349960565567;120
100..300;15;51236915;C;T;0.206277996301651;140
100..300;15;51383428;T;C;0.2263160049915313;125
100..300;15;51401616;A;G;0.2029519975185394;185
100..300;15;51465629;C;T;0.1834059953689575;155
100..300;15;51491623;C;T;0.1991530060768127;155
100..300;15;51499362;G;A;0.1882349997758865;185
100..300;15;51502975;A;G;0.1681820005178451;150
100..300;15;51622465;A;G;0.19200000166893;175
100..300;15;51622519;C;T;0.1481480002403259;175
100..300;15;51954468;A;G;0.1697250008583068;145
100..300;15;52061301;G;C;0.205606997013092;145
100..300;15;52275654;A;G;0.1445309966802597;175
100..300;15;53710894;A;G;0.1787440031766891;130
100..300;15;54237572;T;C;0.1627299934625625;250
100..300;15;54321483;T;C;0.4534879922866821;115
100..300;15;55915613;G;T;0.236966997385025;150
100..300;15;55916337;A;G;0.2439019978046417;145
100..300;15;55993497;T;C;0.1581400036811828;130
100..300;15;56071433;A;G;0.2107619941234588;155
100..300;15;56071500;G;A;0.1915889978408813;150
100..300;15;57247056;C;G;0.1409399956464767;105
100..300;15;57963929;T;C;0.4017469882965088;150
100..300;15;58279202;T;A;0.2316379994153976;120
100..300;15;59224676;T;C;0.1066669970750808;100
100..300;15;60361006;A;C;0.1644439995288849;145
100..300;15;62260361;A;G;0.3394500017166137;150
100..300;15;62819540;C;T;0.1946559995412826;175
100..300;15;62835784;A;G;0.1383399963378906;170
100..300;15;62838918;A;T;0.226950004696846;195
100..300;15;63156581;G;C;0.146465003490448;135
100..300;15;63256588;A;G;0.1337579935789108;105
100..300;15;63600712;A;G;0.3010750114917755;125
100..300;15;63626108;C;G;0.2271189987659454;200
100..300;15;63630553;A;T;0.3573769927024841;205
100..300;15;63640314;C;G;0.4444440007209778;210
100..300;15;63642950;G;A;0.4573169946670532;105
100..300;15;63645010;G;C;0.4720810055732727;125
100..300;15;63656169;T;C;0.139610007405281;215
100..300;15;63661830;T;C;0.3506489992141723;215
100..300;15;63678257;C;T;0.4471830129623413;185
100..300;15;63692573;C;T;0.3885349929332733;100
100..300;15;63696158;G;C;0.394089013338089;140
100..300;15;63703224;T;C;0.3783780038356781;155
100..300;15;64127175;T;G;0.2000000029802322;100
100..300;15;64216564;A;G;0.1839620023965835;135
100..300;15;64414133;G;A;0.1370970010757446;160
100..300;15;64529299;G;A;0.1757320016622543;175
100..300;15;64675455;T;C;0.1472219973802566;255
100..300;15;64819837;T;C;0.1492539942264557;125
100..300;15;64821294;A;G;0.3899079859256744;155
100..300;15;64822557;T;C;0.1174599975347518;210
100..300;15;64934241;G;A;0.2333330065011978;115
100..300;15;65003167;T;C;0.1647509932518005;175
100..300;15;65004923;T;C;0.2111800014972686;100
100..300;15;65055067;A;G;0.202454000711441;235
100..300;15;65078012;T;C;0.1167190000414848;215
100..300;15;65260908;T;C;0.2481199949979782;180
100..300;15;65329706;A;C;0.1475410014390945;175
100..300;15;65624189;T;A;0.3274340033531189;230
100..300;15;66329008;G;A;0.1910109966993332;175
100..300;15;66337056;C;T;0.169291004538536;170
100..300;15;66352962;G;GA;0.1904760003089904;125
100..300;15;67000858;C;T;0.2595739960670471;150
100..300;15;68321440;T;G;0.1578949987888336;185
100..300;15;68321449;G;A;0.1474819928407669;180
100..300;15;69035886;T;C;0.159509003162384;215
100..300;15;69803416;T;C;0.2012200057506561;225
100..300;15;70859747;T;C;0.1476189941167831;150
100..300;15;70891939;T;G;0.3786129951477051;240
100..300;15;70892156;G;A;0.3400000035762787;165
100..300;15;71256656;T;C;0.2171429991722107;115
100..300;15;71599876;G;A;0.1660230010747909;175
100..300;15;71660560;A;G;0.1944440007209777;175
100..300;15;71748435;T;C;0.4035870134830475;155
100..300;15;72686211;T;C;0.2121209949254989;150
100..300;15;73740442;G;A;0.3063380122184753;190
100..300;15;73985454;C;T;0.2281370013952255;175
100..300;15;74330337;A;G;0.1864410042762756;120
100..300;15;75336073;T;C;0.1335739940404892;190
100..300;15;76005791;G;A;0.2516559958457947;110
100..300;15;76202194;A;C;0.1472869962453842;170
100..300;15;77896733;A;G;0.1483380049467086;185
100..300;15;77897298;G;A;0.1927269995212555;165
100..300;15;77985260;T;C;0.119047999382019;170
100..300;15;77985812;C;T;0.2150540053844452;180
100..300;15;77986142;A;G;0.2333330065011978;210
100..300;15;78098567;T;C;0.2355560064315796;155
100..300;15;78105804;A;G;0.142534002661705;285
100..300;15;78280417;G;A;0.1566269993782043;165
100..300;15;78776779;G;A;0.3919999897480011;160
100..300;15;78894130;T;C;0.1850219964981079;115
100..300;15;79236371;G;A;0.1993959993124008;230
100..300;15;79456231;A;G;0.1502729952335357;240
100..300;15;79457785;G;A;0.1815789937973022;275
100..300;15;79463262;G;A;0.174698993563652;220
100..300;15;80158047;A;G;0.2552079856395721;125
100..300;15;81300461;G;A;0.1473989933729171;235
100..300;15;81305928;G;T;0.2092200070619583;200
100..300;15;81306075;A;G;0.1444759964942932;250
100..300;15;82043591;G;A;0.1027399972081184;200
100..300;15;82045282;T;C;0.1814949959516525;190
100..300;15;82138804;T;C;0.2237440049648285;150
100..300;15;82151813;T;G;0.1653849929571151;190
100..300;15;82317590;T;C;0.1918600052595138;115
100..300;15;82533242;T;C;0.1677419990301132;105
100..300;15;82573126;G;A;0.1986059993505478;190
100..300;15;82677266;T;TC;0.2139039933681488;125
100..300;15;82759441;A;G;0.2060090005397796;165
100..300;15;82831014;A;G;0.1698839962482452;180
100..300;15;82833313;C;A;0.1975679993629455;225
100..300;15;82833314;G;C;0.1969700008630752;225
100..300;15;82849766;A;G;0.2173909991979599;185
100..300;15;82854635;T;C;0.1584700047969818;135
100..300;15;83942615;C;G;0.194690003991127;150
100..300;15;83970598;T;C;0.3416930139064789;205
100..300;15;83982433;A;C;0.157377004623413;210
100..300;15;84037709;T;C;0.2222220003604889;120
100..300;15;84113665;C;A;0.2011490017175674;115
100..300;15;84399499;C;CATGGGCATGCTGACG;0.0805687010288238;135
100..300;15;84399551;A;T;0.1295340061187744;130
100..300;15;84403620;A;G;0.0974358990788459;135
100..300;15;84403661;A;G;0.0643275007605552;120
100..300;15;84643606;C;T;0.2354570031166076;235
100..300;15;84655375;T;C;0.2074930071830749;225
100..300;15;84895080;CTTG;C;0.180645003914833;225
100..300;15;85262481;G;A;0.1489360034465789;150
100..300;15;85579739;C;T;0.1653849929571151;195
100..300;15;85582073;T;C;0.1511629968881607;175
100..300;15;85741111;T;C;0.1796880066394806;165
100..300;15;85743556;T;C;0.172106996178627;235
100..300;15;88003409;G;C;0.1929820030927658;120
100..300;15;88021541;A;G;0.1940300017595291;100
100..300;15;88069284;A;G;0.2058819979429245;100
100..300;15;88119140;A;G;0.1968089938163757;145
100..300;15;88874007;G;A;0.1654500067234039;290
100..300;15;88874398;A;G;0.2048780024051666;140
100..300;15;88878096;G;A;0.3753420114517212;260
100..300;15;88878174;A;G;0.2093019932508468;265
100..300;15;88879055;T;C;0.1904760003089904;280
100..300;15;88881350;G;A;0.1791040003299713;145
100..300;15;88887275;T;C;0.1981129944324493;275
100..300;15;88893013;C;T;0.1548819988965988;195
100..300;15;88893064;A;G;0.1723079979419708;215
100..300;15;89193327;C;T;0.1568630039691925;170
100..300;15;89211723;A;G;0.2386360019445419;120
100..300;15;89260812;T;C;0.2088609933853149;100
100..300;15;89274209;A;G;0.1918600052595138;110
100..300;15;89292997;C;G;0.1737090051174163;145
100..300;15;89301457;C;A;0.2838709950447082;105
100..300;15;89315371;C;T;0.2571429908275604;140
100..300;15;89317555;C;A;0.1052630022168159;125
100..300;15;89319110;G;A;0.2151899933815002;165
100..300;15;89625462;A;T;0.3368789851665497;210
100..300;15;89627006;T;C;0.3396230041980743;215
100..300;15;89645161;T;A;0.2521370053291321;165
100..300;15;89652777;T;C;0.3671329915523529;205
100..300;15;89667032;G;A;0.1624200046062469;205
100..300;15;89688239;A;G;0.4014079868793487;110
100..300;15;89804552;T;C;0.1541350036859512;175
100..300;15;89804561;A;C;0.1520909965038299;175
100..300;15;89804583;A;G;0.1333329975605011;155
100..300;15;89806230;A;G;0.1671389937400818;260
100..300;15;90067575;A;C;0.1503500044345855;190
100..300;15;90079820;C;T;0.2150000035762787;130
100..300;15;90232411;A;G;0.1626790016889572;135
100..300;15;90241698;A;C;0.1575089991092682;185
100..300;15;90241828;T;C;0.1645160019397735;225
100..300;15;90295118;T;C;0.1458330005407333;235
100..300;15;90360270;A;G;0.205278992652893;235
100..300;15;90491327;G;C;0.1980679929256439;145
100..300;15;90540121;A;G;0.2070479989051818;155
100..300;15;90885060;T;C;0.4252870082855224;125
100..300;15;90885359;G;T;0.3641299903392792;255
100..300;15;90885406;A;G;0.3591949939727783;235
100..300;15;92281628;C;T;0.2346940040588379;140
100..300;15;92281744;T;C;0.1351349949836731;135
100..300;15;92795989;C;T;0.1540880054235458;235
100..300;15;93002704;C;T;0.2119819968938827;145
100..300;15;93024634;C;A;0.1609199941158294;250
100..300;15;93045059;A;G;0.1681029945611953;165
100..300;15;93052380;T;C;0.1702129989862442;255
100..300;15;94541859;C;T;0.216495007276535;130
100..300;15;99258298;C;A;0.1930689960718155;150
100..300;15;99258729;A;G;0.235848993062973;150
100..300;15;99334110;C;T;0.2423080056905746;175
100..300;15;99729430;C;G;0.2140579968690872;225
100..300;15;99729532;A;G;0.3013100028038025;195
100..300;15;99729544;A;G;0.2869200110435486;195
100..300;15;100109043;A;G;0.1593630015850067;165
100..300;15;100152640;G;A;0.2086610049009323;160
100..300;15;100152748;A;G;0.3372550010681152;165
100..300;15;100924710;C;T;0.2546130120754242;180
100..300;16;61249;T;C;0.0984252020716667;170
100..300;16;180579;G;A;0.1166670024394989;110
100..300;16;254515;T;C;0.139174997806549;270
100..300;16;263407;G;A;0.2371540069580078;175
100..300;16;270584;T;C;0.1481480002403259;180
100..300;16;270630;T;C;0.1578949987888336;200
100..300;16;272935;T;C;0.1868849992752075;195
100..300;16;274030;TG;T;0.1776320040225982;225
100..300;16;274052;G;A;0.3174999952316284;260
100..300;16;284543;G;C;0.1699029952287674;145
100..300;16;284580;C;G;0.1620109975337982;130
100..300;16;284732;T;C;0.1535950005054474;205
100..300;16;286421;A;G;0.1558939963579177;175
100..300;16;286916;T;C;0.2186049968004226;165
100..300;16;347044;T;G;0.1461039930582046;215
100..300;16;369092;G;A;0.172881007194519;195
100..300;16;369154;A;G;0.1525419950485229;225
100..300;16;376432;C;T;0.1940789967775344;220
100..300;16;377479;C;T;0.1762920022010803;210
100..300;16;377516;C;T;0.1777109950780868;215
100..300;16;377657;A;G;0.201550006866455;195
100..300;16;377784;A;G;0.1700289994478225;230
100..300;16;377820;T;C;0.1650789976119995;210
100..300;16;377866;C;T;0.155250996351242;155
100..300;16;520233;A;G;0.1778980046510696;245
100..300;16;552370;T;C;0.1460669934749603;170
100..300;16;564763;C;T;0.1299999952316284;120
100..300;16;564821;G;A;0.0976743996143341;145
100..300;16;565048;A;G;0.1378089934587478;180
100..300;16;565326;C;T;0.148717999458313;130
100..300;16;574114;G;A;0.1361870020627975;170
100..300;16;574713;T;C;0.1453489959239959;125
100..300;16;576346;C;A;0.3008129894733429;255
100..300;16;580902;G;C;0.1640869975090026;195
100..300;16;583125;C;T;0.3391610085964203;210
100..300;16;583353;C;T;0.375;240
100..300;16;583354;A;G;0.3742859959602356;240
100..300;16;627629;C;T;0.1068700030446052;175
100..300;16;631280;T;G;0.1836729943752288;125
100..300;16;631284;T;C;0.1576350033283233;130
100..300;16;631325;G;A;0.1835940033197403;160
100..300;16;632566;C;T;0.2215909957885742;120
100..300;16;651656;T;C;0.134782999753952;150
100..300;16;655360;C;T;0.0702479034662246;150
100..300;16;655844;C;T;0.1841360032558441;245
100..300;16;656534;A;G;0.2041880041360855;135
100..300;16;658275;A;C;0.1206350028514862;205
100..300;16;659001;A;C;0.1749999970197677;235
100..300;16;661326;C;G;0.1502149999141693;170
100..300;16;661582;G;C;0.1877730041742324;185
100..300;16;661712;T;C;0.1246939972043037;265
100..300;16;661905;G;A;0.1582089960575103;225
100..300;16;665990;A;G;0.1628569960594177;230
100..300;16;667523;T;G;0.2180449962615966;270
100..300;16;672548;G;A;0.1857919991016388;140
100..300;16;676907;T;C;0.1728399991989135;230
100..300;16;682287;G;GC;0.3956519961357116;165
100..300;16;683424;G;C;0.1912350058555603;170
100..300;16;685794;G;A;0.1280989944934845;175
100..300;16;685921;C;T;0.1848340034484863;145
100..300;16;687269;T;C;0.1589149981737136;185
100..300;16;690404;G;C;0.1488099992275238;115
100..300;16;722141;C;G;0.1510069966316223;205
100..300;16;724520;T;C;0.1838240027427673;195
100..300;16;724692;G;A;0.1594199985265731;100
100..300;16;725947;C;G;0.1821189969778061;220
100..300;16;725954;A;C;0.1875;220
100..300;16;725955;A;C;0.1889249980449676;220
100..300;16;727627;T;C;0.1771429926156997;115
100..300;16;770143;C;T;0.1052630022168159;160
100..300;16;789084;C;A;0.1261679977178573;140
100..300;16;790378;G;A;0.2330510020256042;175
100..300;16;790409;C;T;0.2374430000782013;170
100..300;16;790636;G;C;0.1876920014619827;210
100..300;16;791966;T;C;0.176828995347023;105
100..300;16;792450;T;C;0.1447370052337646;220
100..300;16;792706;A;G;0.2054259926080703;185
100..300;16;792826;G;A;0.1990740001201629;155
100..300;16;797743;T;C;0.1411039978265762;115
100..300;16;879711;T;C;0.181207999587059;195
100..300;16;934113;A;C;0.15726999938488;230
100..300;16;1202369;T;C;0.1474650055170059;140
100..300;16;1215600;A;G;0.1527269929647445;185
100..300;16;1341870;G;C;0.1631579995155334;140
100..300;16;1426329;C;T;0.190871000289917;160
100..300;16;1453878;A;T;0.1524160057306289;180
100..300;16;1456129;T;C;0.1893199980258941;280
100..300;16;1486371;A;G;0.1557379961013794;250
100..300;16;1487450;G;C;0.1608189940452575;235
100..300;16;1656434;T;C;0.1821710020303726;180
100..300;16;1765945;T;C;0.0976743996143341;145
100..300;16;1777835;C;T;0.168066993355751;160
100..300;16;1786795;A;C;0.1187049970030784;195
100..300;16;1788639;C;T;0.1518319994211197;275
100..300;16;1792208;G;A;0.119497001171112;205
100..300;16;1793671;C;T;0.1371839940547943;165
100..300;16;1978401;C;A;0.1486880034208297;235
100..300;16;1986047;C;T;0.1931030005216598;100
100..300;16;1998795;T;C;0.1798249930143356;155
100..300;16;1998825;G;C;0.1969700008630752;130
100..300;16;1999639;G;A;0.3246749937534332;160
100..300;16;1999727;T;C;0.1350210011005401;170
100..300;16;1999848;C;T;0.1254750043153762;190
100..300;16;1999881;GTCC;G;0.1646589934825897;210
100..300;16;2000191;T;G;0.1306820064783096;240
100..300;16;2089874;A;G;0.2072539925575256;130
100..300;16;2295708;A;G;0.1759530007839203;220
100..300;16;2462541;C;G;0.2395830005407333;135
100..300;16;2497033;G;C;0.1626980006694793;180
100..300;16;2529049;A;G;0.2000000029802322;205
100..300;16;2771572;T;C;0.1971829980611801;195
100..300;16;2820949;A;G;0.191780999302864;155
100..300;16;2933137;T;C;0.1274510025978088;140
100..300;16;2933482;G;C;0.152318000793457;215
100..300;16;2937278;T;G;0.1527779996395111;185
100..300;16;2992911;A;C;0.2006579935550689;205
100..300;16;3090615;C;T;0.1920900046825409;125
100..300;16;3091559;T;C;0.2544380128383636;120
100..300;16;3243888;T;C;0.231111004948616;160
100..300;16;3243922;T;A;0.2271060049533844;180
100..300;16;3254626;G;C;0.1609759926795959;140
100..300;16;3483577;G;C;0.1805559992790222;195
100..300;16;3484892;A;G;0.1505099982023239;260
100..300;16;3589229;A;G;0.18087899684906;270
100..300;16;3662962;T;C;0.1405410021543502;125
100..300;16;3983435;C;T;0.1521739959716797;190
100..300;16;4343195;G;A;0.1263940036296844;170
100..300;16;4779683;T;C;0.1106190010905265;150
100..300;16;4870504;T;C;0.1646589934825897;165
100..300;16;4899136;A;G;0.2070479989051818;155
100..300;16;5078816;A;G;0.1859759986400604;220
100..300;16;5090560;T;C;0.1846590042114257;235
100..300;16;5095473;T;C;0.120119996368885;210
100..300;16;5365914;G;A;0.1338029950857162;105
100..300;16;6913969;T;C;0.1481480002403259;110
100..300;16;8635267;A;G;0.1410260051488876;205
100..300;16;8750532;T;C;0.1445090025663375;115
100..300;16;8774919;A;C;0.2391300052404403;150
100..300;16;10769107;G;A;0.1422220021486282;145
100..300;16;10907886;A;G;0.3949579894542694;180
100..300;16;11553636;C;T;0.2105260044336319;220
100..300;16;11556469;A;G;0.3833990097045898;175
100..300;16;11758498;C;A;0.3478260040283203;150
100..300;16;11875867;C;G;0.4156630039215088;220
100..300;16;12069112;G;A;0.1509429961442947;145
100..300;16;12526556;T;G;0.2771080136299133;110
100..300;16;12908502;C;T;0.4139780104160309;125
100..300;16;12908530;T;C;0.3866670131683349;150
100..300;16;13920383;A;G;0.3026320040225982;155
100..300;16;13935176;A;G;0.1983119994401931;160
100..300;16;13948101;C;T;0.3808349967002868;285
100..300;16;14240669;T;C;0.2455359995365142;170
100..300;16;15586785;T;C;0.1869159936904907;210
100..300;16;15724635;C;CG;0.2023350000381469;190
100..300;16;15771615;A;G;0.202127993106842;255
100..300;16;16079375;T;G;0.3258059918880462;205
100..300;16;16134385;A;G;0.2079209983348846;200
100..300;16;16157742;T;C;0.174342006444931;195
100..300;16;16185006;T;G;0.1658769994974136;145
100..300;16;16185012;C;G;0.1708540022373199;140
100..300;16;16187150;G;A;0.1687120050191879;210
100..300;16;16198014;C;G;0.1333329975605011;115
100..300;16;17200491;A;G;0.1467390060424804;125
100..300;16;18854886;G;C;0.184685006737709;160
100..300;16;19037931;T;A;0.2419929951429367;190
100..300;16;19223170;T;C;0.2199999988079071;105
100..300;16;19460249;A;G;0.1764709949493408;130
100..300;16;19487179;A;C;0.1875;145
100..300;16;19487243;G;A;0.2175440043210983;190
100..300;16;19536794;A;G;0.1952189952135086;185
100..300;16;19536968;A;G;0.1760559976100921;200
100..300;16;19714953;T;C;0.2110819965600967;260
100..300;16;20319614;T;C;0.1974519938230514;110
100..300;16;20341296;A;C;0.2044200003147125;125
100..300;16;20431331;A;G;0.2571429908275604;120
100..300;16;20997368;C;T;0.1924290060997009;220
100..300;16;21140592;T;G;0.1217710003256797;175
100..300;16;21174063;A;G;0.1590210050344467;205
100..300;16;21204351;G;A;0.1578949987888336;135
100..300;16;21275606;G;A;0.2167830020189285;100
100..300;16;21965441;A;G;0.2513970136642456;120
100..300;16;22080746;C;A;0.2010049968957901;125
100..300;16;22126282;A;G;0.0874999985098838;110
100..300;16;22132997;T;C;0.2060299962759018;260
100..300;16;22166935;A;G;0.1168830022215843;150
100..300;16;22251193;A;C;0.3640779852867126;125
100..300;16;22815018;G;A;0.1729319989681244;180
100..300;16;23380765;T;C;0.1304350048303604;180
100..300;16;23710959;A;G;0.196491003036499;180
100..300;16;24884040;T;C;0.2307689934968948;140
100..300;16;25228484;C;G;0.1541499942541122;160
100..300;16;25244185;T;C;0.1969230026006698;230
100..300;16;25246714;G;A;0.1748879998922348;150
100..300;16;25251957;A;G;0.1679999977350235;160
100..300;16;25257047;G;A;0.1546390056610107;210
100..300;16;25454404;T;C;0.2416110038757324;105
100..300;16;27363836;C;T;0.1887760013341903;130
100..300;16;27749719;T;C;0.1661890000104904;240
100..300;16;27761500;T;C;0.1715119928121566;230
100..300;16;27777669;A;G;0.1739130020141601;215
100..300;16;28495107;T;C;0.1957670003175735;140
100..300;16;28498069;G;C;0.1984730064868927;185
100..300;16;28538187;A;G;0.1390130072832107;150
100..300;16;28591670;G;A;0.1741739958524704;215
100..300;16;28591691;G;A;0.1569969952106475;195
100..300;16;28593365;G;A;0.2264959961175918;165
100..300;16;28845498;T;C;0.1722220033407211;120
100..300;16;28887472;C;T;0.21875;205
100..300;16;28986676;A;G;0.1324499994516372;210
100..300;16;29397634;T;C;0.1792449951171875;190
100..300;16;29664607;T;C;0.120567001402378;230
100..300;16;29897112;G;C;0.263359010219574;170
100..300;16;29901481;GGGT;G;0.2440939992666244;190
100..300;16;30086309;T;C;0.2084430009126663;255
100..300;16;30089080;T;C;0.1644300073385238;205
100..300;16;30481502;T;C;0.1950349956750869;190
100..300;16;30499250;T;C;0.1726910024881363;190
100..300;16;31061588;A;G;0.1975309997797012;180
100..300;16;31085174;C;G;0.177616000175476;275
100..300;16;31132672;T;C;0.1601559966802597;185
100..300;16;31143577;T;C;0.1366669982671737;215
100..300;16;31325398;A;G;0.1747969985008239;170
100..300;16;31373233;C;T;0.2275130003690719;135
100..300;16;31464865;G;C;0.1487890034914016;180
100..300;16;31528613;T;G;0.1556420028209686;170
100..300;16;31547360;A;G;0.4027779996395111;110
100..300;16;31568951;T;C;0.3797470033168793;225
100..300;16;31569209;C;A;0.3846150040626526;170
100..300;16;48130866;C;T;0.2088889926671981;145
100..300;16;49396623;A;G;0.1872909963130951;205
100..300;16;50058779;A;G;0.25;160
100..300;16;50608290;C;G;0.1753250062465667;200
100..300;16;50675812;A;G;0.1909389942884445;200
100..300;16;50699948;G;C;0.1223400011658668;135
100..300;16;50711672;G;T;0.1774650067090988;255
100..300;16;51138766;A;G;0.1974920034408569;220
100..300;16;51278630;G;A;0.1790120005607605;110
100..300;16;52439351;G;A;0.2908369898796081;180
100..300;16;52935001;G;A;0.2032970041036605;135
100..300;16;53229052;T;C;0.220657005906105;140
100..300;16;53304497;G;GTTC;0.1749999970197677;155
100..300;16;53602088;A;G;0.1710530072450637;140
100..300;16;53649037;T;C;0.190310999751091;190
100..300;16;55327581;T;C;0.3463410139083862;165
100..300;16;55329326;A;G;0.3953489959239959;125
100..300;16;55460772;G;C;0.1584160029888153;140
100..300;16;55846568;C;A;0.1799409985542297;230
100..300;16;55846622;C;G;0.1642860025167465;205
100..300;16;56334777;T;C;0.0882352963089943;225
100..300;16;56633330;A;T;0.4254660010337829;220
100..300;16;56636996;A;AT;0.4043889939785003;260
100..300;16;56644113;A;G;0.2312500029802322;205
100..300;16;56658058;T;A;0.1201720014214515;155
100..300;16;56677646;T;C;0.3626669943332672;250
100..300;16;56686969;T;C;0.1266669929027557;105
100..300;16;56687861;T;A;0.2020729929208755;130
100..300;16;57026812;A;G;0.1992339938879013;190
100..300;16;57036092;CT;C;0.1629959940910339;150
100..300;16;57051635;G;T;0.1581200063228607;150
100..300;16;57127916;A;G;0.1744190007448196;170
100..300;16;57249818;A;G;0.1576579958200454;150
100..300;16;57363537;T;C;0.1433449983596801;195
100..300;16;57436652;C;G;0.1573600023984909;130
100..300;16;57440756;A;G;0.139394000172615;115
100..300;16;57440775;C;G;0.1625619977712631;135
100..300;16;57661692;T;C;0.1751150041818618;155
100..300;16;57698100;A;G;0.157706007361412;195
100..300;16;57920544;G;A;0.176828995347023;115
100..300;16;57998122;A;G;0.345205008983612;265
100..300;16;58280529;C;T;0.216606006026268;210
100..300;16;58280694;T;C;0.1857710033655166;180
100..300;16;58495711;T;C;0.1721850037574768;190
100..300;16;58508997;A;G;0.1260869950056076;155
100..300;16;58541585;A;G;0.169960007071495;170
100..300;16;58546309;C;T;0.2317070066928863;115
100..300;16;58553833;T;C;0.196721002459526;115
100..300;16;59754458;C;T;0.217617005109787;135
100..300;16;59754538;C;T;0.1694210022687912;175
100..300;16;66778894;T;C;0.2333330065011978;120
100..300;16;66914421;A;G;0.2608700096607208;125
100..300;16;67003151;C;A;0.1826090067625045;160
100..300;16;67006432;A;G;0.1443659961223602;195
100..300;16;67146268;C;T;0.1377950012683868;170
100..300;16;67287017;T;C;0.1660519987344741;190
100..300;16;67654269;C;T;0.1195650026202201;135
100..300;16;67830493;A;G;0.2072069942951202;230
100..300;16;67870787;C;T;0.1477269977331161;120
100..300;16;68698146;C;A;0.1377249956130981;220
100..300;16;69109674;G;A;0.1140070036053657;210
100..300;16;69143365;T;C;0.1542859971523285;240
100..300;16;69270145;G;A;0.2114540040493011;155
100..300;16;69320779;T;C;0.1798249930143356;155
100..300;16;69321252;A;G;0.1509429961442947;150
100..300;16;69322709;G;C;0.2887699902057647;130
100..300;16;69330127;A;G;0.1256040036678314;120
100..300;16;69343567;G;A;0.1829649955034256;210
100..300;16;69343596;C;T;0.1834529936313629;190
100..300;16;69347866;T;C;0.1440220028162002;245
100..300;16;69385491;A;G;0.1542859971523285;115
100..300;16;69424876;A;G;0.1739130020141601;140
100..300;16;69982670;A;G;0.1671919971704483;210
100..300;16;70466972;C;T;0.2054380029439926;215
100..300;16;70664191;A;G;0.2072539925575256;130
100..300;16;70692892;A;C;0.1764709949493408;240
100..300;16;71230620;A;T;0.2212390005588531;240
100..300;16;71230658;G;A;0.2397820055484771;255
100..300;16;71449594;G;C;0.1837459951639175;220
100..300;16;71475876;T;C;0.1903319954872131;245
100..300;16;71626407;A;G;0.1314740031957626;160
100..300;16;71634731;G;T;0.1518989950418472;165
100..300;16;71640979;G;C;0.1894740015268325;200
100..300;16;71734597;C;T;0.211339995265007;135
100..300;16;71746582;A;G;0.1635220050811767;110
100..300;16;71746696;C;T;0.1547619998455047;110
100..300;16;71949873;C;G;0.1722850054502487;180
100..300;16;71953096;A;G;0.2222220003604889;130
100..300;16;71967211;A;G;0.1801079958677292;235
100..300;16;71970053;C;G;0.189189001917839;195
100..300;16;71993292;A;T;0.2355560064315796;155
100..300;16;71999902;T;G;0.1120690032839775;235
100..300;16;72008783;C;A;0.1597799956798553;240
100..300;16;72120111;T;C;0.101851999759674;150
100..300;16;72129067;T;G;0.2251310050487518;135
100..300;16;72150667;T;C;0.1914889961481094;220
100..300;16;72788113;T;TGCTGCTGCTGCTGTAGTTGCC;0.1240110024809837;245
100..300;16;73941295;G;A;0.4221310019493103;170
100..300;16;74465691;A;G;0.4227640032768249;165
100..300;16;74886293;A;G;0.1739130020141601;135
100..300;16;74887763;T;A;0.1574070006608963;145
100..300;16;75235636;T;C;0.3296999931335449;250
100..300;16;75236823;A;C;0.413792997598648;175
100..300;16;75714908;C;T;0.1923079937696457;280
100..300;16;76448850;G;C;0.2134830057621002;185
100..300;16;76553305;G;T;0.2201489955186844;185
100..300;16;76553434;C;T;0.2142859995365142;170
100..300;16;77212620;A;C;0.1968089938163757;125
100..300;16;77735937;A;G;0.1410260051488876;215
100..300;16;78030836;A;C;0.1818179935216903;130
100..300;16;78386878;A;G;0.1508380025625229;120
100..300;16;78574199;C;T;0.3807109892368316;275
100..300;16;79133791;G;A;0.2091840058565139;125
100..300;16;79585938;A;G;0.1528660058975219;105
100..300;16;79599908;T;TGCC;0.3425410091876983;165
100..300;16;80126848;C;G;0.2142859995365142;110
100..300;16;81061486;G;A;0.4150939881801605;260
100..300;16;81108652;C;T;0.3043479919433594;155
100..300;16;81133709;A;G;0.1901839971542358;110
100..300;16;81157103;C;A;0.1313869953155517;100
100..300;16;81160923;T;C;0.1714289933443069;150
100..300;16;81177891;A;C;0.167722001671791;200
100..300;16;81177943;A;G;0.1877389997243881;175
100..300;16;81185582;T;C;0.1416999995708465;165
100..300;16;81268089;T;A;0.2152779996395111;195
100..300;16;81270154;C;T;0.1596239954233169;155
100..300;16;81476117;C;T;0.4157299995422363;255
100..300;16;81786071;T;A;0.1859650015830993;185
100..300;16;81908423;G;C;0.2148759961128235;160
100..300;16;82148776;G;T;0.1632650047540664;190
100..300;16;82858432;G;A;0.1851850003004074;150
100..300;16;83180875;A;C;0.3972600102424621;100
100..300;16;83981020;T;C;0.2000000029802322;150
100..300;16;84174729;T;G;0.1506849974393844;250
100..300;16;84176132;C;T;0.1834319978952407;235
100..300;16;84176210;C;T;0.1843750029802322;220
100..300;16;84176258;C;G;0.1791040003299713;185
100..300;16;84178965;A;C;0.2000000029802322;215
100..300;16;84179508;T;C;0.1381379961967468;235
100..300;16;84179828;T;A;0.1977079957723617;250
100..300;16;84179935;AC;A;0.2048780024051666;175
100..300;16;84181784;C;T;0.1736329942941665;235
100..300;16;84195830;A;G;0.1601310074329376;210
100..300;16;84195974;T;C;0.1846970021724701;255
100..300;16;84223013;T;C;0.2227720022201538;135
100..300;16;84368669;C;G;0.1189429983496666;150
100..300;16;84452071;A;T;0.1614039987325668;195
100..300;16;84459475;A;G;0.2578949928283691;145
100..300;16;84462134;C;G;0.1838569939136505;155
100..300;16;84657827;T;C;0.2094019949436187;165
100..300;16;84845858;G;A;0.3431090116500854;225
100..300;16;85670978;G;A;0.1647730022668838;120
100..300;16;85678254;T;C;0.143885001540184;175
100..300;16;86532276;C;G;0.1420290023088455;230
100..300;16;86532433;T;C;0.2026430070400238;160
100..300;16;86532436;A;G;0.2000000029802322;155
100..300;16;86542131;T;C;0.1928569972515106;180
100..300;16;87052881;A;G;0.4040400087833404;140
100..300;16;87335472;T;C;0.1853449940681457;165
100..300;16;87644538;C;T;0.3231709897518158;235
100..300;16;87644559;A;G;0.1246199980378151;235
100..300;16;87644643;A;G;0.1530050039291381;260
100..300;16;87690232;C;T;0.1955720037221908;190
100..300;16;87708056;A;C;0.1711709946393966;140
100..300;16;87748790;A;C;0.2037039995193481;145
100..300;16;87755230;A;G;0.1812500059604644;105
100..300;16;87761974;C;G;0.152318000793457;205
100..300;16;87869078;T;G;0.1715819984674453;170
100..300;16;87891824;C;T;0.1542859971523285;245
100..300;16;88018419;C;G;0.1621620059013366;150
100..300;16;88018540;T;C;0.1662130057811737;245
100..300;16;88428959;A;G;0.1869920045137405;245
100..300;16;88429600;C;T;0.25;180
100..300;16;88435800;T;A;0.173126995563507;265
100..300;16;88639922;T;C;0.137254998087883;265
100..300;16;88712102;A;G;0.1318680047988891;190
100..300;16;88712624;C;G;0.245614007115364;165
100..300;16;88715671;A;G;0.1791040003299713;140
100..300;16;88721652;A;G;0.209439992904663;235
100..300;16;88741488;A;G;0.2268909960985183;160
100..300;16;88811640;A;G;0.1224490031599998;115
100..300;16;89100730;C;G;0.1987770050764084;225
100..300;16;89102592;T;C;0.173333004117012;150
100..300;16;89179547;T;C;0.2079769968986511;240
100..300;16;89195074;A;C;0.1436949968338012;235
100..300;16;89198687;T;C;0.1633239984512329;250
100..300;16;89227322;T;C;0.1857589930295944;225
100..300;16;89228419;G;A;0.1323529928922653;190
100..300;16;89280475;G;C;0.1171429976820945;260
100..300;16;89281610;T;C;0.1784619987010955;230
100..300;16;89282720;A;G;0.1876830011606216;250
100..300;16;89282969;C;G;0.1884420067071914;290
100..300;16;89561665;A;G;0.1779139935970306;170
100..300;16;89697634;G;A;0.1217949986457824;220
100..300;16;89845640;A;G;0.1538459956645965;150
100..300;16;89911245;A;G;0.2164500057697296;155
100..300;16;90095778;C;T;0.1570799946784973;250
100..300;16;90095932;T;C;0.1926909983158111;220
100..300;17;744917;A;G;0.2053229957818985;170
100..300;17;782512;A;G;0.1000000014901161;280
100..300;17;819449;A;G;0.1213869974017143;125
100..300;17;1280318;C;T;0.1705199927091598;240
100..300;17;1709483;C;G;0.1914889961481094;175
100..300;17;1801002;A;C;0.1988950073719024;135
100..300;17;1827927;G;A;0.1853149980306625;190
100..300;17;2299649;C;T;0.1388889998197555;285
100..300;17;2299873;G;T;0.1995069980621338;290
100..300;17;2333110;C;T;0.114155001938343;145
100..300;17;2361819;A;C;0.2331289947032928;115
100..300;17;2363505;A;G;0.1773580014705658;190
100..300;17;2363518;C;T;0.1811590045690536;195
100..300;17;2365017;A;G;0.2199999988079071;170
100..300;17;2692670;A;G;0.275409996509552;205
100..300;17;2696892;A;G;0.1541350036859512;180
100..300;17;2980294;A;C;0.2384340018033981;185
100..300;17;2981251;G;A;0.1888410001993179;160
100..300;17;3092278;A;G;0.1843319982290268;150
100..300;17;3116431;C;T;0.2236839979887008;160
100..300;17;3116477;TC;T;0.2029850035905838;230
100..300;17;3116525;A;G;0.2125000059604644;255
100..300;17;3116587;T;C;0.1829899996519088;265
100..300;17;3116848;T;C;0.2036360055208206;190
100..300;17;3117358;C;T;0.2651929855346679;125
100..300;17;3154119;C;T;0.1824560016393661;205
100..300;17;3154217;T;G;0.1828909963369369;240
100..300;17;3154330;T;A;0.1720429956912994;265
100..300;17;3154337;G;C;0.1726029962301254;260
100..300;17;3154496;T;C;0.1692309975624084;225
100..300;17;3278090;T;C;0.4117650091648102;195
100..300;17;3660669;G;C;0.1712960004806518;140
100..300;17;3690982;T;TG;0.3534139990806579;185
100..300;17;3732351;G;A;0.2080290019512176;185
100..300;17;3732474;C;A;0.3584229946136474;190
100..300;17;3753865;T;C;0.3197669982910156;220
100..300;17;3761183;AATT;A;0.2966099977493286;180
100..300;17;4448265;A;G;0.3646619915962219;175
100..300;17;4453080;T;G;0.3396829962730407;215
100..300;17;4742317;T;C;0.1488099992275238;120
100..300;17;4809100;T;A;0.1581919938325882;120
100..300;17;4818081;G;A;0.1304350048303604;120
100..300;17;4818838;T;C;0.1410260051488876;160
100..300;17;4822625;C;T;0.2013420015573501;105
100..300;17;4892979;C;T;0.2064519971609115;210
100..300;17;4892991;T;C;0.2054380029439926;230
100..300;17;4895994;T;C;0.1354169994592666;140
100..300;17;4899034;A;G;0.1358489990234375;170
100..300;17;4900416;A;G;0.1455029994249344;230
100..300;17;4933086;T;C;0.1929350048303604;265
100..300;17;4952789;T;TC;0.1877730041742324;150
100..300;17;4972333;G;A;0.175925999879837;230
100..300;17;5020802;G;C;0.1444039940834045;195
100..300;17;5583844;G;C;0.3664770126342773;230
100..300;17;6088024;T;C;0.2183910012245178;165
100..300;17;6503563;T;C;0.1495019942522049;200
100..300;17;6538056;A;G;0.1563979983329773;130
100..300;17;6610009;A;G;0.231111004948616;155
100..300;17;6620978;A;T;0.1920900046825409;125
100..300;17;6694161;A;G;0.1658540070056915;135
100..300;17;6695776;A;G;0.2296070009469986;225
100..300;17;6703999;T;C;0.1754390001296997;225
100..300;17;6800802;T;C;0.1659390032291412;150
100..300;17;7001615;G;A;0.1795919984579086;170
100..300;17;7075860;G;A;0.1717170029878616;270
100..300;17;7075899;A;AATAGG;0.1845020055770874;205
100..300;17;7076786;A;G;0.1516250073909759;200
100..300;17;7076954;T;C;0.1630430072546005;185
100..300;17;7078078;G;A;0.1954399943351745;195
100..300;17;7108754;T;G;0.1157559975981712;205
100..300;17;7108758;T;C;0.1139239966869354;210
100..300;17;7108760;T;C;0.1124999970197677;215
100..300;17;7114101;A;G;0.1869920045137405;185
100..300;17;7176997;T;C;0.1527779996395111;280
100..300;17;7196492;A;G;0.1884060055017471;145
100..300;17;7230290;A;G;0.195265993475914;230
100..300;17;7235919;A;G;0.1511629968881607;195
100..300;17;7321602;G;C;0.15625;215
100..300;17;7383007;A;T;0.383212000131607;185
100..300;17;7383694;T;TC;0.1960780024528503;170
100..300;17;7415616;T;C;0.1398600041866302;200
100..300;17;7426313;G;T;0.1448280066251754;210
100..300;17;7463332;G;C;0.1903609931468963;270
100..300;17;7496547;A;G;0.3424659967422485;190
100..300;17;7508451;T;C;0.4239130020141601;130
100..300;17;7564960;T;C;0.4549179971218109;175
100..300;17;7630399;C;T;0.3856210112571716;105
100..300;17;7655719;T;C;0.1704549938440323;130
100..300;17;7776841;A;G;0.1862069964408874;100
100..300;17;7802026;C;G;0.1976740062236786;120
100..300;17;8003871;T;C;0.1708189994096756;200
100..300;17;8012602;A;G;0.1313129961490631;140
100..300;17;8013961;A;T;0.1853789985179901;250
100..300;17;8039583;G;C;0.1517509967088699;170
100..300;17;8080651;C;G;0.213929995894432;125
100..300;17;8081161;A;G;0.1696110069751739;195
100..300;17;8096639;A;G;0.1818179935216903;210
100..300;17;8263180;A;G;0.1626510024070739;230
100..300;17;8743697;A;G;0.1646090000867843;165
100..300;17;8758323;T;C;0.1666669994592666;260
100..300;17;8797798;A;G;0.180768996477127;195
100..300;17;8798481;T;G;0.1592179983854293;270
100..300;17;8835258;G;A;0.1756100058555603;140
100..300;17;9682848;T;C;0.4303280115127563;160
100..300;17;9771584;T;C;0.1636359989643097;260
100..300;17;9771605;G;A;0.1624370068311691;265
100..300;17;9771659;C;T;0.161764994263649;230
100..300;17;9821774;A;G;0.1964289993047714;195
100..300;17;9821776;T;C;0.1957300007343292;195
100..300;17;9861214;G;A;0.3575420081615448;125
100..300;17;10328100;T;C;0.357692003250122;185
100..300;17;10524607;A;G;0.350616991519928;230
100..300;17;10795417;T;G;0.4685710072517395;125
100..300;17;10795437;A;T;0.4720500111579895;115
100..300;17;11608140;T;C;0.1490200012922287;175
100..300;17;11629398;C;T;0.14130400121212;130
100..300;17;11629518;G;A;0.1383399963378906;160
100..300;17;11747740;G;A;0.2089550048112869;135
100..300;17;11834621;A;G;0.3972600102424621;105
100..300;17;11834624;T;C;0.3851349949836731;110
100..300;17;11854239;G;C;0.1735540032386779;250
100..300;17;11929970;G;A;0.1453630030155182;260
100..300;17;11930048;A;G;0.1578949987888336;250
100..300;17;11932004;T;C;0.1851850003004074;170
100..300;17;11932014;A;G;0.192452996969223;185
100..300;17;11962145;A;G;0.1732849925756454;190
100..300;17;12753100;C;T;0.1437699943780899;210
100..300;17;14345059;G;A;0.2322269976139068;120
100..300;17;15230858;G;T;0.2335159927606582;245
100..300;17;15593416;G;A;0.2157430052757263;220
100..300;17;15628833;A;G;0.2176039963960647;255
100..300;17;16158820;C;G;0.1578949987888336;190
100..300;17;16422654;G;A;0.1469649970531463;220
100..300;17;16422691;C;A;0.1459459960460662;250
100..300;17;16433678;G;C;0.1404259949922561;150
100..300;17;16443618;T;G;0.136363998055458;205
100..300;17;16925336;G;A;0.1358020007610321;155
100..300;17;16925397;T;C;0.1215810030698776;195
100..300;17;16925399;T;A;0.1197599992156028;195
100..300;17;16925476;C;T;0.1317570060491562;180
100..300;17;16925477;A;G;0.132202997803688;180
100..300;17;16925490;A;G;0.1403509974479675;180
100..300;17;16933111;A;G;0.1661970019340515;235
100..300;17;16939598;G;A;0.2145749926567077;165
100..300;17;17142710;A;C;0.1666669994592666;170
100..300;17;17158927;G;C;0.3310810029506683;205
100..300;17;17165791;A;G;0.3848170042037964;265
100..300;17;17796723;A;AAGG;0.2164379954338073;270
100..300;17;18138193;T;C;0.3539519906044006;180
100..300;17;18144511;A;G;0.2153110057115554;135
100..300;17;18153853;T;A;0.3593069911003113;150
100..300;17;18155207;T;C;0.3260189890861511;210
100..300;17;18156180;T;C;0.3619050085544586;140
100..300;17;18238579;T;C;0.2228569984436035;235
100..300;17;18290627;A;G;0.1513350009918213;220
100..300;17;18302436;T;TGGAGAGTGAA;0.1818179935216903;145
100..300;17;18305230;A;G;0.1164020001888275;125
100..300;17;18316428;A;G;0.1386139988899231;215
100..300;17;18317360;T;C;0.1245900020003318;215
100..300;17;18317820;T;C;0.1629389971494674;225
100..300;17;18322863;T;G;0.1894409954547882;215
100..300;17;18328782;A;G;0.1755730062723159;175
100..300;17;18969024;C;T;0.2122759968042373;255
100..300;17;18971372;CGGT;C;0.1857919991016388;155
100..300;17;18971407;G;C;0.1784230023622512;175
100..300;17;18976955;A;C;0.147826001048088;230
100..300;17;19313263;T;C;0.1818179935216903;215
100..300;17;19497061;T;C;0.1698109954595565;110
100..300;17;19705460;A;G;0.3870970010757446;210
100..300;17;19713923;T;G;0.3753350079059601;235
100..300;17;19739639;C;G;0.3251030147075653;160
100..300;17;20754485;C;T;0.2386360019445419;115
100..300;17;20775678;G;GA;0.1481480002403259;145
100..300;17;22205050;T;C;0.2054789960384369;110
100..300;17;27082786;A;G;0.1877730041742324;155
100..300;17;27083059;T;C;0.1614910066127777;230
100..300;17;27083289;G;A;0.2551020085811615;210
100..300;17;27083613;C;T;0.1990949958562851;165
100..300;17;27083661;G;C;0.1800000071525573;140
100..300;17;27083708;G;A;0.1604280024766922;125
100..300;17;27430075;T;C;0.1766780018806457;185
100..300;17;27588547;A;G;0.2247190028429031;105
100..300;17;27664068;A;G;0.1643189936876297;140
100..300;17;28227749;T;C;0.1652889996767044;175
100..300;17;28529243;G;A;0.2000000029802322;105
100..300;17;28534859;T;C;0.166264995932579;290
100..300;17;28620028;C;A;0.218309998512268;100
100..300;17;28620634;A;G;0.1755319982767105;125
100..300;17;28628312;C;A;0.1312060058116912;180
100..300;17;28687378;T;C;0.1687979996204376;260
100..300;17;28687465;A;C;0.1584910005331039;175
100..300;17;28691078;G;A;0.2046779990196228;115
100..300;17;28717464;A;C;0.2198950052261352;135
100..300;17;28725340;T;C;0.1736110001802444;190
100..300;17;28738193;C;T;0.1291289925575256;215
100..300;17;28880553;T;C;0.1630900055170059;150
100..300;17;28883235;C;T;0.1980679929256439;135
100..300;17;28959833;C;T;0.1683170050382614;195
100..300;17;29055043;A;C;0.1778849959373474;145
100..300;17;29097298;A;G;0.2145919948816299;155
100..300;17;29203440;T;C;0.2325579971075058;130
100..300;17;29253738;T;C;0.1768949925899505;190
100..300;17;30451799;C;T;0.2831330001354217;215
100..300;17;31517640;G;C;0.1353709995746612;155
100..300;17;31517891;G;A;0.1758240014314651;135
100..300;17;31901637;A;G;0.1512610018253326;160
100..300;17;32112305;A;G;0.2837370038032532;210
100..300;17;32150662;A;C;0.1927710026502609;170
100..300;17;32206951;G;A;0.218638002872467;185
100..300;17;32227931;G;A;0.1685390025377273;115
100..300;17;32228084;A;G;0.145455002784729;185
100..300;17;32343972;A;G;0.1209300011396408;150
100..300;17;32365377;T;G;0.1825399994850158;170
100..300;17;32369277;A;G;0.1394560039043426;195
100..300;17;34038164;A;G;0.1847829967737198;180
100..300;17;34256250;C;T;0.1230769976973533;175
100..300;17;34959645;G;A;0.2083330005407333;170
100..300;17;35106468;T;C;0.3448280096054077;115
100..300;17;35118530;A;G;0.2118639945983886;160
100..300;17;35186572;C;A;0.1805559992790222;100
100..300;17;35363600;T;G;0.4123710095882416;215
100..300;17;35441180;A;G;0.1850830018520355;250
100..300;17;35490181;T;C;0.1992029994726181;190
100..300;17;35554612;C;T;0.1652169972658157;135
100..300;17;35554699;A;G;0.1568630039691925;110
100..300;17;35671783;C;G;0.127358004450798;130
100..300;17;35745012;A;G;0.1559139937162399;270
100..300;17;36498436;A;G;0.1744190007448196;290
100..300;17;36507785;A;G;0.2978720068931579;130
100..300;17;36515878;C;T;0.1455219984054565;180
100..300;17;36586165;A;G;0.1510200053453445;165
100..300;17;36600156;C;CCA;0.1294119954109192;250
100..300;17;36989342;C;T;0.3664770126342773;235
100..300;17;38322567;T;G;0.1789139956235885;200
100..300;17;38352502;C;T;0.1149429976940155;105
100..300;17;38738586;A;G;0.3753210008144378;275
100..300;17;38770478;G;T;0.164803996682167;240
100..300;17;38770514;A;G;0.1437699943780899;205
100..300;17;39152539;A;G;0.0980392023921012;140
100..300;17;39160735;C;T;0.1696429997682571;150
100..300;17;39162776;G;T;0.1406729966402053;210
100..300;17;39162812;T;C;0.1384620070457458;205
100..300;17;39162850;C;T;0.1516389995813369;160
100..300;17;39165708;T;C;0.1462260037660598;145
100..300;17;39699581;A;C;0.1340209990739822;125
100..300;17;39742469;A;G;0.1452510058879852;135
100..300;17;39944420;G;C;0.2072069942951202;230
100..300;17;39986725;T;C;0.1818179935216903;115
100..300;17;39989901;C;T;0.169173002243042;175
100..300;17;40019613;A;G;0.1422590017318725;155
100..300;17;40029853;T;C;0.1638659983873367;155
100..300;17;40300899;A;G;0.1933329999446869;200
100..300;17;40332287;G;A;0.1481480002403259;135
100..300;17;40337898;T;C;0.2026579976081848;210
100..300;17;40340500;A;T;0.1931820064783096;180
100..300;17;40344662;C;T;0.2114540040493011;155
100..300;17;40344676;C;G;0.1972479969263076;155
100..300;17;40484492;T;C;0.1988950073719024;120
100..300;17;40488873;G;A;0.1887910068035125;225
100..300;17;40750466;T;C;0.1714980006217956;250
100..300;17;40782339;G;C;0.1713559925556183;280
100..300;17;40799709;A;G;0.3705579936504364;280
100..300;17;40834751;C;T;0.3769469857215881;225
100..300;17;40936532;T;C;0.1845729947090149;270
100..300;17;40960476;A;G;0.1870969980955124;220
100..300;17;40978837;A;G;0.2020999938249588;255
100..300;17;40978955;G;A;0.2032710015773773;290
100..300;17;40983096;G;A;0.2572819888591766;140
100..300;17;40999629;T;C;0.1086070016026496;265
100..300;17;40999717;G;A;0.0987432971596717;290
100..300;17;40999832;C;T;0.2009239941835403;285
100..300;17;41364890;T;C;0.1948720067739486;240
100..300;17;41424487;A;C;0.1605840027332306;285
100..300;17;41437470;T;C;0.1785710006952285;235
100..300;17;41438134;T;C;0.216958001255989;275
100..300;17;41438864;T;G;0.1599999964237213;180
100..300;17;41449108;T;G;0.2955969870090484;105
100..300;17;41464313;T;C;0.1718309968709945;240
100..300;17;41465816;T;G;0.1574800014495849;250
100..300;17;41467111;C;T;0.1714289933443069;225
100..300;17;41477065;G;A;0.3693690001964569;145
100..300;17;41477097;C;G;0.3369959890842438;185
100..300;17;41478373;G;A;0.4368129968643188;245
100..300;17;41478942;A;G;0.1304350048303604;250
100..300;17;41480992;G;A;0.355769008398056;215
100..300;17;41486553;G;A;0.192440003156662;195
100..300;17;41487394;A;G;0.3706899881362915;225
100..300;17;41489769;G;A;0.3982560038566589;230
100..300;17;41505114;C;G;0.1967650055885315;260
100..300;17;41727420;A;G;0.3774319887161255;160
100..300;17;41727813;A;C;0.3300650119781494;195
100..300;17;41865245;A;G;0.0909091010689735;140
100..300;17;41973846;A;G;0.2997030019760132;230
100..300;17;42039704;T;C;0.1585370004177093;110
100..300;17;42103794;T;C;0.1656440049409866;125
100..300;17;42592451;T;C;0.1511629968881607;110
100..300;17;42670660;T;C;0.1434260010719299;165
100..300;17;43022008;C;A;0.1012659966945648;155
100..300;17;43071077;C;T;0.170647993683815;195
100..300;17;43079499;T;C;0.2275449931621551;225
100..300;17;43082453;G;A;0.1420290023088455;225
100..300;17;43091983;C;T;0.2157530039548874;205
100..300;17;43092418;C;T;0.1833910048007965;210
100..300;17;43092919;A;G;0.2254099994897842;175
100..300;17;43093220;G;A;0.2543349862098694;125
100..300;17;43093449;A;G;0.1902830004692077;175
100..300;17;43125170;C;G;0.1552799940109253;105
100..300;17;43138657;C;G;0.2301259934902191;180
100..300;17;43178007;C;T;0.1739130020141601;130
100..300;17;43200626;T;C;0.2336959987878799;125
100..300;17;43201789;T;C;0.1473210006952285;150
100..300;17;43209941;G;A;0.1641030013561248;130
100..300;17;43223574;G;A;0.168066993355751;160
100..300;17;43814069;A;G;0.1840800046920776;150
100..300;17;43814105;G;A;0.1862750053405761;150
100..300;17;43848758;T;C;0.1731840074062347;250
100..300;17;43917426;T;C;0.335999995470047;175
100..300;17;44078374;T;C;0.1052630022168159;205
100..300;17;44177601;A;AC;0.0909091010689735;115
100..300;17;44210151;T;C;0.1779939979314804;210
100..300;17;44229293;T;C;0.2312140017747879;120
100..300;17;44250482;A;G;0.1878450065851211;120
100..300;17;44351170;A;G;0.1206030026078224;140
100..300;17;44398594;C;A;0.1993239969015121;205
100..300;17;44926116;C;T;0.1754390001296997;225
100..300;17;45099436;T;C;0.1586720049381256;175
100..300;17;45112954;C;T;0.209524005651474;140
100..300;17;45115454;G;A;0.1625619977712631;290
100..300;17;45149520;G;A;0.0931676998734474;230
100..300;17;45149847;C;T;0.1367519944906234;250
100..300;17;47292411;G;A;0.1699720025062561;255
100..300;17;47292423;A;G;0.1722220033407211;260
100..300;17;47370466;G;A;0.1520469933748245;105
100..300;17;47810585;T;G;0.2266670018434524;155
100..300;17;47813341;T;C;0.2017289996147155;240
100..300;17;47816496;A;G;0.2090159952640533;180
100..300;17;47827054;T;C;0.1504849940538406;140
100..300;17;47916678;T;C;0.2118639945983886;255
100..300;17;47916728;C;T;0.2272730022668838;220
100..300;17;47916788;A;G;0.1837349981069564;240
100..300;17;47925378;T;G;0.187279000878334;195
100..300;17;48430055;A;G;0.1347520053386688;180
100..300;17;48530455;T;C;0.2057970017194748;245
100..300;17;48530596;A;T;0.1928779929876327;240
100..300;17;48530668;A;G;0.1552799940109253;230
100..300;17;49142180;A;G;0.2244900017976761;130
100..300;17;49207321;T;C;0.1636359989643097;145
100..300;17;49969599;G;A;0.1926610022783279;295
100..300;17;49993514;T;C;0.1544400006532669;145
100..300;17;50149446;T;C;0.1607840061187744;180
100..300;17;50189930;C;G;0.1666669994592666;240
100..300;17;50278899;C;G;0.2879259884357452;210
100..300;17;50353671;A;G;0.3729900121688843;205
100..300;17;50353836;T;C;0.348921000957489;200
100..300;17;50354963;C;G;0.3350000083446502;270
100..300;17;50378624;T;A;0.3650789856910705;130
100..300;17;50378832;C;T;0.3431729972362518;185
100..300;17;50538910;T;C;0.1716870069503784;225
100..300;17;50635344;A;G;0.3167420029640198;150
100..300;17;50676062;T;C;0.1702129989862442;160
100..300;17;50683744;T;C;0.191780999302864;140
100..300;17;50836029;A;G;0.1741179972887039;280
100..300;17;50970703;G;A;0.1506849974393844;150
100..300;17;53823368;T;C;0.2156250029802322;235
100..300;17;55404443;T;C;0.2659569978713989;120
100..300;17;56795078;C;T;0.2014649957418441;170
100..300;17;56795194;A;C;0.1770830005407333;130
100..300;17;56834978;A;G;0.2548390030860901;210
100..300;17;56950489;C;T;0.4054050147533417;225
100..300;17;56950809;T;C;0.1356929987668991;245
100..300;17;57045591;A;G;0.1914889961481094;100
100..300;17;57046387;T;C;0.1822029948234558;170
100..300;17;57105956;A;G;0.1516039967536926;250
100..300;17;57401387;G;A;0.1111110001802444;110
100..300;17;57739471;C;T;0.4250000119209289;135
100..300;17;57879707;A;G;0.170647993683815;195
100..300;17;58280472;A;G;0.2517009973526001;100
100..300;17;58305151;T;C;0.2373539954423904;175
100..300;17;58599007;C;T;0.1811590045690536;290
100..300;17;59874612;A;G;0.1553400009870529;195
100..300;17;59936548;G;A;0.1241829991340637;100
100..300;17;60057081;A;G;0.1845490038394928;155
100..300;17;61467502;A;G;0.1722490042448043;135
100..300;17;61927920;G;A;0.1655630022287368;210
100..300;17;62137028;A;G;0.1745560020208358;225
100..300;17;62140530;T;C;0.340501993894577;235
100..300;17;62267164;A;G;0.1682460010051727;250
100..300;17;62270964;A;G;0.1518319994211197;205
100..300;17;62274096;A;G;0.2000000029802322;145
100..300;17;62746863;G;A;0.3756099939346313;140
100..300;17;62841241;A;T;0.3604649901390075;170
100..300;17;63440208;T;C;0.1555559933185577;205
100..300;17;63484535;A;G;0.1206030026078224;135
100..300;17;63811101;A;G;0.1527779996395111;140
100..300;17;63872587;A;G;0.2014929950237274;185
100..300;17;63910342;T;C;0.189872995018959;285
100..300;17;63910584;A;C;0.1887760013341903;280
100..300;17;63941743;T;G;0.1729319989681244;270
100..300;17;64044120;C;T;0.3862429857254028;245
100..300;17;65318073;T;G;0.1658290028572082;130
100..300;17;65536399;A;G;0.1518319994211197;250
100..300;17;65549504;C;T;0.2012200057506561;110
100..300;17;66688960;A;G;0.3678759932518005;125
100..300;17;66884958;G;A;0.1439999938011169;185
100..300;17;67056188;A;G;0.234043002128601;230
100..300;17;67114320;G;A;0.4545449912548065;120
100..300;17;68256954;A;T;0.1700399965047836;170
100..300;17;68271509;G;T;0.160642996430397;175
100..300;17;68273941;G;A;0.2172130048274994;160
100..300;17;68420216;T;C;0.216495007276535;140
100..300;17;68537514;G;A;0.4141409993171692;200
100..300;17;68542098;T;G;0.3876399993896484;230
100..300;17;68543706;T;C;0.1368419975042343;125
100..300;17;68600322;T;C;0.2457139939069748;110
100..300;17;68876661;C;G;0.3735629916191101;230
100..300;17;69253781;C;T;0.1946309953927993;105
100..300;17;73196524;A;G;0.3589740097522735;105
100..300;17;73196734;G;A;0.3854750096797943;135
100..300;17;73200670;G;A;0.3507460057735443;170
100..300;17;73201300;T;C;0.1795579940080642;255
100..300;17;73201609;A;G;0.4053249955177307;240
100..300;17;73209715;G;A;0.3639459908008575;205
100..300;17;73236548;C;T;0.3757579922676086;235
100..300;17;73236668;C;T;0.3195880055427551;210
100..300;17;73236742;C;G;0.3501479923725128;240
100..300;17;73236991;G;A;0.3071430027484894;105
100..300;17;73242294;A;G;0.3177970051765442;165
100..300;17;73242877;T;C;0.3623850047588348;140
100..300;17;73414752;T;C;0.3398059904575348;135
100..300;17;73430517;T;G;0.1791670024394989;160
100..300;17;73430531;A;G;0.1947569996118545;180
100..300;17;74281740;G;A;0.2156250029802322;210
100..300;17;74301041;G;A;0.2441859990358352;120
100..300;17;74310152;A;G;0.1814669966697693;175
100..300;17;74312152;A;C;0.136363998055458;195
100..300;17;74342626;A;G;0.1041669994592666;160
100..300;17;74353517;T;C;0.1732670068740844;135
100..300;17;74354223;A;G;0.1685390025377273;165
100..300;17;74355267;T;C;0.1901639997959137;205
100..300;17;74372411;C;T;0.4000000059604645;210
100..300;17;74473819;G;A;0.414247989654541;235
100..300;17;74473827;A;G;0.1863519996404647;240
100..300;17;74523659;T;C;0.1737589985132217;185
100..300;17;74525758;A;G;0.2405059933662414;120
100..300;17;74842510;A;C;0.1725659966468811;150
100..300;17;74941700;A;G;0.3822709918022156;245
100..300;17;75591187;T;C;0.1814160048961639;140
100..300;17;75591266;A;G;0.1987179964780807;105
100..300;17;75591977;T;G;0.2153850048780441;130
100..300;17;75596531;T;C;0.2264149934053421;110
100..300;17;75602823;G;C;0.2216220051050186;130
100..300;17;75606000;A;G;0.1779939979314804;200
100..300;17;75606936;A;G;0.1602209955453872;125
100..300;17;75610229;A;G;0.2372879981994629;120
100..300;17;75613031;A;G;0.1889249980449676;210
100..300;17;75615742;C;T;0.2349729984998703;115
100..300;17;75617895;A;G;0.1256040036678314;135
100..300;17;75619807;G;A;0.2050559967756271;235
100..300;17;75619853;C;T;0.1781910061836242;250
100..300;17;75619882;C;T;0.1789769977331161;235
100..300;17;75619903;A;G;0.1712539941072464;220
100..300;17;75620008;C;T;0.2263160049915313;130
100..300;17;75620366;T;A;0.1744190007448196;125
100..300;17;75621024;C;A;0.2297299951314926;100
100..300;17;75629206;A;G;0.1577540040016174;260
100..300;17;76001558;A;C;0.2228260040283203;120
100..300;17;76010055;T;C;0.1521040052175521;210
100..300;17;76010241;C;G;0.1416430026292801;235
100..300;17;76083757;G;A;0.2052980065345764;105
100..300;17;76088931;A;G;0.155689001083374;110
100..300;17;76098024;G;C;0.1925130039453506;130
100..300;17;76137893;T;C;0.1583710014820099;150
100..300;17;76167678;A;G;0.1204819977283477;165
100..300;17;76226266;G;C;0.16041000187397;210
100..300;17;76274177;A;C;0.196382001042366;250
100..300;17;76280958;A;G;0.1677020043134689;115
100..300;17;76287172;G;A;0.1639340072870254;135
100..300;17;76291123;G;C;0.1601420044898986;185
100..300;17;76291308;C;T;0.160642996430397;175
100..300;17;76291513;A;G;0.1832060068845749;180
100..300;17;76293419;A;G;0.1925469934940338;220
100..300;17;76293624;G;A;0.168284997344017;220
100..300;17;76293758;A;G;0.1746580004692077;210
100..300;17;76293794;T;C;0.197842001914978;205
100..300;17;76293827;G;A;0.1899639964103698;200
100..300;17;76294016;A;T;0.1959799975156784;140
100..300;17;76307751;C;G;0.1705069988965988;140
100..300;17;76311656;C;T;0.1929129958152771;170
100..300;17;76479893;A;C;0.1969700008630752;135
100..300;17;76688319;C;T;0.125668004155159;270
100..300;17;76688370;A;G;0.1508949995040893;280
100..300;17;77405108;A;G;0.1870750039815902;185
100..300;17;77482399;T;C;0.1786669939756393;270
100..300;17;78050595;A;C;0.2215909957885742;245
100..300;17;78064785;G;C;0.1924690008163452;165
100..300;17;78064873;C;A;0.1949149966239929;160
100..300;17;78157496;C;T;0.0980392023921012;105
100..300;17;78160963;T;C;0.1776649951934814;145
100..300;17;78161190;A;G;0.1856289952993393;225
100..300;17;78161262;A;C;0.1739130020141601;130
100..300;17;78170858;G;C;0.1518519967794418;185
100..300;17;78174749;T;C;0.1970440000295639;145
100..300;17;78182670;T;C;0.203125;125
100..300;17;78423903;A;G;0.2216220051050186;130
100..300;17;78425383;T;C;0.1912350058555603;160
100..300;17;78425386;G;A;0.1872510015964508;165
100..300;17;78437817;A;G;0.1713290065526962;205
100..300;17;78466792;G;C;0.1635510027408599;140
100..300;17;78507445;A;G;0.1740889996290207;180
100..300;17;78572799;G;A;0.235602006316185;125
100..300;17;78675920;C;T;0.1842110008001327;125
100..300;17;78802466;T;TTTTTTC;0.1469739973545074;245
100..300;17;78803713;A;G;0.1643359959125518;210
100..300;17;78821008;T;C;0.1784040033817291;140
100..300;17;78870935;T;C;0.1613830029964447;235
100..300;17;79044046;C;T;0.1594589948654174;250
100..300;17;79044103;C;G;0.1620550006628036;175
100..300;17;79046636;T;C;0.1622519940137863;205
100..300;17;79047920;T;C;0.1790280044078827;275
100..300;17;79077484;A;G;0.1941390037536621;180
100..300;17;79079585;C;T;0.1782609969377517;150
100..300;17;79079588;T;C;0.1718059927225113;145
100..300;17;79079591;G;A;0.1711709946393966;145
100..300;17;79080358;T;G;0.1906979978084564;140
100..300;17;79795321;G;GATCCCGCTCCCGGTCCCT;0.1057929992675781;270
100..300;17;79796038;C;T;0.1902440041303634;140
100..300;17;79952692;A;G;0.1768489927053451;205
100..300;17;80105844;T;C;0.1656980067491531;230
100..300;17;80113310;G;A;0.1875;195
100..300;17;80245266;A;C;0.1422919929027557;165
100..300;17;80298430;G;C;0.1883659958839416;230
100..300;17;80317214;G;A;0.1640619933605194;175
100..300;17;80319389;T;A;0.2594940066337585;230
100..300;17;80383800;G;A;0.1858409941196441;235
100..300;17;80707826;T;C;0.2203390002250671;125
100..300;17;80846574;A;G;0.1653230041265487;165
100..300;17;80891830;G;A;0.1339289993047714;145
100..300;17;80923932;T;C;0.1420769989490509;245
100..300;17;80923933;A;T;0.1416669934988021;245
100..300;17;80945758;T;C;0.1255609989166259;150
100..300;17;80976736;G;A;0.2172130048274994;175
100..300;17;80976833;A;C;0.1756100058555603;150
100..300;17;81115790;G;A;0.1870969980955124;205
100..300;17;81120022;G;A;0.1865669935941696;170
100..300;17;81203483;A;G;0.2488480061292648;150
100..300;17;81252464;C;T;0.1908130049705505;195
100..300;17;81447281;G;A;0.2067900002002716;230
100..300;17;81458959;T;C;0.2043009996414184;195
100..300;17;81460363;A;G;0.1993670016527176;210
100..300;17;81670337;G;C;0.1486490070819854;235
100..300;17;81672168;T;C;0.1004569977521896;145
100..300;17;81672520;A;G;0.2406879961490631;230
100..300;17;81672678;T;C;0.1459850072860717;185
100..300;17;81683798;G;T;0.0545454993844032;220
100..300;17;81695037;G;A;0.1345449984073639;200
100..300;17;81696850;C;T;0.199413001537323;245
100..300;17;81696901;C;T;0.1624650061130523;245
100..300;17;81701105;T;G;0.1553400009870529;210
100..300;17;81701232;C;G;0.1604939997196197;175
100..300;17;81701522;T;C;0.1458970010280609;220
100..300;17;81701634;T;C;0.1775700002908706;145
100..300;17;81704684;C;T;0.1818179935216903;155
100..300;17;81715528;C;T;0.2178989946842193;175
100..300;17;81720188;A;G;0.1627909988164901;220
100..300;17;82025503;T;C;0.213929995894432;125
100..300;17;82028280;T;C;0.1578949987888336;195
100..300;17;82036724;T;C;0.1889249980449676;225
100..300;17;82051280;G;T;0.1122990027070045;115
100..300;17;82056985;G;T;0.2139039933681488;255
100..300;17;82081152;G;A;0.1884060055017471;190
100..300;17;82081605;A;G;0.1959999948740005;170
100..300;17;82083590;A;G;0.1299999952316284;140
100..300;17;82085863;G;A;0.1814350038766861;155
100..300;17;82093307;G;A;0.1575929969549179;220
100..300;17;82101720;C;T;0.1694210022687912;155
100..300;17;82101882;A;G;0.1866669952869415;100
100..300;17;82113368;C;T;0.2060299962759018;145
100..300;17;82127757;G;A;0.3813230097293854;175
100..300;17;82127827;T;G;0.3365080058574676;210
100..300;17;82128510;T;C;0.3301889896392822;145
100..300;17;82128513;T;C;0.3271029889583587;145
100..300;17;82128519;C;T;0.3511109948158264;155
100..300;17;82398311;A;G;0.1924879997968673;145
100..300;17;82433808;G;A;0.1410260051488876;150
100..300;17;82436654;T;G;0.1933960020542144;140
100..300;17;82659676;A;G;0.3878499865531921;135
100..300;17;82965660;T;C;0.3762060105800628;210
100..300;17;83035056;C;A;0.3184710144996643;110
100..300;17;83048753;T;C;0.3257139921188354;245
100..300;17;83085299;T;G;0.1769039928913116;275
100..300;18;346821;T;C;0.2229509949684143;215
100..300;18;2616458;C;G;0.1438360065221786;100
100..300;18;2700879;G;A;0.1915889978408813;145
100..300;18;2909702;T;C;0.1702899932861328;185
100..300;18;2920290;A;G;0.234043002128601;130
100..300;18;3168818;A;G;0.1639340072870254;120
100..300;18;3173966;A;G;0.2063490003347396;125
100..300;18;3174020;T;C;0.1851850003004074;110
100..300;18;3176065;T;C;0.1054849997162818;150
100..300;18;3215232;T;C;0.2516129910945892;115
100..300;18;3452224;C;CT;0.1024390012025833;150
100..300;18;3457608;T;C;0.1009460017085075;215
100..300;18;5416161;C;T;0.2216359972953796;265
100..300;18;6956505;A;ACAGCTC;0.1412640064954757;215
100..300;18;6985271;T;C;0.2107139974832534;190
100..300;18;6985508;A;G;0.2389940023422241;115
100..300;18;6986260;A;G;0.1883659958839416;240
100..300;18;6993674;C;T;0.1013989970088005;175
100..300;18;7011339;T;C;0.1902830004692077;160
100..300;18;7015715;C;T;0.2596150040626526;140
100..300;18;7017323;G;A;0.1740410029888153;220
100..300;18;7135798;C;T;0.1358020007610321;115
100..300;18;7231867;T;C;0.2127660065889358;220
100..300;18;8783837;C;T;0.1888300031423568;265
100..300;18;9888072;G;A;0.1987950056791305;235
100..300;18;10151891;T;C;0.1255609989166259;150
100..300;18;10468456;T;C;0.1731840074062347;115
100..300;18;10691248;A;G;0.1926230043172836;160
100..300;18;10705419;A;G;0.2058050036430359;260
100..300;18;10759842;A;C;0.2062940001487732;200
100..300;18;12274105;T;G;0.2177779972553253;145
100..300;18;12308794;C;G;0.1358020007610321;100
100..300;18;12427119;G;A;0.1254359930753708;200
100..300;18;12978734;G;C;0.2208590060472488;110
100..300;18;13826695;C;T;0.2293580025434494;145
100..300;18;14478895;A;T;0.2008550018072128;100
100..300;18;14537950;G;A;0.1875;180
100..300;18;14537971;T;C;0.2023350000381469;155
100..300;18;22419188;T;C;0.1640210002660751;135
100..300;18;23861738;C;T;0.1379310041666031;190
100..300;18;24125476;T;C;0.1599999964237213;185
100..300;18;24440503;A;T;0.159509003162384;110
100..300;18;26862428;A;C;0.3662790060043335;245
100..300;18;26938086;A;AT;0.2081629931926727;165
100..300;18;31207561;G;A;0.2124350070953369;130
100..300;18;31458573;T;C;0.2045450061559677;145
100..300;18;31474137;A;G;0.2094240039587021;135
100..300;18;31874681;G;A;0.2122450023889541;160
100..300;18;31908841;G;A;0.247422993183136;135
100..300;18;31962744;G;A;0.1774740070104599;210
100..300;18;32018884;T;C;0.2271060049533844;175
100..300;18;32045722;A;G;0.094674602150917;105
100..300;18;32196578;C;T;0.1888539940118789;225
100..300;18;33224794;C;A;0.2439019978046417;105
100..300;18;34864076;A;G;0.1904760003089904;140
100..300;18;34875415;C;T;0.2727270126342773;130
100..300;18;34890327;A;G;0.167832002043724;185
100..300;18;35663649;T;C;0.1931820064783096;180
100..300;18;36122199;A;G;0.2397660017013549;225
100..300;18;36251226;A;C;0.1333329975605011;130
100..300;18;36652580;A;G;0.2459889948368072;145
100..300;18;36800185;G;A;0.2138729989528656;115
100..300;18;37067213;C;T;0.1818179935216903;230
100..300;18;37067359;T;G;0.1916929930448532;220
100..300;18;37067360;G;T;0.2380950003862381;220
100..300;18;37302969;A;G;0.4418599903583526;170
100..300;18;44950031;C;G;0.2076680064201355;215
100..300;18;44952958;C;T;0.1684210002422332;205
100..300;18;45739309;A;G;0.169291004538536;190
100..300;18;45916543;A;G;0.1470589935779571;110
100..300;18;46483635;A;G;0.1828790009021759;180
100..300;18;46483755;A;AC;0.2446810007095337;135
100..300;18;47069276;T;C;0.1988950073719024;120
100..300;18;48039905;A;G;0.2009570002555847;145
100..300;18;49491450;G;A;0.3849210143089294;160
100..300;18;50276984;T;C;0.4207119941711426;220
100..300;18;50806833;G;C;0.1915889978408813;145
100..300;18;50819654;T;G;0.2089039981365203;190
100..300;18;51051412;C;G;0.3526009917259216;110
100..300;18;53402906;G;A;0.2160490006208419;105
100..300;18;55403683;A;G;0.4777779877185821;125
100..300;18;56638333;T;C;0.1062270030379295;180
100..300;18;57436784;C;T;0.1729860007762909;295
100..300;18;57697598;A;G;0.3623189926147461;130
100..300;18;58481816;G;A;0.1608040034770965;135
100..300;18;59225715;C;T;0.2645739912986755;160
100..300;18;59355522;C;T;0.2431190013885498;155
100..300;18;59435894;A;G;0.2052399963140487;160
100..300;18;59447971;C;T;0.1687240004539489;160
100..300;18;61507526;A;C;0.172662004828453;180
100..300;18;62070463;C;CAG;0.203125;220
100..300;18;62101142;G;A;0.2222220003604889;115
100..300;18;62106804;T;C;0.2290499955415725;125
100..300;18;62113191;G;A;0.2270919978618621;165
100..300;18;62442327;T;C;0.3465349972248077;295
100..300;18;62442484;T;C;0.3684209883213043;285
100..300;18;62443051;C;T;0.4188030064105987;260
100..300;18;62574499;T;C;0.1757189929485321;215
100..300;18;63532717;C;G;0.4339619874954223;140
100..300;18;63933150;T;C;0.486842006444931;195
100..300;18;63953532;A;G;0.1728399991989135;105
100..300;18;67511270;C;T;0.213018000125885;240
100..300;18;67512592;A;G;0.158620998263359;210
100..300;18;70088101;G;T;0.2346149981021881;165
100..300;18;70325043;A;G;0.2152779996395111;205
100..300;18;74390053;T;C;0.1965319961309433;230
100..300;18;74390067;G;A;0.1820809990167617;240
100..300;18;74390239;G;A;0.2443439960479736;160
100..300;18;74436547;C;T;0.1518149971961975;205
100..300;18;74518940;TC;T;0.2077919989824295;110
100..300;18;74556356;GTGC;G;0.3937819898128509;135
100..300;18;76960785;T;C;0.1777780055999755;195
100..300;18;77436046;G;A;0.2912090122699737;140
100..300;18;77436060;A;G;0.2722220122814178;140
100..300;18;77436072;C;A;0.2771739959716797;135
100..300;18;77436580;C;T;0.2192309945821762;190
100..300;18;77436826;T;C;0.1929820030927658;170
100..300;18;78994757;C;G;0.1877389997243881;185
100..300;18;79110397;A;G;0.2008370012044906;160
100..300;18;79337360;T;A;0.148837000131607;295
100..300;18;79486406;G;T;0.1609590053558349;180
100..300;18;79968135;T;G;0.4559389948844909;175
100..300;18;80045856;C;A;0.1818179935216903;255
100..300;18;80077853;C;A;0.1411760002374649;115
100..300;18;80133156;A;T;0.1383929997682571;155
100..300;18;80135800;G;A;0.1962960064411163;195
100..300;18;80137309;A;G;0.1955309957265854;245
100..300;19;367089;A;G;0.181207999587059;190
100..300;19;425182;A;G;0.1238939985632896;215
100..300;19;504830;G;C;0.1743340045213699;270
100..300;19;544140;A;G;0.1214059963822364;205
100..300;19;617466;G;A;0.1545190066099167;240
100..300;19;632915;A;G;0.1512919962406158;180
100..300;19;648173;C;G;0.1519339978694915;225
100..300;19;652888;T;C;0.1191489994525909;155
100..300;19;685833;T;G;0.2117349952459335;260
100..300;19;690684;T;C;0.1797749996185302;180
100..300;19;690761;T;A;0.1232390031218528;195
100..300;19;690762;G;T;0.1267610043287277;195
100..300;19;727105;A;G;0.0896226018667221;135
100..300;19;731077;C;G;0.3611109852790832;155
100..300;19;731078;T;G;0.3577980101108551;155
100..300;19;731144;G;A;0.3360430002212524;245
100..300;19;746712;T;C;0.1516250073909759;195
100..300;19;757241;A;G;0.125;215
100..300;19;804327;T;C;0.1739130020141601;210
100..300;19;804612;T;C;0.1338029950857162;170
100..300;19;804959;T;C;0.1478600054979324;180
100..300;19;855966;A;C;0.1299089938402176;235
100..300;19;1003440;A;G;0.1937980055809021;150
100..300;19;1010407;A;G;0.1463409960269928;135
100..300;19;1010909;G;A;0.1377950012683868;170
100..300;19;1010911;C;T;0.1304350048303604;175
100..300;19;1011811;T;C;0.1464439928531646;150
100..300;19;1017406;G;A;0.1508619934320449;155
100..300;19;1032475;T;G;0.1641789972782135;190
100..300;19;1032703;T;C;0.1422590017318725;160
100..300;19;1043104;A;G;0.1794019937515258;205
100..300;19;1079960;A;G;0.1914889961481094;195
100..300;19;1109596;T;G;0.1729319989681244;165
100..300;19;1113524;T;G;0.1350210011005401;170
100..300;19;1113702;A;G;0.2019229978322982;210
100..300;19;1122732;A;G;0.2109089940786361;160
100..300;19;1370676;G;C;0.2009689956903457;280
100..300;19;1388539;T;C;0.1568630039691925;175
100..300;19;1495278;T;C;0.3642379939556122;110
100..300;19;1528150;CGGCGTGGGGTCCCT;C;0.1914889961481094;160
100..300;19;1533973;G;C;0.1218750029802322;200
100..300;19;1534043;C;T;0.1367519944906234;155
100..300;19;1535085;A;G;0.1570679992437362;245
100..300;19;1535180;A;G;0.1326259970664978;250
100..300;19;1535194;G;GCCC;0.1294119954109192;235
100..300;19;1535206;C;G;0.1318050026893615;230
100..300;19;1624008;G;A;0.1634880006313324;230
100..300;19;1828149;A;G;0.2007720023393631;175
100..300;19;1918135;A;G;0.2047780007123947;190
100..300;19;1986521;A;G;0.1167190000414848;205
100..300;19;1997364;G;A;0.2022790014743805;230
100..300;19;2078410;G;A;0.1453199982643127;280
100..300;19;2078489;C;T;0.1361110061407089;240
100..300;19;2215468;T;C;0.1831499934196472;180
100..300;19;2421859;T;C;0.1883119940757751;110
100..300;19;2732988;C;T;0.1489360034465789;125
100..300;19;2767194;T;G;0.175257995724678;190
100..300;19;2833146;CT;C;0.2465749979019165;100
100..300;19;2833804;G;A;0.1879190057516098;215
100..300;19;2833866;A;G;0.2033900022506714;215
100..300;19;2834810;C;T;0.2107439935207367;175
100..300;19;3028873;C;G;0.3034479916095733;200
100..300;19;3062859;C;T;0.3373979926109314;165
100..300;19;3148821;T;G;0.1946309953927993;115
100..300;19;3546266;T;C;0.141631007194519;180
100..300;19;3576316;C;CCTT;0.0691244006156921;145
100..300;19;3728611;A;G;0.1450379937887191;190
100..300;19;3739003;T;C;0.1650490015745163;145
100..300;19;3813908;C;A;0.1940789967775344;200
100..300;19;4175107;T;C;0.1762450039386749;175
100..300;19;4236999;A;G;0.1268289983272552;140
100..300;19;4237070;G;A;0.155689001083374;110
100..300;19;4251072;C;T;0.2085109949111938;155
100..300;19;4254378;T;C;0.1858740001916885;175
100..300;19;4292600;T;C;0.1791670024394989;160
100..300;19;4454003;A;G;0.1397850066423416;185
100..300;19;4524004;A;G;0.1507540047168731;120
100..300;19;4538587;A;G;0.1206350028514862;225
100..300;19;4558419;G;C;0.1422410011291504;140
100..300;19;4859925;C;T;0.1443659961223602;195
100..300;19;4945902;C;A;0.4040110111236572;230
100..300;19;4945905;T;C;0.4040699899196625;225
100..300;19;4954442;T;C;0.1802819967269897;220
100..300;19;5560801;C;G;0.2009350061416626;145
100..300;19;5668165;T;C;0.1694920063018798;160
100..300;19;5684764;A;G;0.1988299936056137;120
100..300;19;5696135;A;G;0.1294119954109192;165
100..300;19;5749160;G;A;0.1041669994592666;155
100..300;19;5778506;T;A;0.1580249965190887;270
100..300;19;5783894;A;G;0.1470589935779571;185
100..300;19;5892943;C;T;0.3177570104598999;155
100..300;19;6040124;T;C;0.1592510044574737;280
100..300;19;6156499;G;A;0.1956519931554794;120
100..300;19;6312279;C;T;0.1567800045013427;165
100..300;19;6535003;A;C;0.1563639938831329;185
100..300;19;6669923;A;G;0.1751590073108673;210
100..300;19;6731293;A;G;0.1642650067806244;225
100..300;19;6913800;G;A;0.1754390001296997;155
100..300;19;6919613;C;A;0.2183910012245178;215
100..300;19;6919742;G;A;0.1620370000600814;145
100..300;19;7125286;A;G;0.1818179935216903;140
100..300;19;7141764;A;G;0.1818179935216903;170
100..300;19;7528162;T;C;0.1643189936876297;135
100..300;19;7540680;T;C;0.1654410064220428;185
100..300;19;7620957;A;G;0.1281139999628067;185
100..300;19;7678935;G;A;0.1550389975309372;170
100..300;19;7679089;A;C;0.1666669994592666;175
100..300;19;7696926;G;A;0.3788549900054931;150
100..300;19;7927241;A;G;0.1604939997196197;155
100..300;19;7928074;C;T;0.2345679998397827;165
100..300;19;7932759;A;G;0.1948720067739486;140
100..300;19;7935116;T;C;0.175257995724678;145
100..300;19;7963660;G;A;0.1859650015830993;190
100..300;19;7967796;T;C;0.1678570061922073;190
100..300;19;8056476;G;A;0.1623930037021637;145
100..300;19;8081129;A;G;0.1011900007724762;110
100..300;19;8096566;T;C;0.2023809999227523;110
100..300;19;8109336;T;G;0.2073490023612976;235
100..300;19;8111125;T;C;0.1747570037841797;140
100..300;19;8111685;A;G;0.1206900030374527;150
100..300;19;8111756;T;C;0.1485150009393692;135
100..300;19;8112035;T;C;0.2137400060892105;190
100..300;19;8131810;T;C;0.1724140048027038;195
100..300;19;8136382;T;G;0.1271930038928985;170
100..300;19;8146113;T;C;0.2152470052242279;155
100..300;19;8146121;A;G;0.2194090038537979;160
100..300;19;8548249;A;G;0.1196009963750839;200
100..300;19;8586678;G;A;0.1713290065526962;210
100..300;19;8605046;G;C;0.1959179937839508;175
100..300;19;8677192;T;C;0.2302410006523132;215
100..300;19;8677305;A;C;0.2039660066366195;250
100..300;19;8698023;G;T;0.1857140064239502;200
100..300;19;8698550;A;G;0.1656980067491531;235
100..300;19;8698592;A;G;0.1432359963655471;245
100..300;19;8729090;CT;C;0.3762379884719848;235
100..300;19;8729197;A;G;0.3574880063533783;145
100..300;19;8939050;A;G;0.1728399991989135;170
100..300;19;8946306;A;G;0.2534559965133667;170
100..300;19;8953002;G;T;0.2462009936571121;245
100..300;19;8953259;A;G;0.2292989939451217;225
100..300;19;8954956;C;T;0.1608829945325851;215
100..300;19;8961637;G;A;0.2163459956645965;150
100..300;19;8962066;C;T;0.2260060012340545;220
100..300;19;8964274;T;G;0.2183289974927902;255
100..300;19;8964541;A;T;0.1985020041465759;190
100..300;19;8964670;A;T;0.1706160008907318;160
100..300;19;8964908;A;T;0.1876830011606216;245
100..300;19;8964959;A;G;0.2021560072898864;260
100..300;19;8965061;C;T;0.209876999258995;235
100..300;19;8965293;T;C;0.1878609955310821;235
100..300;19;8965407;A;G;0.1830990016460418;195
100..300;19;8965487;T;C;0.1808509975671768;195
100..300;19;8965602;A;G;0.1543859988451004;200
100..300;19;8966052;T;C;0.1724140048027038;205
100..300;19;8966182;T;C;0.1809519976377487;215
100..300;19;8966253;G;T;0.1799309998750686;200
100..300;19;8966274;A;C;0.1623619943857193;195
100..300;19;8966315;T;C;0.1635690033435821;185
100..300;19;8966384;T;C;0.1901410073041916;200
100..300;19;8966588;G;T;0.2370129972696304;215
100..300;19;8966760;A;G;0.2307689934968948;180
100..300;19;8967127;C;T;0.2194239944219589;185
100..300;19;8972448;A;G;0.2094240039587021;140
100..300;19;9115009;C;T;0.1509969979524612;245
100..300;19;9115341;G;C;0.1575759947299957;220
100..300;19;9115516;G;A;0.189872995018959;275
100..300;19;9126022;GATGGT;G;0.1280490010976791;115
100..300;19;9126210;G;A;0.1710910052061081;245
100..300;19;9126866;C;T;0.1956519931554794;250
100..300;19;9529645;A;G;0.2335029989480972;135
100..300;19;9683302;T;C;0.2654869854450226;155
100..300;19;9758010;A;T;0.2017800062894821;240
100..300;19;9969560;T;C;0.1308410018682479;155
100..300;19;10005832;T;C;0.1912350058555603;180
100..300;19;10111179;T;C;0.1263740062713623;135
100..300;19;10259814;A;T;0.198863998055458;130
100..300;19;10284116;A;G;0.2068060040473938;250
100..300;19;10308454;T;C;0.1964289993047714;250
100..300;19;10315746;C;A;0.289016991853714;125
100..300;19;10315952;C;T;0.3333329856395721;195
100..300;19;10321123;T;G;0.1186439990997314;125
100..300;19;10489766;C;G;0.15726999938488;225
100..300;19;10557997;G;A;0.1726910024881363;180
100..300;19;10559508;G;C;0.1339560002088546;215
100..300;19;10560988;C;T;0.1511629968881607;120
100..300;19;10581324;C;T;0.1895910054445266;180
100..300;19;10829116;C;T;0.160534992814064;200
100..300;19;10833364;G;A;0.1130430027842521;150
100..300;19;10850348;G;C;0.1784510016441345;205
100..300;19;10994932;C;T;0.1714980006217956;270
100..300;19;11060163;C;T;0.167939007282257;175
100..300;19;11131368;A;G;0.1980199962854385;280
100..300;19;11208956;T;C;0.1708189994096756;205
100..300;19;11221894;A;T;0.2145590037107467;170
100..300;19;11222920;C;T;0.2045450061559677;190
100..300;19;11236817;C;T;0.1446280032396316;150
100..300;19;11239664;G;C;0.139831006526947;165
100..300;19;11239812;T;C;0.1513649970293045;265
100..300;19;11359694;G;C;0.2078849971294403;195
100..300;19;11397501;A;G;0.1601420044898986;190
100..300;19;11419282;T;C;0.189189001917839;105
100..300;19;11487425;A;G;0.1766469925642013;225
100..300;19;12391973;A;G;0.2519690096378326;165
100..300;19;12551311;T;C;0.1239669993519783;230
100..300;19;12847883;C;T;0.2049690037965774;110
100..300;19;12852329;C;T;0.1629959940910339;165
100..300;19;12874762;G;A;0.1473679989576339;245
100..300;19;12878746;A;G;0.2020999938249588;255
100..300;19;12885926;G;A;0.1017960011959075;120
100..300;19;13144774;T;C;0.1821430027484893;190
100..300;19;13153584;T;C;0.1785710006952285;150
100..300;19;13757855;A;G;0.330247014760971;210
100..300;19;13768808;C;T;0.1890549957752227;145
100..300;19;13772285;G;A;0.1173470020294189;130
100..300;19;13954529;C;T;0.1934310048818588;185
100..300;19;13972949;C;T;0.2775329947471618;155
100..300;19;14051864;C;A;0.1609199941158294;120
100..300;19;14054466;A;G;0.1348039954900741;285
100..300;19;14718937;T;C;0.1914190053939819;215
100..300;19;14752338;A;G;0.125;165
100..300;19;14799628;A;G;0.1554400026798248;275
100..300;19;14827804;C;T;0.1730280071496963;290
100..300;19;14852340;T;C;0.2159090042114257;135
100..300;19;14852920;C;T;0.1911759972572326;155
100..300;19;14864615;G;A;0.1410260051488876;250
100..300;19;14880627;G;T;0.2016810029745102;245
100..300;19;14880647;T;C;0.1823360025882721;245
100..300;19;14916441;C;T;0.1920530050992965;105
100..300;19;14917281;G;A;0.2336959987878799;130
100..300;19;14917284;C;T;0.1989250034093856;130
100..300;19;14927469;C;T;0.4304209947586059;215
100..300;19;14968292;A;G;0.1682689934968948;145
100..300;19;15010495;G;C;0.321738988161087;155
100..300;19;15087213;T;A;0.1343670040369033;270
100..300;19;15087630;T;G;0.1777780055999755;205
100..300;19;15087795;T;C;0.1367519944906234;240
100..300;19;15087940;C;T;0.1778430044651031;250
100..300;19;15088040;T;A;0.196721002459526;205
100..300;19;15111617;G;A;0.1629959940910339;150
100..300;19;15119182;G;A;0.167722001671791;220
100..300;19;15119408;G;C;0.1590909957885742;170
100..300;19;15431044;C;T;0.1414790004491806;210
100..300;19;15454835;A;G;0.1883659958839416;240
100..300;19;15469847;A;G;0.1188810020685195;180
100..300;19;15611659;A;G;0.139831006526947;170
100..300;19;15611669;C;T;0.1524160057306289;195
100..300;19;15611689;T;C;0.1386139988899231;215
100..300;19;15611777;T;C;0.188072994351387;260
100..300;19;15611816;A;G;0.1781170070171356;205
100..300;19;15612073;G;A;0.2074690014123916;165
100..300;19;15615778;A;C;0.1886789947748184;280
100..300;19;15619692;T;C;0.199422001838684;230
100..300;19;15629544;T;C;0.171547994017601;160
100..300;19;15647117;C;T;0.4711860120296478;215
100..300;19;15649205;G;A;0.180427998304367;210
100..300;19;15649243;A;G;0.1656630039215088;205
100..300;19;15650071;A;C;0.1825100034475326;165
100..300;19;15652881;A;G;0.1815070062875747;195
100..300;19;15652911;A;G;0.2061859965324401;190
100..300;19;15652965;A;G;0.2020200043916702;130
100..300;19;15658569;C;G;0.2098360061645507;215
100..300;19;15658719;T;G;0.0984849035739898;180
100..300;19;15658720;T;C;0.0950570032000541;180
100..300;19;15658815;G;A;0.3369570076465606;175
100..300;19;15659217;T;A;0.1114749982953071;175
100..300;19;15664165;T;G;0.4075469970703125;190
100..300;19;15664357;G;T;0.263958990573883;140
100..300;19;15742062;A;G;0.1811220049858093;280
100..300;19;15761226;T;A;0.2111800014972686;140
100..300;19;15794658;G;T;0.1810339987277984;160
100..300;19;16111928;T;C;0.1601559966802597;170
100..300;19;16402502;A;T;0.2265190035104751;125
100..300;19;16893238;C;T;0.1620800048112869;210
100..300;19;16897767;C;G;0.14444400370121;110
100..300;19;16907068;A;G;0.1821559965610504;175
100..300;19;17060075;T;C;0.1580879986286163;175
100..300;19;17082741;G;A;0.1672469973564148;185
100..300;19;17250255;T;C;0.1516129970550537;200
100..300;19;17250307;A;G;0.1983699947595596;240
100..300;19;17255504;T;C;0.173442006111145;235
100..300;19;17256626;C;T;0.1645569950342178;210
100..300;19;17276367;G;A;0.191780999302864;195
100..300;19;17278839;T;C;0.1549299955368042;100
100..300;19;17278895;A;G;0.1799159944057464;170
100..300;19;17283116;A;C;0.1619050055742263;225
100..300;19;17286435;T;C;0.2406879961490631;235
100..300;19;17365336;A;T;0.1979169994592666;205
100..300;19;17455825;A;T;0.1124500036239624;155
100..300;19;17726281;T;C;0.1282050013542175;180
100..300;19;17726703;A;G;0.1375660002231598;110
100..300;19;17808215;T;A;0.2284770011901855;215
100..300;19;17811986;A;G;0.3421930074691772;210
100..300;19;17821329;C;T;0.2433860003948211;125
100..300;19;17821381;C;T;0.155235007405281;175
100..300;19;17821480;T;C;0.2151899933815002;150
100..300;19;17830485;C;T;0.1470589935779571;115
100..300;19;17841376;T;G;0.1921180039644241;150
100..300;19;18010345;A;G;0.1330469995737075;155
100..300;19;18010657;T;C;0.156028002500534;185
100..300;19;18048706;C;T;0.2805280089378357;205
100..300;19;18069603;G;C;0.2826089859008789;215
100..300;19;18069641;G;A;0.2935779988765716;225
100..300;19;18075765;A;G;0.3482590019702911;130
100..300;19;18075808;C;T;0.3733910024166107;150
100..300;19;18077598;T;C;0.2085430026054382;250
100..300;19;18086825;A;G;0.2991450130939483;240
100..300;19;18107634;G;A;0.2720589935779571;175
100..300;19;18175134;A;G;0.1625770032405853;215
100..300;19;18177259;G;A;0.1979870051145553;200
100..300;19;18193890;G;A;0.1418440043926239;185
100..300;19;18195014;T;C;0.1731600016355514;150
100..300;19;18264798;A;G;0.163332998752594;215
100..300;19;18265005;A;G;0.1825399994850158;180
100..300;19;18265036;A;G;0.1838240027427673;190
100..300;19;18265072;C;G;0.1469530016183853;195
100..300;19;18265707;T;C;0.1753419935703277;270
100..300;19;18266951;G;A;0.1818179935216903;270
100..300;19;18386327;A;G;0.1783629953861236;255
100..300;19;18388341;T;C;0.147826001048088;150
100..300;19;18451535;C;A;0.1610170006752014;100
100..300;19;18786630;C;T;0.1412429958581924;115
100..300;19;18903439;T;C;0.2045450061559677;120
100..300;19;18907053;A;G;0.1556289941072464;200
100..300;19;18994450;A;G;0.127358004450798;140
100..300;19;19101849;A;G;0.1534879952669143;140
100..300;19;19133224;T;C;0.2482009977102279;180
100..300;19;19196988;T;C;0.1367190033197403;175
100..300;19;19248691;G;C;0.2345679998397827;120
100..300;19;19258626;G;A;0.1486990004777908;175
100..300;19;19269787;T;G;0.1881189942359924;130
100..300;19;19276934;C;A;0.2164500057697296;160
100..300;19;19279376;A;G;0.1780820041894912;145
100..300;19;19495825;A;G;0.1686390042304992;225
100..300;19;19496039;T;C;0.1445779949426651;130
100..300;19;19514738;G;A;0.173333004117012;185
100..300;19;19535463;C;T;0.2093749940395355;220
100..300;19;19678719;G;A;0.1428570002317428;105
100..300;19;20023037;T;C;0.158620998263359;190
100..300;19;20645716;G;A;0.1860470026731491;140
100..300;19;21150004;T;C;0.3233830034732818;140
100..300;19;21294629;C;T;0.1581200063228607;160
100..300;19;21361769;A;G;0.1959999948740005;165
100..300;19;21405116;T;G;0.2048780024051666;135
100..300;19;21536599;C;T;0.3374490141868591;175
100..300;19;22138132;A;C;0.1894740015268325;140
100..300;19;22138443;G;A;0.1843139976263046;180
100..300;19;22138454;C;T;0.1721310019493103;170
100..300;19;22138471;T;C;0.1946559995412826;185
100..300;19;22193066;T;C;0.1942149996757507;155
100..300;19;22368660;T;C;0.1788990050554275;145
100..300;19;22596349;A;C;0.1719750016927719;100
100..300;19;22601267;A;G;0.2318840026855468;150
100..300;19;22603239;G;A;0.1627909988164901;160
100..300;19;22603324;A;T;0.1546390056610107;140
100..300;19;22609794;G;A;0.1807229965925216;115
100..300;19;22610236;G;A;0.2800000011920929;130
100..300;19;22610281;G;A;0.247422993183136;135
100..300;19;22699383;G;A;0.1549299955368042;100
100..300;19;22699577;T;C;0.1508769989013672;195
100..300;19;22769309;G;A;0.1444039940834045;185
100..300;19;23145630;G;A;0.2127660065889358;100
100..300;19;23385152;T;C;0.152671992778778;175
100..300;19;23935813;G;A;0.2285709977149963;125
100..300;19;29611949;G;A;0.1658540070056915;145
100..300;19;32482171;T;C;0.192440003156662;200
100..300;19;32676869;CG;C;0.1301369965076446;105
100..300;19;32802701;T;C;0.1790390014648437;155
100..300;19;32810265;T;C;0.1730770021677017;110
100..300;19;32818124;T;A;0.1621620059013366;190
100..300;19;32826678;A;AAC;0.1780820041894912;170
100..300;19;32881908;A;G;0.1548389941453933;210
100..300;19;32923514;G;A;0.212687000632286;170
100..300;19;32976507;T;C;0.1619320064783096;235
100..300;19;32976609;C;T;0.1963749974966049;220
100..300;19;32991915;A;G;0.1938779950141906;185
100..300;19;33125171;T;C;0.1686390042304992;220
100..300;19;33126602;A;G;0.187266007065773;180
100..300;19;33126677;T;C;0.1837269961833953;235
100..300;19;33415196;G;A;0.1056910008192062;155
100..300;19;33415204;T;C;0.1048389971256256;160
100..300;19;33415217;C;T;0.1058819964528083;160
100..300;19;33589605;C;G;0.1695650070905685;150
100..300;19;33624642;C;T;0.3669350147247314;160
100..300;19;34093232;G;A;0.4231970012187958;225
100..300;19;34533464;A;G;0.0872483029961586;105
100..300;19;34684844;G;C;0.2441309988498687;155
100..300;19;34931904;T;C;0.2046329975128173;165
100..300;19;34943544;G;A;0.1803279966115951;140
100..300;19;34958169;A;G;0.1896550059318542;280
100..300;19;34958505;A;G;0.1715040057897567;280
100..300;19;34958856;C;G;0.1780419945716858;235
100..300;19;34963670;C;T;0.0987123996019363;170
100..300;19;35151403;G;T;0.2087540030479431;200
100..300;19;35228354;A;G;0.2034379988908767;250
100..300;19;35228674;A;G;0.2338310033082962;135
100..300;19;35250553;C;T;0.3302749991416931;225
100..300;19;35266347;A;G;0.2017540037631988;150
100..300;19;35279153;A;G;0.1666669994592666;255
100..300;19;35279161;T;C;0.1114130020141601;250
100..300;19;35279271;G;A;0.2819379866123199;160
100..300;19;35352468;A;G;0.2109699994325637;165
100..300;19;35359024;A;G;0.1245139986276626;240
100..300;19;35383161;G;A;0.172093003988266;150
100..300;19;35511808;A;C;0.2421050071716308;135
100..300;19;35513269;A;C;0.2103960067033767;280
100..300;19;35542558;T;C;0.3177570104598999;140
100..300;19;35547319;C;T;0.3260189890861511;225
100..300;19;35622688;G;A;0.1609590053558349;195
100..300;19;35716200;A;G;0.1168380007147789;205
100..300;19;35768513;A;G;0.315555989742279;155
100..300;19;35777869;T;C;0.3118279874324798;205
100..300;19;35779013;C;T;0.3391810059547424;115
100..300;19;35780237;T;C;0.3204419910907745;125
100..300;19;35785501;G;T;0.3575130105018616;140
100..300;19;35787568;G;C;0.3058820068836212;175
100..300;19;35812019;C;T;0.3603599965572357;155
100..300;19;35812762;C;G;0.2857140004634857;215
100..300;19;35831368;T;C;0.3899079859256744;155
100..300;19;36058788;T;C;0.1643359959125518;180
100..300;19;36084743;A;G;0.183908000588417;165
100..300;19;36111195;T;C;0.1808509975671768;195
100..300;19;36547190;C;T;0.171875;185
100..300;19;36548167;C;A;0.1320749968290329;190
100..300;19;36627537;T;C;0.1564629971981048;100
100..300;19;36656428;G;T;0.1556600034236908;135
100..300;19;36719627;G;A;0.2117650061845779;185
100..300;19;38082254;T;C;0.1119590029120445;265
100..300;19;38082499;T;G;0.153558000922203;185
100..300;19;38100060;C;T;0.1661339998245239;210
100..300;19;38218912;T;C;0.2295919954776764;140
100..300;19;38469040;T;C;0.1659190058708191;145
100..300;19;38706105;T;C;0.3128489851951599;115
100..300;19;39085357;A;G;0.1801470071077346;185
100..300;19;39098549;T;C;0.1847829967737198;185
100..300;19;39100315;A;G;0.4148469865322113;145
100..300;19;39175294;T;C;0.1333329975605011;140
100..300;19;39247677;C;A;0.1887760013341903;130
100..300;19;39408027;T;C;0.1241130009293556;210
100..300;19;39423668;T;C;0.1524820029735565;210
100..300;19;39424108;A;G;0.1646710038185119;230
100..300;19;39424997;A;G;0.1531910002231598;155
100..300;19;39425118;G;C;0.1620370000600814;165
100..300;19;39435869;C;A;0.1455699950456619;215
100..300;19;39435881;A;G;0.1392409950494766;215
100..300;19;39464893;A;G;0.2015919983386993;245
100..300;19;39480792;C;G;0.1219509989023208;185
100..300;19;39485824;G;C;0.2000000029802322;100
100..300;19;39500597;G;C;0.2168669998645782;110
100..300;19;39504071;C;T;0.1726910024881363;180
100..300;19;39505387;T;C;0.1300310045480728;225
100..300;19;39532668;G;A;0.1137249991297721;165
100..300;19;39534557;C;T;0.2067040055990219;125
100..300;19;39924363;G;C;0.1831679940223693;150
100..300;19;39927135;A;G;0.1897229999303817;180
100..300;19;39927676;A;G;0.1812299937009811;220
100..300;19;39972455;C;T;0.1590909957885742;200
100..300;19;40380316;A;G;0.1827590018510818;200
100..300;19;40395104;C;G;0.1710530072450637;290
100..300;19;40395589;C;T;0.1602209955453872;260
100..300;19;40395697;G;A;0.3227849900722503;225
100..300;19;40395707;G;A;0.3256579935550689;225
100..300;19;40398695;A;G;0.1525419950485229;245
100..300;19;40423037;G;A;0.2421050071716308;205
100..300;19;40423456;C;T;0.2964429855346679;165
100..300;19;40441541;G;A;0.1448760032653808;200
100..300;19;40441844;A;G;0.1651380062103271;230
100..300;19;40576962;C;T;0.1631940007209777;190
100..300;19;40577538;T;C;0.1854840070009231;260
100..300;19;40590283;G;A;0.3862929940223694;215
100..300;19;40605163;A;G;0.2789120078086853;205
100..300;19;40611963;G;A;0.1442790031433105;140
100..300;19;40612150;G;A;0.1082250028848648;150
100..300;19;40622404;T;C;0.1802330017089843;110
100..300;19;40623937;T;C;0.2109699994325637;175
100..300;19;40822291;T;C;0.3066670000553131;200
100..300;19;40845495;A;G;0.2267210036516189;135
100..300;19;40877248;G;A;0.3828830122947693;275
100..300;19;40908576;A;G;0.1555559933185577;155
100..300;19;41116202;GC;G;0.3290489912033081;270
100..300;19;41116284;A;G;0.3432430028915405;250
100..300;19;41342037;T;TG;0.1388889998197555;230
100..300;19;41414125;T;C;0.2007430046796798;175
100..300;19;41709949;G;A;0.1827729940414428;285
100..300;19;41709953;C;T;0.1822029948234558;290
100..300;19;42287842;C;T;0.1904760003089904;250
100..300;19;42855719;T;G;0.2307689934968948;100
100..300;19;42867140;T;A;0.1627119928598404;180
100..300;19;42867142;A;C;0.1632650047540664;180
100..300;19;42868789;C;T;0.204937994480133;110
100..300;19;42879499;T;C;0.2199410051107406;225
100..300;19;42879528;T;G;0.214815005660057;270
100..300;19;43195265;G;A;0.3716219961643219;185
100..300;19;43205467;T;C;0.3870970010757446;160
100..300;19;43205495;A;G;0.3854170143604278;190
100..300;19;43205549;C;T;0.1125829964876174;160
100..300;19;43212386;G;A;0.3441300094127655;150
100..300;19;43212417;C;T;0.1529410034418106;145
100..300;19;43212469;G;A;0.2098210006952285;110
100..300;19;43212484;G;A;0.2020200043916702;100
100..300;19;43269447;C;T;0.4399999976158142;235
100..300;19;43406497;T;G;0.1589149981737136;175
100..300;19;43553432;C;G;0.1885959953069687;155
100..300;19;43578639;C;T;0.1700399965047836;155
100..300;19;43581675;T;C;0.1411760002374649;175
100..300;19;43614201;A;G;0.1882639974355697;280
100..300;19;43626301;A;G;0.1474650055170059;155
100..300;19;43652320;C;T;0.3181819915771484;190
100..300;19;43718961;A;G;0.1654140055179596;185
100..300;19;43718986;T;G;0.1674010008573532;160
100..300;19;43848487;A;G;0.2307689934968948;165
100..300;19;43873517;A;G;0.262499988079071;165
100..300;19;43913423;G;A;0.2222220003604889;145
100..300;19;43914528;C;G;0.209524005651474;150
100..300;19;43914541;C;T;0.2019229978322982;150
100..300;19;43914672;T;C;0.2244900017976761;185
100..300;19;44106690;T;C;0.1604939997196197;185
100..300;19;44386535;A;G;0.2283460050821304;150
100..300;19;44386655;A;G;0.2509360015392303;185
100..300;19;44387622;T;C;0.2543349862098694;250
100..300;19;44388006;T;C;0.171875;225
100..300;19;44392323;G;C;0.203791007399559;130
100..300;19;44477583;C;T;0.2236289978027343;175
100..300;19;44477615;C;T;0.2272730022668838;155
100..300;19;44520547;C;G;0.2094590067863464;200
100..300;19;44524136;C;T;0.1758240014314651;295
100..300;19;44524198;A;G;0.1745640039443969;265
100..300;19;44900864;A;G;0.2208590060472488;120
100..300;19;45218338;A;G;0.0949366986751556;105
100..300;19;45238753;G;C;0.1496600061655044;205
100..300;19;45238836;A;G;0.1338029950857162;195
100..300;19;45408744;C;A;0.1597049981355667;295
100..300;19;45409085;G;A;0.155689001083374;235
100..300;19;45409148;A;G;0.1748470067977905;240
100..300;19;45414987;A;G;0.1563789993524551;165
100..300;19;45621273;A;G;0.1703300029039383;115
100..300;19;45678134;C;G;0.1598979979753494;265
100..300;19;45687763;G;A;0.1818179935216903;180
100..300;19;45698914;T;C;0.1666669994592666;125
100..300;19;45761705;T;C;0.1480360031127929;225
100..300;19;45995095;G;C;0.1208330020308494;155
100..300;19;46016768;G;A;0.1219509989023208;255
100..300;19;46023040;G;T;0.1481480002403259;135
100..300;19;46160633;G;A;0.1654140055179596;195
100..300;19;46353758;T;C;0.1747570037841797;140
100..300;19;46470724;A;G;0.2474920004606247;210
100..300;19;46470976;A;G;0.1739130020141601;175
100..300;19;46471049;C;A;0.2413789927959442;100
100..300;19;46634202;T;C;0.1968089938163757;120
100..300;19;46775681;A;G;0.2142859995365142;160
100..300;19;46778905;A;G;0.1756100058555603;145
100..300;19;47309908;A;G;0.1783220022916793;185
100..300;19;47353079;T;C;0.1241130009293556;200
100..300;19;47475414;A;G;0.1488099992275238;100
100..300;19;47539719;T;C;0.1883559972047805;190
100..300;19;47545258;C;T;0.130741998553276;185
100..300;19;47716672;A;G;0.1855670064687729;210
100..300;19;47745650;C;G;0.1450980007648468;165
100..300;19;47751542;C;T;0.1610170006752014;155
100..300;19;47756530;T;C;0.2162159979343414;155
100..300;19;48067815;G;T;0.2070309966802597;175
100..300;19;48297494;A;C;0.1702129989862442;145
100..300;19;48297534;G;A;0.1885710060596466;130
100..300;19;48298169;C;T;0.2056449949741363;165
100..300;19;48302758;T;C;0.2110390067100525;200
100..300;19;48464758;T;C;0.1376519948244094;175
100..300;19;48575989;T;C;0.1751410067081451;230
100..300;19;48592808;T;C;0.2175730019807815;150
100..300;19;48613102;C;T;0.155689001083374;230
100..300;19;48613181;G;A;0.1308140009641647;240
100..300;19;48629377;A;G;0.1551720052957534;230
100..300;19;48713350;A;G;0.1754969954490661;200
100..300;19;48799813;C;G;0.1699350029230117;200
100..300;19;48831734;T;C;0.2139530032873153;140
100..300;19;48847892;T;C;0.194594994187355;125
100..300;19;48865586;C;T;0.1375840008258819;200
100..300;19;48873327;A;G;0.2080290019512176;195
100..300;19;48874062;G;A;0.1360760033130645;220
100..300;19;48874167;A;G;0.1719200015068054;245
100..300;19;48874179;C;G;0.1632650047540664;250
100..300;19;48874616;A;G;0.1726029962301254;265
100..300;19;48874661;T;G;0.1516039967536926;250
100..300;19;48875737;G;A;0.1057690009474754;205
100..300;19;48875910;T;C;0.1317369937896728;220
100..300;19;48875925;C;G;0.1358020007610321;215
100..300;19;48896564;A;G;0.1345030069351196;120
100..300;19;48904403;A;G;0.1067190021276474;160
100..300;19;48904458;T;C;0.123710997402668;125
100..300;19;48905747;C;T;0.1992750018835067;185
100..300;19;48918709;C;T;0.1232229992747306;140
100..300;19;48919180;T;A;0.1479589939117431;140
100..300;19;48961106;T;C;0.2000000029802322;105
100..300;19;48966729;T;C;0.1804119944572448;130
100..300;19;49030123;T;G;0.170983999967575;145
100..300;19;49056261;G;C;0.1566819995641708;145
100..300;19;49056436;C;T;0.1106870025396347;185
100..300;19;49057204;A;G;0.1090049967169761;140
100..300;19;49118335;C;G;0.1781249940395355;225
100..300;19;49154952;C;A;0.1695400029420852;245
100..300;19;49155110;T;C;0.1684210002422332;270
100..300;19;49155133;C;T;0.1740330010652542;255
100..300;19;49157855;A;G;0.1965070068836212;145
100..300;19;49290771;T;G;0.158730000257492;135
100..300;19;49365794;G;T;0.2024289965629577;185
100..300;19;49374858;A;G;0.1710530072450637;205
100..300;19;49374939;A;G;0.1857919991016388;240
100..300;19;49745244;C;T;0.1508769989013672;180
100..300;19;49746648;C;T;0.1052630022168159;190
100..300;19;49747144;T;C;0.1434109956026077;175
100..300;19;49901622;T;C;0.1818179935216903;125
100..300;19;50232083;T;C;0.2081449925899505;155
100..300;19;50249640;A;G;0.2296819984912872;195
100..300;19;50250613;T;C;0.1751410067081451;240
100..300;19;50260629;T;C;0.1875;145
100..300;19;50286710;A;G;0.1708859950304031;110
100..300;19;50359511;T;C;0.1422919929027557;180
100..300;19;50758572;A;G;0.1607140004634857;155
100..300;19;50758694;T;G;0.1673000007867813;190
100..300;19;50758799;C;T;0.188072994351387;160
100..300;19;50858059;T;C;0.2272730022668838;175
100..300;19;51000268;C;T;0.1864410042762756;170
100..300;19;51003764;G;T;0.3265309929847717;175
100..300;19;51014966;A;G;0.3026320040225982;100
100..300;19;51016090;C;G;0.3473280072212219;175
100..300;19;51185559;G;T;0.1911759972572326;275
100..300;19;51185586;C;G;0.1904760003089904;295
100..300;19;51185948;C;A;0.1923079937696457;120
100..300;19;51225221;T;C;0.2056960016489029;225
100..300;19;51235662;A;G;0.1960780024528503;250
100..300;19;51325341;T;C;0.1626510024070739;220
100..300;19;51347036;A;G;0.3041960000991821;190
100..300;19;51367941;A;G;0.2511849999427795;280
100..300;19;51497405;A;G;0.1771119982004165;240
100..300;19;51498028;A;G;0.1962960064411163;190
100..300;19;51693200;C;T;0.2000000029802322;100
100..300;19;51693559;C;G;0.2151390016078949;185
100..300;19;51694303;GGAGGATAGAGACTCACAGAGAGGT;G;0.1677850037813186;240
100..300;19;51701689;A;G;0.1885250061750412;165
100..300;19;51746963;G;A;0.1968750059604644;215
100..300;19;51824531;T;C;0.1932110041379928;275
100..300;19;51945416;C;G;0.2226279973983764;185
100..300;19;52016987;A;G;0.1556600034236908;150
100..300;19;52017119;T;C;0.1855670064687729;135
100..300;19;52018043;A;G;0.1737290024757385;150
100..300;19;52033949;T;C;0.2570419907569885;205
100..300;19;52034323;G;T;0.195710003376007;255
100..300;19;52035175;G;A;0.1861699968576431;140
100..300;19;52067461;G;C;0.2268909960985183;170
100..300;19;52067530;G;A;0.2272730022668838;155
100..300;19;52406707;A;G;0.1725659966468811;165
100..300;19;52582560;C;T;0.168831005692482;285
100..300;19;52583345;A;G;0.1638949960470199;275
100..300;19;52800452;G;T;0.2142859995365142;265
100..300;19;52841448;G;A;0.2484659999608993;230
100..300;19;52841807;C;G;0.1671310067176818;195
100..300;19;52841823;C;T;0.1624370068311691;230
100..300;19;52841842;A;G;0.1621620059013366;270
100..300;19;52841857;G;A;0.1639720052480697;295
100..300;19;52849106;G;A;0.1760559976100921;195
100..300;19;52923359;T;C;0.2134149968624115;115
100..300;19;53050433;A;G;0.1824820041656494;235
100..300;19;53109467;C;T;0.25;155
100..300;19;53109736;G;A;0.213018000125885;230
100..300;19;53129643;A;G;0.2182539999485016;155
100..300;19;53224656;C;CAT;0.1340779960155487;125
100..300;19;53289789;A;G;0.3447369933128357;260
100..300;19;53290321;G;A;0.3092490136623382;240
100..300;19;53490416;A;G;0.1389649957418441;265
100..300;19;53616908;A;T;0.2125000059604644;170
100..300;19;54012161;C;G;0.1166670024394989;165
100..300;19;54108253;G;C;0.1604939997196197;290
100..300;19;54222283;G;A;0.1295679956674575;230
100..300;19;54222579;C;G;0.1387899965047836;140
100..300;19;54277612;G;C;0.3405570089817047;155
100..300;19;54508187;A;G;0.1608189940452575;235
100..300;19;54543645;A;G;0.2154700011014938;130
100..300;19;54663551;T;G;0.1676650047302246;240
100..300;19;54936244;T;G;0.2185190021991729;190
100..300;19;55141929;C;A;0.171547994017601;155
100..300;19;55146720;A;G;0.1337579935789108;105
100..300;19;55187587;T;C;0.2058819979429245;120
100..300;19;55196507;T;C;0.2406419962644577;135
100..300;19;55197189;G;A;0.369500994682312;235
100..300;19;55197205;A;G;0.1818179935216903;245
100..300;19;55198706;A;G;0.1577180027961731;200
100..300;19;55202167;A;G;0.3672989904880523;285
100..300;19;55227378;A;G;0.1498370021581649;220
100..300;19;55228237;T;C;0.1839379966259002;260
100..300;19;55228445;A;G;0.1701570004224777;260
100..300;19;55358892;A;G;0.1834170073270797;285
100..300;19;55454979;T;C;0.1333329975605011;160
100..300;19;55486895;T;C;0.1813469976186752;120
100..300;19;55489529;T;G;0.1420120000839233;110
100..300;19;55529865;T;C;0.1771429926156997;115
100..300;19;55810151;C;T;0.2710840106010437;120
100..300;19;55861524;T;C;0.1818179935216903;145
100..300;19;55898856;T;C;0.2059800028800964;190
100..300;19;55973711;G;A;0.2089550048112869;180
100..300;19;55976237;G;A;0.1245549991726875;190
100..300;19;56003968;T;C;0.1885859966278076;280
100..300;19;56008784;G;C;0.1310340017080307;195
100..300;19;56015813;TC;T;0.1256539970636367;130
100..300;19;56027874;T;C;0.2055210024118423;235
100..300;19;56191879;A;G;0.1563419997692108;235
100..300;19;56192732;A;G;0.2271189987659454;100
100..300;19;56244191;A;T;0.1405899971723556;270
100..300;19;56384127;T;C;0.1960780024528503;180
100..300;19;56442216;C;T;0.398496001958847;190
100..300;19;56550678;T;C;0.1707320064306259;170
100..300;19;56550703;C;T;0.1650940030813217;150
100..300;19;56550704;C;T;0.1690140068531036;150
100..300;19;56553820;C;T;0.2349999994039535;140
100..300;19;56823654;A;G;0.2074829936027526;195
100..300;19;57131414;A;C;0.1846690028905868;195
100..300;19;57326650;G;C;0.1883119940757751;200
100..300;19;57329179;G;A;0.1671549975872039;240
100..300;19;57353781;T;C;0.1589960008859634;155
100..300;19;57357511;C;T;0.1401270031929016;230
100..300;19;57398459;T;G;0.1527779996395111;190
100..300;19;57445460;G;T;0.3773579895496368;110
100..300;19;57475736;T;C;0.1421319991350174;250
100..300;19;57492212;A;G;0.1962369978427887;220
100..300;19;57506385;A;C;0.1342280060052871;210
100..300;19;57506386;G;A;0.1400000005960464;210
100..300;19;57506390;C;G;0.1359219998121261;220
100..300;19;57508524;A;G;0.2592589855194092;175
100..300;19;57513074;A;G;0.2324559986591339;155
100..300;19;57572099;T;C;0.1823900043964386;105
100..300;19;57639970;T;TG;0.2145590037107467;175
100..300;19;57841154;A;G;0.1435769945383072;135
100..300;19;57841438;C;T;0.1759040057659149;285
100..300;19;57908784;A;C;0.2138549983501434;190
100..300;19;57908794;C;T;0.2068970054388046;205
100..300;19;57908799;C;T;0.200556993484497;210
100..300;19;57909331;A;C;0.2275280058383941;205
100..300;19;57980259;C;T;0.1673150062561035;175
100..300;19;57999782;T;C;0.1674879938364029;130
100..300;19;58061715;G;A;0.1599999964237213;115
100..300;19;58067210;T;C;0.4231809973716736;265
100..300;19;58085082;T;C;0.1199999973177909;135
100..300;19;58089854;C;T;0.1809519976377487;150
100..300;19;58294717;C;T;0.1848179996013641;215
100..300;19;58409929;G;A;0.2000000029802322;160
100..300;19;58415848;T;C;0.2013889998197555;285
100..300;19;58416932;T;A;0.1644559949636459;260
100..300;19;58416942;T;C;0.1568119972944259;280
100..300;19;58434836;T;C;0.197279006242752;215
100..300;19;58435466;C;T;0.2330510020256042;160
100..300;19;58511799;A;G;0.1930499970912933;180
100..300;19;58511807;G;A;0.1984439939260482;180
100..300;19;58563286;C;T;0.2039999961853027;175
100..300;2;41647;G;A;0.1627909988164901;115
100..300;2;242800;C;T;0.2945210039615631;100
100..300;2;243504;T;C;0.187049999833107;180
100..300;2;277250;A;G;0.1256279945373535;135
100..300;2;1173095;A;C;0.2435899972915649;150
100..300;2;1477583;A;G;0.1497009992599487;100
100..300;2;3580793;A;C;0.38297900557518;100
100..300;2;3606252;A;C;0.1921920031309127;215
100..300;2;3778797;C;T;0.1782180070877075;135
100..300;2;6496292;T;G;0.2295719981193542;190
100..300;2;6849889;T;C;0.2127660065889358;160
100..300;2;7014695;AT;A;0.1666669994592666;115
100..300;2;9356162;C;T;0.1559630036354065;160
100..300;2;9388407;C;G;0.1300240010023117;280
100..300;2;9494727;G;A;0.2539680004119873;120
100..300;2;9954863;G;A;0.1682240068912506;160
100..300;2;9986202;A;G;0.1890240013599395;210
100..300;2;9986288;G;A;0.1576350033283233;140
100..300;2;9992146;C;T;0.1822659969329834;130
100..300;2;10772593;A;G;0.2962960004806518;140
100..300;2;10819281;C;A;0.2760739922523498;110
100..300;2;10819335;T;G;0.2543349862098694;115
100..300;2;10819349;C;G;0.2650600075721741;110
100..300;2;10820826;A;G;0.3501679897308349;190
100..300;2;11102484;T;C;0.1955559998750686;160
100..300;2;11211739;C;T;0.191780999302864;190
100..300;2;11249781;T;C;0.2070710062980651;135
100..300;2;11588728;A;G;0.1393029987812042;140
100..300;2;11611040;T;C;0.2333330065011978;125
100..300;2;11618390;G;C;0.1892739981412887;225
100..300;2;11634198;A;G;0.1305840015411377;190
100..300;2;11765750;T;C;0.1666669994592666;140
100..300;2;11802956;T;C;0.1533100008964538;200
100..300;2;15628722;A;AT;0.2638890147209167;155
100..300;2;17284591;T;G;0.262032002210617;135
100..300;2;17284745;C;T;0.2907490134239197;165
100..300;2;17284808;G;A;0.4648649990558624;130
100..300;2;17385367;G;A;0.429751992225647;170
100..300;2;17385589;T;C;0.2663759887218475;175
100..300;2;17805416;T;G;0.2326730042695999;130
100..300;2;18555347;G;A;0.2295079976320266;175
100..300;2;20251684;A;G;0.2150540053844452;125
100..300;2;20619004;T;C;0.2083330005407333;210
100..300;2;20638462;T;C;0.1607140004634857;270
100..300;2;20685561;A;C;0.1683669984340667;130
100..300;2;20858504;A;G;0.5294119715690613;125
100..300;2;21002628;G;A;0.1920530050992965;120
100..300;2;21022941;A;G;0.2192309945821762;185
100..300;2;23562463;A;G;0.1052630022168159;105
100..300;2;23703363;T;C;0.3045690059661865;140
100..300;2;23872415;C;A;0.3144649863243103;110
100..300;2;24821548;A;G;0.1554400026798248;125
100..300;2;24824539;G;A;0.1677020043134689;105
100..300;2;24841324;A;G;0.3915660083293915;110
100..300;2;25246633;T;C;0.1666669994592666;160
100..300;2;26141157;G;T;0.2380950003862381;125
100..300;2;26232259;A;G;0.3782050013542175;105
100..300;2;26280007;C;T;0.3936170041561126;120
100..300;2;26282990;G;A;0.3285199999809265;185
100..300;2;26311030;T;C;0.1732279956340789;255
100..300;2;26444262;G;A;0.1823530048131942;220
100..300;2;26477832;A;G;0.1279069930315017;175
100..300;2;26792112;C;T;0.2321429997682571;115
100..300;2;26792250;A;G;0.2282609939575195;120
100..300;2;26792742;C;CCA;0.1567569971084594;120
100..300;2;26940176;C;T;0.1854840070009231;170
100..300;2;26941938;A;G;0.1588789969682693;155
100..300;2;26946974;A;C;0.132202997803688;190
100..300;2;27056145;G;A;0.2384109944105148;110
100..300;2;27092384;A;G;0.1476510018110275;190
100..300;2;27100517;T;C;0.1519609987735748;130
100..300;2;27137019;T;C;0.2096769958734512;255
100..300;2;27212297;A;G;0.1588239967823028;115
100..300;2;27233506;A;G;0.1785710006952285;180
100..300;2;27236496;C;T;0.175257995724678;135
100..300;2;27255363;G;A;0.1630430072546005;245
100..300;2;27256909;A;C;0.1893199980258941;145
100..300;2;27258784;C;A;0.190310999751091;195
100..300;2;27638944;C;A;0.1535429954528808;165
100..300;2;28539114;C;G;0.1517859995365142;145
100..300;2;28601936;A;G;0.2180230021476745;220
100..300;2;28632091;T;C;0.3678160011768341;235
100..300;2;28642894;C;T;0.3808049857616424;215
100..300;2;28956586;C;G;0.1909389942884445;195
100..300;2;29002636;G;T;0.168284997344017;200
100..300;2;29002638;C;T;0.1666669994592666;205
100..300;2;29033508;T;C;0.1654680073261261;180
100..300;2;29036677;C;T;0.140186995267868;215
100..300;2;29051864;T;G;0.2073169946670532;225
100..300;2;29133701;C;G;0.2072539925575256;120
100..300;2;29193615;C;T;0.1606059968471527;245
100..300;2;29223336;A;G;0.2073169946670532;165
100..300;2;29232333;T;A;0.2117650061845779;115
100..300;2;30459604;T;A;0.2409639954566955;160
100..300;2;30734460;G;A;0.1906780004501342;150
100..300;2;31187787;T;C;0.1092899963259697;125
100..300;2;31188318;A;C;0.2025319933891296;250
100..300;2;31197277;T;C;0.1776649951934814;125
100..300;2;31339546;T;C;0.1777780055999755;240
100..300;2;31525140;G;C;0.2686569988727569;140
100..300;2;32177567;T;C;0.1775150001049041;110
100..300;2;32441343;C;T;0.1951220035552978;105
100..300;2;32518906;G;A;0.2659569978713989;125
100..300;2;32575355;G;C;0.1836729943752288;130
100..300;2;32607616;T;C;0.1720000058412552;160
100..300;2;32758413;A;G;0.1686750054359436;170
100..300;2;33263352;A;G;0.1192310005426406;165
100..300;2;33539219;C;T;0.3273810148239136;115
100..300;2;33839958;G;GCAT;0.1652889996767044;215
100..300;2;37228089;A;C;0.2332019954919815;185
100..300;2;38075034;A;C;0.1575759947299957;100
100..300;2;38075247;C;G;0.1641030013561248;125
100..300;2;38075401;A;G;0.1818179935216903;105
100..300;2;38285568;C;T;0.1666669994592666;135
100..300;2;38309484;G;T;0.205606997013092;140
100..300;2;38377209;G;A;0.126922994852066;155
100..300;2;38822999;C;A;0.1803279966115951;175
100..300;2;38855202;C;T;0.1779139935970306;215
100..300;2;39615000;C;G;0.2228260040283203;120
100..300;2;43292838;T;C;0.2429379969835281;130
100..300;2;43844500;T;C;0.2000000029802322;135
100..300;2;43844604;G;A;0.2266670018434524;135
100..300;2;46759277;G;A;0.1824820041656494;185
100..300;2;46759577;G;C;0.2230769991874694;175
100..300;2;46905488;A;G;0.196721002459526;120
100..300;2;46993483;A;G;0.1910829991102218;200
100..300;2;47024371;C;G;0.1327009946107864;130
100..300;2;47369714;CG;C;0.1958760023117065;125
100..300;2;47803553;A;T;0.1428570002317428;250
100..300;2;48580657;C;A;0.2032089978456497;140
100..300;2;48580837;C;T;0.1916929930448532;220
100..300;2;48581013;C;G;0.2000000029802322;195
100..300;2;48581743;A;T;0.2267210036516189;175
100..300;2;48581759;T;C;0.2159090042114257;190
100..300;2;48915268;G;T;0.2429379969835281;115
100..300;2;48916128;A;G;0.1390729993581771;100
100..300;2;52571655;C;G;0.3648070096969604;160
100..300;2;52572190;T;G;0.1837459951639175;205
100..300;2;52572436;T;A;0.3215430080890655;215
100..300;2;53808371;C;G;0.2090159952640533;165
100..300;2;53904017;T;C;0.234483003616333;105
100..300;2;53923100;G;A;0.1464439928531646;155
100..300;2;53970692;A;C;0.1021279990673065;140
100..300;2;54255852;T;C;0.3605630099773407;255
100..300;2;54267311;A;G;0.2099449932575225;115
100..300;2;54360522;C;G;0.2901790142059326;160
100..300;2;54433405;T;C;0.1545449942350387;140
100..300;2;55254186;A;T;0.1026789993047714;145
100..300;2;55263871;GA;G;0.2112679928541183;120
100..300;2;55535874;A;G;0.1407410055398941;100
100..300;2;58460948;A;G;0.1940300017595291;195
100..300;2;58460955;G;C;0.1948529928922653;195
100..300;2;58461772;A;G;0.1865289956331253;270
100..300;2;61301164;TA;T;0.1768710017204284;115
100..300;2;61842223;C;T;0.1746030002832412;175
100..300;2;62146780;C;T;0.1035860031843185;145
100..300;2;63622357;C;T;0.396694004535675;255
100..300;2;64100410;T;G;0.4759620130062103;130
100..300;2;64100458;C;T;0.5113120079040527;145
100..300;2;65205352;A;T;0.1969230026006698;215
100..300;2;65205723;C;T;0.1960230022668838;230
100..300;2;65205818;C;T;0.1629830002784729;225
100..300;2;66125662;G;C;0.1762109994888305;155
100..300;2;68655336;C;T;0.2141119986772537;290
100..300;2;69514477;T;C;0.1755100041627884;175
100..300;2;69514621;C;CTGT;0.2108259946107864;250
100..300;2;69788049;T;C;0.1883119940757751;100
100..300;2;69806452;T;C;0.123999997973442;155
100..300;2;69806517;A;G;0.1551720052957534;115
100..300;2;69935402;G;T;0.4121859967708587;185
100..300;2;70943677;T;C;0.1842110008001327;195
100..300;2;70963254;T;C;0.3788819909095764;215
100..300;2;70979137;A;G;0.1937499940395355;105
100..300;2;70985000;T;C;0.1589239984750747;295
100..300;2;71077608;A;G;0.2132560014724731;235
100..300;2;71124357;A;G;0.3502820134162903;240
100..300;2;71190004;T;C;0.2000000029802322;140
100..300;2;71481990;A;G;0.1920900046825409;110
100..300;2;71515762;C;T;0.224138006567955;120
100..300;2;71553118;T;C;0.1448280066251754;200
100..300;2;72480745;G;A;0.3038670122623443;125
100..300;2;72731204;C;T;0.2213110029697418;160
100..300;2;73081250;T;C;0.1515150070190429;170
100..300;2;73214257;G;C;0.4217390120029449;155
100..300;2;73264386;T;C;0.3294459879398346;225
100..300;2;73489683;A;G;0.2252960056066513;170
100..300;2;73489976;C;G;0.1684589982032776;200
100..300;2;74255765;C;T;0.229884997010231;125
100..300;2;74262191;A;G;0.2000000029802322;145
100..300;2;74460654;A;G;0.1468250006437301;170
100..300;2;74498017;C;T;0.4182510077953338;190
100..300;2;74506814;A;G;0.1746030002832412;240
100..300;2;74673461;T;G;0.2275449931621551;110
100..300;2;74754710;T;A;0.4000000059604645;110
100..300;2;74754838;G;A;0.4720500111579895;105
100..300;2;75198602;G;A;0.1920530050992965;215
100..300;2;75680225;C;T;0.2077919989824295;100
100..300;2;84669504;A;G;0.1923079937696457;110
100..300;2;85322745;G;A;0.1929820030927658;195
100..300;2;85326661;T;C;0.1732030063867569;225
100..300;2;85326957;A;G;0.13297900557518;265
100..300;2;85341423;T;C;0.1889760047197342;190
100..300;2;85344587;G;A;0.3798879981040954;125
100..300;2;85398164;C;G;0.1888889968395233;130
100..300;2;85431198;A;G;0.119047999382019;110
100..300;2;85435513;T;C;0.2047239989042282;175
100..300;2;85542588;G;C;0.25;180
100..300;2;85553008;A;G;0.2037740051746368;175
100..300;2;85553413;T;C;0.1703300029039383;240
100..300;2;85579143;T;C;0.1884620040655136;180
100..300;2;85581614;G;A;0.1937980055809021;255
100..300;2;85591763;T;C;0.1459850072860717;180
100..300;2;85596916;A;G;0.1428570002317428;185
100..300;2;85599598;A;G;0.1877260059118271;185
100..300;2;85667185;T;G;0.1553030014038086;165
100..300;2;85668215;G;T;0.2199999988079071;130
100..300;2;85697606;T;C;0.4109089970588684;165
100..300;2;85698544;A;G;0.4012739956378937;210
100..300;2;85698557;G;T;0.4096390008926391;225
100..300;2;86751970;A;G;0.1842110008001327;110
100..300;2;88088038;C;A;0.1737589985132217;195
100..300;2;88096601;A;G;0.1624370068311691;140
100..300;2;88096604;G;C;0.1584160029888153;145
100..300;2;88096655;C;T;0.1766780018806457;190
100..300;2;88103041;A;G;0.2413789927959442;105
100..300;2;88108440;C;T;0.1694349944591522;205
100..300;2;88110465;A;G;0.1496060043573379;165
100..300;2;88529261;C;T;0.2263160049915313;265
100..300;2;94871823;T;C;0.1358380019664764;245
100..300;2;95575303;A;G;0.1992339938879013;185
100..300;2;95799803;C;A;0.173333004117012;200
100..300;2;96013823;C;T;0.1876540035009384;260
100..300;2;96019227;T;C;0.1342860013246536;205
100..300;2;96019559;A;G;0.1855960041284561;145
100..300;2;96116114;C;T;0.1340779960155487;125
100..300;2;96132566;T;C;0.1674010008573532;145
100..300;2;96138368;A;G;0.2553189992904663;155
100..300;2;96277695;C;G;0.1886789947748184;225
100..300;2;98228211;G;C;0.4195399880409241;120
100..300;2;98236710;A;G;0.3545820116996765;170
100..300;2;98377671;G;A;0.1711229979991912;125
100..300;2;98533483;A;G;0.1899439990520477;115
100..300;2;98656339;A;G;0.2418300062417984;100
100..300;2;98757257;C;T;0.1837610006332397;155
100..300;2;99601618;A;G;0.1877260059118271;190
100..300;2;100398162;A;G;0.25;120
100..300;2;100480498;T;C;0.2023350000381469;165
100..300;2;101011463;T;C;0.3873519897460937;170
100..300;2;101022366;T;C;0.3785490095615387;205
100..300;2;101068666;T;C;0.4466669857501983;100
100..300;2;101295189;G;A;0.1357139945030212;100
100..300;2;101860991;T;C;0.2237440049648285;145
100..300;2;102226007;C;T;0.4285709857940674;130
100..300;2;102384942;T;C;0.3786410093307495;135
100..300;2;102478945;A;G;0.4105570018291473;230
100..300;2;105405031;G;C;0.3930130004882812;155
100..300;2;106834133;T;C;0.1979169994592666;120
100..300;2;108002058;T;C;0.1939390003681183;115
100..300;2;108247194;C;A;0.5124379992485046;140
100..300;2;108758496;G;A;0.1050959974527359;155
100..300;2;110794186;G;A;0.1694920063018798;120
100..300;2;110968195;A;G;0.2000000029802322;115
100..300;2;110968234;G;A;0.173333004117012;110
100..300;2;111092938;T;C;0.1724140048027038;205
100..300;2;111128755;T;C;0.2129029929637909;105
100..300;2;111898795;T;A;0.1347150057554245;120
100..300;2;111898815;A;G;0.1162789985537529;110
100..300;2;111940883;A;G;0.1603379994630813;175
100..300;2;112022487;G;A;0.2259259968996048;190
100..300;2;112028314;T;C;0.1722850054502487;195
100..300;2;112028472;A;G;0.1834319978952407;240
100..300;2;112028780;A;G;0.2090030014514923;220
100..300;2;112494303;A;G;0.1860470026731491;180
100..300;2;112588903;A;G;0.1840800046920776;135
100..300;2;112647131;A;G;0.3811320066452026;195
100..300;2;112722037;A;G;0.378260999917984;150
100..300;2;112762552;A;G;0.1637430042028427;110
100..300;2;112779646;A;C;0.1831679940223693;140
100..300;2;112832813;A;G;0.181101992726326;170
100..300;2;113028927;G;A;0.2261900007724762;120
100..300;2;113074364;A;G;0.181101992726326;155
100..300;2;113074368;C;T;0.1832669973373413;155
100..300;2;113132727;C;T;0.1685390025377273;180
100..300;2;117825524;A;G;0.2125000059604644;165
100..300;2;117975255;A;G;0.2565790116786957;205
100..300;2;119247993;T;C;0.4409219920635223;240
100..300;2;121239544;A;G;0.2124350070953369;130
100..300;2;121490256;G;A;0.1602559983730316;100
100..300;2;126899234;A;G;0.0960452035069465;120
100..300;2;127068957;G;A;0.1945389956235885;205
100..300;2;127193882;A;G;0.1643189936876297;130
100..300;2;127193883;T;C;0.1666669994592666;130
100..300;2;127249498;T;A;0.1969700008630752;140
100..300;2;127564195;A;G;0.2374430000782013;145
100..300;2;127612342;T;C;0.1889400035142898;150
100..300;2;127631215;A;G;0.2283740043640136;200
100..300;2;127631287;C;G;0.1893199980258941;270
100..300;2;127635714;C;T;0.1831679940223693;140
100..300;2;127636225;C;T;0.1703300029039383;120
100..300;2;127637302;T;C;0.1920530050992965;105
100..300;2;127637380;G;A;0.1483049988746643;145
100..300;2;127706542;A;G;0.245614007115364;155
100..300;2;127738071;A;G;0.4037269949913025;100
100..300;2;127850610;T;C;0.1589400023221969;100
100..300;2;128182225;T;C;0.2238370031118393;225
100..300;2;131140151;T;G;0.1794870048761367;115
100..300;2;131500253;A;T;0.1601559966802597;155
100..300;2;131601505;T;C;0.2154339998960495;175
100..300;2;132417191;T;C;0.1772850006818771;245
100..300;2;132417426;G;A;0.1803279966115951;215
100..300;2;132560316;G;C;0.3975409865379333;160
100..300;2;132732028;G;A;0.2083330005407333;160
100..300;2;137663426;G;A;0.3779070079326629;115
100..300;2;140373126;T;C;0.2980130016803741;100
100..300;2;148483494;A;C;0.1687040030956268;270
100..300;2;151275616;G;A;0.1975679993629455;230
100..300;2;151279000;G;A;0.1751819998025894;100
100..300;2;151457871;A;G;0.2307689934968948;125
100..300;2;151525940;G;C;0.4180789887905121;120
100..300;2;151531039;C;T;0.3665480017662048;180
100..300;2;151565562;G;C;0.3743839859962463;135
100..300;2;151565573;G;A;0.3888890147209167;130
100..300;2;151568419;TA;T;0.4071429967880249;100
100..300;2;151633705;G;A;0.3563539981842041;240
100..300;2;152558730;C;T;0.2115380018949508;110
100..300;2;152611593;T;C;0.1275510042905807;135
100..300;2;152676746;A;G;0.1500000059604644;145
100..300;2;158703536;A;C;0.4276730120182037;105
100..300;2;158807087;C;T;0.3344480097293854;200
100..300;2;158815740;A;G;0.2073169946670532;160
100..300;2;159227962;C;A;0.1969700008630752;145
100..300;2;159230142;T;C;0.1309520006179809;185
100..300;2;159230143;G;A;0.1383399963378906;185
100..300;2;159230181;G;A;0.1346150040626526;195
100..300;2;159819839;C;T;0.1666669994592666;155
100..300;2;159854534;C;G;0.2399999946355819;110
100..300;2;160045006;G;A;0.2437279969453811;205
100..300;2;161504064;C;T;0.4139190018177032;125
100..300;2;161505080;C;T;0.1962369978427887;170
100..300;2;161506555;A;G;0.4310339987277984;205
100..300;2;161839904;T;C;0.4229249954223633;165
100..300;2;162033598;G;C;0.1693120002746582;125
100..300;2;162033632;T;C;0.1754390001296997;110
100..300;2;164703224;T;C;0.1564249992370605;120
100..300;2;164729956;C;T;0.2393620014190673;135
100..300;2;165679408;T;C;0.3787879943847656;195
100..300;2;166441621;A;G;0.1887550055980682;175
100..300;2;168834219;C;T;0.1584700047969818;125
100..300;2;168850918;T;C;0.1909310072660446;275
100..300;2;168908036;G;C;0.22257100045681;210
100..300;2;169168573;G;A;0.1660380065441131;170
100..300;2;169213838;C;T;0.1612900048494339;170
100..300;2;169510589;A;G;0.2020200043916702;200
100..300;2;169531430;A;G;0.2329320013523101;160
100..300;2;169701587;G;A;0.1780820041894912;150
100..300;2;170602038;A;G;0.1850219964981079;170
100..300;2;170792892;T;C;0.2524270117282867;135
100..300;2;171375293;G;C;0.2222220003604889;110
100..300;2;171517568;G;C;0.3076919913291931;135
100..300;2;171517610;A;G;0.3125;175
100..300;2;171744206;A;C;0.2411350011825561;100
100..300;2;172427981;G;A;0.1419350057840347;100
100..300;2;172475080;A;G;0.2660099864006042;130
100..300;2;172479746;G;A;0.3971289992332458;140
100..300;2;172487375;T;C;0.2614839971065521;190
100..300;2;172595912;C;T;0.2009129971265792;145
100..300;2;172797626;G;A;0.1630430072546005;125
100..300;2;173263785;T;C;0.3413459956645965;145
100..300;2;174310361;T;C;0.2034379988908767;255
100..300;2;174310653;A;C;0.169742003083229;195
100..300;2;174423050;A;G;0.2325579971075058;145
100..300;2;174427852;T;TTCAAATTTATCAG;0.1328669935464859;120
100..300;2;174436269;A;G;0.2045450061559677;210
100..300;2;174445064;C;T;0.1508380025625229;110
100..300;2;176100176;A;G;0.1862239986658096;265
100..300;2;176100358;A;G;0.1504420042037964;240
100..300;2;176242364;C;G;0.3440859913825989;130
100..300;2;177875895;C;A;0.2230769991874694;175
100..300;2;177997733;C;A;0.2038830071687698;220
100..300;2;178461008;T;C;0.1349689960479736;110
100..300;2;178575302;A;G;0.2038830071687698;230
100..300;2;178576659;A;G;0.221573993563652;250
100..300;2;178597767;G;A;0.2543100118637085;170
100..300;2;178632406;T;C;0.1969700008630752;145
100..300;2;178689578;T;C;0.21875;110
100..300;2;178856319;A;G;0.1837839931249618;120
100..300;2;178918743;T;C;0.1678570061922073;185
100..300;2;179121826;C;T;0.1517859995365142;145
100..300;2;179399974;C;T;0.1749999970197677;110
100..300;2;179443301;T;C;0.1926610022783279;225
100..300;2;179945475;T;C;0.2152470052242279;165
100..300;2;182983325;G;A;0.1483519971370697;115
100..300;2;184936832;G;A;0.1639340072870254;130
100..300;2;184936870;G;A;0.1845239996910095;115
100..300;2;185796946;G;A;0.5454549789428711;175
100..300;2;185800236;A;C;0.5543479919433594;120
100..300;2;186505946;C;G;0.1793310046195984;230
100..300;2;187002015;A;G;0.2043479979038238;175
100..300;2;187002613;A;G;0.2030459940433502;150
100..300;2;187826093;A;G;0.1968909949064254;145
100..300;2;188994347;A;T;0.161764994263649;105
100..300;2;188999354;A;G;0.1401520073413849;185
100..300;2;189039477;G;A;0.2188549935817718;200
100..300;2;189039507;G;T;0.2091249972581863;180
100..300;2;189088782;T;C;0.1736840009689331;130
100..300;2;189311508;T;G;0.2028300017118454;145
100..300;2;189311509;A;C;0.1961719989776611;145
100..300;2;189580468;C;G;0.2379309982061386;200
100..300;2;191009941;G;A;0.2127660065889358;125
100..300;2;191836667;G;A;0.1446280032396316;175
100..300;2;193277046;A;G;0.3503940105438232;180
100..300;2;195957280;G;A;0.2413789927959442;120
100..300;2;196027971;C;T;0.2694610059261322;115
100..300;2;200490383;A;G;0.1790120005607605;240
100..300;2;200572325;G;A;0.2333330065011978;120
100..300;2;200858104;A;C;0.1745280027389526;140
100..300;2;200903515;T;C;0.2130430042743683;165
100..300;2;200941282;G;A;0.1676300019025802;110
100..300;2;201138287;C;T;0.2438019961118698;175
100..300;2;201138447;G;A;0.1687240004539489;175
100..300;2;201203710;T;C;0.1590909957885742;145
100..300;2;201340026;G;A;0.2188840061426162;150
100..300;2;201806658;G;C;0.136363998055458;100
100..300;2;202840466;A;G;0.1498129963874817;180
100..300;2;202841488;A;G;0.1715690046548843;150
100..300;2;203867991;G;A;0.1992879956960678;175
100..300;2;203959601;C;A;0.2243900001049041;135
100..300;2;205950105;T;C;0.2107840031385421;155
100..300;2;206420046;G;A;0.161871001124382;200
100..300;2;207681666;C;A;0.3832339942455292;130
100..300;2;209978659;A;G;0.2405059933662414;155
100..300;2;209982201;T;C;0.1407040059566497;130
100..300;2;210477778;A;G;0.2432429939508438;150
100..300;2;213422259;T;C;0.1798940002918243;250
100..300;2;213930019;C;A;0.1666669994592666;190
100..300;2;214730440;A;G;0.1640210002660751;125
100..300;2;214730921;T;C;0.2228569984436035;105
100..300;2;214767531;T;C;0.2071709930896759;160
100..300;2;214769331;T;C;0.2261900007724762;110
100..300;2;214809500;A;G;0.1919499933719635;215
100..300;2;214955289;A;G;0.2653850018978119;165
100..300;2;215434827;A;G;0.183908000588417;110
100..300;2;215434828;A;C;0.183908000588417;110
100..300;2;216043956;T;C;0.215596005320549;140
100..300;2;216610463;A;G;0.1672129929065704;220
100..300;2;216610476;A;G;0.1683499962091446;215
100..300;2;216610710;G;GT;0.1886229962110519;260
100..300;2;217427418;C;T;0.4598540067672729;100
100..300;2;217427435;G;C;0.4652779996395111;105
100..300;2;217808125;A;G;0.1757809966802597;160
100..300;2;217830379;A;G;0.1269840002059936;205
100..300;2;217880962;A;G;0.1699160039424896;240
100..300;2;218275565;C;G;0.0981431975960731;235
100..300;2;218278506;A;G;0.2066420018672943;180
100..300;2;218279366;A;G;0.1695650070905685;150
100..300;2;218282145;C;T;0.17535500228405;140
100..300;2;218282159;C;G;0.1620109975337982;125
100..300;2;218354349;T;C;0.1959799975156784;140
100..300;2;218357123;A;G;0.1171659976243972;255
100..300;2;218384290;T;C;0.1288660019636154;125
100..300;2;218385280;C;G;0.1556600034236908;155
100..300;2;218640742;A;G;0.1576759964227676;155
100..300;2;218688700;G;C;0.1818179935216903;145
100..300;2;218827078;A;G;0.1935479938983917;145
100..300;2;218841704;G;A;0.1770830005407333;255
100..300;2;219027511;A;T;0.3915860056877136;215
100..300;2;219040574;T;C;0.1823360025882721;235
100..300;2;219216753;T;C;0.2212119996547699;215
100..300;2;219243495;G;A;0.1674640029668808;145
100..300;2;219420154;T;C;0.1837349981069564;220
100..300;2;219444963;A;G;0.1671089977025985;260
100..300;2;219557964;T;C;0.2180850058794021;260
100..300;2;219572359;T;C;0.1958039999008178;100
100..300;2;219574956;T;C;0.1607140004634857;235
100..300;2;219608633;A;G;0.1922010034322738;235
100..300;2;221442814;T;G;0.2275449931621551;115
100..300;2;222694370;C;T;0.1907510012388229;125
100..300;2;224379635;A;G;0.2074470072984695;135
100..300;2;224380171;G;A;0.198863998055458;125
100..300;2;224837848;A;G;0.1428570002317428;130
100..300;2;224854976;A;G;0.1842110008001327;110
100..300;2;226795828;T;C;0.1715209931135177;220
100..300;2;226798037;T;C;0.186486005783081;270
100..300;2;227010486;G;A;0.2013889998197555;190
100..300;2;227282377;G;A;0.2060299962759018;140
100..300;2;227587234;C;T;0.2121209949254989;180
100..300;2;227599123;C;T;0.2037470042705536;245
100..300;2;227628495;A;G;0.1646090000867843;155
100..300;2;227728600;A;G;0.1225489974021911;200
100..300;2;227893838;T;A;0.1274899989366531;165
100..300;2;228018313;C;A;0.1914889961481094;205
100..300;2;228019005;C;T;0.1984730064868927;190
100..300;2;230172052;C;T;0.2265190035104751;125
100..300;2;230172144;T;C;0.1931820064783096;165
100..300;2;230172150;A;G;0.1893939971923828;165
100..300;2;230172900;G;A;0.1681820005178451;140
100..300;2;230177560;G;A;0.3556340038776397;190
100..300;2;230212395;T;C;0.2383899986743927;205
100..300;2;230212961;A;G;0.191429004073143;225
100..300;2;230245867;T;C;0.2530860006809234;105
100..300;2;230251075;A;G;0.2748540043830871;115
100..300;2;230292797;G;A;0.2568809986114502;150
100..300;2;230469048;G;A;0.2444439977407455;115
100..300;2;230469789;A;AAAAG;0.2150540053844452;120
100..300;2;230573162;A;G;0.173333004117012;130
100..300;2;230573185;G;T;0.1782950013875961;150
100..300;2;230573382;T;A;0.2634150087833404;155
100..300;2;230573483;T;C;0.2101169973611831;175
100..300;2;230573581;G;A;0.2677820026874542;180
100..300;2;230573632;T;C;0.2310920059680938;160
100..300;2;230573673;A;G;0.2355369925498962;170
100..300;2;230573706;C;T;0.2301259934902191;175
100..300;2;230990360;T;C;0.1962029933929443;110
100..300;2;231000375;C;T;0.1179039999842643;150
100..300;2;232087546;T;C;0.2248519957065582;235
100..300;2;232263269;C;T;0.2261900007724762;170
100..300;2;232606190;T;TC;0.1309520006179809;185
100..300;2;233034416;A;C;0.1684779971837997;265
100..300;2;233184389;A;G;0.2228260040283203;120
100..300;2;233195383;A;G;0.1775700002908706;140
100..300;2;233274722;G;A;0.2139530032873153;145
100..300;2;233327103;C;G;0.2208590060472488;105
100..300;2;233460175;C;T;0.3571430146694183;195
100..300;2;233462705;A;G;0.3423080146312713;170
100..300;2;233485841;A;G;0.3810890018939972;240
100..300;2;233511715;T;C;0.2366860061883926;110
100..300;2;233523335;T;G;0.1944440007209777;240
100..300;2;233585489;T;G;0.1815640032291412;235
100..300;2;233585867;A;C;0.2345129996538162;125
100..300;2;233800222;C;G;0.147826001048088;160
100..300;2;233818764;A;C;0.2355560064315796;145
100..300;2;233823665;A;G;0.1384620070457458;125
100..300;2;233828726;A;C;0.1848179996013641;205
100..300;2;233828734;T;G;0.1890030056238174;195
100..300;2;233939179;C;A;0.1479289978742599;115
100..300;2;233945896;C;G;0.2166669964790344;160
100..300;2;233945908;G;A;0.2119999974966049;165
100..300;2;234058895;A;T;0.1710530072450637;190
100..300;2;236465666;T;C;0.2009799927473068;130
100..300;2;237336138;C;T;0.2248519957065582;120
100..300;2;237336220;T;TGCA;0.2208330035209655;190
100..300;2;237336280;T;C;0.2194239944219589;205
100..300;2;237340465;C;T;0.2386830002069473;165
100..300;2;237341074;A;G;0.1924290060997009;215
100..300;2;237344509;T;C;0.2542369961738586;205
100..300;2;237368930;A;C;0.2000000029802322;265
100..300;2;237369152;G;A;0.1868129968643188;130
100..300;2;237374962;A;G;0.1904760003089904;195
100..300;2;237735264;A;G;0.3784860074520111;170
100..300;2;237760159;G;A;0.3753849864006042;220
100..300;2;237762685;G;A;0.440993994474411;215
100..300;2;237764060;G;C;0.3209550082683563;255
100..300;2;237824373;A;G;0.4770640134811401;145
100..300;2;237994757;A;G;0.2000000029802322;120
100..300;2;238116989;C;T;0.1470589935779571;130
100..300;2;238117004;T;C;0.1407040059566497;120
100..300;2;238125402;C;A;0.2139530032873153;145
100..300;2;238127629;T;C;0.1951220035552978;180
100..300;2;238132265;T;C;0.1449999958276748;265
100..300;2;238173525;GC;G;0.1658540070056915;145
100..300;2;238435771;T;C;0.1620800048112869;225
100..300;2;238436022;A;T;0.189189001917839;110
100..300;2;239139704;T;C;0.2097900062799453;190
100..300;2;240557353;A;C;0.15310999751091;140
100..300;2;240561479;T;C;0.1734690070152282;140
100..300;2;240618980;A;G;0.2483440041542053;205
100..300;2;240630432;T;C;0.1140780001878738;270
100..300;2;240630675;T;C;0.2181300073862075;240
100..300;2;240630710;T;C;0.190201997756958;245
100..300;2;240630832;C;A;0.3215549886226654;190
100..300;2;240741385;A;G;0.1946559995412826;165
100..300;2;240965418;A;G;0.1814160048961639;165
100..300;2;240989811;G;A;0.3707869946956634;120
100..300;2;241048300;A;C;0.1822919994592666;130
100..300;2;241090011;A;G;0.2302410006523132;195
100..300;2;241097382;G;A;0.2895750105381012;185
100..300;2;241107370;C;A;0.1783780008554458;125
100..300;2;241112362;A;G;0.1466169953346252;180
100..300;2;241114988;A;G;0.125;130
100..300;2;241122747;T;C;0.2511009871959686;160
100..300;2;241123935;C;T;0.2440190017223358;160
100..300;2;241217826;A;G;0.150628000497818;145
100..300;2;241233983;A;G;0.2294120043516159;120
100..300;2;241266896;T;C;0.1365640014410019;150
100..300;2;241493289;C;G;0.1608040034770965;145
100..300;2;241671323;C;T;0.1202529966831207;200
100..300;2;241678436;G;A;0.1124999970197677;110
100..300;2;241720139;T;C;0.145455002784729;110
100..300;2;241851121;G;A;0.2154570072889328;290
100..300;2;241871857;A;G;0.1902170032262802;250
100..300;20;96130;T;C;0.167939007282257;175
100..300;20;326089;A;G;0.1267610043287277;175
100..300;20;365220;T;C;0.3979060053825378;125
100..300;20;391328;C;T;0.1919640004634857;160
100..300;20;396582;T;C;0.1661809980869293;245
100..300;20;417634;T;G;0.1693989932537078;125
100..300;20;487542;A;G;0.1834319978952407;195
100..300;20;765454;A;G;0.1730770021677017;255
100..300;20;1127479;T;C;0.1604479998350143;180
100..300;20;1242851;A;G;0.28125;160
100..300;20;1305289;A;G;0.1513649970293045;280
100..300;20;1310505;G;GCAA;0.1559630036354065;160
100..300;20;1312463;A;G;0.2222220003604889;200
100..300;20;1312603;T;C;0.2103450000286102;210
100..300;20;1370065;C;T;0.2243349999189376;165
100..300;20;1477265;A;C;0.1830240041017532;250
100..300;20;1630248;A;G;0.167260006070137;185
100..300;20;1670877;C;T;0.117646999657154;100
100..300;20;1708190;G;A;0.2211540043354034;205
100..300;20;1915405;C;CCGA;0.2362640053033828;240
100..300;20;1915413;A;G;0.3032580018043518;225
100..300;20;1915414;C;T;0.311053991317749;225
100..300;20;1915454;T;C;0.3615640103816986;195
100..300;20;2075712;A;T;0.2371129989624023;120
100..300;20;2155259;G;A;0.2142859995365142;140
100..300;20;2340459;C;G;0.3458330035209656;160
100..300;20;2432479;T;C;0.1729730069637298;125
100..300;20;2484338;C;T;0.1904760003089904;235
100..300;20;2484658;A;T;0.1968909949064254;125
100..300;20;2562023;T;C;0.2235289961099624;120
100..300;20;2612360;G;A;0.2105260044336319;130
100..300;20;2641352;C;T;0.1741569936275482;125
100..300;20;2758937;C;T;0.1730770021677017;205
100..300;20;2836175;T;C;0.1646189987659454;275
100..300;20;2860127;T;C;0.1884060055017471;135
100..300;20;3044461;T;C;0.1370719969272613;210
100..300;20;3190691;T;C;0.1340209990739822;205
100..300;20;3204528;T;A;0.1682240068912506;145
100..300;20;3228437;A;G;0.1962960064411163;195
100..300;20;3228725;A;G;0.1966529935598373;175
100..300;20;3229655;A;G;0.1651159971952438;295
100..300;20;3230589;T;C;0.1424659937620163;240
100..300;20;3230658;A;G;0.1647939980030059;185
100..300;20;3361996;C;T;0.4553569853305816;160
100..300;20;3644183;A;G;0.1690820008516311;135
100..300;20;3746040;A;G;0.1629209965467453;115
100..300;20;4060116;C;T;0.305418998003006;145
100..300;20;4177517;A;C;0.1519999951124191;170
100..300;20;5106293;T;A;0.3743590116500854;125
100..300;20;5118870;A;G;0.396135002374649;140
100..300;20;5119563;C;G;0.3533830046653747;100
100..300;20;5302670;C;G;0.1868849992752075;210
100..300;20;5942557;C;T;0.1766670048236847;215
100..300;20;5942558;C;T;0.1711409986019134;215
100..300;20;5952462;A;C;0.1565220057964325;155
100..300;20;6770387;G;A;0.2222220003604889;205
100..300;20;6778468;T;A;0.1893689930438995;215
100..300;20;9387455;G;A;0.1271679997444152;120
100..300;20;9515638;TC;T;0.1965810060501098;105
100..300;20;9516069;G;C;0.1326159983873367;195
100..300;20;10049540;A;T;0.2057760059833526;205
100..300;20;10051765;G;T;0.1703300029039383;130
100..300;20;10349488;A;G;0.1808509975671768;140
100..300;20;10349510;ATG;A;0.211678996682167;120
100..300;20;10622678;G;A;0.2425529956817627;175
100..300;20;10623102;A;G;0.2022469937801361;200
100..300;20;13288601;T;C;0.1571429967880249;190
100..300;20;13625256;T;A;0.2777779996395111;110
100..300;20;13714960;G;T;0.1984730064868927;175
100..300;20;13785296;C;CCCGCGGGG;0.1299439966678619;130
100..300;20;13849491;C;A;0.1977400034666061;125
100..300;20;15619559;T;C;0.2077919989824295;155
100..300;20;16367284;A;C;0.1871509999036789;245
100..300;20;16367646;G;T;0.1245419979095459;200
100..300;20;17725019;A;G;0.1506019979715347;115
100..300;20;17735771;G;C;0.2111549973487854;170
100..300;20;17969902;T;A;0.1967869997024536;175
100..300;20;18041718;T;G;0.1394229978322982;135
100..300;20;18187333;T;C;0.1706349998712539;175
100..300;20;18315217;A;G;0.1736530065536499;230
100..300;20;18315829;T;C;0.2152969986200332;250
100..300;20;18316549;C;T;0.1721850037574768;205
100..300;20;18465378;A;C;0.1650940030813217;145
100..300;20;18504799;A;G;0.1475410014390945;215
100..300;20;18814070;T;C;0.1563419997692108;240
100..300;20;18814110;T;C;0.1689189970493316;230
100..300;20;18830061;T;C;0.2248799949884414;135
100..300;20;19280979;A;G;0.2022060006856918;180
100..300;20;19585027;A;G;0.1870750039815902;195
100..300;20;19974829;T;C;0.1297300010919571;260
100..300;20;20164128;A;G;0.1630430072546005;180
100..300;20;20277314;T;C;0.1916929930448532;205
100..300;20;21197259;A;G;0.2362640053033828;125
100..300;20;22733729;T;G;0.2138359993696212;110
100..300;20;24983922;C;T;0.163792997598648;150
100..300;20;25057848;T;G;0.1560979932546615;125
100..300;20;25078806;T;C;0.2182410061359405;215
100..300;20;25206577;A;G;0.3350790143013;125
100..300;20;25213313;A;G;0.2852349877357483;190
100..300;20;25280295;G;A;0.4427239894866943;205
100..300;20;25282153;C;T;0.2673799991607666;125
100..300;20;25284178;C;T;0.25;165
100..300;20;25295661;A;G;0.3483150005340576;170
100..300;20;25302308;G;A;0.4279839992523193;160
100..300;20;25453503;T;C;0.1223779991269111;200
100..300;20;25458400;A;G;0.1684210002422332;125
100..300;20;25476252;G;A;0.2872340083122253;195
100..300;20;25476386;C;T;0.1681160032749176;235
100..300;20;25476413;G;GCTCCCA;0.3352110087871551;245
100..300;20;25479128;G;T;0.189189001917839;200
100..300;20;25686006;T;C;0.1705430001020431;175
100..300;20;31826818;T;C;0.184906005859375;180
100..300;20;32690657;G;A;0.1232490018010139;255
100..300;20;32780142;T;C;0.1533740013837814;230
100..300;20;32798541;C;T;0.1739130020141601;170
100..300;20;32798643;C;T;0.2073169946670532;100
100..300;20;32800148;G;C;0.1734099984169006;115
100..300;20;32800830;C;T;0.1572050005197525;155
100..300;20;32833703;T;C;0.1235290020704269;115
100..300;20;32908386;G;A;0.1884060055017471;140
100..300;20;32961317;T;C;0.187279000878334;210
100..300;20;32996372;A;G;0.0943396016955375;135
100..300;20;33002880;A;C;0.4036360085010528;190
100..300;20;33020324;T;C;0.174467995762825;150
100..300;20;33034277;A;G;0.3697749972343445;210
100..300;20;33039485;G;A;0.3819099962711334;135
100..300;20;33047578;A;G;0.1840800046920776;130
100..300;20;33056714;C;T;0.3653849959373474;145
100..300;20;33064486;A;G;0.3818770051002502;205
100..300;20;33066893;G;A;0.1846690028905868;195
100..300;20;33068826;G;C;0.3623690009117126;185
100..300;20;33086040;G;A;0.3411209881305694;140
100..300;20;33088998;C;A;0.3885709941387176;115
100..300;20;33676869;T;C;0.1798110008239746;215
100..300;20;33965241;G;T;0.3597559928894043;105
100..300;20;34123168;A;G;0.351063996553421;130
100..300;20;34476025;C;A;0.2852109968662262;165
100..300;20;34516787;C;G;0.2870970070362091;205
100..300;20;34986962;C;T;0.3991940021514892;160
100..300;20;34998390;T;C;0.3513509929180145;125
100..300;20;34999395;C;G;0.4051089882850647;195
100..300;20;35001304;A;G;0.3680979907512665;120
100..300;20;35004445;T;C;0.4372290074825287;170
100..300;20;35115804;T;C;0.4325839877128601;250
100..300;20;35269741;T;C;0.1925130039453506;130
100..300;20;35269908;C;A;0.280701994895935;150
100..300;20;35276681;G;A;0.1545449942350387;160
100..300;20;35278049;A;G;0.1527090072631836;125
100..300;20;35278092;A;G;0.1396400034427642;130
100..300;20;35280121;A;G;0.1742739975452423;165
100..300;20;35286917;T;C;0.1540469974279403;275
100..300;20;35306660;G;A;0.181318998336792;120
100..300;20;35626801;C;T;0.1623380035161972;105
100..300;20;36849739;A;C;0.1773580014705658;160
100..300;20;36879139;A;G;0.1782180070877075;190
100..300;20;37137934;G;A;0.1954549998044967;145
100..300;20;38310476;C;T;0.2280700057744979;115
100..300;20;38342716;T;A;0.1702899932861328;185
100..300;20;38360727;G;A;0.174358993768692;135
100..300;20;38368988;T;C;0.2180850058794021;125
100..300;20;38369011;T;C;0.16143499314785;145
100..300;20;38628947;G;C;0.1800770014524459;170
100..300;20;42085839;A;G;0.2033900022506714;150
100..300;20;43536082;C;T;0.2250919938087463;185
100..300;20;43566349;A;T;0.1762589961290359;195
100..300;20;43702906;T;G;0.2169809937477111;150
100..300;20;44114814;G;A;0.1544719934463501;160
100..300;20;44337223;T;C;0.1909720003604889;185
100..300;20;44337385;C;T;0.2418030053377151;170
100..300;20;44428408;T;C;0.1832060068845749;175
100..300;20;44489376;A;G;0.1666669994592666;245
100..300;20;45304523;C;T;0.223140001296997;155
100..300;20;45610102;G;T;0.1464439928531646;155
100..300;20;45640577;G;A;0.2322269976139068;125
100..300;20;45640806;C;T;0.1746030002832412;125
100..300;20;45641017;A;G;0.1975309997797012;205
100..300;20;45641343;C;T;0.1741569936275482;115
100..300;20;45946019;T;C;0.2314810007810592;150
100..300;20;45953796;T;G;0.1892659962177276;230
100..300;20;46051773;T;C;0.1806019991636276;195
100..300;20;46566265;G;C;0.34375;195
100..300;20;47639749;G;A;0.1899639964103698;195
100..300;20;48627912;A;G;0.1851850003004074;205
100..300;20;48629539;G;C;0.2075469940900802;250
100..300;20;48629589;A;G;0.2266670018434524;200
100..300;20;48632270;T;C;0.2650600075721741;115
100..300;20;48632578;A;G;0.1377950012683868;180
100..300;20;48632632;A;G;0.1401270031929016;120
100..300;20;48639762;T;C;0.1958329975605011;155
100..300;20;48642225;T;C;0.1440680027008056;160
100..300;20;48644398;G;A;0.4260349869728088;105
100..300;20;48644479;C;T;0.3820219933986664;120
100..300;20;48650942;G;A;0.1433569937944412;190
100..300;20;48651402;A;G;0.2060090005397796;160
100..300;20;48652695;G;C;0.1881719976663589;125
100..300;20;48657188;T;C;0.1751150041818618;140
100..300;20;48676285;G;C;0.1235959976911544;120
100..300;20;48726277;A;G;0.1920900046825409;120
100..300;20;48734558;A;G;0.1542550027370453;125
100..300;20;48941880;T;C;0.1900449991226196;150
100..300;20;49072420;G;A;0.1944440007209777;145
100..300;20;49906048;A;G;0.1609759926795959;285
100..300;20;49908290;G;A;0.1155230030417442;190
100..300;20;49957443;C;CTG;0.1255809962749481;165
100..300;20;49957917;A;G;0.1292520016431808;195
100..300;20;49984020;C;T;0.1906159967184066;245
100..300;20;49984094;C;T;0.1903409957885742;245
100..300;20;49984272;A;G;0.1646340042352676;230
100..300;20;50579747;T;C;0.1949860006570816;245
100..300;20;50619977;T;C;0.2234639972448349;120
100..300;20;50960127;G;T;0.2198580056428909;195
100..300;20;51131405;T;A;0.2249999940395355;115
100..300;20;51790446;A;G;0.14826500415802;220
100..300;20;51790623;C;T;0.1622419953346252;250
100..300;20;51790963;C;A;0.1449279934167862;200
100..300;20;51791427;T;C;0.1901839971542358;235
100..300;20;54157275;A;G;0.1901140064001083;185
100..300;20;56451939;A;G;0.1448860019445419;240
100..300;20;57173150;A;G;0.186390995979309;225
100..300;20;57496360;A;C;0.1677419990301132;100
100..300;20;57562128;T;C;0.1395349949598312;220
100..300;20;57563592;A;G;0.1831499934196472;175
100..300;20;57610247;A;G;0.1689369976520538;260
100..300;20;57652458;C;T;0.1506849974393844;290
100..300;20;58153576;A;G;0.1565659940242767;140
100..300;20;58218668;A;G;0.246410995721817;275
100..300;20;58693811;A;C;0.1540880054235458;200
100..300;20;58693938;C;G;0.1324499994516372;110
100..300;20;58715291;G;C;0.3665840029716491;265
100..300;20;58989640;T;C;0.1565220057964325;155
100..300;20;59035004;A;C;0.2514970004558563;120
100..300;20;59479393;A;G;0.2315270006656646;125
100..300;20;59996070;T;G;0.1851850003004074;145
100..300;20;61352949;G;A;0.3686439990997314;150
100..300;20;61352974;A;G;0.3906979858875274;140
100..300;20;62193517;T;C;0.1731339991092682;225
100..300;20;62193559;A;G;0.1945389956235885;205
100..300;20;62197985;C;G;0.1849710047245025;115
100..300;20;62216366;T;C;0.1677850037813186;205
100..300;20;62273292;T;C;0.4166670143604278;120
100..300;20;62289334;T;C;0.2990649938583374;140
100..300;20;62310086;A;C;0.1916670054197311;255
100..300;20;62311097;A;G;0.1000000014901161;180
100..300;20;62324150;T;C;0.3539330065250397;235
100..300;20;62345568;G;A;0.3515979945659637;145
100..300;20;62345831;A;G;0.3514490127563476;185
100..300;20;62352356;A;G;0.327921986579895;200
100..300;20;62388438;T;C;0.1394799947738647;280
100..300;20;62661184;T;C;0.1316870003938675;155
100..300;20;62896954;G;A;0.104762002825737;145
100..300;20;62905586;A;G;0.1805049926042556;190
100..300;20;62964284;T;C;0.1227440014481544;190
100..300;20;63203343;A;G;0.148717999458313;275
100..300;20;63239375;C;G;0.1851850003004074;230
100..300;20;63247657;T;G;0.2177779972553253;155
100..300;20;63349639;C;T;0.1773049980401992;200
100..300;20;63560205;A;G;0.3857569992542267;255
100..300;20;63561666;T;C;0.3094460070133209;205
100..300;20;63562092;A;G;0.319018006324768;125
100..300;20;63563360;C;A;0.2849160134792328;120
100..300;20;63564319;T;C;0.3135139942169189;130
100..300;20;63564680;T;C;0.3003529906272888;200
100..300;20;63564829;C;G;0.3952699899673462;205
100..300;20;63569223;A;G;0.3745700120925903;205
100..300;20;63590413;T;C;0.3102410137653351;230
100..300;20;63700637;G;T;0.2000000029802322;145
100..300;20;63742630;A;G;0.1548669934272766;150
100..300;20;63790269;G;A;0.1494569927453994;260
100..300;20;63790727;C;T;0.1624370068311691;135
100..300;20;63861569;A;T;0.1666669994592666;180
100..300;20;63945638;A;G;0.3446809947490692;160
100..300;20;63963816;G;A;0.1620800048112869;230
100..300;20;63964194;T;C;0.1994049996137619;225
100..300;20;63967462;T;C;0.1433019936084747;220
100..300;21;13527267;T;C;0.1884060055017471;145
100..300;21;13827294;T;C;0.126811996102333;185
100..300;21;13940923;G;A;0.2147240042686462;100
100..300;21;14546256;C;G;0.1951220035552978;105
100..300;21;14967968;T;C;0.4463669955730438;205
100..300;21;17518892;G;A;0.3401640057563782;165
100..300;21;17565440;G;A;0.1631579995155334;135
100..300;21;17796901;C;G;0.4468089938163757;170
100..300;21;18294584;A;T;0.2129029929637909;110
100..300;21;18341504;T;C;0.1784390062093734;175
100..300;21;19244974;T;G;0.3474180102348327;160
100..300;21;19245707;C;T;0.4355829954147339;115
100..300;21;20828226;CA;C;0.2261900007724762;250
100..300;21;26651051;C;T;0.2882350087165832;115
100..300;21;26966104;G;C;0.323419988155365;175
100..300;21;28878322;A;G;0.1961719989776611;135
100..300;21;28960589;T;C;0.164000004529953;165
100..300;21;28969569;G;A;0.3870970010757446;150
100..300;21;28984842;T;G;0.1729959994554519;150
100..300;21;29036349;T;A;0.1919189989566803;125
100..300;21;29092595;T;C;0.1850000023841858;140
100..300;21;29591128;G;A;0.1709399968385696;155
100..300;21;30215475;G;A;0.1612900048494339;195
100..300;21;30440510;T;C;0.1777109950780868;230
100..300;21;31061981;C;T;0.3802820146083832;140
100..300;21;31672065;A;G;0.2261900007724762;250
100..300;21;31696649;C;T;0.1741939932107925;200
100..300;21;31702320;G;A;0.2752290070056915;150
100..300;21;32383454;A;G;0.1517859995365142;140
100..300;21;32497183;G;A;0.2071429938077926;100
100..300;21;32726890;T;C;0.183007001876831;195
100..300;21;33027093;G;A;0.1894409954547882;225
100..300;21;33241945;C;T;0.1940300017595291;180
100..300;21;33241950;G;T;0.1851850003004074;185
100..300;21;33262573;A;G;0.1421570032835006;135
100..300;21;33603544;C;T;0.1497579962015152;135
100..300;21;34707992;T;C;0.2330829948186874;180
100..300;21;36369631;C;T;0.1788620054721832;180
100..300;21;36461009;T;C;0.2292490005493164;160
100..300;21;36461453;A;G;0.195945993065834;215
100..300;21;36486624;G;A;0.184685006737709;155
100..300;21;36486653;G;C;0.1767960041761398;125
100..300;21;36486659;C;A;0.1797749996185302;125
100..300;21;36741697;A;C;0.1933960020542144;140
100..300;21;36936611;A;G;0.2000000029802322;225
100..300;21;37067386;G;A;0.2199999988079071;135
100..300;21;37072590;G;A;0.1336899995803833;130
100..300;21;37087293;A;G;0.1801799982786178;220
100..300;21;38253857;A;C;0.1785710006952285;130
100..300;21;38299554;A;G;0.3633800148963928;250
100..300;21;39127630;C;G;0.2214290052652359;185
100..300;21;39127709;A;G;0.2265619933605194;265
100..300;21;39180381;G;A;0.1503500044345855;190
100..300;21;39202379;G;A;0.2161020040512085;160
100..300;21;39277242;A;G;0.176828995347023;105
100..300;21;39298534;C;G;0.1797749996185302;170
100..300;21;39765576;A;G;0.1585759967565536;210
100..300;21;39771013;A;G;0.1411760002374649;125
100..300;21;40055840;G;A;0.1907510012388229;120
100..300;21;41449186;C;T;0.1896550059318542;155
100..300;21;41499346;C;T;0.2090909928083419;155
100..300;21;41499618;AT;A;0.1717559993267059;190
100..300;21;41506199;C;A;0.1758240014314651;135
100..300;21;41507677;A;C;0.1428570002317428;150
100..300;21;41749197;G;C;0.1712960004806518;145
100..300;21;41756639;G;T;0.203343003988266;245
100..300;21;41756672;G;A;0.1810580044984817;240
100..300;21;41801395;A;G;0.1823060065507888;265
100..300;21;41861559;A;G;0.1360950022935867;125
100..300;21;41918839;C;A;0.3492819964885711;140
100..300;21;41942186;T;C;0.21875;255
100..300;21;42103862;C;G;0.1390369981527328;135
100..300;21;42109542;AC;A;0.1866669952869415;205
100..300;21;42111698;C;A;0.1991699934005737;165
100..300;21;42119183;A;G;0.1774190068244934;205
100..300;21;42259328;C;T;0.121018998324871;110
100..300;21;42259403;T;C;0.1492539942264557;140
100..300;21;42259444;T;C;0.1729730069637298;125
100..300;21;42366403;T;C;0.2922079861164093;100
100..300;21;42383058;C;T;0.1851850003004074;175
100..300;21;42385528;T;C;0.1442790031433105;125
100..300;21;42385547;C;T;0.1520469933748245;110
100..300;21;42389975;T;C;0.1857919991016388;125
100..300;21;42418534;A;G;0.1815380007028579;220
100..300;21;42575813;A;G;0.1441439986228943;145
100..300;21;44288394;T;C;0.236162006855011;175
100..300;21;44305832;G;A;0.4693880081176758;150
100..300;21;44391460;G;T;0.1749269962310791;225
100..300;21;44600627;C;T;0.1684489995241165;265
100..300;21;44678079;T;C;0.1792449951171875;155
100..300;21;44702809;A;G;0.2112679928541183;200
100..300;21;44813921;A;C;0.184466004371643;280
100..300;21;44851537;T;C;0.1951220035552978;255
100..300;21;44851545;C;T;0.1971829980611801;245
100..300;21;44910759;A;C;0.1934159994125366;160
100..300;21;45285706;A;G;0.1780100017786026;135
100..300;21;45478329;G;C;0.141753003001213;250
100..300;21;45512414;A;G;0.2181819975376129;120
100..300;21;45986507;A;G;0.2142859995365142;100
100..300;21;46003475;A;G;0.3493449985980987;160
100..300;21;46003593;A;G;0.3824560046195984;195
100..300;21;46003722;T;C;0.3226949870586395;205
100..300;21;46132189;T;G;0.1452150046825409;210
100..300;21;46182805;A;G;0.1762710064649582;195
100..300;21;46215262;C;T;0.1906349956989288;190
100..300;21;46215713;G;C;0.3422980010509491;275
100..300;21;46215799;A;G;0.3017539978027344;190
100..300;21;46221880;T;C;0.1776999980211258;185
100..300;21;46222695;A;G;0.1796610057353973;190
100..300;21;46277736;G;A;0.4473679959774017;110
100..300;21;46280584;T;C;0.1551720052957534;160
100..300;21;46283735;A;G;0.2664470076560974;195
100..300;21;46284982;A;G;0.3603129982948303;290
100..300;21;46314930;A;G;0.1882639974355697;295
100..300;21;46346225;C;T;0.3298430144786834;125
100..300;21;46346736;A;G;0.3841060101985931;110
100..300;21;46353189;A;C;0.3122810125350952;190
100..300;21;46391357;T;C;0.3443979918956756;160
100..300;21;46416739;T;C;0.3421750068664551;255
100..300;21;46430491;T;C;0.4205609858036041;150
100..300;21;46430570;C;G;0.3633629977703094;220
100..300;21;46431839;G;A;0.3643620014190674;250
100..300;21;46440851;C;T;0.1549299955368042;105
100..300;21;46443844;C;A;0.1954669952392578;235
100..300;21;46490610;G;A;0.1714289933443069;140
100..300;21;46498749;G;C;0.1820899993181228;225
100..300;21;46541798;A;G;0.3161509931087494;190
100..300;21;46546897;C;G;0.1405410021543502;125
100..300;21;46550668;A;G;0.2051279991865158;235
100..300;22;16697711;A;G;0.179640993475914;240
100..300;22;16784014;G;A;0.2615379989147186;195
100..300;22;16784304;A;G;0.2026139944791793;215
100..300;22;16857817;T;G;0.3940680027008056;160
100..300;22;16858151;A;G;0.4093019962310791;155
100..300;22;16858352;A;G;0.369962990283966;195
100..300;22;16858862;A;G;0.4230769872665405;175
100..300;22;16859187;G;A;0.3854959905147552;175
100..300;22;16859529;C;T;0.401197999715805;115
100..300;22;16859749;T;C;0.413655012845993;170
100..300;22;16859779;T;C;0.4166670143604278;180
100..300;22;16904256;C;T;0.2488889992237091;150
100..300;22;17209519;A;G;0.3255810141563415;295
100..300;22;17541915;T;C;0.1622810065746307;155
100..300;22;17740102;G;GGCCACGCTCAACT;0.1637630015611648;195
100..300;22;17817828;A;G;0.1317369937896728;230
100..300;22;17818113;A;G;0.159743994474411;195
100..300;22;17841798;T;C;0.1629630029201507;180
100..300;22;17887150;G;A;0.2677600085735321;125
100..300;22;17906782;C;G;0.2122299969196319;195
100..300;22;18083522;G;C;0.1680330038070678;175
100..300;22;18990791;A;G;0.1626020073890686;160
100..300;22;19014496;T;G;0.1977400034666061;115
100..300;22;19039100;G;A;0.3872340023517608;165
100..300;22;19041269;T;C;0.1921570003032684;170
100..300;22;19060874;T;C;0.1684779971837997;115
100..300;22;19060900;G;A;0.3489579856395721;120
100..300;22;19060923;A;G;0.1609199941158294;110
100..300;22;19060936;A;G;0.1949689984321594;105
100..300;22;19065893;T;G;0.3347640037536621;155
100..300;22;19125502;T;C;0.2090909928083419;160
100..300;22;19125515;A;G;0.1711709946393966;160
100..300;22;19132032;T;C;0.2094590067863464;295
100..300;22;19132173;T;C;0.2078309953212738;230
100..300;22;19132238;T;C;0.1926349997520446;245
100..300;22;19132425;A;G;0.1494659930467605;185
100..300;22;19135152;T;C;0.217617005109787;125
100..300;22;19144548;T;C;0.1472389996051788;220
100..300;22;19196584;C;T;0.1571429967880249;185
100..300;22;19788842;A;G;0.1483249962329864;275
100..300;22;20115740;T;G;0.2194090038537979;150
100..300;22;20115741;T;C;0.2203390002250671;150
100..300;22;20319733;A;G;0.1400559991598129;230
100..300;22;20369542;C;T;0.1789470016956329;235
100..300;22;20583314;T;C;0.1698109954595565;120
100..300;22;20584836;A;G;0.1538459956645965;125
100..300;22;20589868;G;A;0.2433860003948211;135
100..300;22;20626150;G;A;0.194594994187355;125
100..300;22;21029140;T;A;0.1958460062742233;230
100..300;22;21044989;C;T;0.1737090051174163;140
100..300;22;21045993;C;G;0.1833329945802688;150
100..300;22;21048937;C;G;0.2000000029802322;125
100..300;22;21963982;C;T;0.1589400023221969;200
100..300;22;21965385;A;AG;0.1525419950485229;130
100..300;22;21971954;G;GC;0.2263160049915313;125
100..300;22;23096004;T;C;0.2017800062894821;225
100..300;22;23140296;A;G;0.1695500016212463;185
100..300;22;23145346;T;C;0.1835750043392181;145
100..300;22;23160934;A;G;0.140077993273735;170
100..300;22;23181443;A;C;0.1052630022168159;120
100..300;22;23182895;C;T;0.1304350048303604;155
100..300;22;23186584;G;C;0.1437910050153732;115
100..300;22;23187981;G;T;0.1322309970855713;180
100..300;22;23188247;C;T;0.217617005109787;145
100..300;22;23191451;AAACAAC;A;0.2011490017175674;150
100..300;22;23192948;G;A;0.1836729943752288;180
100..300;22;23193312;C;T;0.1164020001888275;130
100..300;22;23196170;C;T;0.1731840074062347;125
100..300;22;23196400;A;G;0.1483249962329864;150
100..300;22;23196550;C;T;0.2369939982891082;125
100..300;22;23196782;A;C;0.1834319978952407;125
100..300;22;23196783;G;A;0.1882349997758865;125
100..300;22;23197124;G;A;0.2156859934329986;115
100..300;22;23197209;A;G;0.1494249999523162;125
100..300;22;23197253;A;G;0.1657750010490417;130
100..300;22;23198227;G;T;0.1831679940223693;150
100..300;22;23198612;G;A;0.2022899985313415;185
100..300;22;23198726;T;C;0.2419349998235702;175
100..300;22;23199301;T;C;0.174467995762825;180
100..300;22;23216567;C;G;0.1388889998197555;165
100..300;22;23236847;A;AAGCGTGAACAAATTCTGTGTCTTG;0.1868689954280853;135
100..300;22;23237875;GA;G;0.2272730022668838;185
100..300;22;23312806;G;A;0.1695650070905685;165
100..300;22;23312897;T;C;0.1517509967088699;135
100..300;22;23313961;G;T;0.1822919994592666;125
100..300;22;23315477;T;C;0.155689001083374;105
100..300;22;23895034;G;C;0.1415529996156692;150
100..300;22;24072436;A;G;0.1652889996767044;155
100..300;22;24495387;T;A;0.2027029991149902;140
100..300;22;24585970;T;C;0.160534992814064;205
100..300;22;24621069;T;C;0.1759659945964813;155
100..300;22;24728176;T;C;0.2199169993400573;175
100..300;22;24748945;T;C;0.2122640013694763;145
100..300;22;24874488;C;G;0.1523550003767013;265
100..300;22;25319956;A;G;0.2820509970188141;230
100..300;22;25319964;G;A;0.2806119918823242;230
100..300;22;25357354;A;G;0.3558439910411834;250
100..300;22;25437629;T;C;0.3499999940395355;100
100..300;22;25826487;T;C;0.184466004371643;135
100..300;22;26292865;T;G;0.2331289947032928;230
100..300;22;26466075;A;G;0.2216220051050186;140
100..300;22;26669405;T;C;0.1375660002231598;140
100..300;22;26670771;C;T;0.139174997806549;135
100..300;22;26672739;A;C;0.1274130046367645;180
100..300;22;26673035;T;C;0.1657750010490417;135
100..300;22;26673594;T;C;0.1604939997196197;175
100..300;22;26674341;T;C;0.1800000071525573;140
100..300;22;29260400;T;G;0.359154999256134;290
100..300;22;29356632;A;G;0.1585370004177093;115
100..300;22;29359899;C;T;0.2269230037927627;180
100..300;22;30294009;A;G;0.1666669994592666;245
100..300;22;30386742;A;G;0.1832669973373413;165
100..300;22;30427126;G;T;0.140625;165
100..300;22;30468623;G;A;0.2238370031118393;220
100..300;22;30468805;T;C;0.220779001712799;105
100..300;22;30581366;A;T;0.2434460073709488;180
100..300;22;30617432;T;C;0.1826090067625045;230
100..300;22;30622988;C;T;0.1938779950141906;195
100..300;22;30636894;A;G;0.1183430030941963;230
100..300;22;30967827;C;T;0.1644739955663681;100
100..300;22;31140009;G;C;0.1391299962997436;245
100..300;22;31341450;A;G;0.1311479955911636;125
100..300;22;31442099;A;G;0.2047619968652725;150
100..300;22;31550296;C;T;0.1937980055809021;165
100..300;22;31580313;C;T;0.1390130072832107;150
100..300;22;31602626;A;G;0.1705069988965988;150
100..300;22;31611167;A;G;0.1990049928426742;275
100..300;22;31685695;T;C;0.1235629990696907;240
100..300;22;31712489;T;C;0.2466959953308105;170
100..300;22;31712838;A;T;0.1637009978294372;200
100..300;22;31714957;A;G;0.1826920062303543;145
100..300;22;31809646;C;A;0.1479589939117431;125
100..300;22;31833991;A;G;0.1635220050811767;220
100..300;22;32043287;T;C;0.1452510058879852;120
100..300;22;32229223;T;C;0.2477059960365295;150
100..300;22;32269802;T;C;0.2434460073709488;190
100..300;22;32270020;T;C;0.1727270036935806;165
100..300;22;32271520;A;G;0.3976829946041107;180
100..300;22;32272384;A;G;0.3333329856395721;195
100..300;22;32360473;C;G;0.1763280034065246;270
100..300;22;32360757;G;A;0.3028570115566253;210
100..300;22;32395016;C;A;0.4528299868106842;135
100..300;22;32399654;T;C;0.1162789985537529;165
100..300;22;32408189;T;G;0.1930499970912933;165
100..300;22;32412091;A;G;0.1535709947347641;180
100..300;22;32414391;G;T;0.1888410001993179;145
100..300;22;32415965;G;A;0.354544997215271;145
100..300;22;32419411;A;G;0.2281550019979477;135
100..300;22;33277139;T;C;0.1727019995450973;235
100..300;22;35067169;G;A;0.1959179937839508;170
100..300;22;35067186;C;T;0.1863120049238205;180
100..300;22;35551538;A;C;0.3529410064220428;130
100..300;22;35610998;A;G;0.1466169953346252;175
100..300;22;35611028;T;C;0.1390130072832107;145
100..300;22;36160650;T;C;0.2835820019245147;145
100..300;22;36292132;A;G;0.1642860025167465;180
100..300;22;36304129;G;A;0.174358993768692;130
100..300;22;36991464;A;C;0.2227270007133484;150
100..300;22;37002154;T;C;0.1740739941596985;185
100..300;22;37002160;A;C;0.1564889997243881;185
100..300;22;37073551;A;G;0.171205997467041;160
100..300;22;37089684;C;T;0.1881439983844757;250
100..300;22;37182174;C;T;0.1355929970741272;120
100..300;22;37182767;A;G;0.1424870043992996;255
100..300;22;37185382;C;G;0.1979169994592666;190
100..300;22;37185445;A;C;0.4142859876155853;150
100..300;22;37206982;A;G;0.1568630039691925;275
100..300;22;37207012;T;C;0.1550389975309372;260
100..300;22;37207351;T;C;0.1629389971494674;205
100..300;22;37207705;T;C;0.1848179996013641;210
100..300;22;37241613;C;G;0.1787880063056945;210
100..300;22;37299215;C;T;0.1686049997806549;115
100..300;22;37374026;T;G;0.4000000059604645;225
100..300;22;37374317;G;A;0.3949039876461029;225
100..300;22;37375118;A;G;0.3005180060863495;280
100..300;22;37701352;G;C;0.2392639964818954;105
100..300;22;37734452;T;G;0.1749050021171569;185
100..300;22;37765831;GT;G;0.1726190000772476;120
100..300;22;37768099;T;C;0.1631940007209777;185
100..300;22;37809982;C;T;0.1511629968881607;175
100..300;22;37877742;C;T;0.1646710038185119;225
100..300;22;37971233;A;G;0.1578949987888336;160
100..300;22;39155793;C;T;0.1858109980821609;205
100..300;22;39313743;G;A;0.1878450065851211;120
100..300;22;39512414;T;C;0.1652889996767044;245
100..300;22;39670112;T;C;0.1895260065793991;260
100..300;22;39887423;G;A;0.1731840074062347;130
100..300;22;40418632;T;C;0.1612900048494339;195
100..300;22;41176537;T;C;0.1526319980621338;135
100..300;22;41224821;T;C;0.225941002368927;175
100..300;22;41880738;C;G;0.1437129974365234;125
100..300;22;41972853;A;G;0.1385039985179901;255
100..300;22;42020052;G;A;0.1611109972000122;115
100..300;22;42077599;T;C;0.1514360010623932;280
100..300;22;42150313;A;G;0.203911006450653;240
100..300;22;42387064;A;G;0.1827960014343261;125
100..300;22;42397839;T;C;0.1767240017652511;145
100..300;22;42397867;G;A;0.1859650015830993;175
100..300;22;42871399;C;T;0.1376149952411651;215
100..300;22;43051885;T;C;0.1388889998197555;190
100..300;22;43129316;C;G;0.1456950008869171;100
100..300;22;43143114;C;G;0.1126129999756813;140
100..300;22;43176348;T;C;0.1882719993591308;215
100..300;22;43180874;A;C;0.1746030002832412;130
100..300;22;43183043;C;T;0.1491709947586059;235
100..300;22;43203985;T;C;0.1457290053367614;140
100..300;22;43672313;A;G;0.2049690037965774;105
100..300;22;43886396;G;A;0.1742420047521591;265
100..300;22;43886427;A;G;0.1735540032386779;235
100..300;22;43889548;A;G;0.1603379994630813;165
100..300;22;43889787;A;G;0.3791469931602478;145
100..300;22;43891182;G;A;0.3628320097923279;225
100..300;22;43927042;G;T;0.2059929966926574;170
100..300;22;43927090;T;G;0.1948529928922653;180
100..300;22;44732352;C;T;0.1560509949922561;205
100..300;22;44859750;C;T;0.2231760025024414;150
100..300;22;44862453;G;C;0.1800639927387237;210
100..300;22;44883123;A;G;0.1428570002317428;210
100..300;22;45332715;A;G;0.183007001876831;110
100..300;22;46247126;C;A;0.2269939929246902;215
100..300;22;46248280;A;G;0.1598169952630996;145
100..300;22;46256840;A;G;0.1773580014705658;190
100..300;22;46257032;A;G;0.2055560052394867;130
100..300;22;46258426;A;G;0.2232560068368911;150
100..300;22;46260028;C;T;0.2020550072193145;220
100..300;22;46260051;C;T;0.2062940001487732;215
100..300;22;46260349;G;T;0.1475410014390945;250
100..300;22;46260582;G;A;0.2172410041093826;205
100..300;22;46260614;G;A;0.2039469927549362;225
100..300;22;46260710;A;G;0.1742859929800033;245
100..300;22;46260908;A;G;0.2044609934091568;190
100..300;22;46261364;G;A;0.2020200043916702;215
100..300;22;46261901;G;A;0.1926230043172836;180
100..300;22;46268534;G;C;0.1340209990739822;195
100..300;22;46377227;C;T;0.113475002348423;195
100..300;22;49884187;C;T;0.1942680031061172;220
100..300;22;49884235;G;A;0.2066870033740997;230
100..300;22;49884790;G;A;0.2255890071392059;225
100..300;22;49884920;G;A;0.1437309980392456;235
100..300;22;49884994;T;C;0.1378449946641922;270
100..300;22;49886488;C;T;0.1696110069751739;205
100..300;22;50001197;A;G;0.1975679993629455;225
100..300;22;50030478;G;C;0.2611109912395477;115
100..300;22;50041679;T;C;0.3118279874324798;185
100..300;22;50179297;T;C;0.1707320064306259;115
100..300;22;50210868;T;C;0.147146999835968;230
100..300;22;50218683;T;C;0.1610489934682846;200
100..300;22;50219995;C;T;0.2121209949254989;170
100..300;22;50244017;C;T;0.1510989964008331;250
100..300;22;50258233;T;C;0.1606220006942749;135
100..300;22;50278700;G;T;0.2215909957885742;130
100..300;22;50280822;G;A;0.1693290024995803;215
100..300;22;50283738;C;T;0.139394000172615;240
100..300;22;50287124;C;T;0.1608700007200241;145
100..300;22;50436464;T;C;0.3317539989948272;140
100..300;22;50439767;A;G;0.351621001958847;265
100..300;22;50447464;C;CCA;0.2488259971141815;160
100..300;22;50457029;C;G;0.1232390031218528;185
100..300;22;50483215;A;G;0.1875;130
100..300;22;50489527;T;C;0.2213110029697418;160
100..300;22;50505699;A;G;0.1279619932174682;150
100..300;22;50522253;T;C;0.1409689933061599;155
100..300;22;50570421;G;A;0.1724140048027038;140
100..300;22;50572947;C;G;0.137704998254776;205
100..300;22;50573504;C;T;0.1564249992370605;125
100..300;22;50573508;G;A;0.1450780034065246;130
100..300;22;50577409;C;T;0.1850749999284744;210
100..300;3;1227996;A;G;0.2452829927206039;105
100..300;3;3098273;C;T;0.1785710006952285;170
100..300;3;4313013;A;G;0.2723399996757507;165
100..300;3;4316526;G;A;0.3886789977550506;190
100..300;3;4362133;A;T;0.1215469986200332;115
100..300;3;4362134;C;T;0.1195650026202201;115
100..300;3;4362153;G;A;0.1428570002317428;140
100..300;3;4700567;G;A;0.3688519895076751;165
100..300;3;7146493;C;T;0.2139739990234375;145
100..300;3;8999310;A;G;0.1280989944934845;160
100..300;3;9473370;C;T;0.1443299949169159;250
100..300;3;9741397;T;C;0.15625;140
100..300;3;9878454;C;G;0.3680779933929443;200
100..300;3;9892921;C;T;0.107692003250122;135
100..300;3;9920473;C;T;0.1609759926795959;125
100..300;3;10177824;C;T;0.1666669994592666;150
100..300;3;10385333;C;G;0.2403430044651031;155
100..300;3;10934059;T;C;0.189872995018959;105
100..300;3;11034714;G;C;0.3687500059604645;120
100..300;3;11807400;C;G;0.1958760023117065;135
100..300;3;11839286;C;T;0.167832002043724;180
100..300;3;11844977;A;G;0.2295079976320266;120
100..300;3;12257846;T;G;0.1609199941158294;120
100..300;3;12434058;T;C;0.2022899985313415;175
100..300;3;12501699;A;G;0.2370689958333969;160
100..300;3;12503330;A;G;0.2206410020589828;200
100..300;3;12820087;C;T;0.1944440007209777;170
100..300;3;12820109;A;G;0.1987179964780807;200
100..300;3;14490278;C;A;0.1569769978523254;120
100..300;3;14491627;GA;G;0.1974789947271347;175
100..300;3;14493539;G;C;0.1963640004396438;190
100..300;3;14505674;A;G;0.1633660048246383;135
100..300;3;14541920;G;A;0.223810002207756;140
100..300;3;14821133;A;G;0.1464170068502426;225
100..300;3;14897964;A;G;0.1419350057840347;210
100..300;3;15039189;A;G;0.2439859956502914;195
100..300;3;16264167;G;C;0.181318998336792;120
100..300;3;16271057;T;C;0.2000000029802322;170
100..300;3;16286348;G;T;0.1677020043134689;105
100..300;3;16286402;T;C;0.1888889968395233;120
100..300;3;16323447;T;C;0.100502997636795;130
100..300;3;16604489;A;G;0.205606997013092;135
100..300;3;16728589;T;C;0.4393939971923828;135
100..300;3;17012007;G;A;0.4155249893665313;160
100..300;3;19905613;C;A;0.4222219884395599;120
100..300;3;19933647;T;C;0.39649099111557;205
100..300;3;19933668;G;A;0.1673000007867813;195
100..300;3;20012456;G;C;0.1916169971227646;115
100..300;3;23807344;C;A;0.2088769972324371;260
100..300;3;24127490;T;C;0.2476190030574798;150
100..300;3;24165115;C;G;0.2068970054388046;170
100..300;3;25528074;T;C;0.207843005657196;165
100..300;3;27290686;C;T;0.2142859995365142;160
100..300;3;30671634;A;T;0.2484470009803772;105
100..300;3;30801066;C;G;0.2164500057697296;160
100..300;3;32260018;T;C;0.2017170041799545;170
100..300;3;32260068;G;C;0.20346300303936;160
100..300;3;32491754;C;T;0.21875;155
100..300;3;32621039;C;T;0.2072370052337646;210
100..300;3;32621311;A;C;0.194690003991127;230
100..300;3;32621315;C;T;0.2005899995565414;230
100..300;3;32621427;T;C;0.2281170040369033;270
100..300;3;32621446;C;T;0.2190719991922378;280
100..300;3;32621468;G;A;0.2281170040369033;280
100..300;3;32621548;C;T;0.2017049938440323;260
100..300;3;32621609;C;G;0.1881719976663589;265
100..300;3;32621746;G;A;0.1864410042762756;170
100..300;3;32628865;A;G;0.1909549981355667;130
100..300;3;33097057;A;G;0.2784309983253479;150
100..300;3;33132664;G;T;0.1913039982318878;150
100..300;3;33132676;A;G;0.1863639950752258;140
100..300;3;33153792;A;G;0.1682540029287338;220
100..300;3;33153817;G;A;0.1733749955892563;215
100..300;3;36767628;A;G;0.1982759982347488;165
100..300;3;36993455;A;G;0.1423729956150055;210
100..300;3;37054533;C;T;0.2083330005407333;110
100..300;3;38045533;T;C;0.1818179935216903;140
100..300;3;38307655;A;ATTTG;0.1683170050382614;210
100..300;3;38316326;T;C;0.1762450039386749;170
100..300;3;38316470;G;C;0.2245610058307647;200
100..300;3;38550915;G;A;0.3159199953079223;295
100..300;3;38581377;A;G;0.1504849940538406;150
100..300;3;38725184;G;A;0.1830359995365142;145
100..300;3;38742538;C;T;0.1787440031766891;145
100..300;3;39184636;T;C;0.2058819979429245;265
100..300;3;39186552;G;T;0.1728399991989135;240
100..300;3;39265765;T;C;0.1826920062303543;230
100..300;3;39332411;G;C;0.1739130020141601;210
100..300;3;39359868;T;C;0.1758790016174316;135
100..300;3;40189892;T;C;0.2078309953212738;235
100..300;3;40233970;T;C;0.2426470071077346;165
100..300;3;40250345;T;C;0.1576579958200454;160
100..300;3;42209837;T;C;0.2014389932155609;195
100..300;3;42210006;C;G;0.2133760005235672;215
100..300;3;42619075;A;G;0.1311479955911636;130
100..300;3;42732983;A;G;0.1578949987888336;165
100..300;3;42739784;T;G;0.1871919929981231;135
100..300;3;42758273;A;G;0.2032089978456497;260
100..300;3;42915240;A;AT;0.1375000029802322;180
100..300;3;43056273;A;G;0.2083330005407333;165
100..300;3;44243092;A;G;0.4123710095882416;140
100..300;3;44813071;G;A;0.467741996049881;125
100..300;3;44843155;A;C;0.2966099977493286;160
100..300;3;44959134;A;G;0.1355929970741272;160
100..300;3;45112216;A;G;0.1725240051746368;225
100..300;3;45796394;C;G;0.1212119981646537;105
100..300;3;46408487;C;A;0.1944440007209777;200
100..300;3;46408579;A;T;0.204818993806839;170
100..300;3;46439310;G;A;0.1877550035715103;165
100..300;3;46439467;G;C;0.1541350036859512;185
100..300;3;46446446;T;C;0.1760299950838089;175
100..300;3;46532766;T;C;0.2242420017719268;115
100..300;3;46532928;G;A;0.2162159979343414;105
100..300;3;46539101;T;G;0.1693550050258636;165
100..300;3;46545132;C;T;0.2050209939479828;160
100..300;3;46551497;G;A;0.2128510028123855;165
100..300;3;46579124;C;T;0.1985819935798645;200
100..300;3;46579270;G;T;0.2158049941062927;220
100..300;3;46579311;A;G;0.2040130048990249;200
100..300;3;46579725;C;T;0.1217949986457824;110
100..300;3;46671967;G;C;0.3827889859676361;225
100..300;3;46688267;G;C;0.355769008398056;140
100..300;3;46712486;C;T;0.1522630006074905;160
100..300;3;46714447;T;C;0.2345129996538162;155
100..300;3;46717520;G;T;0.1603499948978424;225
100..300;3;46733832;G;A;0.1687899976968765;215
100..300;3;46733893;G;A;0.1956519931554794;140
100..300;3;46734118;G;A;0.1936510056257248;210
100..300;3;46736391;G;C;0.1691180020570755;180
100..300;3;46736395;C;T;0.169173002243042;180
100..300;3;46846708;C;T;0.2511210143566131;140
100..300;3;46898098;A;G;0.10504200309515;165
100..300;3;46995266;G;C;0.1638659983873367;165
100..300;3;47002132;A;G;0.1550389975309372;170
100..300;3;47409921;T;C;0.1785710006952285;165
100..300;3;47410628;A;G;0.1691540032625198;280
100..300;3;48372784;T;C;0.1452700048685073;185
100..300;3;48566583;G;C;0.3537909984588623;185
100..300;3;48621034;A;C;0.3725489974021911;140
100..300;3;48621576;T;G;0.2033900022506714;235
100..300;3;48632014;T;C;0.3408069908618927;145
100..300;3;48633394;T;G;0.4143300056457519;220
100..300;3;48640578;C;G;0.4279659986495971;165
100..300;3;48641538;G;T;0.3101269900798797;110
100..300;3;48643620;T;C;0.3523809909820556;130
100..300;3;48645225;T;C;0.3648650050163269;110
100..300;3;48653883;C;T;0.3409839868545532;210
100..300;3;48662086;T;C;0.3256480097770691;260
100..300;3;48688274;T;C;0.3298969864845276;130
100..300;3;48695047;C;T;0.3765900135040283;270
100..300;3;49014580;T;TGTC;0.1808509975671768;140
100..300;3;49026677;G;A;0.3559319972991943;165
100..300;3;49030471;C;T;0.430303007364273;120
100..300;3;49103683;A;G;0.3482429981231689;220
100..300;3;49119040;G;C;0.3047209978103637;160
100..300;3;49175597;C;T;0.3902440071105957;120
100..300;3;49178533;T;C;0.3733330070972442;190
100..300;3;49256817;A;C;0.3906710147857666;240
100..300;3;49276545;T;C;0.3307490050792694;250
100..300;3;49284594;A;T;0.4525139927864074;125
100..300;3;49324936;T;C;0.3758170008659363;210
100..300;3;49335612;G;A;0.4278070032596588;130
100..300;3;49417897;T;C;0.35971200466156;190
100..300;3;49532767;T;C;0.3598819971084595;235
100..300;3;49651777;A;G;0.3732190132141113;250
100..300;3;49653063;T;C;0.3201130032539367;235
100..300;3;49664550;A;G;0.3392069935798645;150
100..300;3;49676792;C;T;0.4054050147533417;155
100..300;3;49684099;A;G;0.3432430028915405;225
100..300;3;49684365;A;C;0.3774189949035644;190
100..300;3;49712543;A;G;0.294618010520935;235
100..300;3;50066484;A;G;0.4350000023841858;145
100..300;3;51778936;T;C;0.225490003824234;215
100..300;3;51948499;A;G;0.2168669998645782;120
100..300;3;52380096;T;C;0.1929820030927658;155
100..300;3;52414035;A;G;0.2276419997215271;160
100..300;3;52506757;C;T;0.3552240133285522;220
100..300;3;52513811;A;G;0.1731600016355514;165
100..300;3;52514802;T;C;0.1336410045623779;150
100..300;3;52519256;GC;G;0.1594830006361007;175
100..300;3;53229263;G;A;0.4099999964237213;215
100..300;3;53233139;A;G;0.4009659886360168;135
100..300;3;53811209;A;G;0.2317460030317306;215
100..300;3;53823649;T;C;0.1937499940395355;100
100..300;3;54626445;A;G;0.1498370021581649;205
100..300;3;56296340;T;C;0.1549299955368042;200
100..300;3;56617139;G;A;0.2355770021677017;135
100..300;3;56801733;A;G;0.1522489935159683;190
100..300;3;57289142;G;A;0.2331289947032928;105
100..300;3;57352120;G;C;0.1932370066642761;130
100..300;3;57392028;T;A;0.1966290026903152;130
100..300;3;57428707;G;A;0.1899999976158142;135
100..300;3;57508411;C;A;0.1748629957437515;130
100..300;3;57559427;C;T;0.1428570002317428;110
100..300;3;58096161;C;T;0.1788990050554275;145
100..300;3;58105076;A;G;0.1652889996767044;165
100..300;3;58123435;A;G;0.2184299975633621;220
100..300;3;58126761;T;C;0.2208590060472488;120
100..300;3;58132828;A;G;0.1948529928922653;175
100..300;3;58168600;T;C;0.2341269999742508;170
100..300;3;58193301;C;T;0.2186589986085891;240
100..300;3;58197909;A;G;0.1348969936370849;225
100..300;3;58205539;T;C;0.203791007399559;130
100..300;3;58530656;A;G;0.2905029952526092;125
100..300;3;58640148;A;C;0.1336899995803833;240
100..300;3;59502614;C;T;0.4094490110874176;170
100..300;3;59752338;T;A;0.1907889991998672;120
100..300;3;59922400;G;A;0.2044440060853958;150
100..300;3;61201523;T;C;0.1466670036315918;150
100..300;3;61742736;T;C;0.1522839963436126;225
100..300;3;61989708;C;T;0.1749999970197677;160
100..300;3;63831754;C;G;0.2134830057621002;120
100..300;3;63901773;TTG;T;0.1925469934940338;115
100..300;3;63982224;G;A;0.2044029980897903;220
100..300;3;63995959;T;C;0.1903609931468963;290
100..300;3;63996406;A;G;0.365325003862381;220
100..300;3;64023832;C;T;0.1394419968128204;155
100..300;3;64157183;T;C;0.1548669934272766;140
100..300;3;64160083;C;T;0.189189001917839;105
100..300;3;64602142;A;G;0.2363010048866272;195
100..300;3;65439885;TCTG;T;0.2111960053443908;285
100..300;3;66236632;A;G;0.1592590063810348;180
100..300;3;68988937;G;A;0.1597940027713775;120
100..300;3;69005190;C;T;0.1971829980611801;135
100..300;3;69033557;G;C;0.1989800035953521;135
100..300;3;69033722;T;G;0.2137400060892105;100
100..300;3;69035010;A;C;0.202454000711441;115
100..300;3;69122139;T;C;0.2732560038566589;115
100..300;3;69122345;G;GAGA;0.2085109949111938;165
100..300;3;69221881;A;G;0.2201489955186844;170
100..300;3;71774431;T;C;0.1601729989051818;150
100..300;3;72087154;A;G;0.1520739942789077;155
100..300;3;73384935;G;A;0.1855199933052063;150
100..300;3;74136598;A;T;0.2669680118560791;165
100..300;3;74299911;C;T;0.1581200063228607;155
100..300;3;78614806;A;G;0.3592230081558227;140
100..300;3;88318608;T;C;0.1506849974393844;170
100..300;3;88466201;G;C;0.2307689934968948;210
100..300;3;89472452;TC;T;0.2424239963293075;105
100..300;3;89472575;C;T;0.1628960072994232;145
100..300;3;97874536;A;G;0.1962260007858276;185
100..300;3;97959130;A;G;0.1783439964056015;200
100..300;3;98065331;A;C;0.3484160006046295;145
100..300;3;98087772;A;G;0.1442790031433105;155
100..300;3;98149578;G;A;0.2743900120258331;195
100..300;3;98498334;A;T;0.2217389941215515;155
100..300;3;98548445;T;C;0.3855420053005218;115
100..300;3;98784932;G;A;0.2222220003604889;115
100..300;3;99924332;T;C;0.1735540032386779;165
100..300;3;100167818;A;G;0.2324319928884506;120
100..300;3;100748174;C;T;0.1749999970197677;165
100..300;3;100754661;T;C;0.2293580025434494;150
100..300;3;100839572;C;T;0.2046779990196228;115
100..300;3;100842016;A;G;0.1705880016088485;115
100..300;3;100898836;T;C;0.2127660065889358;155
100..300;3;101366569;A;G;0.4015150070190429;185
100..300;3;101513077;C;T;0.2779780030250549;185
100..300;3;102438521;T;A;0.1830359995365142;145
100..300;3;102438573;G;A;0.2358970046043396;130
100..300;3;105541674;A;G;0.5405409932136536;125
100..300;3;108389078;A;C;0.2227489948272705;145
100..300;3;108398847;A;G;0.2164179980754852;100
100..300;3;108428696;A;C;0.1827239990234375;220
100..300;3;109005136;T;C;0.2275449931621551;120
100..300;3;109308310;T;C;0.1823900043964386;125
100..300;3;111969731;T;C;0.2380950003862381;130
100..300;3;112109537;GT;G;0.4556210041046142;115
100..300;3;112109629;G;A;0.4246580004692077;100
100..300;3;112827063;G;GT;0.2488690018653869;165
100..300;3;112827459;A;C;0.2779659926891327;200
100..300;3;112991395;C;T;0.1599999964237213;120
100..300;3;113457275;A;G;0.1321319937705993;225
100..300;3;113468801;T;C;0.1159420013427734;135
100..300;3;113493194;A;G;0.3111110031604767;125
100..300;3;113503189;A;G;0.2422679960727691;130
100..300;3;113940356;T;C;0.1890240013599395;110
100..300;3;113960742;A;C;0.184466004371643;140
100..300;3;114236340;C;A;0.1383650004863739;230
100..300;3;114299594;C;T;0.1881719976663589;120
100..300;3;118902817;A;C;0.1789879947900772;180
100..300;3;119792490;G;T;0.2000000029802322;110
100..300;3;120416036;C;T;0.4036700129508972;140
100..300;3;121432965;C;G;0.2075469940900802;175
100..300;3;121467575;A;G;0.1777780055999755;150
100..300;3;121467604;C;T;0.1830359995365142;140
100..300;3;121510113;A;G;0.1935479938983917;240
100..300;3;121533201;G;T;0.2053570002317428;150
100..300;3;121642940;A;G;0.1979700028896331;130
100..300;3;121993958;C;G;0.3636359870433807;190
100..300;3;122284910;T;G;0.1717949956655502;275
100..300;3;122341557;T;C;0.2244900017976761;135
100..300;3;122384273;A;G;0.1356469988822937;200
100..300;3;122540793;C;T;0.2019229978322982;145
100..300;3;122635190;G;A;0.511847972869873;145
100..300;3;122635869;T;C;0.505050003528595;135
100..300;3;122660752;G;GAA;0.3163270056247711;220
100..300;3;122660756;A;G;0.3171519935131073;215
100..300;3;122661767;A;C;0.3237699866294861;175
100..300;3;122662041;T;C;0.3831779956817627;155
100..300;3;122662076;C;G;0.432558000087738;160
100..300;3;122662270;T;C;0.3611109852790832;170
100..300;3;122961294;G;A;0.3560610115528106;180
100..300;3;123161344;C;T;0.1908400058746338;170
100..300;3;123725938;T;A;0.1788990050554275;155
100..300;3;123915199;A;G;0.4372470080852508;175
100..300;3;123947055;G;T;0.4620690047740936;200
100..300;3;124763647;T;TTTGTTGAAC;0.1094530001282692;120
100..300;3;125084037;G;A;0.3816789984703064;170
100..300;3;125084044;T;C;0.3784860074520111;160
100..300;3;125135792;T;A;0.3616069853305816;150
100..300;3;125916672;G;C;0.1336210072040558;130
100..300;3;125924996;C;T;0.1751150041818618;285
100..300;3;125924997;C;G;0.1704040020704269;290
100..300;3;126131538;G;A;0.1659190058708191;150
100..300;3;126420241;C;CG;0.1566269993782043;120
100..300;3;126423653;C;T;0.1468250006437301;170
100..300;3;126433051;A;G;0.2342009991407394;185
100..300;3;126441758;T;C;0.1687240004539489;160
100..300;3;126461977;A;G;0.1768710017204284;200
100..300;3;126499324;A;G;0.1877730041742324;155
100..300;3;126572455;A;C;0.21875;260
100..300;3;126733094;T;G;0.1648350059986114;125
100..300;3;126767242;A;G;0.1883119940757751;210
100..300;3;126989610;C;T;0.3529410064220428;215
100..300;3;127007862;G;A;0.2019229978322982;135
100..300;3;127012030;A;G;0.1496260017156601;275
100..300;3;127014210;T;C;0.1089110001921653;130
100..300;3;127022265;A;G;0.1751269996166229;265
100..300;3;127028347;A;G;0.2374099940061569;100
100..300;3;127671514;T;C;0.1943569928407669;210
100..300;3;127680112;A;G;0.2167830020189285;195
100..300;3;128625943;A;G;0.1642860025167465;190
100..300;3;128895290;T;C;0.1641789972782135;140
100..300;3;128895342;C;A;0.1789139956235885;205
100..300;3;128908178;G;A;0.1587979942560196;145
100..300;3;128909090;T;C;0.2071429938077926;185
100..300;3;128932693;A;G;0.2435899972915649;115
100..300;3;129032827;A;G;0.1575559973716735;205
100..300;3;130440791;A;G;0.1751410067081451;120
100..300;3;131029889;G;A;0.2071010023355484;115
100..300;3;131905253;A;G;0.1705880016088485;120
100..300;3;132243984;A;G;0.2000000029802322;145
100..300;3;132502295;T;C;0.262499988079071;110
100..300;3;132642752;A;G;0.1574469953775406;145
100..300;3;133623144;C;T;0.2072539925575256;125
100..300;3;133746439;G;A;0.2979800105094909;130
100..300;3;133755484;A;G;0.1847829967737198;180
100..300;3;133775510;T;C;0.1869920045137405;250
100..300;3;133805873;C;G;0.1626020073890686;165
100..300;3;134175917;G;T;0.1918369978666305;170
100..300;3;134222476;T;C;0.2151159942150116;115
100..300;3;134350819;A;G;0.3261539936065674;210
100..300;3;134507127;C;T;0.1848340034484863;130
100..300;3;136001698;G;A;0.2579509913921356;195
100..300;3;136001831;C;T;0.2752290070056915;160
100..300;3;136003422;G;A;0.2909089922904968;185
100..300;3;136326371;A;G;0.1245419979095459;180
100..300;3;136369196;A;G;0.2060610055923462;105
100..300;3;136854598;G;A;0.2267210036516189;170
100..300;3;136855659;G;A;0.2376240044832229;135
100..300;3;136959543;C;G;0.1012659966945648;110
100..300;3;138024666;T;A;0.248756006360054;130
100..300;3;138030997;G;A;0.1940930038690567;165
100..300;3;138468726;T;C;0.1770190000534057;230
100..300;3;138472390;A;G;0.1563789993524551;170
100..300;3;138570379;T;C;0.2442400008440017;145
100..300;3;138611020;A;G;0.1940300017595291;130
100..300;3;138714726;T;C;0.245614007115364;125
100..300;3;139538761;G;A;0.3821989893913269;135
100..300;3;139539569;A;G;0.2798739969730377;200
100..300;3;142404999;T;C;0.2464289963245391;180
100..300;3;142459302;T;C;0.2412279993295669;155
100..300;3;142469495;C;A;0.2254340052604675;125
100..300;3;142558733;T;A;0.1782609969377517;140
100..300;3;142562770;G;A;0.1906979978084564;150
100..300;3;142962407;A;G;0.2125000059604644;170
100..300;3;147390969;G;C;0.163792997598648;155
100..300;3;148741608;T;C;0.3620690107345581;215
100..300;3;148986000;G;T;0.1768119931221008;230
100..300;3;149009346;A;G;0.2142859995365142;150
100..300;3;149163886;T;C;0.1636359989643097;110
100..300;3;149474889;A;G;0.3900420069694519;160
100..300;3;149657086;T;G;0.1517239958047866;105
100..300;3;149741554;G;A;0.4653469920158386;135
100..300;3;149750743;G;T;0.3529410064220428;105
100..300;3;149761514;T;C;0.4388889968395233;115
100..300;3;149767506;C;T;0.3908790051937103;220
100..300;3;149770655;G;A;0.203791007399559;130
100..300;3;152340660;G;A;0.4961830079555511;195
100..300;3;152836568;G;A;0.402985006570816;235
100..300;3;154023946;A;G;0.2684560120105743;100
100..300;3;155828335;T;C;0.1801799982786178;110
100..300;3;156714226;G;A;0.2063490003347396;150
100..300;3;156810476;T;C;0.3633800148963928;240
100..300;3;156810612;A;G;0.3785899877548218;275
100..300;3;158602914;A;C;0.2489079982042312;150
100..300;3;158650048;T;C;0.191780999302864;200
100..300;3;158710853;A;G;0.2250709980726242;235
100..300;3;158802222;T;C;0.2138549983501434;220
100..300;3;160452585;T;C;0.208633005619049;230
100..300;3;168010266;T;C;0.1402709931135177;150
100..300;3;168024565;G;GTCC;0.14444400370121;125
100..300;3;168029234;T;C;0.1858740001916885;175
100..300;3;169122674;C;T;0.2427539974451065;185
100..300;3;169822609;C;T;0.1815720051527023;260
100..300;3;169832971;A;G;0.1337209939956665;125
100..300;3;169840237;T;C;0.1666669994592666;240
100..300;3;170113480;C;T;0.1926230043172836;170
100..300;3;170481109;T;C;0.1981129944324493;145
100..300;3;172337311;C;A;0.2445649951696396;115
100..300;3;172603907;T;C;0.1797389984130859;215
100..300;3;172648042;G;T;0.3253419995307922;200
100..300;3;173049032;A;G;0.2626259922981262;125
100..300;3;174279363;A;G;0.2432429939508438;155
100..300;3;175096948;A;G;0.1280490010976791;120
100..300;3;175097130;G;A;0.1883119940757751;115
100..300;3;179250846;T;C;0.1934520006179809;240
100..300;3;179259033;A;G;0.1906349956989288;200
100..300;3;179260290;G;T;0.230113998055458;240
100..300;3;179260754;A;G;0.181101992726326;275
100..300;3;179260901;G;A;0.2731089890003204;180
100..300;3;179260930;T;C;0.2469639927148819;180
100..300;3;179464684;A;G;0.1752270013093948;245
100..300;3;180324779;G;A;0.3991029858589172;165
100..300;3;180951420;T;C;0.1961539983749389;175
100..300;3;183180132;G;A;0.39792400598526;185
100..300;3;183494118;G;A;0.3881280124187469;145
100..300;3;183494238;T;C;0.2228920012712478;115
100..300;3;183508326;T;G;0.2082020044326782;215
100..300;3;183762226;A;G;0.2134830057621002;175
100..300;3;184056974;A;C;0.1737589985132217;185
100..300;3;184182044;T;C;0.1597220003604889;195
100..300;3;184183493;A;G;0.1725890040397644;130
100..300;3;184278066;A;G;0.1675979942083358;130
100..300;3;184278280;T;C;0.1202749982476234;195
100..300;3;184328682;T;C;0.4040110111236572;235
100..300;3;184355450;A;G;0.220779001712799;205
100..300;3;184572560;A;G;0.1826629936695099;220
100..300;3;184575822;C;T;0.1557790040969848;135
100..300;3;184575981;C;T;0.3830510079860687;185
100..300;3;184580875;A;G;0.1483049988746643;180
100..300;3;184581280;A;G;0.1829269975423813;230
100..300;3;184581379;C;T;0.3475779891014099;245
100..300;3;184581626;T;C;0.1937170028686523;125
100..300;3;185417596;G;GCTT;0.1733870059251785;150
100..300;3;185418147;C;T;0.1481480002403259;270
100..300;3;186048625;T;C;0.2469139993190765;115
100..300;3;186188328;C;T;0.1515150070190429;215
100..300;3;186613180;G;C;0.1309520006179809;170
100..300;3;186620751;C;T;0.239436998963356;205
100..300;3;186722454;A;G;0.4102559983730316;155
100..300;3;186742138;C;T;0.384880006313324;215
100..300;3;186854300;C;T;0.180427998304367;220
100..300;3;187370824;T;C;0.2352939993143081;150
100..300;3;188609319;T;C;0.1818179935216903;235
100..300;3;188866398;A;G;0.1937499940395355;120
100..300;3;189995416;C;T;0.1559630036354065;145
100..300;3;190388453;C;T;0.4350279867649078;130
100..300;3;190645805;A;G;0.2624430060386657;155
100..300;3;191329743;G;A;0.1560979932546615;130
100..300;3;191357084;G;C;0.2850469946861267;140
100..300;3;191358113;T;C;0.1657460033893585;125
100..300;3;191375264;C;T;0.2755559980869293;165
100..300;3;191375386;A;T;0.2909699976444244;205
100..300;3;191375521;G;A;0.2762239873409271;190
100..300;3;193276754;G;A;0.2435230016708374;125
100..300;3;193362555;T;C;0.1569509953260421;165
100..300;3;193363333;T;G;0.2266670018434524;145
100..300;3;193617202;A;G;0.2268040031194687;195
100..300;3;193657175;C;T;0.2208330035209655;170
100..300;3;193993393;A;G;0.2621949911117553;110
100..300;3;194653103;C;T;0.3584910035133362;190
100..300;3;194653104;A;G;0.3560610115528106;190
100..300;3;194687573;T;G;0.1939799934625625;215
100..300;3;195750915;T;C;0.3558140099048614;285
100..300;3;195752355;A;G;0.3977589905261993;245
100..300;3;195867280;C;CCT;0.1480139940977096;190
100..300;3;195868079;A;G;0.1949689984321594;205
100..300;3;196661228;C;G;0.1756100058555603;280
100..300;3;196886201;C;A;0.231111004948616;175
100..300;3;196943223;GAC;G;0.1944440007209777;150
100..300;3;196947878;T;C;0.1988800019025802;260
100..300;3;197015419;C;T;0.2124180048704147;210
100..300;3;197015524;A;G;0.2339449971914291;145
100..300;3;197016259;C;T;0.1313129961490631;210
100..300;3;197019758;C;T;0.1821559965610504;185
100..300;3;197051567;T;C;0.1396649926900863;115
100..300;3;198080324;A;G;0.1599999964237213;100
100..300;3;198120403;A;G;0.1559319943189621;215
100..300;4;679989;C;T;0.1825100034475326;175
100..300;4;733906;C;A;0.1263159960508346;200
100..300;4;734150;G;C;0.1906979978084564;145
100..300;4;761341;T;C;0.1900449991226196;155
100..300;4;769289;A;G;0.1959799975156784;140
100..300;4;849720;T;C;0.1261260062456131;150
100..300;4;865136;A;G;0.1791529953479766;200
100..300;4;989824;T;C;0.1621620059013366;240
100..300;4;1978619;T;A;0.1513510048389434;125
100..300;4;2174006;G;A;0.2440679967403412;200
100..300;4;2174727;A;G;0.1392409950494766;110
100..300;4;2179353;C;T;0.1597940027713775;125
100..300;4;2193219;T;C;0.1658989936113357;140
100..300;4;2193226;A;G;0.1711709946393966;145
100..300;4;2193282;A;G;0.1578949987888336;145
100..300;4;2193297;G;T;0.1751150041818618;140
100..300;4;2251253;G;T;0.2081220000982284;130
100..300;4;2305144;T;C;0.2771539986133575;190
100..300;4;2341622;G;C;0.2100459933280944;155
100..300;4;2458844;T;C;0.1575559973716735;205
100..300;4;2829656;G;T;0.1733970046043396;295
100..300;4;3229934;A;G;0.2418600022792816;135
100..300;4;3316686;G;A;0.1757580041885376;245
100..300;4;3317826;T;C;0.1651650071144104;225
100..300;4;3447925;A;G;0.125;200
100..300;4;3448054;A;G;0.2832370102405548;170
100..300;4;3512968;G;A;0.1862349957227707;170
100..300;4;3520212;A;T;0.1756760030984878;150
100..300;4;3935514;G;A;0.2345679998397827;100
100..300;4;3935530;G;C;0.2395209968090057;110
100..300;4;3936394;T;C;0.1785710006952285;180
100..300;4;3953146;T;A;0.1687500029802322;195
100..300;4;3953151;C;T;0.1781249940395355;200
100..300;4;4197356;G;T;0.165583997964859;215
100..300;4;4197907;T;A;0.3955430090427398;245
100..300;4;4202572;C;T;0.3699420094490051;115
100..300;4;4302795;C;A;0.1875;185
100..300;4;4320943;T;C;0.1553030014038086;200
100..300;4;5331277;T;C;0.2199310064315796;195
100..300;4;5748276;G;A;0.2179490029811859;150
100..300;4;5752817;C;T;0.1605499982833862;155
100..300;4;5783715;A;G;0.1538459956645965;135
100..300;4;5836786;G;C;0.1761360019445419;235
100..300;4;5839696;TAAAC;T;0.1696970015764236;130
100..300;4;5965074;C;T;0.2443179935216903;120
100..300;4;5994377;C;T;0.2346370071172714;115
100..300;4;5994474;G;A;0.226950004696846;100
100..300;4;6291182;T;C;0.3221150040626526;140
100..300;4;6291188;G;A;0.3243240118026733;150
100..300;4;6291969;G;C;0.3487539887428283;180
100..300;4;6301295;T;C;0.3223139941692352;265
100..300;4;6301627;A;G;0.3371819853782654;290
100..300;4;6302228;A;G;0.3432340025901794;215
100..300;4;6302360;G;A;0.3532609939575195;255
100..300;4;6323291;T;A;0.1581629961729049;145
100..300;4;6323359;A;G;0.1489969938993454;235
100..300;4;7434759;A;C;0.2643679976463318;235
100..300;4;7729583;A;G;0.3893440067768097;165
100..300;4;7778855;T;C;0.1959179937839508;170
100..300;4;7800565;A;G;0.1553400009870529;200
100..300;4;7819068;A;G;0.1764709949493408;155
100..300;4;7855503;T;C;0.323635995388031;180
100..300;4;8019690;G;A;0.1684979945421219;175
100..300;4;8218302;A;G;0.1782609969377517;150
100..300;4;8240772;A;G;0.1503760069608688;275
100..300;4;8581015;T;C;0.1330469995737075;155
100..300;4;8581129;G;T;0.1595740020275116;185
100..300;4;8581585;C;A;0.1336899995803833;120
100..300;4;8604206;G;A;0.1629209965467453;120
100..300;4;9584015;A;C;0.3524230122566223;130
100..300;4;9698438;A;G;0.1954669952392578;205
100..300;4;9908299;A;G;0.2379180043935775;180
100..300;4;10445544;G;C;0.1755730062723159;185
100..300;4;10445570;G;T;0.1718059927225113;170
100..300;4;10571786;A;C;0.2485550045967102;110
100..300;4;13599713;A;G;0.3649120032787323;210
100..300;4;13615388;T;C;0.1912350058555603;175
100..300;4;15003179;GGCA;G;0.1698109954595565;150
100..300;4;15481185;A;G;0.1937499940395355;100
100..300;4;15992396;A;G;0.1893199980258941;130
100..300;4;20490794;T;G;0.3187499940395355;100
100..300;4;20850621;G;A;0.2087910026311874;130
100..300;4;22388544;T;C;0.1989250034093856;270
100..300;4;23814039;T;C;0.3807950019836426;215
100..300;4;24834997;T;C;0.1714289933443069;165
100..300;4;25417661;C;T;0.2096070051193237;155
100..300;4;26489489;G;A;0.1756760030984878;105
100..300;4;26489495;T;A;0.1773049980401992;100
100..300;4;26584259;T;C;0.1627119928598404;195
100..300;4;27017771;A;G;0.1286859959363937;250
100..300;4;36150962;T;G;0.252577006816864;130
100..300;4;36161506;A;G;0.2019229978322982;130
100..300;4;36284155;A;G;0.1694920063018798;170
100..300;4;36308443;A;G;0.1890760064125061;165
100..300;4;36316348;C;T;0.1896550059318542;150
100..300;4;36339131;A;G;0.1608040034770965;130
100..300;4;37960565;C;G;0.3874169886112213;215
100..300;4;38773164;G;A;0.1705430001020431;100
100..300;4;38773268;C;T;0.203791007399559;145
100..300;4;38773419;G;A;0.2033199965953827;180
100..300;4;38774301;T;G;0.1701029986143112;135
100..300;4;38774486;G;T;0.460783988237381;135
100..300;4;38774559;A;C;0.1468929946422577;130
100..300;4;38774682;C;T;0.2234639972448349;125
100..300;4;38774870;G;T;0.4780490100383758;150
100..300;4;38775552;T;A;0.1563979983329773;145
100..300;4;38783012;T;G;0.1396230012178421;170
100..300;4;38797027;A;C;0.1410260051488876;200
100..300;4;38798089;C;T;0.1937170028686523;150
100..300;4;38798593;G;C;0.235954999923706;135
100..300;4;38827542;C;A;0.2093860059976577;205
100..300;4;38828211;C;T;0.2142859995365142;190
100..300;4;38828391;C;G;0.179640993475914;125
100..300;4;38828729;G;A;0.4104799926280975;160
100..300;4;38878328;A;G;0.1710139960050583;230
100..300;4;38878425;C;T;0.1690140068531036;150
100..300;4;39115291;C;T;0.4150939881801605;240
100..300;4;39121077;T;C;0.2949999868869781;130
100..300;4;39300409;C;T;0.3485479950904846;165
100..300;4;39605051;G;A;0.225941002368927;155
100..300;4;39898359;C;G;0.1677419990301132;105
100..300;4;40335506;T;C;0.1835940033197403;170
100..300;4;40335891;C;T;0.1926230043172836;165
100..300;4;40425973;C;G;0.1525419950485229;155
100..300;4;41013806;A;G;0.1588789969682693;225
100..300;4;41524486;T;C;0.2127660065889358;120
100..300;4;46723932;T;C;0.2014929950237274;180
100..300;4;48539956;G;A;0.2687500119209289;105
100..300;4;48580892;A;G;0.25;145
100..300;4;52745501;C;T;0.2115380018949508;210
100..300;4;52745534;C;G;0.2292490005493164;170
100..300;4;53145359;G;A;0.2731960117816925;140
100..300;4;53498823;A;G;0.1761360019445419;125
100..300;4;54231424;T;C;0.1809049993753433;145
100..300;4;54240528;C;T;0.2197310030460357;160
100..300;4;54258293;T;C;0.2147240042686462;110
100..300;4;54258424;G;A;0.1843969970941543;105
100..300;4;54263911;C;T;0.1976740062236786;175
100..300;4;54267559;G;T;0.1788990050554275;155
100..300;4;54273604;C;T;0.1747969985008239;160
100..300;4;54275333;T;C;0.2189349979162216;115
100..300;4;54275365;T;A;0.2147240042686462;115
100..300;4;54276038;A;G;0.1096770018339157;110
100..300;4;54276943;G;A;0.1624370068311691;140
100..300;4;54277119;A;G;0.1887760013341903;140
100..300;4;54277154;T;C;0.1647730022668838;130
100..300;4;54277410;A;G;0.2096769958734512;210
100..300;4;54285873;T;C;0.1688890010118484;155
100..300;4;54736599;C;G;0.2380950003862381;125
100..300;4;55351936;A;G;0.1935479938983917;160
100..300;4;55609171;A;G;0.3436119854450226;155
100..300;4;56338611;C;A;0.2058819979429245;215
100..300;4;56345186;C;T;0.1597940027713775;140
100..300;4;56353447;T;C;0.1767069995403289;165
100..300;4;56356368;A;C;0.211678996682167;185
100..300;4;56378148;A;C;0.1751410067081451;125
100..300;4;57020984;T;C;0.1822430044412613;140
100..300;4;57032563;G;A;0.2553189992904663;100
100..300;4;61934836;A;G;0.4340659976005554;120
100..300;4;61935010;C;T;0.4761900007724762;110
100..300;4;62816988;T;A;0.1660650074481964;195
100..300;4;64431422;A;G;0.2138729989528656;125
100..300;4;67914681;G;A;0.2479339987039566;150
100..300;4;67919056;C;T;0.2047239989042282;175
100..300;4;69107234;T;C;0.1767240017652511;145
100..300;4;69214257;G;A;0.1935479938983917;170
100..300;4;69401869;A;G;0.2272730022668838;130
100..300;4;69410946;T;C;0.3394500017166137;140
100..300;4;69418955;T;A;0.2757200002670288;105
100..300;4;70249239;T;G;0.395904004573822;205
100..300;4;70606447;C;T;0.2384340018033981;200
100..300;4;71752617;C;A;0.2054049968719482;125
100..300;4;73065426;T;TA;0.1714289933443069;145
100..300;4;73419522;T;C;0.262499988079071;115
100..300;4;73576632;C;G;0.2150540053844452;125
100..300;4;73869527;G;A;0.1346150040626526;130
100..300;4;75645445;C;T;0.1644439995288849;160
100..300;4;75936156;T;C;0.2163929939270019;200
100..300;4;75936235;T;C;0.1884820014238357;130
100..300;4;75936242;G;A;0.1847829967737198;125
100..300;4;76035035;C;T;0.2346940040588379;125
100..300;4;76035136;CAA;C;0.2392639964818954;130
100..300;4;76103983;T;C;0.2528089880943298;115
100..300;4;76132681;C;T;0.2072069942951202;155
100..300;4;76271715;A;G;0.4948979914188385;135
100..300;4;76278261;A;C;0.4163820147514343;205
100..300;4;76384193;G;A;0.179309993982315;195
100..300;4;76739578;G;C;0.3668830096721649;225
100..300;4;76741156;T;C;0.4024389982223511;105
100..300;4;76754772;A;G;0.1104289963841438;230
100..300;4;78318909;G;A;0.201320007443428;205
100..300;4;78499715;T;C;0.4160580039024353;100
100..300;4;78499716;G;C;0.433566004037857;105
100..300;4;78516001;T;C;0.4217390120029449;160
100..300;4;78526609;C;T;0.356480985879898;145
100..300;4;78534560;G;C;0.4078949987888336;150
100..300;4;78534579;T;C;0.3867920041084289;135
100..300;4;79977654;T;C;0.1825730055570602;160
100..300;4;79984837;T;G;0.187049999833107;185
100..300;4;81448051;A;T;0.1401270031929016;105
100..300;4;82129595;A;G;0.1657750010490417;130
100..300;4;82275383;A;G;0.1942149996757507;170
100..300;4;82660911;T;G;0.2268040031194687;205
100..300;4;82661058;G;C;0.4173229932785034;180
100..300;4;83309466;C;T;0.3979060053825378;130
100..300;4;85923682;G;A;0.1122990027070045;120
100..300;4;85994695;C;T;0.236842006444931;205
100..300;4;85994770;A;G;0.1884060055017471;230
100..300;4;87127011;AT;A;0.3270440101623535;110
100..300;4;87207192;A;G;0.1823199987411499;130
100..300;4;87482457;A;G;0.2554349899291992;120
100..300;4;87662996;T;C;0.1925289928913116;245
100..300;4;87663008;A;G;0.1887319982051849;245
100..300;4;87892723;C;T;0.2622950077056885;185
100..300;4;87894011;ATTAGG;A;0.1388889998197555;150
100..300;4;87981540;C;T;0.2490420043468475;180
100..300;4;87982701;T;C;0.1756760030984878;265
100..300;4;89114398;G;A;0.2157530039548874;205
100..300;4;89248774;G;A;0.2128279954195022;240
100..300;4;94276369;T;C;0.3288289904594421;150
100..300;4;95250530;G;A;0.1699029952287674;135
100..300;4;97972325;T;C;0.2654320001602173;105
100..300;4;98416730;T;C;0.2228569984436035;115
100..300;4;99207596;C;T;0.2397959977388382;125
100..300;4;99522563;A;G;0.2063950002193451;225
100..300;4;99522625;C;T;0.1812500059604644;210
100..300;4;99522627;G;C;0.1792449951171875;210
100..300;4;99522643;A;G;0.184931993484497;195
100..300;4;99564087;C;G;0.1608390063047409;190
100..300;4;99564098;A;G;0.1725240051746368;205
100..300;4;99582002;A;C;0.1655630022287368;195
100..300;4;99583507;C;T;0.2367150038480758;140
100..300;4;101829919;A;G;0.14444400370121;180
100..300;4;101830119;T;C;0.152985006570816;180
100..300;4;101918130;A;G;0.3039650022983551;145
100..300;4;102025190;G;A;0.375;130
100..300;4;102025235;A;G;0.1824560016393661;190
100..300;4;102307577;T;C;0.229436993598938;155
100..300;4;103043372;C;A;0.2297870069742202;155
100..300;4;103140836;G;C;0.46629199385643;125
100..300;4;103161192;T;C;0.5284969806671143;130
100..300;4;105275794;G;A;0.2589640021324157;180
100..300;4;105938392;C;G;0.2263160049915313;120
100..300;4;107631692;A;G;0.236842006444931;155
100..300;4;107654833;A;G;0.3552629947662353;145
100..300;4;108165124;T;C;0.2406020015478134;175
100..300;4;108789485;T;C;0.1627909988164901;160
100..300;4;108942214;T;C;0.2093019932508468;110
100..300;4;110400371;A;G;0.3086419999599457;120
100..300;4;110416592;A;T;0.2170329988002777;250
100..300;4;110945181;C;T;0.2300000041723251;140
100..300;4;112356901;T;C;0.1678829938173294;190
100..300;4;112357355;C;T;0.1704040020704269;170
100..300;4;112357450;T;C;0.1810699999332428;170
100..300;4;112426453;CT;C;0.2588239908218384;115
100..300;4;112456602;A;G;0.2518250048160553;190
100..300;4;112456796;G;A;0.2046329975128173;180
100..300;4;112788137;A;G;0.1115380004048347;180
100..300;4;112788190;T;C;0.1126279979944229;195
100..300;4;116598196;A;C;0.2154700011014938;135
100..300;4;116598211;C;T;0.4830920100212097;150
100..300;4;116598277;C;G;0.2685190141201019;220
100..300;4;116598343;C;T;0.4099380075931549;230
100..300;4;116598397;T;C;0.3427760004997253;250
100..300;4;116598525;T;C;0.3333329856395721;245
100..300;4;116599152;C;T;0.3193469941616058;290
100..300;4;116599386;G;A;0.377716988325119;250
100..300;4;116599575;C;T;0.2617799937725067;135
100..300;4;118506851;G;A;0.1004019975662231;110
100..300;4;118514975;A;G;0.1160409972071647;130
100..300;4;118523301;A;G;0.2247709929943084;135
100..300;4;119026830;C;G;0.1984539926052093;275
100..300;4;119338058;G;A;0.1416999995708465;145
100..300;4;119553704;G;A;0.3125;145
100..300;4;121036404;A;G;0.2362460047006607;210
100..300;4;121037536;C;T;0.1818179935216903;200
100..300;4;121879832;C;T;0.1865289956331253;130
100..300;4;122250504;A;T;0.25;150
100..300;4;122271085;C;A;0.3005459904670715;135
100..300;4;122743049;A;G;0.1873109936714172;230
100..300;4;122743272;C;G;0.21492500603199;235
100..300;4;122743291;A;G;0.1944440007209777;235
100..300;4;122743302;T;C;0.2073169946670532;235
100..300;4;122743764;G;A;0.2063490003347396;140
100..300;4;125490999;A;G;0.2035090029239654;200
100..300;4;129003822;A;C;0.3652969896793365;140
100..300;4;129102604;T;A;0.4420599937438965;160
100..300;4;129136560;T;C;0.2052980065345764;115
100..300;4;129136652;A;G;0.1447370052337646;105
100..300;4;137448289;T;A;0.2325579971075058;130
100..300;4;139602701;A;G;0.1812500059604644;100
100..300;4;140343717;G;A;0.1834319978952407;105
100..300;4;140373660;C;G;0.1500000059604644;220
100..300;4;140461967;T;A;0.4635420143604278;125
100..300;4;140644712;G;C;0.1636359989643097;110
100..300;4;142122187;G;A;0.1761360019445419;125
100..300;4;142145901;A;G;0.1633470058441162;170
100..300;4;143425592;T;C;0.2247190028429031;180
100..300;4;145655266;C;G;0.2531119883060455;160
100..300;4;145680197;T;C;0.1895419955253601;100
100..300;4;146217015;G;A;0.2265619933605194;175
100..300;4;146217041;T;C;0.1909389942884445;205
100..300;4;146217170;G;A;0.1961539983749389;175
100..300;4;146230258;C;T;0.1830510050058365;220
100..300;4;146230442;G;A;0.1705690026283264;215
100..300;4;150817188;G;A;0.2000000029802322;135
100..300;4;151014529;A;C;0.1492960005998611;230
100..300;4;151175028;C;T;0.2086089998483657;220
100..300;4;151650578;T;G;0.2054049968719482;130
100..300;4;153592475;G;A;0.224043995141983;120
100..300;4;153592570;T;C;0.1415089964866638;135
100..300;4;153593813;C;T;0.245058998465538;160
100..300;4;153598612;G;A;0.1767680048942566;130
100..300;4;153658827;A;G;0.1732670068740844;290
100..300;4;153703504;C;T;0.4545449912548065;145
100..300;4;153710435;G;C;0.3983049988746643;155
100..300;4;153712582;C;G;0.4225350022315979;140
100..300;4;153723385;C;T;0.422459989786148;120
100..300;4;154320420;A;G;0.2657339870929718;100
100..300;4;154489498;C;T;0.2018350064754486;150
100..300;4;154489515;A;G;0.1842110008001327;135
100..300;4;154489579;C;G;0.2195120006799698;120
100..300;4;154567669;T;C;0.2107020020484924;200
100..300;4;154569680;T;C;0.2163929939270019;210
100..300;4;154570607;A;G;0.1679999977350235;175
100..300;4;154604818;A;G;0.2196529954671859;130
100..300;4;155214524;T;C;0.3615640103816986;215
100..300;4;155214875;T;C;0.3629890084266662;190
100..300;4;155353225;C;T;0.4517770111560821;135
100..300;4;155381191;T;A;0.3885349929332733;100
100..300;4;155722024;A;T;0.220779001712799;105
100..300;4;158277840;T;C;0.234375;185
100..300;4;158278190;C;G;0.1767069995403289;180
100..300;4;158278262;T;C;0.1744969934225082;215
100..300;4;158973239;A;G;0.1786939948797226;195
100..300;4;159356124;T;C;0.4117650091648102;190
100..300;4;163514113;C;A;0.2173909991979599;120
100..300;4;163545672;T;C;0.1672859936952591;175
100..300;4;164775888;T;G;0.1822919994592666;125
100..300;4;164957457;A;T;0.1307689994573593;180
100..300;4;165310716;G;A;0.2362869977951049;165
100..300;4;168427253;T;C;0.1923079937696457;195
100..300;4;168448711;T;A;0.1871349960565567;105
100..300;4;168511522;T;C;0.2256940007209777;195
100..300;4;168511690;A;G;0.1706349998712539;180
100..300;4;168512175;C;T;0.1713480055332183;260
100..300;4;168512176;A;G;0.1718309968709945;260
100..300;4;168512182;T;C;0.1773259937763214;250
100..300;4;168512293;T;C;0.1948419958353042;245
100..300;4;168742464;G;T;0.3841460049152374;105
100..300;4;176192685;T;C;0.3766230046749115;155
100..300;4;177440260;C;A;0.1736110001802444;100
100..300;4;182893016;G;A;0.1725489944219589;165
100..300;4;182894535;G;A;0.1150439977645874;150
100..300;4;183282837;T;C;0.1654140055179596;180
100..300;4;183315715;A;G;0.1682689934968948;130
100..300;4;183483535;A;G;0.1330800056457519;175
100..300;4;183483878;C;T;0.1660079956054687;180
100..300;4;183679448;G;A;0.1968500018119812;165
100..300;4;183691400;C;G;0.2269939929246902;115
100..300;4;183697783;C;G;0.1164380013942718;190
100..300;4;184010665;A;G;0.1735849976539611;190
100..300;4;184657331;T;C;0.1862069964408874;105
100..300;4;184694610;A;C;0.2092310041189193;210
100..300;4;184694614;G;T;0.2062499970197677;210
100..300;4;184699597;G;C;0.1678829938173294;180
100..300;4;184710184;G;A;0.2108429968357086;105
100..300;4;184716545;G;A;0.1453489959239959;235
100..300;4;184729000;A;G;0.2015209943056106;175
100..300;4;184764878;T;C;0.2943719923496246;155
100..300;4;185175891;T;C;0.1599999964237213;240
100..300;4;185373044;T;C;0.1486490070819854;150
100..300;4;185378106;G;A;0.2094240039587021;125
100..300;4;185429405;T;C;0.1772730052471161;140
100..300;4;185502501;A;G;0.1610739976167678;105
100..300;4;186076613;A;C;0.1886789947748184;150
100..300;4;186157665;G;C;0.1326259970664978;245
100..300;4;186201150;T;C;0.2093019932508468;145
100..300;4;186201165;G;T;0.2049179971218109;165
100..300;4;186254568;A;T;0.3081080019474029;130
100..300;4;186328740;C;T;0.1847130060195922;215
100..300;4;186596887;C;T;0.1993460059165954;230
100..300;4;186609868;G;A;0.2342340052127838;155
100..300;4;188388394;T;G;0.2205879986286163;100
100..300;4;188389405;T;TAG;0.2142859995365142;145
100..300;4;189172080;T;C;0.342974990606308;160
100..300;4;189941000;G;T;0.1774650067090988;235
100..300;4;189941027;T;C;0.1717949956655502;260
100..300;4;189955040;T;C;0.2324319928884506;130
100..300;5;421340;T;G;0.1349689960479736;100
100..300;5;427929;T;C;0.1254239976406097;200
100..300;5;432790;A;C;0.2118380069732666;215
100..300;5;447664;A;C;0.2258059978485107;210
100..300;5;458036;T;C;0.209999993443489;130
100..300;5;476238;T;C;0.1417910009622573;180
100..300;5;483449;G;A;0.1646090000867843;175
100..300;5;485144;T;G;0.1827410012483596;130
100..300;5;635594;T;C;0.1137719973921775;120
100..300;5;639116;A;C;0.1982380002737045;155
100..300;5;640590;G;A;0.1721310019493103;165
100..300;5;640613;A;G;0.1717170029878616;140
100..300;5;644437;T;G;0.2032089978456497;125
100..300;5;665165;C;T;0.3582890033721924;250
100..300;5;665180;G;A;0.219211995601654;275
100..300;5;666129;GGGGCACAGGCGACTTA;G;0.1904760003089904;140
100..300;5;677947;G;A;0.3072780072689056;240
100..300;5;870504;G;A;0.1949149966239929;160
100..300;5;889579;A;C;0.1593630015850067;160
100..300;5;908473;G;A;0.2022899985313415;170
100..300;5;908481;G;A;0.1879999935626983;160
100..300;5;914549;C;T;0.1428570002317428;120
100..300;5;1035376;AC;A;0.1704549938440323;240
100..300;5;1225498;A;G;0.3554689884185791;165
100..300;5;1225511;A;T;0.3720139861106872;185
100..300;5;1225573;C;T;0.3993709981441498;200
100..300;5;1240642;G;C;0.1493510007858276;100
100..300;5;1320607;T;C;0.1951220035552978;165
100..300;5;1466804;A;G;0.1615040004253387;295
100..300;5;3600022;A;G;0.202127993106842;125
100..300;5;4089088;A;T;0.1701029986143112;135
100..300;5;4089098;T;C;0.1758790016174316;135
100..300;5;5262653;A;G;0.1656800061464309;115
100..300;5;6377180;T;C;0.1365640014410019;145
100..300;5;7706909;A;C;0.2316379994153976;125
100..300;5;7835442;G;C;0.1863639950752258;150
100..300;5;7870860;G;A;0.1821189969778061;185
100..300;5;10973615;A;G;0.16388900578022;240
100..300;5;13844936;A;G;0.2318840026855468;185
100..300;5;13844998;G;A;0.2388059943914413;140
100..300;5;14768994;A;G;0.1195650026202201;190
100..300;5;16701388;T;C;0.2044820040464401;255
100..300;5;16877592;G;C;0.2063490003347396;135
100..300;5;17353928;G;A;0.2446350008249282;160
100..300;5;17353932;C;T;0.239668995141983;165
100..300;5;17374789;G;A;0.2298139929771423;100
100..300;5;17605332;T;C;0.2193399965763092;290
100..300;5;17635014;A;G;0.1794019937515258;220
100..300;5;17670491;A;C;0.1657460033893585;120
100..300;5;18049790;T;A;0.2180449962615966;175
100..300;5;25910457;G;A;0.1937050074338913;290
100..300;5;33461912;G;A;0.2312140017747879;120
100..300;5;33461929;A;G;0.2634409964084625;125
100..300;5;33502854;T;G;0.1960780024528503;115
100..300;5;33502927;T;A;0.1813949942588806;150
100..300;5;33502971;G;C;0.1863120049238205;170
100..300;5;33546102;C;T;0.2159090042114257;120
100..300;5;33549282;A;G;0.1790540069341659;200
100..300;5;33649702;A;C;0.2064519971609115;105
100..300;5;33998663;A;C;0.1862349957227707;165
100..300;5;34807823;T;C;0.4380950033664703;140
100..300;5;34811032;G;T;0.3466669917106628;150
100..300;5;34998772;A;C;0.2208839952945709;170
100..300;5;35037010;T;C;0.3021979928016662;120
100..300;5;35641480;C;A;0.3412320017814636;150
100..300;5;35654609;T;C;0.2074829936027526;190
100..300;5;35806968;C;T;0.2653059959411621;110
100..300;5;35876172;G;A;0.1707320064306259;235
100..300;5;36142546;G;A;0.2044200003147125;115
100..300;5;36143290;T;C;0.1730770021677017;175
100..300;5;37153769;T;G;0.1096490025520324;150
100..300;5;37195926;T;C;0.2517240047454834;185
100..300;5;37210241;C;T;0.2309859991073608;235
100..300;5;39719344;G;A;0.2690060138702392;125
100..300;5;39719451;C;T;0.202127993106842;140
100..300;5;39719808;A;G;0.2045450061559677;185
100..300;5;40841469;C;CTT;0.2239580005407333;145
100..300;5;40999798;A;T;0.2146600037813186;125
100..300;5;41008678;G;A;0.4470590054988861;170
100..300;5;41018350;T;A;0.1957450062036514;155
100..300;5;41048431;T;C;0.2125599980354309;145
100..300;5;41061613;T;C;0.1525969952344894;210
100..300;5;41199857;T;G;0.4666669964790344;190
100..300;5;42699942;G;A;0.3888890147209167;140
100..300;5;42719137;C;A;0.3246380090713501;240
100..300;5;42892701;T;C;0.1224490031599998;210
100..300;5;43232535;G;A;0.2222220003604889;140
100..300;5;43232920;A;G;0.1476009935140609;190
100..300;5;44811105;G;T;0.1990520060062408;135
100..300;5;55114271;A;G;0.1758790016174316;130
100..300;5;55124971;C;A;0.2105260044336319;145
100..300;5;55127247;T;C;0.1695909947156906;115
100..300;5;55226608;G;C;0.174467995762825;150
100..300;5;55232565;C;G;0.1485709995031356;125
100..300;5;55883148;A;G;0.1593219935894012;190
100..300;5;55910616;A;G;0.1700399965047836;165
100..300;5;56275759;G;A;0.2487310022115707;155
100..300;5;56276075;G;A;0.2113209962844848;180
100..300;5;56276193;T;G;0.172093003988266;150
100..300;5;56276406;A;C;0.1824319958686828;110
100..300;5;56749254;C;T;0.1899999976158142;130
100..300;5;56883514;A;G;0.1960780024528503;110
100..300;5;57423048;C;T;0.2285709977149963;105
100..300;5;57424168;C;G;0.1828570067882537;120
100..300;5;58459024;G;A;0.1743769943714141;185
100..300;5;60744220;G;C;0.17535500228405;155
100..300;5;60744233;T;A;0.1578949987888336;150
100..300;5;60744640;A;G;0.1727270036935806;155
100..300;5;60744809;G;A;0.2119569927453994;125
100..300;5;60945441;A;G;0.1538459956645965;160
100..300;5;64695646;C;G;0.3604060113430023;140
100..300;5;67196584;G;C;0.2277230024337768;130
100..300;5;68226894;T;C;0.1941750049591064;215
100..300;5;68227023;C;A;0.2916670143604278;150
100..300;5;69069020;G;C;0.1933089941740036;190
100..300;5;69094457;T;C;0.0987654030323028;105
100..300;5;69116221;AT;A;0.1785710006952285;125
100..300;5;69121816;T;C;0.1724140048027038;135
100..300;5;69123227;T;A;0.1666669994592666;130
100..300;5;71504648;T;C;0.1059909984469413;140
100..300;5;71562367;T;C;0.1126760020852088;105
100..300;5;71635139;G;A;0.2673799991607666;135
100..300;5;72196907;T;C;0.2228920012712478;240
100..300;5;72199079;A;G;0.225941002368927;170
100..300;5;72461439;C;T;0.1808869987726211;195
100..300;5;72461440;T;C;0.1821310073137283;195
100..300;5;72725693;A;T;0.2268909960985183;175
100..300;5;72725707;A;C;0.2222220003604889;180
100..300;5;72726113;C;T;0.2287230044603347;135
100..300;5;73052445;G;A;0.2222220003604889;195
100..300;5;73123629;G;C;0.1885440051555633;290
100..300;5;73579082;C;A;0.2046779990196228;110
100..300;5;73776529;C;T;0.1929820030927658;155
100..300;5;73780686;A;C;0.2000000029802322;140
100..300;5;73794436;C;T;0.2142859995365142;155
100..300;5;73795403;T;C;0.2193550020456314;100
100..300;5;73846471;T;C;0.1184210032224655;105
100..300;5;73849020;G;A;0.4751380085945129;115
100..300;5;73852656;A;G;0.2182739973068237;130
100..300;5;73868006;T;C;0.2077289968729019;150
100..300;5;73868140;A;C;0.2088350057601928;165
100..300;5;73909872;G;C;0.0931676998734474;100
100..300;5;74721674;T;C;0.1216930001974105;125
100..300;5;74738420;A;G;0.2857140004634857;135
100..300;5;75379425;C;T;0.1515150070190429;140
100..300;5;76377126;A;G;0.1567569971084594;130
100..300;5;76627460;T;C;0.3991940021514892;175
100..300;5;76631363;T;C;0.5151519775390625;105
100..300;5;76637044;T;C;0.4277459979057312;120
100..300;5;76637140;C;G;0.4497610032558441;140
100..300;5;76652825;G;A;0.2385790050029754;125
100..300;5;76732299;T;A;0.1788080036640167;110
100..300;5;77291441;A;G;0.2022159993648529;260
100..300;5;77433171;C;T;0.1845490038394928;150
100..300;5;77784936;A;G;0.2154469937086105;180
100..300;5;77784944;G;A;0.2333330065011978;195
100..300;5;77784965;A;G;0.2418880015611648;230
100..300;5;77785395;A;C;0.167939007282257;285
100..300;5;77785416;G;T;0.1974360048770904;280
100..300;5;77785519;T;A;0.1755319982767105;275
100..300;5;77786010;T;C;0.2158049941062927;245
100..300;5;78116187;G;A;0.1721850037574768;100
100..300;5;78885654;T;C;0.2046200037002563;210
100..300;5;78885754;C;T;0.1713290065526962;190
100..300;5;79044473;G;T;0.1714289933443069;165
100..300;5;79439026;G;A;0.219100996851921;125
100..300;5;79732903;G;A;0.4705879986286163;185
100..300;5;79733771;C;T;0.413222998380661;190
100..300;5;80055912;T;C;0.1323529928922653;140
100..300;5;80079901;C;G;0.2152470052242279;155
100..300;5;80202874;A;G;0.2654320001602173;110
100..300;5;80501414;G;T;0.2369939982891082;125
100..300;5;80519839;C;T;0.314410001039505;165
100..300;5;81113910;C;T;0.4246580004692077;160
100..300;5;81304800;G;C;0.2179930061101913;180
100..300;5;81335823;T;C;0.1923079937696457;165
100..300;5;82305411;C;T;0.2367150038480758;135
100..300;5;86287689;G;T;0.1504420042037964;120
100..300;5;86291013;T;C;0.172106996178627;235
100..300;5;90474182;A;G;0.1595329940319061;175
100..300;5;90674063;G;A;0.1675979942083358;120
100..300;5;90855813;G;C;0.2845189869403839;160
100..300;5;93268242;G;A;0.1866199970245361;205
100..300;5;94386331;A;G;0.1864410042762756;150
100..300;5;95834979;T;C;0.2018350064754486;145
100..300;5;95835015;T;C;0.2018779963254928;150
100..300;5;96393194;G;C;0.178273007273674;250
100..300;5;96393270;C;G;0.1828249990940094;250
100..300;5;96695865;G;A;0.2584269940853119;120
100..300;5;96743683;T;C;0.2171050012111663;100
100..300;5;96783148;C;G;0.2164179980754852;180
100..300;5;96785820;T;C;0.1855199933052063;145
100..300;5;96788627;C;T;0.2006800025701522;195
100..300;5;96790494;G;A;0.1692309975624084;100
100..300;5;96790605;G;A;0.1925469934940338;105
100..300;5;96795133;C;T;0.260464996099472;145
100..300;5;98213432;A;G;0.1937170028686523;130
100..300;5;98576447;T;C;0.4182510077953338;185
100..300;5;103032551;C;T;0.1616159975528717;135
100..300;5;103097705;A;G;0.1921820044517517;205
100..300;5;103184699;C;A;0.2291669994592666;125
100..300;5;109337245;T;C;0.1351349949836731;150
100..300;5;110948089;A;T;0.3353660106658935;110
100..300;5;110948671;C;A;0.3141590058803558;175
100..300;5;111192553;C;T;0.3175359964370727;150
100..300;5;111192719;T;A;0.3488369882106781;185
100..300;5;111192740;G;A;0.2992129921913147;180
100..300;5;113071088;GCCTCGCGCTGTCTT;G;0.2412060052156448;125
100..300;5;113071165;A;G;0.2006579935550689;200
100..300;5;113340327;G;C;0.4196430146694183;150
100..300;5;113434330;G;T;0.3670519888401031;250
100..300;5;116001165;C;T;0.2451609969139099;195
100..300;5;119333609;T;C;0.1949460059404373;190
100..300;5;119525243;C;T;0.2847220003604889;100
100..300;5;119652611;T;C;0.2433860003948211;135
100..300;5;119652736;T;C;0.1878450065851211;140
100..300;5;122077513;T;C;0.1382980048656463;190
100..300;5;122152274;A;G;0.1419350057840347;225
100..300;5;126804830;C;T;0.1908130049705505;190
100..300;5;126836282;T;C;0.2402600049972534;100
100..300;5;127457282;A;T;0.1157020032405853;165
100..300;5;131495672;C;T;0.174698993563652;105
100..300;5;131647075;G;A;0.1875;110
100..300;5;132304843;G;A;0.2771080136299133;115
100..300;5;132340627;T;C;0.1570249944925308;160
100..300;5;132370257;C;T;0.1798249930143356;140
100..300;5;132385482;G;A;0.2019540071487426;205
100..300;5;132385512;C;T;0.220779001712799;150
100..300;5;132589791;C;G;0.1557790040969848;130
100..300;5;132823442;T;C;0.1442620009183883;190
100..300;5;132824365;T;C;0.1803279966115951;220
100..300;5;132862408;T;C;0.2740209996700287;190
100..300;5;132896623;A;G;0.2194239944219589;200
100..300;5;133091159;G;GTT;0.1634619981050491;150
100..300;5;134566598;T;C;0.1189190000295639;125
100..300;5;134620978;A;G;0.1788620054721832;155
100..300;5;135029306;T;G;0.1875;125
100..300;5;135922416;A;G;0.194690003991127;150
100..300;5;135951340;C;T;0.2527079880237579;180
100..300;5;136429234;C;A;0.2311560064554214;150
100..300;5;138164976;A;G;0.3864310085773468;235
100..300;5;138398202;G;A;0.2461539953947067;170
100..300;5;138419119;A;G;0.1671469956636428;225
100..300;5;138424359;A;G;0.1986750066280365;110
100..300;5;138430377;A;G;0.2096219956874847;195
100..300;5;138571127;A;G;0.1548669934272766;150
100..300;5;139035427;A;G;0.2466959953308105;155
100..300;5;139121126;C;T;0.1740330010652542;245
100..300;5;140137463;G;A;0.1666669994592666;125
100..300;5;140228801;G;C;0.2103450000286102;190
100..300;5;140802149;G;A;0.3818179965019226;235
100..300;5;140807463;C;G;0.1400440037250518;295
100..300;5;140807737;T;C;0.3204419910907745;270
100..300;5;140821835;C;T;0.3553459942340851;240
100..300;5;140928161;G;C;0.308474987745285;205
100..300;5;140967127;C;T;0.3571430146694183;140
100..300;5;140967468;T;C;0.3281849920749664;190
100..300;5;141122595;A;G;0.3699420094490051;245
100..300;5;141150948;A;G;0.3630770146846771;235
100..300;5;141183164;A;G;0.3975540101528168;235
100..300;5;141184004;T;C;0.3697749972343445;105
100..300;5;141184473;C;G;0.1690479964017868;205
100..300;5;141184513;T;C;0.2185039967298507;290
100..300;5;141187690;T;G;0.3468010127544403;195
100..300;5;141187871;G;A;0.3790090084075928;235
100..300;5;141188452;C;T;0.438944011926651;235
100..300;5;141215771;C;G;0.2352939993143081;275
100..300;5;141241224;G;A;0.3759999871253967;265
100..300;5;141341387;C;T;0.1680220067501068;260
100..300;5;141360307;A;G;0.191780999302864;205
100..300;5;141395122;C;T;0.1907220035791397;270
100..300;5;141478678;T;C;0.1679999977350235;175
100..300;5;141639543;A;C;0.1875;215
100..300;5;141640314;C;G;0.1825840026140213;260
100..300;5;141644569;G;T;0.2116180062294006;170
100..300;5;141655383;T;C;0.1331170052289962;190
100..300;5;141864081;G;A;0.1723079979419708;240
100..300;5;141869398;G;T;0.1822780072689056;285
100..300;5;141930259;A;G;0.256410002708435;140
100..300;5;141955933;T;C;0.164803996682167;245
100..300;5;142771377;C;T;0.1156070008873939;125
100..300;5;143134121;G;A;0.2105260044336319;155
100..300;5;143281925;G;A;0.1695909947156906;105
100..300;5;143333158;TA;T;0.1799159944057464;120
100..300;5;146013801;T;C;0.2295079976320266;175
100..300;5;146062640;C;G;0.2323939949274063;205
100..300;5;147906491;A;G;0.4098359942436218;155
100..300;5;147923273;G;C;0.1847130060195922;110
100..300;5;148100464;A;G;0.2378049939870834;105
100..300;5;148100549;C;T;0.1797749996185302;115
100..300;5;148101392;G;A;0.21875;105
100..300;5;148101867;G;A;0.2129279971122741;170
100..300;5;148116744;A;G;0.2710840106010437;105
100..300;5;148118456;A;G;0.1827960014343261;115
100..300;5;148120053;T;C;0.2096769958734512;125
100..300;5;148120107;T;C;0.234375;135
100..300;5;148125553;A;G;0.1846150010824203;185
100..300;5;148131303;C;T;0.1938779950141906;130
100..300;5;148826812;T;C;0.218309998512268;100
100..300;5;148826877;A;G;0.1855670064687729;190
100..300;5;148826910;C;G;0.1656049937009811;215
100..300;5;149230713;A;C;0.1777780055999755;120
100..300;5;149240661;G;T;0.2235289961099624;115
100..300;5;149247940;T;C;0.1642509996891021;145
100..300;5;149944343;G;T;0.1985290050506591;180
100..300;5;150127140;A;G;0.2217389941215515;165
100..300;5;150127273;T;G;0.1834059953689575;170
100..300;5;150128912;T;C;0.2123890072107315;155
100..300;5;150128981;G;C;0.2150540053844452;190
100..300;5;150129548;T;C;0.4020099937915802;140
100..300;5;150129707;G;A;0.3604240119457245;205
100..300;5;150137672;A;G;0.1679999977350235;180
100..300;5;150140872;T;C;0.1535270065069198;175
100..300;5;150141407;G;A;0.1865079998970031;175
100..300;5;150141693;C;G;0.1951220035552978;200
100..300;5;150141754;ATG;A;0.1985020041465759;220
100..300;5;150142228;G;A;0.1657750010490417;140
100..300;5;150143064;A;T;0.1623039990663528;130
100..300;5;150144213;C;T;0.1941750049591064;140
100..300;5;150145626;A;G;0.1886789947748184;180
100..300;5;150146169;C;CTAT;0.1636359989643097;205
100..300;5;150153169;G;T;0.1281139999628067;200
100..300;5;150204634;A;G;0.391061007976532;130
100..300;5;150222659;G;GAC;0.1820580065250396;270
100..300;5;150396669;T;C;0.3370169997215271;240
100..300;5;150396792;C;G;0.1374569982290268;210
100..300;5;150405095;G;A;0.181207999587059;190
100..300;5;150446963;T;C;0.4009430110454559;140
100..300;5;150527971;G;T;0.2029850035905838;225
100..300;5;150528040;G;A;0.2294519990682602;210
100..300;5;151027895;C;T;0.3372780084609985;120
100..300;5;151030658;A;C;0.1677020043134689;105
100..300;5;151138797;G;A;0.3779070079326629;120
100..300;5;151138798;A;G;0.3699420094490051;120
100..300;5;151139427;A;G;0.1244810000061988;165
100..300;5;151267327;C;T;0.1676830053329467;225
100..300;5;151296240;T;C;0.1293710023164749;190
100..300;5;151522036;C;G;0.1121079996228218;150
100..300;5;151522069;T;G;0.1122990027070045;125
100..300;5;151525837;T;C;0.1889249980449676;205
100..300;5;151529252;A;G;0.1378089934587478;185
100..300;5;151674666;C;T;0.1886789947748184;175
100..300;5;152376455;T;G;0.4978899955749511;155
100..300;5;152392277;C;T;0.1848179996013641;205
100..300;5;152392291;A;G;0.174342006444931;205
100..300;5;152395503;G;C;0.211678996682167;180
100..300;5;152404622;A;G;0.1614910066127777;240
100..300;5;154559889;C;A;0.1572050005197525;170
100..300;5;154966699;G;A;0.1768710017204284;100
100..300;5;156344569;C;T;0.2314810007810592;210
100..300;5;156852012;T;C;0.1744190007448196;115
100..300;5;156852464;C;T;0.268570989370346;120
100..300;5;157518841;A;G;0.1497800052165985;150
100..300;5;157646739;T;G;0.1616159975528717;195
100..300;5;157648838;A;G;0.2292360067367553;205
100..300;5;157675177;G;A;0.2510119974613189;160
100..300;5;157731431;A;C;0.1549299955368042;150
100..300;5;157737881;C;T;0.3269230127334595;110
100..300;5;157737954;C;T;0.3333329856395721;140
100..300;5;160349630;T;C;0.2146890014410019;255
100..300;5;160687891;T;C;0.2398519963026046;190
100..300;5;161685998;A;G;0.215596005320549;150
100..300;5;168247467;A;G;0.1916929930448532;220
100..300;5;168248387;T;C;0.2316379994153976;125
100..300;5;168262291;T;C;0.1463409960269928;235
100..300;5;168486505;A;G;0.1348309963941574;115
100..300;5;168516822;A;G;0.2000000029802322;190
100..300;5;168671230;G;A;0.2254099994897842;175
100..300;5;168685702;A;G;0.1954549998044967;160
100..300;5;168710880;A;G;0.236966997385025;145
100..300;5;168748319;T;G;0.140625;210
100..300;5;169689340;A;G;0.2592589855194092;140
100..300;5;169695799;A;C;0.1919189989566803;130
100..300;5;169702418;G;A;0.4343889951705932;140
100..300;5;169883209;C;A;0.1869159936904907;220
100..300;5;172096432;A;G;0.1612900048494339;190
100..300;5;172422467;A;G;0.1532569974660873;170
100..300;5;172897894;T;A;0.3399010002613067;130
100..300;5;172914914;C;T;0.1723159998655319;250
100..300;5;172915026;GT;G;0.2259619981050491;165
100..300;5;173146764;C;T;0.3655909895896911;195
100..300;5;175510190;T;C;0.1484380066394806;170
100..300;5;175512211;T;C;0.1481480002403259;105
100..300;5;175526740;A;G;0.2046200037002563;200
100..300;5;176384092;A;G;0.2230969965457916;255
100..300;5;176568834;A;G;0.1527090072631836;145
100..300;5;176571207;G;T;0.1179490014910698;130
100..300;5;176571245;C;T;0.1285140067338943;175
100..300;5;176574188;A;G;0.1614580005407333;120
100..300;5;176590638;A;C;0.1717559993267059;170
100..300;5;176877298;C;T;0.1634619981050491;150
100..300;5;176889454;T;C;0.209999993443489;270
100..300;5;177089630;A;G;0.2148759961128235;235
100..300;5;177093242;A;G;0.1730770021677017;240
100..300;5;177307647;A;G;0.1815640032291412;245
100..300;5;177403626;A;G;0.1694920063018798;170
100..300;5;177504678;A;G;0.1775359958410263;190
100..300;5;177509645;T;C;0.1756370067596435;245
100..300;5;177971517;C;G;0.2095810025930404;225
100..300;5;177971535;A;G;0.195045992732048;230
100..300;5;177971816;C;T;0.1543619930744171;215
100..300;5;177971860;CA;C;0.2885909974575043;240
100..300;5;178153531;T;C;0.1601310074329376;210
100..300;5;178186295;T;C;0.2327589988708496;245
100..300;5;178187000;C;T;0.2033900022506714;260
100..300;5;178187182;C;T;0.1516129970550537;210
100..300;5;178697572;T;G;0.167272999882698;185
100..300;5;178867058;C;T;0.4048779904842376;135
100..300;5;178883445;T;C;0.3881579935550689;210
100..300;5;178964859;A;G;0.1841160058975219;190
100..300;5;179128044;A;G;0.1131500005722045;220
100..300;5;179135966;A;G;0.1706590056419372;215
100..300;5;179207618;T;C;0.3405410051345825;235
100..300;5;179207671;T;C;0.1886229962110519;215
100..300;5;179263724;A;G;0.2636820077896118;125
100..300;5;179589663;T;A;0.1893489956855774;110
100..300;5;179609356;A;G;0.1758790016174316;135
100..300;5;179618141;A;G;0.1962260007858276;185
100..300;5;179644865;G;A;0.1271820068359375;265
100..300;5;179722799;C;T;0.1428570002317428;120
100..300;5;179726796;T;C;0.1503269970417022;100
100..300;5;179766322;G;A;0.1432359963655471;270
100..300;5;179768866;A;G;0.183908000588417;120
100..300;5;179774463;A;G;0.1578949987888336;255
100..300;5;179774846;A;G;0.1652169972658157;160
100..300;5;179798324;A;G;0.1483049988746643;175
100..300;5;179833099;C;G;0.1340209990739822;195
100..300;5;179870268;A;G;0.1374409943819046;145
100..300;5;179875921;T;C;0.1354169994592666;130
100..300;5;179980158;C;T;0.211339995265007;125
100..300;5;180127602;T;C;0.1911109983921051;150
100..300;5;180128407;C;T;0.208633005619049;190
100..300;5;180553378;G;A;0.1627909988164901;115
100..300;5;180567252;T;C;0.1702129989862442;100
100..300;5;180603322;T;C;0.1470589935779571;215
100..300;5;180618911;A;G;0.0893855020403862;125
100..300;5;180625946;A;G;0.1708859950304031;220
100..300;5;180630231;A;C;0.1463409960269928;205
100..300;5;180630356;G;C;0.1850219964981079;155
100..300;5;180791668;G;A;0.2287819981575012;185
100..300;6;2679442;A;G;0.1724140048027038;225
100..300;6;2784337;A;G;0.1826480031013488;140
100..300;6;2836032;A;T;0.1724140048027038;160
100..300;6;2836036;T;A;0.1787440031766891;160
100..300;6;3006573;G;A;0.1939159929752349;185
100..300;6;3273223;G;A;0.1361699998378753;160
100..300;6;3289749;C;T;0.2277230024337768;140
100..300;6;5609271;C;T;0.1818179935216903;125
100..300;6;5972531;T;C;0.1823530048131942;115
100..300;6;5972934;A;T;0.2268369942903518;220
100..300;6;6222149;G;T;0.224138006567955;120
100..300;6;6269065;C;G;0.404444009065628;150
100..300;6;6318562;A;C;0.1281249970197677;210
100..300;6;7229113;C;T;0.1795669943094253;225
100..300;6;7229386;A;G;0.1798110008239746;220
100..300;6;7295372;G;A;0.2073169946670532;110
100..300;6;7405275;A;G;0.1917099952697754;125
100..300;6;7542020;A;G;0.1142060011625289;235
100..300;6;7555830;T;C;0.2358079999685287;150
100..300;6;7584384;T;C;0.3529410064220428;195
100..300;6;7590391;T;C;0.2857140004634857;165
100..300;6;7988088;G;A;0.2222220003604889;160
100..300;6;8427904;AAGT;A;0.344633013010025;120
100..300;6;8435221;C;T;0.2009570002555847;140
100..300;6;10398474;A;G;0.1841360032558441;235
100..300;6;10460327;C;T;0.2651929855346679;135
100..300;6;10709399;A;G;0.2025859951972961;155
100..300;6;10894148;A;G;0.2079209983348846;135
100..300;6;13599071;T;C;0.1706349998712539;170
100..300;6;13801383;C;T;0.1812500059604644;105
100..300;6;15468645;G;C;0.1058819964528083;220
100..300;6;15615406;A;G;0.280701994895935;120
100..300;6;16145094;G;A;0.187266007065773;180
100..300;6;16326380;A;C;0.1621620059013366;130
100..300;6;17531204;C;A;0.1412210017442703;185
100..300;6;17764299;T;C;0.1831399947404861;260
100..300;6;17794263;A;G;0.1666669994592666;140
100..300;6;18208184;A;G;0.157258003950119;160
100..300;6;18364915;G;A;0.2563030123710632;180
100..300;6;18366734;T;C;0.1693120002746582;130
100..300;6;22569960;C;T;0.3333329856395721;205
100..300;6;22570016;A;G;0.3018180131912231;175
100..300;6;24415152;A;G;0.2193879932165146;130
100..300;6;24532184;A;G;0.1705069988965988;135
100..300;6;24554534;C;T;0.1805559992790222;140
100..300;6;24809708;T;A;0.2083330005407333;145
100..300;6;24828262;T;C;0.2008550018072128;160
100..300;6;24976409;A;G;0.1118419989943504;110
100..300;6;25023951;G;T;0.1978799998760223;210
100..300;6;25092311;C;A;0.1869159936904907;135
100..300;6;25426540;A;G;0.1918600052595138;110
100..300;6;25435530;G;A;0.1695909947156906;115
100..300;6;25726393;T;C;0.1593219935894012;205
100..300;6;25914625;A;G;0.2247190028429031;240
100..300;6;25925759;A;G;0.1987950056791305;220
100..300;6;25983549;T;C;0.1632049977779388;235
100..300;6;26017314;C;T;0.2011490017175674;245
100..300;6;26017447;G;A;0.1589740067720413;270
100..300;6;26321887;T;C;0.1788990050554275;145
100..300;6;26321925;G;A;0.1860470026731491;175
100..300;6;26365358;C;T;0.2272730022668838;130
100..300;6;26365367;C;T;0.1914889961481094;125
100..300;6;26370344;T;C;0.1750739961862564;235
100..300;6;26370377;C;T;0.4144580066204071;290
100..300;6;26372893;A;G;0.2437500059604644;220
100..300;6;26372922;T;C;0.2309940010309219;230
100..300;6;26392287;C;G;0.1916379928588867;215
100..300;6;26405607;A;G;0.2289469987154007;250
100..300;6;26409662;C;G;0.1863639950752258;155
100..300;6;26409999;A;G;0.19930100440979;190
100..300;6;26413516;A;C;0.1621620059013366;280
100..300;6;26422926;C;T;0.1456950008869171;110
100..300;6;26423089;A;G;0.2182890027761459;225
100..300;6;26426259;A;G;0.2649010121822357;110
100..300;6;26431112;G;A;0.1598169952630996;155
100..300;6;26445981;T;C;0.1686750054359436;225
100..300;6;26463346;T;G;0.1754390001296997;265
100..300;6;26463347;T;G;0.1749999970197677;265
100..300;6;26463432;A;G;0.1341769993305206;255
100..300;6;26468098;A;G;0.1656980067491531;250
100..300;6;26468317;C;G;0.1756100058555603;285
100..300;6;26468432;A;G;0.1995410025119781;290
100..300;6;26504907;T;C;0.3475179970264435;110
100..300;6;26509154;T;C;0.1403509974479675;160
100..300;6;27310241;A;C;0.1567800045013427;175
100..300;6;27312073;C;T;0.1583109945058822;280
100..300;6;27452269;C;G;0.2090159952640533;170
100..300;6;27523520;A;G;0.204818993806839;165
100..300;6;27807896;G;A;0.1818179935216903;290
100..300;6;27807919;C;G;0.1607140004634857;240
100..300;6;27814750;C;T;0.0946969985961914;160
100..300;6;27814757;T;C;0.1054690033197403;165
100..300;6;27814760;A;T;0.1129029989242553;160
100..300;6;27867440;A;G;0.1557790040969848;150
100..300;6;27867494;C;T;0.2010580003261566;145
100..300;6;27911422;A;C;0.1823360025882721;245
100..300;6;27912204;G;A;0.1548119932413101;155
100..300;6;28129415;A;G;0.2297299951314926;145
100..300;6;28153120;A;G;0.17985600233078;190
100..300;6;28251883;A;G;0.1971330046653747;210
100..300;6;28301047;G;A;0.1847389936447143;190
100..300;6;28329536;A;T;0.1889529973268509;240
100..300;6;28398374;G;A;0.1590909957885742;155
100..300;6;28506441;G;C;0.1933329999446869;100
100..300;6;28515705;C;A;0.2050559967756271;235
100..300;6;28732312;C;T;0.1275720000267028;165
100..300;6;28732723;T;C;0.194690003991127;155
100..300;6;28861860;C;G;0.123710997402668;140
100..300;6;28923399;C;T;0.0889370962977409;290
100..300;6;29044290;T;C;0.2253520041704177;190
100..300;6;29044339;A;G;0.1879699975252151;190
100..300;6;29374998;A;G;0.1826480031013488;295
100..300;6;29553668;T;C;0.1111110001802444;125
100..300;6;29607226;A;G;0.1985819935798645;190
100..300;6;29608616;G;A;0.1753849983215332;230
100..300;6;29613264;G;A;0.137254998087883;140
100..300;6;29613333;G;A;0.1535840034484863;195
100..300;6;29613336;G;A;0.1557089984416961;195
100..300;6;29723936;C;A;0.1531530022621154;250
100..300;6;29726793;G;A;0.2157530039548874;210
100..300;6;29744398;G;C;0.1637630015611648;205
100..300;6;29745496;T;G;0.2552450001239776;220
100..300;6;29750767;T;C;0.3333329856395721;115
100..300;6;29750801;G;C;0.139831006526947;155
100..300;6;29751013;A;G;0.193693995475769;160
100..300;6;29779092;C;T;0.2047239989042282;165
100..300;6;29792219;C;T;0.191429004073143;240
100..300;6;29792411;A;G;0.2268909960985183;265
100..300;6;29792900;G;A;0.1635220050811767;110
100..300;6;29793042;C;A;0.1806280016899109;245
100..300;6;29801286;A;T;0.209439992904663;230
100..300;6;29801503;T;C;0.1788080036640167;210
100..300;6;29801555;A;G;0.1666669994592666;135
100..300;6;29801720;C;A;0.2802200019359588;120
100..300;6;29801730;T;A;0.2800000011920929;115
100..300;6;29803644;A;G;0.2254099994897842;180
100..300;6;29803844;G;C;0.1559139937162399;130
100..300;6;29803877;G;A;0.1755319982767105;120
100..300;6;29827859;A;G;0.3073050081729889;255
100..300;6;29827880;A;G;0.307328999042511;265
100..300;6;29827991;C;T;0.1709399968385696;160
100..300;6;29828032;T;C;0.118367001414299;170
100..300;6;29828326;C;T;0.323076993227005;190
100..300;6;29828338;C;A;0.3577980101108551;175
100..300;6;29828349;AC;A;0.4010420143604278;170
100..300;6;29828375;C;G;0.427711009979248;140
100..300;6;29828529;A;G;0.414342999458313;195
100..300;6;29828550;T;C;0.2305299937725067;250
100..300;6;29829919;G;A;0.4020099937915802;255
100..300;6;29830363;G;A;0.3240090012550354;280
100..300;6;29887956;T;C;0.1099739968776702;275
100..300;6;29888163;A;G;0.1695329993963241;285
100..300;6;29888168;G;A;0.1636359989643097;270
100..300;6;29890476;A;G;0.2214770019054412;125
100..300;6;29907831;C;G;0.1749999970197677;130
100..300;6;29926434;T;C;0.1737889945507049;240
100..300;6;29926612;C;A;0.2156250029802322;290
100..300;6;29926615;T;G;0.1749999970197677;295
100..300;6;29926616;G;C;0.0283911991864442;295
100..300;6;29926823;T;G;0.1169150024652481;285
100..300;6;29926826;G;A;0.1868689954280853;280
100..300;6;29926859;CA;C;0.25;215
100..300;6;29927189;T;C;0.1595740020275116;200
100..300;6;29927228;T;C;0.1523340046405792;280
100..300;6;29928328;A;G;0.2101909965276718;225
100..300;6;29928331;T;A;0.2203390002250671;215
100..300;6;29928335;T;C;0.2090590000152588;215
100..300;6;29928348;A;G;0.2605359852313995;205
100..300;6;29928480;T;C;0.1929820030927658;230
100..300;6;29928514;C;T;0.2099449932575225;245
100..300;6;29934088;C;G;0.2216490060091018;140
100..300;6;29943024;A;C;0.248649001121521;245
100..300;6;29944633;A;G;0.1684210002422332;240
100..300;6;29972201;A;C;0.2277780026197433;125
100..300;6;30007270;T;G;0.2341459989547729;175
100..300;6;30009368;C;G;0.2072730064392089;205
100..300;6;30032743;A;C;0.2533330023288727;115
100..300;6;30032910;C;T;0.248649001121521;130
100..300;6;30073259;A;G;0.1846150010824203;225
100..300;6;30198489;T;C;0.1875;265
100..300;6;30259648;G;C;0.2427179962396621;285
100..300;6;30259750;T;C;0.1889169961214065;285
100..300;6;30261490;C;G;0.1894740015268325;230
100..300;6;30643573;A;C;0.112745001912117;265
100..300;6;30741178;T;C;0.2287819981575012;190
100..300;6;30891080;T;C;0.1907220035791397;260
100..300;6;30897052;C;T;0.3841809928417206;220
100..300;6;30909425;C;T;0.1912750005722046;195
100..300;6;30909983;C;A;0.1764709949493408;260
100..300;6;30911142;C;T;0.1790120005607605;215
100..300;6;30920195;T;C;0.2134149968624115;235
100..300;6;30921612;C;T;0.1977010071277618;285
100..300;6;30925350;A;G;0.1661890000104904;230
100..300;6;30926164;A;G;0.19582200050354;260
100..300;6;30931747;C;T;0.191429004073143;245
100..300;6;30931794;T;C;0.1909089982509613;230
100..300;6;30953180;A;G;0.2000000029802322;125
100..300;6;31025536;T;C;0.1647939980030059;185
100..300;6;31025663;A;G;0.2193879932165146;280
100..300;6;31054392;G;A;0.1831679940223693;145
100..300;6;31056063;G;A;0.230336993932724;140
100..300;6;31056824;A;C;0.1987379938364029;220
100..300;6;31059616;C;A;0.2168669998645782;170
100..300;6;31059731;A;G;0.2471259981393814;125
100..300;6;31059739;A;G;0.244047999382019;120
100..300;6;31111663;T;C;0.2088450044393539;290
100..300;6;31142614;C;G;0.1611839979887008;190
100..300;6;31145306;A;G;0.2052119970321655;235
100..300;6;31148433;A;G;0.1674640029668808;285
100..300;6;31275763;A;G;0.2198950052261352;135
100..300;6;31275827;A;G;0.2236839979887008;165
100..300;6;31276069;T;G;0.2953589856624603;165
100..300;6;31276082;T;C;0.488986998796463;160
100..300;6;31276085;T;G;0.2000000029802322;165
100..300;6;31276107;A;G;0.5022420287132263;155
100..300;6;31276251;A;C;0.181207999587059;120
100..300;6;31277012;T;A;0.1654140055179596;100
100..300;6;31277303;A;G;0.2026430070400238;170
100..300;6;31277437;C;T;0.239436998963356;195
100..300;6;31278019;T;C;0.2209939956665039;135
100..300;6;31278044;G;A;0.1849710047245025;130
100..300;6;31278547;C;A;0.2655600011348724;180
100..300;6;31280392;T;C;0.193693995475769;150
100..300;6;31280485;A;G;0.1273410022258758;180
100..300;6;31280716;C;T;0.2232140004634857;225
100..300;6;31280791;A;G;0.1580380052328109;245
100..300;6;31280866;A;G;0.1661629974842071;235
100..300;6;31281109;T;C;0.1914190053939819;220
100..300;6;31281216;C;CT;0.2218749970197677;225
100..300;6;31281379;T;C;0.216729998588562;150
100..300;6;31281440;A;G;0.1764709949493408;120
100..300;6;31366645;C;T;0.2371129989624023;210
100..300;6;31411200;A;G;0.1818179935216903;245
100..300;6;31411282;T;A;0.1799309998750686;205
100..300;6;31411332;A;G;0.1434980034828186;165
100..300;6;31464036;G;A;0.1637170016765594;150
100..300;6;31506180;G;C;0.1837349981069564;230
100..300;6;31530467;GC;G;0.1987580060958862;220
100..300;6;31539285;C;G;0.2211540043354034;210
100..300;6;31546470;G;A;0.1686049997806549;235
100..300;6;31572916;C;G;0.1346150040626526;285
100..300;6;31582436;G;A;0.1904760003089904;205
100..300;6;31635993;G;A;0.1700000017881393;270
100..300;6;31639124;CAAAG;C;0.1954399943351745;210
100..300;6;31760120;T;C;0.2324160039424896;230
100..300;6;31761582;G;A;0.1547340005636215;290
100..300;6;31762197;A;G;0.1861200034618377;200
100..300;6;31883457;G;A;0.1694920063018798;225
100..300;6;32067917;T;C;0.1515150070190429;155
100..300;6;32223843;T;C;0.1993360072374344;205
100..300;6;32223881;TAGCAGC;T;0.1940789967775344;250
100..300;6;32288641;C;T;0.401197999715805;110
100..300;6;32325478;C;G;0.400748997926712;185
100..300;6;32332045;A;G;0.2222220003604889;110
100..300;6;32335915;A;T;0.1771769970655441;225
100..300;6;32349858;A;G;0.5087720155715942;115
100..300;6;32393965;C;CT;0.1111110001802444;125
100..300;6;32394032;C;T;0.1659190058708191;150
100..300;6;32394044;T;C;0.1848340034484863;145
100..300;6;32394862;A;G;0.1823060065507888;250
100..300;6;32394892;G;T;0.1866669952869415;250
100..300;6;32394925;C;T;0.1714289933443069;240
100..300;6;32394926;T;G;0.1714289933443069;240
100..300;6;32394964;T;C;0.2046200037002563;205
100..300;6;32394968;A;G;0.2087540030479431;200
100..300;6;32442433;C;T;0.1544120013713836;105
100..300;6;32442438;C;T;0.1474359929561615;115
100..300;6;32660224;C;T;0.4827589988708496;130
100..300;6;32661960;T;C;0.3058249950408935;215
100..300;6;32662091;G;A;0.433120995759964;270
100..300;6;32662159;T;C;0.5529410243034363;115
100..300;6;32741427;C;G;0.1590359956026077;220
100..300;6;32814610;A;G;0.204244002699852;265
100..300;6;32815309;G;A;0.1913580000400543;235
100..300;6;32816843;T;C;0.2642279863357544;170
100..300;6;32830099;G;A;0.1826349943876266;235
100..300;6;32837529;T;C;0.1757580041885376;235
100..300;6;32847125;T;C;0.1222570016980171;210
100..300;6;32847198;C;T;0.1198349967598915;160
100..300;6;32848666;T;C;0.147267997264862;280
100..300;6;32852191;A;G;0.1979430019855499;255
100..300;6;32853022;A;C;0.1839759945869445;250
100..300;6;32938939;C;T;0.1555559933185577;270
100..300;6;32949634;T;C;0.1301199942827224;295
100..300;6;32969266;A;G;0.132530003786087;110
100..300;6;32969271;A;C;0.1317369937896728;110
100..300;6;32970297;T;G;0.1603769958019256;145
100..300;6;32974446;GT;G;0.1744969934225082;220
100..300;6;32977848;T;C;0.1978799998760223;185
100..300;6;33007157;A;G;0.1335310041904449;225
100..300;6;33007604;G;A;0.3614130020141601;255
100..300;6;33008092;A;G;0.1862349957227707;170
100..300;6;33068658;G;T;0.1652169972658157;240
100..300;6;33069303;A;G;0.1840000003576278;255
100..300;6;33069305;G;A;0.1830600053071975;250
100..300;6;33069745;C;T;0.1887550055980682;170
100..300;6;33069780;T;C;0.1365460008382797;160
100..300;6;33069802;T;A;0.1189429983496666;150
100..300;6;33069803;G;T;0.1222710013389587;150
100..300;6;33069849;G;C;0.168950006365776;150
100..300;6;33069898;A;C;0.1517239958047866;100
100..300;6;33076153;G;A;0.2127660065889358;190
100..300;6;33079655;C;A;0.2487310022115707;140
100..300;6;33079689;C;T;0.2587060034275055;135
100..300;6;33084959;A;G;0.045584000647068;270
100..300;6;33084966;C;T;0.125;280
100..300;6;33085209;C;T;0.1725769937038421;290
100..300;6;33085249;G;C;0.1892859935760498;210
100..300;6;33085905;A;G;0.2483869940042495;210
100..300;6;33086205;C;G;0.1440439969301223;235
100..300;6;33092287;A;G;0.1868689954280853;130
100..300;6;33103823;A;C;0.1818179935216903;195
100..300;6;33103931;A;G;0.1614039987325668;195
100..300;6;33103977;A;C;0.187049999833107;185
100..300;6;33104000;G;A;0.1935479938983917;155
100..300;6;33106012;C;T;0.2962960004806518;105
100..300;6;33106125;C;A;0.2244900017976761;130
100..300;6;33128113;T;A;0.1447370052337646;165
100..300;6;33170900;A;G;0.2336450070142746;215
100..300;6;33171551;T;C;0.1621620059013366;275
100..300;6;33185058;T;A;0.180645003914833;210
100..300;6;33202118;G;C;0.18401899933815;290
100..300;6;33669130;T;C;0.3602479994297027;105
100..300;6;33670403;T;C;0.3573200106620788;265
100..300;6;33673602;C;T;0.3035709857940674;145
100..300;6;33735453;A;G;0.1666669994592666;180
100..300;6;35078666;C;G;0.2083330005407333;155
100..300;6;35120604;G;C;0.2053229957818985;170
100..300;6;35122320;C;T;0.1695650070905685;150
100..300;6;35140776;G;T;0.1705880016088485;100
100..300;6;35835415;A;C;0.1661020070314407;190
100..300;6;36217904;C;G;0.2323230057954788;125
100..300;6;36327087;G;A;0.2105260044336319;135
100..300;6;36373517;T;C;0.1245900020003318;190
100..300;6;36673769;A;C;0.1612900048494339;175
100..300;6;36677811;C;A;0.4043720066547394;125
100..300;6;36677919;G;A;0.4031620025634765;160
100..300;6;36684562;G;C;0.3779070079326629;120
100..300;6;36715518;A;G;0.1281249970197677;210
100..300;6;36822164;CG;C;0.1544400006532669;180
100..300;6;36856623;T;C;0.2651009857654571;185
100..300;6;36954908;C;A;0.1982250064611435;230
100..300;6;36963386;G;A;0.1911260038614273;210
100..300;6;37011058;G;A;0.1538459956645965;150
100..300;6;37381257;A;G;0.1661020070314407;200
100..300;6;38984222;T;C;0.159183993935585;155
100..300;6;39065817;A;G;0.1893489956855774;115
100..300;6;39311018;C;G;0.2894740104675293;100
100..300;6;39861039;A;G;0.1759040057659149;275
100..300;6;41198102;C;T;0.3641299903392792;115
100..300;6;41786805;T;G;0.1354169994592666;200
100..300;6;42104954;T;G;0.1690959930419922;220
100..300;6;42857169;A;G;0.1755950003862381;210
100..300;6;43143604;C;G;0.1862069964408874;110
100..300;6;43305866;G;A;0.3632290065288543;145
100..300;6;43433367;A;G;0.2458100020885467;125
100..300;6;43445127;C;T;0.1963469982147216;160
100..300;6;43450953;A;G;0.1698109954595565;270
100..300;6;43450995;A;G;0.1666669994592666;285
100..300;6;43528924;C;A;0.191780999302864;150
100..300;6;44113834;A;G;0.2105260044336319;120
100..300;6;44180084;G;A;0.2181819975376129;150
100..300;6;44250173;G;A;0.2067510038614273;165
100..300;6;44343117;A;G;0.2462120056152343;165
100..300;6;46161608;A;G;0.2207359969615936;210
100..300;6;46167752;C;T;0.1846150010824203;235
100..300;6;46168247;T;G;0.2017170041799545;160
100..300;6;46652503;T;C;0.1666669994592666;215
100..300;6;46711566;G;A;0.1561180055141449;155
100..300;6;46835281;T;A;0.169291004538536;170
100..300;6;46835365;G;A;0.1788620054721832;240
100..300;6;49728760;T;G;0.4523810148239136;115
100..300;6;50823871;C;CACAA;0.1307689994573593;120
100..300;6;50823879;G;A;0.1353379935026168;105
100..300;6;51721973;A;G;0.4152050018310547;110
100..300;6;51748379;T;C;0.4280439913272857;200
100..300;6;51856040;C;T;0.2261310070753097;135
100..300;6;51856074;G;A;0.2323939949274063;105
100..300;6;52479101;C;T;0.2041669934988021;165
100..300;6;52984544;G;A;0.2554109990596771;155
100..300;6;53652237;A;G;0.1658290028572082;130
100..300;6;53897294;G;A;0.1910829991102218;105
100..300;6;54321349;C;T;0.4197529852390289;150
100..300;6;54485378;A;G;0.1775700002908706;160
100..300;6;54625188;A;G;0.218542993068695;110
100..300;6;54625192;G;A;0.2108840048313141;105
100..300;6;56432770;A;G;0.1961410045623779;220
100..300;6;56508738;T;C;0.2355210036039352;175
100..300;6;56598612;C;T;0.2216490060091018;130
100..300;6;56605753;A;T;0.2484470009803772;120
100..300;6;56605892;A;G;0.3010750114917755;135
100..300;6;56606604;A;G;0.2697100043296814;170
100..300;6;56606852;T;C;0.2387389987707138;165
100..300;6;56607197;T;C;0.2673990130424499;200
100..300;6;56618003;G;C;0.215596005320549;155
100..300;6;56619960;T;C;0.2168669998645782;235
100..300;6;63788162;A;T;0.177606001496315;165
100..300;6;63984461;T;C;0.2901790142059326;150
100..300;6;64912570;G;A;0.4745759963989258;160
100..300;6;65295995;T;C;0.303737998008728;140
100..300;6;65495052;A;G;0.2519690096378326;190
100..300;6;66094179;G;C;0.1730770021677017;230
100..300;6;70180332;A;G;0.2202170044183731;190
100..300;6;70234554;C;T;0.191780999302864;145
100..300;6;70272091;G;A;0.268570989370346;115
100..300;6;70859387;C;T;0.4273859858512878;160
100..300;6;71301876;G;GAGA;0.1835439950227737;220
100..300;6;71584899;C;G;0.2046509981155395;150
100..300;6;72987585;A;G;0.1904760003089904;160
100..300;6;73292207;G;A;0.1941750049591064;210
100..300;6;73309615;A;G;0.1481480002403259;195
100..300;6;73309653;C;T;0.1518519967794418;180
100..300;6;73638419;C;T;0.1842110008001327;155
100..300;6;73766936;GT;G;0.1832460016012191;135
100..300;6;73787286;G;A;0.2470120042562484;170
100..300;6;73787429;A;G;0.1305969953536987;185
100..300;6;75314644;T;C;0.2217739969491958;180
100..300;6;75666836;A;G;0.3317970037460327;135
100..300;6;75715572;G;A;0.458065003156662;105
100..300;6;75889187;G;A;0.1823530048131942;105
100..300;6;75915024;T;C;0.2727270126342773;105
100..300;6;75931086;A;G;0.2010869979858398;120
100..300;6;78903083;A;G;0.1656440049409866;115
100..300;6;78947674;A;G;0.1888889968395233;115
100..300;6;78969860;G;A;0.1494249999523162;120
100..300;6;81751803;G;A;0.1270489990711212;180
100..300;6;81757390;C;T;0.1409689933061599;140
100..300;6;82142827;G;A;0.1695909947156906;115
100..300;6;82223592;T;C;0.1970440000295639;135
100..300;6;84430460;C;A;0.2203390002250671;135
100..300;6;84430595;A;C;0.1737450063228607;180
100..300;6;85288182;A;G;0.3296700119972229;125
100..300;6;85490559;A;T;0.1666669994592666;170
100..300;6;85735754;C;T;0.1801799982786178;155
100..300;6;87086443;GA;G;0.1824820041656494;115
100..300;6;87514446;C;T;0.2119569927453994;125
100..300;6;87677985;C;A;0.2236019968986511;110
100..300;6;88143916;T;C;0.1696970015764236;230
100..300;6;89158471;GT;G;0.2907800078392029;100
100..300;6;89329951;C;G;0.3911289870738983;175
100..300;6;89613905;C;T;0.1860470026731491;120
100..300;6;89630557;A;G;0.1314879953861236;195
100..300;6;89630727;T;C;0.1994750052690506;260
100..300;6;89658661;A;G;0.2076119929552078;195
100..300;6;89662855;C;A;0.2093749940395355;205
100..300;6;89680724;A;C;0.1520909965038299;180
100..300;6;89687413;C;G;0.1862349957227707;155
100..300;6;89692763;A;G;0.1290320008993148;200
100..300;6;89698870;G;A;0.2396309971809387;140
100..300;6;89789783;A;G;0.1375000029802322;115
100..300;6;89819624;T;C;0.1470589935779571;135
100..300;6;89830289;A;C;0.2300889939069748;160
100..300;6;89932639;A;G;0.1914059966802597;185
100..300;6;89932774;A;G;0.1571909934282302;210
100..300;6;89950600;C;T;0.2131579965353012;270
100..300;6;96648521;T;C;0.1640210002660751;120
100..300;6;98179534;A;C;0.2477059960365295;145
100..300;6;98835296;ACAG;A;0.1134330034255981;220
100..300;6;98926524;A;G;0.1666669994592666;175
100..300;6;99371503;C;T;0.4198470115661621;165
100..300;6;99377472;C;T;0.2169310003519058;115
100..300;6;99446210;G;C;0.2019869983196258;215
100..300;6;99867151;G;A;0.4625000059604645;105
100..300;6;100516271;C;G;0.2048780024051666;135
100..300;6;100718219;A;G;0.2244900017976761;125
100..300;6;105402837;G;A;0.3268480002880096;150
100..300;6;106519310;C;A;0.148276001214981;200
100..300;6;106551947;A;G;0.1881719976663589;115
100..300;6;107070009;T;C;0.1828570067882537;250
100..300;6;107721012;T;C;0.1290320008993148;145
100..300;6;107893490;T;C;0.2387100011110305;110
100..300;6;108477295;G;A;0.2294120043516159;110
100..300;6;108785847;G;A;0.162879005074501;185
100..300;6;108785883;T;C;0.1718209981918335;200
100..300;6;108786207;G;C;0.2137680053710937;195
100..300;6;109196503;A;G;0.4093570113182068;115
100..300;6;109198408;A;G;0.4488640129566192;120
100..300;6;109198420;T;C;0.4426229894161224;125
100..300;6;109199592;G;C;0.1803279966115951;165
100..300;6;109227101;T;C;0.1581030040979385;165
100..300;6;109227510;T;C;0.2321429997682571;145
100..300;6;109264859;T;C;0.3857679963111877;175
100..300;6;109286353;A;G;0.4921469986438751;125
100..300;6;110425059;T;C;0.2244900017976761;135
100..300;6;110438805;G;A;0.1347520053386688;180
100..300;6;111266001;G;A;0.1916379928588867;205
100..300;6;112061110;T;G;0.1666669994592666;230
100..300;6;112087407;C;T;0.2620689868927002;190
100..300;6;112114061;G;T;0.1656440049409866;105
100..300;6;112114070;C;A;0.1511629968881607;110
100..300;6;112114709;T;A;0.1785710006952285;125
100..300;6;112356173;A;C;0.1416999995708465;165
100..300;6;116278502;C;T;0.2216490060091018;135
100..300;6;116399324;T;C;0.1948049962520599;215
100..300;6;116765215;A;C;0.1589149981737136;175
100..300;6;116792490;C;T;0.2857140004634857;160
100..300;6;116792862;A;G;0.25;200
100..300;6;116793060;A;T;0.2806319892406463;180
100..300;6;117387808;T;C;0.1963189989328384;115
100..300;6;117404285;G;T;0.2205130010843277;140
100..300;6;117409656;A;G;0.1848340034484863;130
100..300;6;117431994;T;C;0.2229730039834976;195
100..300;6;117548123;T;G;0.1818179935216903;115
100..300;6;117548261;A;G;0.1932110041379928;255
100..300;6;118502812;G;A;0.2078649997711181;120
100..300;6;118566140;C;T;0.2103659957647323;235
100..300;6;118894542;A;G;0.1049719974398613;115
100..300;6;118923859;T;C;0.2369939982891082;130
100..300;6;119348712;T;C;0.2222220003604889;125
100..300;6;124282244;G;A;0.1258279979228973;100
100..300;6;124936991;T;C;0.1987179964780807;100
100..300;6;125252048;G;A;0.2056739926338195;185
100..300;6;125957084;C;G;0.3355259895324707;190
100..300;6;126258237;T;C;0.2249000072479248;175
100..300;6;126258242;A;G;0.2184869945049286;165
100..300;6;128929678;CT;C;0.1879429966211319;205
100..300;6;129313110;A;G;0.3728809952735901;125
100..300;6;129486569;A;G;0.3714289963245392;165
100..300;6;129831375;C;A;0.4387100040912628;100
100..300;6;130440659;T;C;0.1889760047197342;190
100..300;6;130956280;C;G;0.1901639997959137;215
100..300;6;131674173;G;A;0.2627739906311035;100
100..300;6;131851228;C;A;0.1848739981651306;150
100..300;6;132315681;G;C;0.2608700096607208;130
100..300;6;132570617;G;A;0.2257139980792999;260
100..300;6;132997785;A;G;0.2150000035762787;140
100..300;6;134262022;C;G;0.1601420044898986;200
100..300;6;134966395;G;A;0.24686199426651;150
100..300;6;135037429;G;T;0.2012580037117004;120
100..300;6;138908735;T;C;0.1685390025377273;170
100..300;6;139247906;C;T;0.1826920062303543;140
100..300;6;143501975;A;G;0.1822219938039779;145
100..300;6;143502020;C;T;0.1827960014343261;175
100..300;6;143503967;T;G;0.2019229978322982;150
100..300;6;143760472;T;C;0.218978002667427;185
100..300;6;147314249;G;C;0.4740259945392608;100
100..300;6;147314277;G;A;0.4406780004501343;115
100..300;6;147359223;G;A;0.4563109874725342;140
100..300;6;147508937;T;C;0.1627909988164901;115
100..300;6;148544121;G;A;0.3480660021305084;255
100..300;6;149836209;A;G;0.1773259937763214;230
100..300;6;150043291;C;G;0.1647060066461563;120
100..300;6;150064594;G;T;0.2204079926013946;170
100..300;6;150831121;G;A;0.1729959994554519;170
100..300;6;151573432;A;G;0.2283460050821304;180
100..300;6;152098960;A;G;0.1458330005407333;130
100..300;6;152132156;A;G;0.1215469986200332;120
100..300;6;152143704;G;A;0.1470589935779571;185
100..300;6;152208125;A;G;0.1477269977331161;240
100..300;6;152451129;G;A;0.2262769937515258;175
100..300;6;152463486;C;T;0.2565790116786957;105
100..300;6;152994560;T;C;0.1838240027427673;145
100..300;6;153043965;C;A;0.2191780060529709;140
100..300;6;153091341;T;C;0.1509429961442947;110
100..300;6;153091342;G;A;0.1493510007858276;110
100..300;6;154039373;T;G;0.1642860025167465;205
100..300;6;154442267;A;G;0.1789879947900772;185
100..300;6;157186564;C;G;0.2162159979343414;100
100..300;6;157299382;G;C;0.1497330069541931;130
100..300;6;158237433;A;T;0.1797389984130859;205
100..300;6;158237830;G;T;0.1972479969263076;160
100..300;6;158242200;G;GA;0.1541499942541122;180
100..300;6;158621570;G;C;0.2155690044164657;115
100..300;6;158644726;G;C;0.0823045000433921;145
100..300;6;158725899;C;T;0.1847130060195922;115
100..300;6;158763430;G;A;0.377698004245758;185
100..300;6;158764531;A;T;0.3725489974021911;205
100..300;6;158767096;G;A;0.4479170143604278;135
100..300;6;158769768;G;C;0.1658769994974136;145
100..300;6;158770756;T;C;0.209524005651474;140
100..300;6;158784636;A;G;0.3965010046958923;215
100..300;6;158841921;C;T;0.260464996099472;160
100..300;6;159232998;A;G;0.1496060043573379;275
100..300;6;159692840;G;A;0.1598359942436218;160
100..300;6;159713959;T;C;0.1589599996805191;220
100..300;6;159775311;G;A;0.175925999879837;145
100..300;6;159777363;A;G;0.2046979963779449;200
100..300;6;159778655;C;T;0.2045450061559677;125
100..300;6;159790604;A;G;0.1871789991855621;255
100..300;6;159790613;G;GGTT;0.1820580065250396;255
100..300;6;159803980;G;T;0.1066669970750808;100
100..300;6;159907588;T;C;0.1955720037221908;180
100..300;6;160032946;G;A;0.2014389932155609;100
100..300;6;160043257;A;G;0.1822659969329834;145
100..300;6;160084175;G;A;0.1484719961881637;160
100..300;6;160096449;T;C;0.191780999302864;155
100..300;6;160103741;A;T;0.0895522013306617;130
100..300;6;160122091;C;T;0.1695400029420852;255
100..300;6;160136537;T;C;0.1171170026063919;155
100..300;6;160139813;G;A;0.1189799979329109;250
100..300;6;160139848;C;CATG;0.1284050047397613;195
100..300;6;160139865;C;CTGGTAAGT;0.1333329975605011;170
100..300;6;160155979;A;G;0.1214950010180473;140
100..300;6;160585045;T;C;0.2989130020141601;130
100..300;6;160706469;G;A;0.2022790014743805;235
100..300;6;160711114;T;C;0.378504991531372;135
100..300;6;160718825;G;A;0.4478259980678558;160
100..300;6;160722576;C;T;0.4306220114231109;140
100..300;6;160731208;A;G;0.443787008523941;120
100..300;6;160739051;A;G;0.4084509909152984;145
100..300;6;161136630;A;G;0.3990150094032287;140
100..300;6;161749007;T;C;0.1768710017204284;190
100..300;6;162568468;A;G;0.1641789972782135;175
100..300;6;162568950;G;C;0.1739130020141601;110
100..300;6;162569040;G;A;0.2254340052604675;115
100..300;6;162569113;A;G;0.25;100
100..300;6;162569527;T;C;0.1374049931764602;185
100..300;6;163096003;A;T;0.2235769927501678;165
100..300;6;165299438;A;G;0.1576579958200454;150
100..300;6;165300472;C;A;0.1973090022802353;140
100..300;6;165301971;C;G;0.2282959967851638;230
100..300;6;165302184;G;A;0.159509003162384;225
100..300;6;165894602;T;A;0.155689001083374;110
100..300;6;165894603;C;T;0.1607140004634857;115
100..300;6;166326158;C;T;0.2053570002317428;155
100..300;6;166448745;C;T;0.2000000029802322;160
100..300;6;166459522;T;C;0.2206410020589828;180
100..300;6;167136287;C;T;0.2080290019512176;200
100..300;6;167297930;G;A;0.2064519971609115;105
100..300;6;167305948;A;G;0.4179689884185791;165
100..300;6;168063722;T;C;0.1422760039567947;160
100..300;6;168288977;A;G;0.2652519941329956;260
100..300;6;168608142;T;TC;0.1958329975605011;165
100..300;6;168667230;T;G;0.205263003706932;130
100..300;6;169232210;A;AG;0.195265993475914;130
100..300;6;169248672;A;G;0.133880004286766;250
100..300;6;169762419;C;A;0.3854170143604278;130
100..300;6;170017397;C;T;0.1845490038394928;160
100..300;6;170553212;C;G;0.2537310123443603;180
100..300;6;170569705;C;T;0.4491530060768127;165
100..300;6;170583012;C;T;0.3797470033168793;110
100..300;7;256773;A;G;0.3862429857254028;130
100..300;7;860398;A;G;0.3781090080738067;135
100..300;7;886080;A;G;0.3498350083827972;195
100..300;7;892323;A;G;0.1681420058012008;140
100..300;7;988812;T;C;0.1812299937009811;210
100..300;7;1057638;T;C;0.1790120005607605;225
100..300;7;1093084;A;G;0.1629959940910339;150
100..300;7;1898365;A;G;0.1660230010747909;170
100..300;7;1936796;T;C;0.1535090059041977;290
100..300;7;2069347;C;G;0.1500000059604644;150
100..300;7;2475153;T;C;0.1952189952135086;165
100..300;7;2712425;T;C;0.1783220022916793;200
100..300;7;2930046;A;G;0.1666669994592666;185
100..300;7;2937133;A;G;0.1584160029888153;205
100..300;7;3987312;G;C;0.1512199938297271;135
100..300;7;4077033;A;G;0.2533940076828003;150
100..300;7;4270733;T;C;0.1654929965734481;180
100..300;7;4762404;G;A;0.1410260051488876;160
100..300;7;4805681;G;T;0.2007170021533966;185
100..300;7;4834789;C;G;0.1092899963259697;120
100..300;7;4836426;T;C;0.1341850012540817;195
100..300;7;4860710;A;G;0.179419994354248;275
100..300;7;4993791;C;T;0.2369939982891082;115
100..300;7;4996797;A;C;0.2234040051698684;200
100..300;7;5064644;A;G;0.2374999970197677;170
100..300;7;5064728;A;G;0.2819379866123199;170
100..300;7;5072923;C;A;0.203125;140
100..300;7;5228093;G;A;0.1740889996290207;160
100..300;7;5228218;G;C;0.2783510088920593;130
100..300;7;5302782;C;T;0.3417089879512787;140
100..300;7;5352071;G;C;0.4377680122852325;155
100..300;7;5357084;C;T;0.3297300040721893;260
100..300;7;5394476;A;G;0.1822540014982223;285
100..300;7;5527965;T;C;0.148485004901886;260
100..300;7;5528735;G;A;0.193693995475769;175
100..300;7;6026830;C;T;0.1207550019025802;185
100..300;7;6031484;G;A;0.1657460033893585;240
100..300;7;6153890;C;G;0.1435189992189407;145
100..300;7;6154121;A;G;0.1412640064954757;180
100..300;7;6154752;T;C;0.1500000059604644;175
100..300;7;6402039;C;T;0.1705880016088485;120
100..300;7;6924696;T;C;0.2181210070848465;195
100..300;7;7373518;C;T;0.1712329983711242;210
100..300;7;12389115;A;G;0.1677020043134689;110
100..300;7;12423483;T;C;0.1966290026903152;120
100..300;7;12471686;A;G;0.2599120140075683;150
100..300;7;12472298;G;T;0.2462120056152343;190
100..300;7;16464307;G;C;0.204818993806839;110
100..300;7;16544845;G;A;0.234375;125
100..300;7;16783492;G;T;0.1798940002918243;125
100..300;7;16864444;C;T;0.1408050060272216;250
100..300;7;16864813;C;T;0.2747879922389984;250
100..300;7;16865874;A;G;0.1978020071983337;130
100..300;7;16873833;G;A;0.15625;135
100..300;7;17339486;A;G;0.2041880041360855;140
100..300;7;19145123;CTCT;C;0.1746480017900467;260
100..300;7;20723023;T;G;0.1230769976973533;135
100..300;7;21221365;A;C;0.1574070006608963;215
100..300;7;21543299;T;C;0.1770190000534057;220
100..300;7;21725834;T;C;0.3733330070972442;100
100..300;7;21892426;T;C;0.4036140143871307;115
100..300;7;21916787;A;G;0.1493210047483444;155
100..300;7;22438588;T;G;0.4147289991378784;170
100..300;7;23273552;C;T;0.1873019933700561;205
100..300;7;23689297;A;G;0.158730000257492;125
100..300;7;23689312;C;T;0.1722490042448043;135
100..300;7;23698272;G;A;0.1887550055980682;165
100..300;7;24717332;T;C;0.1596090048551559;200
100..300;7;24871738;G;T;0.1991699934005737;155
100..300;7;25168355;C;T;0.1867469996213913;215
100..300;7;25168375;A;G;0.1699720025062561;230
100..300;7;25226781;A;G;0.2159090042114257;190
100..300;7;28279388;A;T;0.2191359996795654;230
100..300;7;28279615;C;A;0.2513090074062347;140
100..300;7;29883956;C;T;0.1445309966802597;160
100..300;7;29884605;C;T;0.1274510025978088;140
100..300;7;30755715;G;A;0.2125339955091476;265
100..300;7;30922175;A;G;0.1470589935779571;210
100..300;7;31529836;A;T;0.2320439964532852;120
100..300;7;31642839;T;C;0.1720120012760162;245
100..300;7;31643796;A;G;0.216606006026268;195
100..300;7;31692475;G;C;0.2226559966802597;165
100..300;7;31707223;T;C;0.2048610001802444;190
100..300;7;32169847;T;C;0.2679249942302704;175
100..300;7;32472312;A;G;0.185366004705429;275
100..300;7;32559018;A;T;0.1818179935216903;200
100..300;7;32559044;T;C;0.1647060066461563;180
100..300;7;32583865;G;C;0.1335500031709671;195
100..300;7;32869570;A;G;0.2195120006799698;150
100..300;7;32988571;A;G;0.2068970054388046;155
100..300;7;34750392;T;C;0.189189001917839;155
100..300;7;34750737;A;G;0.1781609952449798;120
100..300;7;34751230;C;G;0.2244320064783096;240
100..300;7;34751340;C;T;0.2846440076828003;205
100..300;7;34751589;A;G;0.1985560059547424;200
100..300;7;34751723;A;G;0.2380950003862381;200
100..300;7;34778501;T;A;0.2463050037622451;135
100..300;7;34811781;G;C;0.1684210002422332;120
100..300;7;35147875;T;C;0.2070479989051818;150
100..300;7;36399100;G;C;0.1271679997444152;115
100..300;7;36406512;G;A;0.1865669935941696;180
100..300;7;36415868;C;T;0.2771080136299133;110
100..300;7;36855737;T;C;0.1686750054359436;110
100..300;7;37741197;A;C;0.1931030005216598;205
100..300;7;37876853;G;A;0.1871349960565567;120
100..300;7;38291680;AAAGTGG;A;0.2458100020885467;150
100..300;7;38317248;T;C;0.2121209949254989;200
100..300;7;38391829;G;A;0.1943569928407669;225
100..300;7;38391835;T;C;0.2031749933958053;225
100..300;7;38391880;A;C;0.1903409957885742;245
100..300;7;38476848;T;G;0.181207999587059;115
100..300;7;40274566;A;G;0.2393819987773895;170
100..300;7;41965989;A;G;0.2115380018949508;135
100..300;7;41965990;A;C;0.213591992855072;135
100..300;7;42172590;C;T;0.3916079998016357;290
100..300;7;43248885;G;A;0.3858270049095154;160
100..300;7;43479738;C;T;0.2021860033273697;130
100..300;7;43866914;G;A;0.1879429966211319;190
100..300;7;43926562;A;C;0.1296930015087127;180
100..300;7;43965914;A;G;0.4541670083999634;135
100..300;7;44060774;T;C;0.3519310057163238;155
100..300;7;44108954;G;A;0.4043720066547394;130
100..300;7;44112925;AG;A;0.3647060096263885;185
100..300;7;44139027;G;A;0.3157890141010284;150
100..300;7;44220107;A;G;0.1496060043573379;250
100..300;7;44220272;T;C;0.1708189994096756;185
100..300;7;44969726;A;G;0.4196889996528625;130
100..300;7;45085867;C;G;0.1908130049705505;195
100..300;7;45086066;A;G;0.1974110007286071;195
100..300;7;45101315;T;C;0.427711009979248;115
100..300;7;45186189;A;C;0.1469649970531463;200
100..300;7;45186223;A;G;0.1550150066614151;210
100..300;7;45662163;T;C;0.1609590053558349;195
100..300;7;45664372;A;G;0.1908130049705505;190
100..300;7;45866173;A;G;0.1865890026092529;230
100..300;7;45872996;T;C;0.4188480079174042;125
100..300;7;47873982;A;G;0.155797004699707;185
100..300;7;47874017;A;G;0.1555559933185577;150
100..300;7;47876079;G;A;0.2166669964790344;120
100..300;7;47994330;T;C;0.2131150066852569;195
100..300;7;48389118;T;A;0.2190479934215545;145
100..300;7;48466969;G;A;0.1929260045289993;215
100..300;7;48467045;G;A;0.1895159929990768;170
100..300;7;48483172;AT;A;0.198630005121231;110
100..300;7;50134181;G;A;0.2333330065011978;165
100..300;7;50136085;T;C;0.1734690070152282;135
100..300;7;50141376;T;C;0.2009350061416626;150
100..300;7;50528202;C;T;0.1941750049591064;135
100..300;7;51600444;A;G;0.3950619995594024;175
100..300;7;51600494;A;G;0.4200739860534668;185
100..300;7;51600578;T;C;0.4371579885482788;130
100..300;7;53035861;G;C;0.351514995098114;235
100..300;7;53035878;A;G;0.3687500059604645;230
100..300;7;53188055;G;A;0.1463409960269928;125
100..300;7;53188370;T;C;0.1965319961309433;235
100..300;7;53188825;C;T;0.2217389941215515;160
100..300;7;54419901;T;C;0.282927006483078;145
100..300;7;54420187;T;A;0.168831005692482;205
100..300;7;54553999;A;G;0.1751150041818618;150
100..300;7;55201256;G;A;0.1416669934988021;160
100..300;7;55259906;G;A;0.1657460033893585;115
100..300;7;55638582;C;T;0.244604006409645;100
100..300;7;55645624;C;A;0.2360000014305114;180
100..300;7;55732178;G;C;0.1857510060071945;275
100..300;7;55798604;A;G;0.126581996679306;110
100..300;7;55939883;T;C;0.1828570067882537;235
100..300;7;56068501;T;C;0.1884820014238357;125
100..300;7;56081669;T;C;0.1554049998521804;195
100..300;7;56081717;A;G;0.1762710064649582;195
100..300;7;56228709;G;A;0.2372879981994629;125
100..300;7;56228860;T;G;0.1694920063018798;165
100..300;7;56228905;G;A;0.1767240017652511;165
100..300;7;56229035;G;A;0.1829269975423813;175
100..300;7;56229053;C;T;0.1929129958152771;180
100..300;7;56229231;T;C;0.2435899972915649;175
100..300;7;56229291;T;C;0.2326530069112777;175
100..300;7;56229509;G;C;0.1376519948244094;170
100..300;7;56229694;T;C;0.159170001745224;185
100..300;7;56229753;T;C;0.1910569965839386;170
100..300;7;57425167;A;G;0.2903229892253876;165
100..300;7;63113858;G;T;0.3677130043506622;150
100..300;7;63114111;G;A;0.3661969900131225;100
100..300;7;63114151;T;C;0.3767119944095611;100
100..300;7;63114155;G;A;0.3900710046291351;100
100..300;7;63138930;T;C;0.5272729992866516;110
100..300;7;63770442;T;C;0.405593991279602;105
100..300;7;63893284;T;C;0.4219410121440887;160
100..300;7;63910319;C;T;0.4117650091648102;155
100..300;7;63938080;C;A;0.3950619995594024;105
100..300;7;64220023;T;C;0.3612439930438995;295
100..300;7;64266267;C;T;0.4294869899749756;225
100..300;7;64266300;A;T;0.4183669984340668;215
100..300;7;64706424;T;G;0.3649289906024933;150
100..300;7;64864229;T;C;0.32218798995018;225
100..300;7;64992360;A;G;0.3769969940185547;230
100..300;7;65335519;T;C;0.3260869979858398;125
100..300;7;65954366;TTTA;T;0.2837840020656585;125
100..300;7;65964372;A;G;0.2664470076560974;195
100..300;7;66423483;C;T;0.3884299993515014;160
100..300;7;66423583;A;C;0.4006730020046234;210
100..300;7;66824053;T;C;0.4196079969406128;170
100..300;7;67183212;A;G;0.2941179871559143;110
100..300;7;67195255;G;A;0.1971150040626526;110
100..300;7;67195260;C;T;0.1809049993753433;110
100..300;7;73596424;T;C;0.1548819988965988;195
100..300;7;73865031;T;C;0.125786006450653;125
100..300;7;74249121;A;G;0.1188120022416114;130
100..300;7;75441099;A;T;0.1966760009527206;170
100..300;7;75494199;T;G;0.2067040055990219;135
100..300;7;75516169;A;G;0.1370970010757446;100
100..300;7;75558268;A;G;0.1850000023841858;130
100..300;7;75922934;A;G;0.1758240014314651;125
100..300;7;75985969;A;G;0.1959650069475174;235
100..300;7;76000956;C;T;0.3574660122394562;145
100..300;7;76030497;C;T;0.2145590037107467;170
100..300;7;77256452;G;A;0.1459230035543441;150
100..300;7;77635823;A;G;0.1850000023841858;125
100..300;7;77794257;A;G;0.4304639995098114;215
100..300;7;80096835;T;G;0.1959179937839508;170
100..300;7;80798179;A;C;0.1674419939517974;135
100..300;7;82038152;T;C;0.2366860061883926;105
100..300;7;82915671;G;A;0.2428119927644729;225
100..300;7;83319278;C;T;0.2457139939069748;115
100..300;7;87182209;G;T;0.2330829948186874;190
100..300;7;87450090;A;T;0.1833329945802688;125
100..300;7;87462869;A;G;0.2374999970197677;160
100..300;7;87509329;G;A;0.1934310048818588;185
100..300;7;87521774;C;T;0.3659420013427734;205
100..300;7;87522208;G;C;0.2158730030059814;215
100..300;7;87522342;T;C;0.1280490010976791;120
100..300;7;87550285;G;A;0.4313730001449585;170
100..300;7;87935182;G;C;0.2935779988765716;150
100..300;7;88282672;A;C;0.2192510068416595;125
100..300;7;88639665;G;A;0.3709680140018463;130
100..300;7;88794175;G;T;0.2183910012245178;125
100..300;7;89335845;G;T;0.2649999856948852;150
100..300;7;90227330;T;C;0.2142859995365142;135
100..300;7;90385094;A;G;0.2058819979429245;140
100..300;7;90709536;T;C;0.1611569970846176;155
100..300;7;92164994;A;G;0.2360250055789947;115
100..300;7;93105138;G;A;0.2137929946184158;110
100..300;7;93341535;T;C;0.1507939994335174;165
100..300;7;94413962;G;A;0.2723000049591064;150
100..300;7;94427037;T;C;0.1864410042762756;125
100..300;7;94665370;A;C;0.189189001917839;260
100..300;7;95316772;T;A;0.4455449879169464;125
100..300;7;95372243;T;C;0.2017939984798431;150
100..300;7;95394734;G;A;0.1481480002403259;110
100..300;7;98244682;A;G;0.1633660048246383;130
100..300;7;98293539;T;C;0.1535840034484863;195
100..300;7;98304289;T;C;0.3413789868354797;185
100..300;7;99876804;G;A;0.223140001296997;265
100..300;7;99903276;C;T;0.1596239954233169;140
100..300;7;99903288;G;A;0.1502349972724914;135
100..300;7;100097308;T;C;0.139285996556282;185
100..300;7;100600019;A;G;0.2562809884548187;135
100..300;7;100822533;G;A;0.180757999420166;235
100..300;7;100867997;T;C;0.1829269975423813;170
100..300;7;100889133;C;G;0.1630430072546005;245
100..300;7;101051857;A;G;0.1632650047540664;195
100..300;7;101089040;T;C;0.211678996682167;205
100..300;7;101128436;A;G;0.1656980067491531;235
100..300;7;101204117;A;G;0.3080570101737976;150
100..300;7;102111780;G;A;0.1677020043134689;110
100..300;7;102822189;C;T;0.2063879966735839;270
100..300;7;102841395;C;T;0.2733330130577087;100
100..300;7;102973690;A;C;0.2195699959993362;285
100..300;7;104667897;T;A;0.1437129974365234;215
100..300;7;104667904;G;T;0.1485709995031356;230
100..300;7;104668826;A;G;0.1972319930791854;175
100..300;7;104668963;G;A;0.3176470100879669;235
100..300;7;105536594;T;A;0.1633660048246383;125
100..300;7;105551610;C;T;0.2000000029802322;155
100..300;7;105582834;G;C;0.1740889996290207;185
100..300;7;105974960;A;G;0.1740330010652542;235
100..300;7;105974980;C;G;0.1791040003299713;230
100..300;7;106018005;A;G;0.1615120023488998;200
100..300;7;106018014;G;C;0.172881007194519;200
100..300;7;106022244;C;T;0.2315440028905868;195
100..300;7;107045003;T;G;0.2995780110359192;135
100..300;7;107782809;T;C;0.159291997551918;160
100..300;7;108994352;C;G;0.1961539983749389;175
100..300;7;112457066;T;C;0.1666669994592666;135
100..300;7;112784595;A;G;0.211339995265007;145
100..300;7;114656490;C;A;0.2012989968061447;100
100..300;7;116500454;C;CG;0.2079209983348846;220
100..300;7;116506020;G;C;0.2013649940490722;195
100..300;7;116757518;G;A;0.1657460033893585;130
100..300;7;116776273;T;C;0.2105260044336319;130
100..300;7;122393325;G;A;0.2530120015144348;120
100..300;7;122681457;C;T;0.1279760003089904;210
100..300;7;123169180;C;T;0.1941750049591064;140
100..300;7;123511965;T;C;0.3708609938621521;110
100..300;7;123511981;C;T;0.3777779936790466;130
100..300;7;123616373;T;C;0.1651789993047714;160
100..300;7;123953710;C;T;0.2307689934968948;160
100..300;7;124858948;C;A;0.1734690070152282;130
100..300;7;124858949;A;T;0.1734690070152282;130
100..300;7;125033770;T;C;0.186379998922348;180
100..300;7;127582103;A;G;0.1717790067195892;230
100..300;7;127582264;C;T;0.1976470053195953;295
100..300;7;127582467;A;G;0.1693809926509857;220
100..300;7;127584139;G;A;0.3120569884777069;100
100..300;7;127584232;G;A;0.1980199962854385;210
100..300;7;128313185;A;G;0.2028989940881729;180
100..300;7;128498131;A;G;0.1927269995212555;165
100..300;7;128675737;G;C;0.3697749972343445;215
100..300;7;128675828;A;C;0.3686270117759704;170
100..300;7;128677604;T;C;0.2694059908390045;170
100..300;7;128677828;C;T;0.2960889935493469;125
100..300;7;128682980;G;A;0.3604240119457245;185
100..300;7;128775760;A;G;0.1904760003089904;150
100..300;7;128967330;A;G;0.1931820064783096;115
100..300;7;129001172;C;G;0.2155169993638992;165
100..300;7;129460332;G;T;0.2109699994325637;160
100..300;7;129774728;A;G;0.1377550065517425;135
100..300;7;130185375;C;T;0.1973090022802353;155
100..300;7;130202099;GA;G;0.254144012928009;145
100..300;7;130215997;T;C;0.1527269929647445;190
100..300;7;130381647;C;G;0.1822029948234558;165
100..300;7;130440971;G;T;0.1463409960269928;175
100..300;7;130989722;A;G;0.1448760032653808;185
100..300;7;132179832;C;T;0.1692789942026138;215
100..300;7;133169748;G;C;0.2034880071878433;240
100..300;7;134296475;A;G;0.3371430039405823;110
100..300;7;134304791;G;A;0.4367089867591858;110
100..300;7;134993502;A;T;0.2663320004940033;140
100..300;7;135207209;A;G;0.125;100
100..300;7;135594567;C;A;0.3876650035381317;160
100..300;7;135662560;TCGCCCTCCC;T;0.1705880016088485;110
100..300;7;135708128;C;T;0.4055120050907135;170
100..300;7;135721428;G;A;0.2162159979343414;150
100..300;7;135929992;C;T;0.2139530032873153;145
100..300;7;137444084;C;T;0.3513509929180145;100
100..300;7;138441295;T;A;0.1324789971113205;170
100..300;7;138580565;G;A;0.2299470007419586;120
100..300;7;138621037;C;T;0.2173909991979599;115
100..300;7;138621061;C;T;0.1897439956665039;135
100..300;7;138679022;G;A;0.1102039963006973;155
100..300;7;139028969;C;G;0.1447370052337646;110
100..300;7;139047711;A;G;0.1770489960908889;190
100..300;7;139047751;A;G;0.1678570061922073;185
100..300;7;139055291;C;G;0.090361401438713;110
100..300;7;139341406;G;T;0.1563789993524551;170
100..300;7;139412536;AC;A;0.1578949987888336;100
100..300;7;139417744;G;A;0.1656440049409866;115
100..300;7;139454125;G;T;0.1890909969806671;190
100..300;7;139454204;G;C;0.1869159936904907;150
100..300;7;140567204;T;C;0.159291997551918;160
100..300;7;141664912;A;G;0.3625729978084564;235
100..300;7;141665328;C;T;0.3882350027561188;170
100..300;7;141764965;T;C;0.2096070051193237;170
100..300;7;141778774;C;G;0.1704179942607879;215
100..300;7;141779000;A;G;0.2151390016078949;180
100..300;7;141790438;T;G;0.1686049997806549;240
100..300;7;141837935;G;T;0.2034880071878433;240
100..300;7;141972804;C;T;0.2421050071716308;135
100..300;7;141973545;G;C;0.1615120023488998;195
100..300;7;142052413;A;C;0.1533550024032592;200
100..300;7;142255308;T;C;0.1837839931249618;140
100..300;7;142384603;T;G;0.4067800045013428;215
100..300;7;142384737;C;A;0.4354349970817566;235
100..300;7;142384802;G;A;0.3658539950847626;220
100..300;7;142384825;T;C;0.3454549908638;185
100..300;7;142400325;T;G;0.1761900037527084;150
100..300;7;142434344;G;A;0.4583329856395721;120
100..300;7;142544396;G;A;0.2115380018949508;185
100..300;7;142544491;C;T;0.2000000029802322;200
100..300;7;142544533;A;G;0.2157530039548874;205
100..300;7;142555135;G;T;0.2212390005588531;155
100..300;7;142563803;A;G;0.212687000632286;180
100..300;7;142563940;T;C;0.3794470131397247;185
100..300;7;142564042;T;C;0.2541809976100921;200
100..300;7;142581165;G;C;0.1791040003299713;155
100..300;7;142588240;A;G;0.224043995141983;125
100..300;7;142593062;T;C;0.1306309998035431;150
100..300;7;142615809;G;C;0.2961170077323913;125
100..300;7;142619093;T;C;0.3628320097923279;155
100..300;7;142627134;T;A;0.3724699914455414;170
100..300;7;142863715;G;T;0.2471909970045089;185
100..300;7;143388917;T;C;0.1925929933786392;175
100..300;7;143391438;T;C;0.1208050027489662;100
100..300;7;144647371;T;C;0.2376240044832229;140
100..300;7;144667736;T;C;0.25;160
100..300;7;144667784;CT;C;0.2443729937076568;205
100..300;7;144667825;T;G;0.2516129910945892;205
100..300;7;147486051;G;A;0.2168669998645782;115
100..300;7;148229642;G;A;0.2185789942741394;125
100..300;7;148614023;GT;G;0.2162159979343414;120
100..300;7;148783898;T;C;0.1715119928121566;230
100..300;7;148790303;C;T;0.2131150066852569;120
100..300;7;148809304;C;A;0.0939226970076561;125
100..300;7;149239787;T;G;0.2009350061416626;130
100..300;7;149282232;T;C;0.1714289933443069;200
100..300;7;149455966;C;G;0.1813600063323974;280
100..300;7;149723729;CT;C;0.1244639977812767;165
100..300;7;149788469;T;C;0.1196170002222061;155
100..300;7;149812331;T;C;0.2064220011234283;150
100..300;7;149814814;T;C;0.2083330005407333;185
100..300;7;149815989;C;G;0.1532260030508041;170
100..300;7;149819701;A;G;0.254144012928009;135
100..300;7;149820889;T;G;0.191780999302864;160
100..300;7;149821680;G;T;0.1535709947347641;195
100..300;7;149826495;T;C;0.2078849971294403;180
100..300;7;149827824;A;G;0.1868129968643188;125
100..300;7;150692505;C;T;0.1900829970836639;255
100..300;7;150692768;G;A;0.2155690044164657;230
100..300;7;150742412;T;C;0.1650490015745163;295
100..300;7;150742955;T;C;0.2000000029802322;235
100..300;7;150747145;C;T;0.2010869979858398;120
100..300;7;150858914;C;T;0.1618120074272155;200
100..300;7;150947340;A;C;0.213591992855072;140
100..300;7;151023221;T;G;0.1494249999523162;120
100..300;7;151055521;G;T;0.2284480035305023;160
100..300;7;151064227;A;G;0.1370559930801391;260
100..300;7;151066568;A;T;0.1689369976520538;260
100..300;7;151215664;T;G;0.1507939994335174;170
100..300;7;151215700;C;T;0.1348839998245239;145
100..300;7;151223805;A;G;0.2126249969005584;215
100..300;7;151235481;T;C;0.1995249986648559;280
100..300;7;151238344;C;G;0.1642650067806244;240
100..300;7;151733623;A;G;0.2181819975376129;155
100..300;7;151987171;G;A;0.1729730069637298;125
100..300;7;152113391;G;A;0.1428570002317428;155
100..300;7;152176768;T;C;0.1594199985265731;240
100..300;7;152445959;A;G;0.1359519958496093;210
100..300;7;155070881;C;G;0.4044120013713836;105
100..300;7;155509086;G;A;0.1726379990577697;220
100..300;7;155737669;G;A;0.1572329998016357;110
100..300;7;155738260;C;T;0.1674759984016418;290
100..300;7;155738386;G;A;0.1515150070190429;195
100..300;7;155741959;G;C;0.1821559965610504;190
100..300;7;156675683;C;G;0.1453740000724792;160
100..300;7;156675684;A;C;0.1521739959716797;160
100..300;7;156676439;G;C;0.3218089938163757;260
100..300;7;156676485;T;C;0.3586960136890411;260
100..300;7;156676496;G;A;0.3561640083789825;260
100..300;7;156762136;C;T;0.1551720052957534;120
100..300;7;157181660;A;G;0.137363001704216;120
100..300;7;158664766;G;A;0.2058819979429245;100
100..300;7;159034635;A;G;0.1910109966993332;175
100..300;8;492389;A;G;0.1851850003004074;150
100..300;8;715858;T;C;0.1260160058736801;160
100..300;8;1548622;G;A;0.1531530022621154;155
100..300;8;1869201;A;G;0.1356379985809326;250
100..300;8;2100860;A;G;0.1784390062093734;175
100..300;8;2106405;C;G;0.21875;190
100..300;8;3214526;A;G;0.1764709949493408;160
100..300;8;3214585;C;G;0.1764709949493408;190
100..300;8;3219437;C;T;0.3454549908638;125
100..300;8;3493625;A;G;0.1625619977712631;135
100..300;8;3493673;A;C;0.170305997133255;150
100..300;8;3632234;C;G;0.2043479979038238;150
100..300;8;6513782;G;A;0.1595329940319061;165
100..300;8;6521263;A;C;0.2081449925899505;150
100..300;8;6823734;C;A;0.3715850114822387;130
100..300;8;6936877;A;G;0.204254999756813;165
100..300;8;6936878;G;C;0.2017170041799545;165
100..300;8;8378000;C;G;0.1654929965734481;205
100..300;8;8702641;A;G;0.1468250006437301;160
100..300;8;8892219;C;G;0.1567160040140152;190
100..300;8;9011689;G;T;0.2011490017175674;120
100..300;8;10482989;T;TC;0.3636359870433807;175
100..300;8;10532942;T;C;0.3922649919986725;235
100..300;8;10613063;T;C;0.2142859995365142;245
100..300;8;11549084;C;T;0.3418180048465729;185
100..300;8;11757066;G;A;0.3805769979953766;265
100..300;8;12728755;C;A;0.4487180113792419;155
100..300;8;12743211;A;T;0.4157299995422363;110
100..300;8;13021334;A;C;0.2142859995365142;195
100..300;8;13031234;G;A;0.188629999756813;260
100..300;8;13092806;T;G;0.1796119958162307;145
100..300;8;13094784;T;C;0.1282050013542175;135
100..300;8;17538871;A;G;0.3762379884719848;130
100..300;8;17538906;C;G;0.3640550076961517;135
100..300;8;17562030;A;G;0.1330800056457519;175
100..300;8;17642610;T;C;0.1666669994592666;145
100..300;8;17642714;C;T;0.2252009958028793;250
100..300;8;17645922;C;G;0.1911109983921051;150
100..300;8;17655905;A;G;0.1298249959945678;190
100..300;8;17684490;C;T;0.1881529986858368;190
100..300;8;17723664;T;C;0.1789470016956329;130
100..300;8;18061477;G;A;0.1666669994592666;105
100..300;8;18069818;C;T;0.1656440049409866;105
100..300;8;18073263;T;C;0.1421049982309341;125
100..300;8;18400344;C;T;0.208075001835823;230
100..300;8;18400484;T;C;0.202127993106842;205
100..300;8;18871818;A;C;0.1824820041656494;190
100..300;8;19059480;C;A;0.4055559933185577;115
100..300;8;19319592;G;A;0.1658989936113357;150
100..300;8;20179316;G;C;0.1974789947271347;165
100..300;8;21990344;C;G;0.1800950020551681;140
100..300;8;22247989;C;T;0.1589960008859634;170
100..300;8;22287558;T;C;0.1262139976024627;135
100..300;8;22566731;C;T;0.1696970015764236;225
100..300;8;22571195;G;A;0.1551720052957534;195
100..300;8;22571238;G;C;0.1554400026798248;140
100..300;8;22669046;A;G;0.1322309970855713;155
100..300;8;22713394;G;GT;0.1393730044364929;200
100..300;8;22713422;C;T;0.1686390042304992;230
100..300;8;22713505;G;A;0.1588450074195861;185
100..300;8;22727205;C;T;0.1778430044651031;230
100..300;8;23103360;C;G;0.1549299955368042;140
100..300;8;23144577;T;C;0.1324920058250427;200
100..300;8;23201811;G;C;0.203125;170
100..300;8;23202743;C;T;0.1863120049238205;175
100..300;8;23288582;G;A;0.150640994310379;220
100..300;8;23291465;T;G;0.158730000257492;210
100..300;8;23341219;A;C;0.1823199987411499;130
100..300;8;23368046;A;G;0.1719460040330886;160
100..300;8;23434322;C;T;0.1991869956254959;165
100..300;8;23806140;A;C;0.2000000029802322;150
100..300;8;24952123;G;C;0.4459460079669952;100
100..300;8;24956691;T;G;0.3870970010757446;185
100..300;8;24956889;C;T;0.3969849944114685;145
100..300;8;25302369;A;G;0.1474100053310394;165
100..300;8;25364649;G;A;0.1840489953756332;105
100..300;8;25372652;T;C;0.1569509953260421;135
100..300;8;25400926;T;C;0.1656049937009811;110
100..300;8;25423284;G;C;0.2348179966211319;160
100..300;8;25436342;T;C;0.2205879986286163;135
100..300;8;25460308;T;A;0.2128850072622299;230
100..300;8;26379462;T;C;0.2049690037965774;120
100..300;8;26508200;T;C;0.1722220033407211;265
100..300;8;26770511;G;A;0.1875;205
100..300;8;26779389;A;T;0.1805559992790222;195
100..300;8;26779401;C;T;0.1879699975252151;175
100..300;8;26779408;C;T;0.1880339980125427;160
100..300;8;26859125;C;T;0.2326730042695999;135
100..300;8;27236882;T;C;0.158730000257492;125
100..300;8;27397611;C;T;0.209876999258995;160
100..300;8;27397629;A;G;0.2072730064392089;180
100..300;8;27397746;G;A;0.2568089962005615;165
100..300;8;27451068;C;A;0.1883410066366195;155
100..300;8;27467305;C;T;0.1747210025787353;165
100..300;8;27469321;A;AGG;0.1744550019502639;210
100..300;8;27500988;G;A;0.1842110008001327;170
100..300;8;27516406;C;T;0.3295019865036011;165
100..300;8;27536849;T;C;0.1581629961729049;130
100..300;8;27538691;A;G;0.1452990025281906;155
100..300;8;27904718;C;T;0.240677997469902;205
100..300;8;27909654;A;G;0.2373739928007125;130
100..300;8;28041063;C;T;0.1785710006952285;150
100..300;8;30237431;G;A;0.2046779990196228;115
100..300;8;30237736;C;G;0.1907220035791397;145
100..300;8;30240679;T;C;0.2185789942741394;125
100..300;8;30843082;C;T;0.527472972869873;130
100..300;8;31064419;A;G;0.4162159860134125;135
100..300;8;31220751;T;G;0.20346300303936;170
100..300;8;33499309;A;T;0.2145919948816299;165
100..300;8;33499311;A;T;0.2142859995365142;170
100..300;8;37095400;G;A;0.2328239977359771;185
100..300;8;38238144;T;C;0.2150540053844452;185
100..300;8;38415024;G;C;0.1739130020141601;165
100..300;8;38415064;A;C;0.1442310065031051;150
100..300;8;38424140;A;G;0.17289699614048;155
100..300;8;38425690;A;C;0.1868689954280853;135
100..300;8;38426493;T;C;0.2162159979343414;190
100..300;8;38429293;G;C;0.1342590004205703;150
100..300;8;38430037;T;C;0.1749999970197677;220
100..300;8;38431048;G;C;0.1962620019912719;150
100..300;8;38434629;C;A;0.2330099940299987;145
100..300;8;38435945;A;G;0.1797239929437637;145
100..300;8;38435959;C;T;0.1698109954595565;145
100..300;8;38441129;T;C;0.228425994515419;145
100..300;8;38441901;A;G;0.2344499975442886;155
100..300;8;38442106;C;T;0.2311320006847381;145
100..300;8;38442197;C;G;0.1856289952993393;120
100..300;8;38443212;A;T;0.1063830032944679;105
100..300;8;38453392;G;T;0.1594199985265731;150
100..300;8;38467098;A;G;0.1633989959955215;195
100..300;8;38467613;A;G;0.14130400121212;125
100..300;8;40013616;T;C;0.2036200016736984;150
100..300;8;40015534;A;G;0.1583710014820099;150
100..300;8;41661785;A;G;0.1868129968643188;130
100..300;8;41668396;T;C;0.3608250021934509;260
100..300;8;41690230;A;G;0.2093860059976577;180
100..300;8;41690485;C;T;0.1576579958200454;160
100..300;8;41725776;T;C;0.1157559975981712;205
100..300;8;42316862;A;G;0.1615599989891052;230
100..300;8;42401781;G;A;0.2402600049972534;110
100..300;8;47939665;T;C;0.189872995018959;100
100..300;8;52142923;T;C;0.1989800035953521;130
100..300;8;54522901;G;C;0.2142859995365142;135
100..300;8;54626835;T;A;0.4152050018310547;120
100..300;8;54629980;A;G;0.3714289963245392;125
100..300;8;55449662;T;A;0.2025319933891296;225
100..300;8;55450876;T;C;0.1687760055065155;175
100..300;8;55452088;A;G;0.2557080090045929;160
100..300;8;55453888;G;A;0.1582279950380325;115
100..300;8;56073255;C;T;0.2107840031385421;135
100..300;8;56074178;G;A;0.103703998029232;190
100..300;8;56102193;A;G;0.1980199962854385;130
100..300;8;56113670;A;C;0.1282050013542175;135
100..300;8;56166374;T;G;0.2650600075721741;115
100..300;8;58496934;A;G;0.1947190016508102;225
100..300;8;60938530;T;C;0.1733749955892563;235
100..300;8;60938907;C;T;0.1686750054359436;165
100..300;8;61576775;T;C;0.2085310071706771;130
100..300;8;63409165;T;C;0.2544640004634857;155
100..300;8;65378067;C;T;0.1782480031251907;230
100..300;8;65779776;T;C;0.172775000333786;120
100..300;8;67422547;A;G;0.1660230010747909;175
100..300;8;69832577;A;G;0.1700289994478225;240
100..300;8;69987450;T;G;0.1626980006694793;170
100..300;8;69987529;A;G;0.1991149932146072;155
100..300;8;70734040;T;A;0.2166669964790344;125
100..300;8;72069083;A;G;0.2037619948387146;210
100..300;8;72071806;G;C;0.2710280120372772;145
100..300;8;72075403;A;G;0.1791040003299713;175
100..300;8;72937968;A;G;0.1920530050992965;205
100..300;8;73422712;A;AAAAC;0.1937170028686523;130
100..300;8;79571320;C;T;0.2234639972448349;130
100..300;8;80064579;A;C;0.1929820030927658;150
100..300;8;80558952;T;C;0.1768949925899505;140
100..300;8;81444877;C;T;0.2487049996852874;130
100..300;8;86048614;C;T;0.1736329942941665;210
100..300;8;86575970;C;T;0.2244219928979873;220
100..300;8;86576020;C;T;0.2056739926338195;200
100..300;8;86657515;A;G;0.1453740000724792;150
100..300;8;86659053;G;C;0.1493059992790222;195
100..300;8;86739642;C;A;0.1578949987888336;100
100..300;8;94146031;A;G;0.1993239969015121;200
100..300;8;94174086;A;G;0.1955309957265854;135
100..300;8;94176688;A;G;0.2928569912910461;100
100..300;8;94643368;C;T;0.2243349999189376;165
100..300;8;94668001;T;C;0.3632479906082153;165
100..300;8;96331098;A;ATCTTGT;0.1885710060596466;125
100..300;8;97691089;G;A;0.1465200036764145;175
100..300;8;97865331;A;T;0.2341269999742508;180
100..300;8;97865337;A;T;0.2471480071544647;185
100..300;8;97931317;G;A;0.1709679961204528;220
100..300;8;97994508;T;C;0.1282050013542175;155
100..300;8;97994520;T;C;0.1270489990711212;160
100..300;8;98102916;G;A;0.2138729989528656;120
100..300;8;98883712;A;G;0.1724140048027038;230
100..300;8;99832530;C;T;0.2226279973983764;175
100..300;8;100140796;A;G;0.3596490025520324;170
100..300;8;100240956;A;G;0.4081630110740661;130
100..300;8;101689366;A;G;0.1473679989576339;270
100..300;8;101872131;C;T;0.2247709929943084;150
100..300;8;104223730;A;G;0.1565220057964325;150
100..300;8;105802428;C;G;0.236842006444931;220
100..300;8;106770107;A;G;0.2067800015211105;215
100..300;8;106770167;A;G;0.2159619927406311;155
100..300;8;107958139;G;A;0.1825100034475326;175
100..300;8;109400290;A;G;0.3073169887065887;140
100..300;8;109425155;G;A;0.239668995141983;165
100..300;8;109436406;G;A;0.1507540047168731;130
100..300;8;109443092;A;C;0.181318998336792;125
100..300;8;109444782;G;A;0.2145330011844635;190
100..300;8;109448259;T;G;0.1904760003089904;235
100..300;8;109452831;C;G;0.2160799950361251;130
100..300;8;109464764;G;A;0.2046329975128173;190
100..300;8;109464837;T;C;0.2444439977407455;195
100..300;8;109477391;T;A;0.229884997010231;115
100..300;8;109479611;G;C;0.2285709977149963;140
100..300;8;112265476;A;T;0.270000010728836;130
100..300;8;116771675;C;A;0.1522489935159683;190
100..300;8;116771736;T;C;0.1439689993858337;180
100..300;8;118379627;A;G;0.1463409960269928;165
100..300;8;119416784;A;G;0.152318000793457;110
100..300;8;119557637;G;T;0.2512080073356628;135
100..300;8;119982146;A;G;0.1538459956645965;100
100..300;8;122953919;C;G;0.1571819931268692;255
100..300;8;123126651;A;G;0.1709399968385696;155
100..300;8;123128394;C;T;0.1953639984130859;195
100..300;8;123688953;G;C;0.1349689960479736;105
100..300;8;124023548;C;G;0.1527269929647445;175
100..300;8;124049654;A;G;0.3667620122432709;235
100..300;8;124451009;C;T;0.1223630011081695;165
100..300;8;124486306;T;C;0.239668995141983;170
100..300;8;124487122;A;G;0.2109699994325637;175
100..300;8;124504361;C;G;0.2052399963140487;150
100..300;8;124515894;A;G;0.1909549981355667;135
100..300;8;124567732;T;C;0.3321549892425537;195
100..300;8;124567749;T;C;0.3391610085964203;200
100..300;8;125433302;A;C;0.1684779971837997;130
100..300;8;127735707;T;G;0.1895730048418045;155
100..300;8;128187320;A;G;0.2463770061731338;135
100..300;8;129728957;C;G;0.1936759948730468;170
100..300;8;131970577;G;A;0.4237290024757385;155
100..300;8;132095758;G;A;0.2178220003843307;135
100..300;8;132098934;A;G;0.1520469933748245;110
100..300;8;132969501;A;G;0.0905172005295753;150
100..300;8;132969515;C;T;0.1810339987277984;150
100..300;8;133047816;C;T;0.2165610045194625;105
100..300;8;133220781;A;G;0.1456039994955063;250
100..300;8;133464770;C;G;0.1648350059986114;130
100..300;8;133475764;A;G;0.2152779996395111;190
100..300;8;134509727;A;G;0.1850000023841858;130
100..300;8;138594184;T;A;0.1696970015764236;110
100..300;8;138619446;T;C;0.1622640043497085;180
100..300;8;138630731;C;T;0.5106379985809326;165
100..300;8;138679683;A;G;0.2009570002555847;140
100..300;8;138826728;T;C;0.2510119974613189;165
100..300;8;139618747;G;A;0.3369269967079162;255
100..300;8;140523729;T;C;0.1531530022621154;150
100..300;8;140879490;A;G;0.1901410073041916;185
100..300;8;141136609;C;T;0.3608559966087341;230
100..300;8;141160785;T;C;0.3396230041980743;140
100..300;8;141166408;C;T;0.4078209996223449;130
100..300;8;141447939;T;C;0.1836729943752288;135
100..300;8;142345817;G;C;0.1386860013008117;260
100..300;8;142354673;G;A;0.1886789947748184;215
100..300;8;142481726;G;C;0.1515150070190429;140
100..300;8;142587893;G;A;0.1814350038766861;155
100..300;8;142661023;C;T;0.2065220028162002;135
100..300;8;142682072;C;T;0.160534992814064;210
100..300;8;142682129;A;C;0.17289699614048;150
100..300;8;142874500;G;C;0.1717949956655502;280
100..300;8;142912850;G;A;0.1302209943532943;250
100..300;8;142914327;T;C;0.1830600053071975;240
100..300;8;143249912;C;T;0.3914369940757751;220
100..300;8;143562235;A;G;0.1864410042762756;285
100..300;8;143570223;CCCCTCCTCA;C;0.1858109980821609;230
100..300;8;143606976;T;C;0.1458970010280609;220
100..300;8;143707803;A;C;0.1535950005054474;190
100..300;8;143719133;A;G;0.1960780024528503;230
100..300;8;143719423;A;C;0.1925130039453506;240
100..300;8;143720565;C;A;0.1982759982347488;165
100..300;8;143720566;C;G;0.1982759982347488;165
100..300;8;143722129;C;T;0.1761520057916641;260
100..300;8;143729108;A;G;0.15625;230
100..300;8;143741778;T;A;0.2113209962844848;190
100..300;8;143742309;C;G;0.1954019963741302;185
100..300;8;143743102;G;A;0.1410260051488876;170
100..300;8;143743120;C;T;0.1422760039567947;175
100..300;8;143744352;G;A;0.1949149966239929;160
100..300;8;143745035;CTT;C;0.1757809966802597;185
100..300;8;143745107;T;C;0.1621620059013366;160
100..300;8;143745309;G;A;0.1809519976377487;140
100..300;8;143790241;G;C;0.101851999759674;155
100..300;8;143804639;T;C;0.1931540071964264;285
100..300;8;143927099;A;G;0.121018998324871;115
100..300;8;144099354;G;C;0.1500000059604644;265
100..300;8;144108718;G;A;0.174698993563652;100
100..300;8;144263216;T;C;0.1985290050506591;280
100..300;8;144263768;AGGC;A;0.1960230022668838;265
100..300;8;144318103;T;G;0.1224490031599998;165
100..300;8;144318358;A;G;0.1941750049591064;135
100..300;8;144354636;A;G;0.1911759972572326;130
100..300;8;144379425;A;C;0.1467179954051971;170
100..300;8;144392334;TGGGGGTGCAAGGTGA;T;0.1573030054569244;145
100..300;8;144393647;C;G;0.1379310041666031;160
100..300;8;144396341;A;G;0.1935479938983917;170
100..300;8;144397883;T;C;0.1576579958200454;170
100..300;8;144414342;C;T;0.3549300134181976;235
100..300;8;144415027;A;G;0.155797004699707;190
100..300;8;144468517;T;G;0.2413789927959442;140
100..300;8;144547957;T;TCTG;0.174358993768692;140
100..300;8;144774231;C;CTTT;0.2083330005407333;130
100..300;8;144804257;T;C;0.2033900022506714;110
100..300;9;312124;C;T;0.1680330038070678;165
100..300;9;370244;G;A;0.1962620019912719;145
100..300;9;377111;C;G;0.2566370069980621;150
100..300;9;390512;T;C;0.3413459956645965;130
100..300;9;396835;C;T;0.1671829968690872;215
100..300;9;730054;G;A;0.2102269977331161;125
100..300;9;738434;T;C;0.1287879943847656;175
100..300;9;740901;T;C;0.1789879947900772;180
100..300;9;841825;T;C;0.1320749968290329;105
100..300;9;990840;T;C;0.1513160020112991;210
100..300;9;1056398;G;C;0.1815640032291412;250
100..300;9;1056732;A;G;0.1730210036039352;245
100..300;9;1056959;C;G;0.1691180020570755;195
100..300;9;2029199;A;G;0.2792789936065674;145
100..300;9;2876417;G;C;0.4149380028247833;165
100..300;9;4117933;G;C;0.1763219982385635;275
100..300;9;4574022;C;A;0.3541670143604278;100
100..300;9;4576680;C;T;0.181547999382019;220
100..300;9;4576774;A;G;0.1599999964237213;120
100..300;9;4663252;C;A;0.2017540037631988;165
100..300;9;5921881;A;G;0.2251459956169128;240
100..300;9;6012734;C;A;0.4523810148239136;180
100..300;9;6639196;C;A;0.1847130060195922;225
100..300;9;6639239;T;C;0.1597940027713775;280
100..300;9;6639496;T;A;0.1708189994096756;175
100..300;9;6748784;A;C;0.3132529854774475;120
100..300;9;6986464;C;G;0.1728399991989135;180
100..300;9;7103816;T;C;0.392085999250412;180
100..300;9;14116328;G;C;0.2281550019979477;145
100..300;9;14720359;T;C;0.2129629999399185;145
100..300;9;14722479;C;G;0.1951950043439865;230
100..300;9;14722618;A;G;0.1644439995288849;155
100..300;9;14747414;G;A;0.1899439990520477;120
100..300;9;14770660;T;G;0.2043800055980682;185
100..300;9;14775861;A;G;0.434783011674881;175
100..300;9;14776142;T;C;0.17705699801445;265
100..300;9;14801689;C;T;0.1828359961509704;175
100..300;9;14816831;C;G;0.2000000029802322;180
100..300;9;14824801;A;G;0.1320749968290329;110
100..300;9;14859298;A;G;0.1281249970197677;225
100..300;9;14859358;C;T;0.1666669994592666;200
100..300;9;15055132;T;G;0.2352939993143081;195
100..300;9;15055923;G;C;0.1645160019397735;220
100..300;9;15185322;A;G;0.1840489953756332;100
100..300;9;15479637;C;T;0.2171719968318939;130
100..300;9;15784633;G;A;0.2449660003185272;195
100..300;9;16206762;G;T;0.1632650047540664;130
100..300;9;18775812;A;C;0.412308007478714;210
100..300;9;18777198;C;A;0.3419539928436279;245
100..300;9;18777370;C;T;0.3740159869194031;185
100..300;9;18777424;A;G;0.4352940022945404;185
100..300;9;18928041;G;A;0.1639340072870254;130
100..300;9;18995152;A;C;0.4481129944324493;150
100..300;9;19076675;C;G;0.3421050012111664;140
100..300;9;19379369;A;G;0.1725659966468811;155
100..300;9;20776744;C;A;0.2355369925498962;160
100..300;9;20944630;A;G;0.1955309957265854;115
100..300;9;21077717;A;G;0.4695650041103363;165
100..300;9;21481557;G;T;0.1758240014314651;190
100..300;9;21816759;A;G;0.2427179962396621;145
100..300;9;24545515;A;G;0.4529620110988617;200
100..300;9;25677700;C;A;0.0967741981148719;120
100..300;9;25677935;C;T;0.1138610020279884;125
100..300;9;26978172;G;A;0.317918986082077;110
100..300;9;27205023;A;G;0.2288140058517456;155
100..300;9;27455137;A;G;0.1807910054922104;125
100..300;9;32425912;G;A;0.2397000044584274;180
100..300;9;32459452;G;T;0.2233500033617019;125
100..300;9;32480253;T;A;0.255061000585556;165
100..300;9;32500834;T;C;0.2090590000152588;190
100..300;9;32551711;G;A;0.1541350036859512;190
100..300;9;33463453;G;GAGA;0.127358004450798;155
100..300;9;33469193;T;C;0.2044029980897903;230
100..300;9;33566372;G;A;0.1436460018157959;100
100..300;9;33568689;A;T;0.2247709929943084;145
100..300;9;33568791;G;T;0.2511630058288574;140
100..300;9;33613837;G;A;0.2405059933662414;150
100..300;9;33618360;G;A;0.1559630036354065;225
100..300;9;33618462;T;A;0.1584510058164596;185
100..300;9;33618499;A;G;0.1534879952669143;140
100..300;9;33675631;C;A;0.2483659982681274;210
100..300;9;33676096;G;C;0.1959059983491897;230
100..300;9;34107506;T;C;0.1255059987306594;165
100..300;9;34318742;C;G;0.1574070006608963;215
100..300;9;34723747;A;C;0.1568630039691925;185
100..300;9;34724244;A;C;0.1393640041351318;275
100..300;9;34725050;T;C;0.2234960049390792;195
100..300;9;34835276;C;A;0.0987654030323028;235
100..300;9;35107768;A;C;0.375;155
100..300;9;35555461;A;G;0.1744190007448196;250
100..300;9;35618526;A;G;0.2185190021991729;195
100..300;9;35713184;T;C;0.1590909957885742;155
100..300;9;35720798;T;C;0.1897439956665039;125
100..300;9;35749848;C;G;0.1423610001802444;190
100..300;9;35792426;C;T;0.1470589935779571;190
100..300;9;35807404;A;AGCTGGGGCC;0.1979169994592666;135
100..300;9;35826041;C;T;0.1850959956645965;285
100..300;9;35826061;C;T;0.1901230067014694;275
100..300;9;35910791;A;T;0.2138890027999878;250
100..300;9;36002939;G;C;0.1374569982290268;195
100..300;9;36013202;A;G;0.4056600034236908;145
100..300;9;36021855;G;A;0.3728809952735901;110
100..300;9;36928299;A;C;0.1578949987888336;120
100..300;9;37441316;G;A;0.2276789993047714;165
100..300;9;37489381;T;C;0.2232560068368911;140
100..300;9;37637220;T;A;0.189189001917839;210
100..300;9;37735683;A;G;0.1854840070009231;160
100..300;9;37782114;T;C;0.2011830061674118;115
100..300;9;37888104;T;C;0.1568630039691925;270
100..300;9;37948727;C;T;0.1724140048027038;185
100..300;9;37974746;C;T;0.321256011724472;280
100..300;9;38615701;T;C;0.2135680019855499;240
100..300;9;68934931;A;G;0.0792078971862793;130
100..300;9;69151677;A;C;0.2025319933891296;105
100..300;9;69248059;T;C;0.1314879953861236;205
100..300;9;69248071;A;G;0.1274510025978088;210
100..300;9;69387995;TGTTATA;T;0.1962620019912719;140
100..300;9;69432683;A;G;0.1839759945869445;225
100..300;9;70535957;G;T;0.1818179935216903;140
100..300;9;70536002;T;C;0.1740610003471374;190
100..300;9;71745180;T;C;0.19930100440979;200
100..300;9;71745293;C;G;0.2012200057506561;235
100..300;9;72223107;C;T;0.3846150040626526;110
100..300;9;72541141;T;C;0.1921399980783462;150
100..300;9;73475764;G;T;0.1505019962787628;200
100..300;9;74800368;C;A;0.4719099998474121;175
100..300;9;74802056;T;C;0.238888993859291;235
100..300;9;74821725;A;G;0.4136129915714264;125
100..300;9;74827700;T;C;0.3141359984874725;140
100..300;9;75069774;C;A;0.2481749951839447;105
100..300;9;75137594;T;C;0.2122640013694763;140
100..300;9;75891229;A;G;0.1939159929752349;160
100..300;9;75891271;C;T;0.2128379940986633;185
100..300;9;76296878;CA;C;0.2023809999227523;130
100..300;9;76354143;A;C;0.2158049941062927;220
100..300;9;76358515;A;G;0.2000000029802322;130
100..300;9;76616401;C;T;0.1428570002317428;115
100..300;9;76692003;A;G;0.4025160074234009;115
100..300;9;76704005;G;A;0.4466019868850708;215
100..300;9;76706955;T;C;0.4319730103015899;210
100..300;9;76707152;T;G;0.4525859951972961;165
100..300;9;76709219;ATGACTGTTGCAG;A;0.4430769979953766;235
100..300;9;76709263;A;G;0.4375;260
100..300;9;76709825;C;T;0.3684209883213043;230
100..300;9;76710642;C;G;0.448648989200592;255
100..300;9;77315426;G;C;0.3088240027427673;140
100..300;9;77339629;C;T;0.3991029858589172;155
100..300;9;77369316;C;T;0.4153850078582763;120
100..300;9;78178337;A;G;0.2222220003604889;200
100..300;9;78178340;A;C;0.1615120023488998;200
100..300;9;78179338;C;G;0.1856680065393448;215
100..300;9;81585614;C;T;0.1508879959583282;225
100..300;9;81917782;G;T;0.1896020025014877;235
100..300;9;81994247;C;G;0.2080920040607452;255
100..300;9;83012493;A;G;0.1538459956645965;115
100..300;9;84676160;C;T;0.2568309903144836;125
100..300;9;84677413;T;C;0.1882349997758865;125
100..300;9;84678111;G;A;0.226950004696846;100
100..300;9;84678866;A;T;0.2426040023565292;120
100..300;9;84679559;A;G;0.1730770021677017;145
100..300;9;84680237;A;G;0.2251310050487518;145
100..300;9;84682066;T;C;0.2126439958810806;125
100..300;9;84682279;T;C;0.152318000793457;110
100..300;9;84682446;A;G;0.2032089978456497;130
100..300;9;84688251;C;G;0.1951220035552978;145
100..300;9;84688441;G;C;0.1942149996757507;165
100..300;9;84689350;T;A;0.2367150038480758;150
100..300;9;84697596;T;C;0.2123550027608871;180
100..300;9;85167296;C;T;0.2553189992904663;125
100..300;9;86079264;T;G;0.1973679959774017;150
100..300;9;87084278;G;C;0.1524820029735565;190
100..300;9;87084875;C;G;0.1881189942359924;150
100..300;9;87728590;A;G;0.1445309966802597;180
100..300;9;87885490;C;A;0.3682860136032104;270
100..300;9;87886533;A;C;0.3428570032119751;230
100..300;9;87887543;A;T;0.3074530065059662;225
100..300;9;87887904;C;T;0.4233770072460174;270
100..300;9;87888092;G;A;0.3664120137691498;280
100..300;9;87888536;A;G;0.3260869979858398;260
100..300;9;88325143;A;G;0.1480000019073486;170
100..300;9;89038062;A;G;0.1613920032978058;215
100..300;9;89339933;G;C;0.2060610055923462;110
100..300;9;89388764;T;C;0.3548389971256256;210
100..300;9;89450455;C;T;0.3167940080165863;195
100..300;9;90751960;A;G;0.2077289968729019;140
100..300;9;90887733;A;T;0.2198950052261352;135
100..300;9;92172327;G;C;0.2307689934968948;135
100..300;9;92172343;T;C;0.2378380000591278;130
100..300;9;92173160;T;C;0.1381220072507858;120
100..300;9;92305764;T;C;0.2027029991149902;140
100..300;9;92517703;A;C;0.2399999946355819;185
100..300;9;92522700;G;T;0.369962990283966;185
100..300;9;92613166;A;G;0.1730770021677017;110
100..300;9;92658701;G;A;0.1818179935216903;120
100..300;9;92836800;T;C;0.1711229979991912;135
100..300;9;92837543;A;G;0.1671089977025985;270
100..300;9;92837566;T;C;0.1758240014314651;260
100..300;9;94288238;C;G;0.126581996679306;185
100..300;9;94288388;A;G;0.1737290024757385;165
100..300;9;94293045;A;G;0.2071010023355484;230
100..300;9;94301346;C;G;0.2482009977102279;200
100..300;9;94459181;A;G;0.1702129989862442;195
100..300;9;94931697;G;C;0.2371129989624023;125
100..300;9;95469941;G;GA;0.2102269977331161;135
100..300;9;97068444;G;C;0.3290320038795471;110
100..300;9;97428498;G;A;0.4096919894218445;150
100..300;9;97432124;C;T;0.4212960004806518;150
100..300;9;97625837;T;G;0.2666670083999634;120
100..300;9;97922437;C;A;0.2356690019369125;200
100..300;9;97922475;G;A;0.2142859995365142;210
100..300;9;97927411;G;A;0.1989530026912689;120
100..300;9;98060802;C;T;0.1288889944553375;160
100..300;9;98060853;C;G;0.1267610043287277;235
100..300;9;98092483;G;C;0.1767680048942566;135
100..300;9;98229148;A;C;0.1875;120
100..300;9;98293840;C;T;0.221121996641159;200
100..300;9;98299357;G;C;0.1428570002317428;140
100..300;9;98306298;A;G;0.2048610001802444;200
100..300;9;98496521;A;G;0.3499999940395355;145
100..300;9;98578034;C;T;0.1848479956388473;225
100..300;9;99015983;T;G;0.1755490005016327;215
100..300;9;99035048;T;C;0.235848993062973;210
100..300;9;99222654;G;C;0.1566269993782043;170
100..300;9;99306630;T;C;0.4756099879741668;125
100..300;9;99833403;T;C;0.4512189924716949;160
100..300;9;100292669;C;T;0.179190993309021;245
100..300;9;100585926;T;A;0.1736329942941665;225
100..300;9;101371346;T;C;0.2182890027761459;230
100..300;9;101476448;A;T;0.1875;200
100..300;9;101562263;A;G;0.2211059927940368;135
100..300;9;101623429;T;C;0.2199999988079071;100
100..300;9;101686816;T;C;0.1930499970912933;180
100..300;9;104856017;A;G;0.2260539978742599;190
100..300;9;104858586;T;C;0.151419997215271;210
100..300;9;104861748;T;C;0.1442950069904327;200
100..300;9;106925122;G;A;0.205606997013092;230
100..300;9;106927471;T;C;0.216949000954628;210
100..300;9;106927578;C;T;0.2145020067691803;240
100..300;9;106929395;G;A;0.1827410012483596;265
100..300;9;107010864;T;A;0.1960780024528503;165
100..300;9;107541527;T;TAA;0.2432429939508438;125
100..300;9;108123199;T;C;0.2276789993047714;150
100..300;9;108863349;G;C;0.1939799934625625;205
100..300;9;109194319;A;G;0.1850959956645965;280
100..300;9;110404417;A;T;0.2126249969005584;200
100..300;9;110407350;C;T;0.1993129998445511;200
100..300;9;110407351;A;G;0.2006800025701522;200
100..300;9;110434453;C;A;0.2086610049009323;165
100..300;9;110445970;G;T;0.2107439935207367;160
100..300;9;110875574;A;G;0.2000000029802322;235
100..300;9;111328121;A;G;0.1523810029029846;220
100..300;9;111597344;A;C;0.4000000059604645;185
100..300;9;111609213;T;C;0.1453289985656738;210
100..300;9;111609310;A;G;0.1858409941196441;240
100..300;9;111609344;C;A;0.1934520006179809;225
100..300;9;111692264;C;T;0.4329270124435425;115
100..300;9;112041893;A;G;0.254826009273529;175
100..300;9;112150337;C;A;0.1413609981536865;125
100..300;9;112998281;T;C;0.2349729984998703;130
100..300;9;113360674;G;A;0.4567900002002716;165
100..300;9;113373918;T;C;0.138264000415802;225
100..300;9;114002003;T;C;0.3547010123729706;150
100..300;9;114008496;T;C;0.3310100138187408;205
100..300;9;114008505;A;G;0.3470790088176727;205
100..300;9;114240237;T;C;0.3970589935779571;185
100..300;9;114270742;C;T;0.2000000029802322;190
100..300;9;114302125;G;C;0.1803279966115951;165
100..300;9;114403926;T;G;0.3685640096664428;260
100..300;9;114407961;C;G;0.3973209857940674;145
100..300;9;114424432;T;C;0.3650789856910705;260
100..300;9;115035318;C;T;0.2236289978027343;155
100..300;9;115042265;C;T;0.198412999510765;160
100..300;9;115084291;T;C;0.2276120036840438;190
100..300;9;116344602;A;C;0.3943659961223602;140
100..300;9;120798555;T;C;0.1715980023145675;120
100..300;9;120799578;A;C;0.1521040052175521;210
100..300;9;121006922;T;C;0.2343100011348724;150
100..300;9;121017727;A;G;0.2426780015230178;155
100..300;9;121098411;T;C;0.1979169994592666;125
100..300;9;121123999;G;A;0.193132996559143;155
100..300;9;121146233;G;A;0.1762109994888305;150
100..300;9;121479091;G;T;0.1524659991264343;155
100..300;9;121479325;C;G;0.1505379974842071;130
100..300;9;121989111;A;G;0.1714289933443069;100
100..300;9;122381513;A;C;0.1992750018835067;185
100..300;9;122381760;C;CA;0.2033900022506714;165
100..300;9;122477222;T;G;0.2077919989824295;220
100..300;9;122628962;A;G;0.1937800049781799;295
100..300;9;122629398;C;T;0.2178220003843307;285
100..300;9;122838747;T;A;0.1541499942541122;165
100..300;9;123035214;T;C;0.1754969954490661;210
100..300;9;123365932;C;T;0.1143909990787506;175
100..300;9;123365974;C;G;0.1324920058250427;195
100..300;9;123367625;T;C;0.1758240014314651;120
100..300;9;123368882;A;G;0.1516849994659423;120
100..300;9;123372263;A;G;0.3080460131168365;285
100..300;9;124021154;C;G;0.3170729875564575;250
100..300;9;124212525;G;C;0.1726190000772476;110
100..300;9;124321446;T;C;0.185929998755455;140
100..300;9;124414882;G;A;0.1560509949922561;205
100..300;9;124467839;T;C;0.4454550147056579;140
100..300;9;124468612;A;G;0.3426569998264313;180
100..300;9;124469495;G;C;0.3292309939861297;215
100..300;9;124493169;A;G;0.4342629909515381;160
100..300;9;124995031;T;C;0.3640779852867126;130
100..300;9;125150878;T;C;0.3607310056686401;165
100..300;9;125207551;T;C;0.3473680019378662;130
100..300;9;125213375;T;C;0.3172039985656738;120
100..300;9;126662440;G;A;0.3714289963245392;140
100..300;9;126690950;G;A;0.1818179935216903;210
100..300;9;126693308;C;G;0.1373240053653717;190
100..300;9;126707260;C;G;0.2264149934053421;105
100..300;9;126989960;T;C;0.2871789932250976;125
100..300;9;127174741;A;G;0.2300470024347305;145
100..300;9;127712732;C;T;0.3753420114517212;245
100..300;9;127713163;C;A;0.3796299993991852;150
100..300;9;127715489;A;G;0.1209150031208992;215
100..300;9;127723339;A;G;0.3386240005493164;140
100..300;9;127724105;T;C;0.2258059978485107;110
100..300;9;127727279;G;A;0.3302749991416931;230
100..300;9;127731234;G;A;0.3165470063686371;205
100..300;9;127733354;G;C;0.3018290102481842;235
100..300;9;127741791;A;G;0.1888889968395233;180
100..300;9;127745109;C;G;0.1444039940834045;190
100..300;9;127824409;A;G;0.1294959932565689;185
100..300;9;127843106;T;C;0.1471569985151291;200
100..300;9;128166354;T;C;0.1372999995946884;295
100..300;9;128176382;T;C;0.1508380025625229;115
100..300;9;128222476;T;C;0.3788399994373321;200
100..300;9;128533596;A;G;0.1824560016393661;200
100..300;9;128713304;C;G;0.1872909963130951;210
100..300;9;128753268;T;G;0.3543049991130829;200
100..300;9;129059206;A;G;0.2122090011835098;220
100..300;9;129084678;C;T;0.3788819909095764;205
100..300;9;129638201;A;G;0.1662710011005401;295
100..300;9;129814233;T;G;0.1823530048131942;120
100..300;9;129829230;G;A;0.1621620059013366;205
100..300;9;129834742;T;C;0.1602790057659149;185
100..300;9;129834783;C;A;0.1858409941196441;140
100..300;9;129875433;A;G;0.2085890024900436;220
100..300;9;129878447;G;T;0.1871919929981231;135
100..300;9;130286222;A;G;0.2592589855194092;125
100..300;9;130338375;G;A;0.1377670019865036;285
100..300;9;130360514;A;C;0.1610170006752014;150
100..300;9;130360540;T;C;0.1574469953775406;150
100..300;9;130369761;T;C;0.1593219935894012;200
100..300;9;130430524;A;G;0.3910030126571655;200
100..300;9;130678606;T;C;0.1307190060615539;205
100..300;9;130885614;G;A;0.1990049928426742;140
100..300;9;130893782;A;G;0.1182800009846687;190
100..300;9;130904061;G;A;0.2125599980354309;140
100..300;9;130911838;G;A;0.1961410045623779;210
100..300;9;131026432;A;C;0.1527380049228668;240
100..300;9;131026433;G;C;0.1540700048208236;235
100..300;9;131038934;T;C;0.1808120012283325;180
100..300;9;131052701;C;T;0.202796995639801;105
100..300;9;131075843;T;C;0.1500000059604644;185
100..300;9;131289981;C;G;0.1470589935779571;120
100..300;9;131446568;A;G;0.1974789947271347;170
100..300;9;131482721;G;A;0.1938329935073852;165
100..300;9;131512152;A;G;0.2960529923439026;100
100..300;9;132198490;T;C;0.1048690006136894;185
100..300;9;132226867;T;C;0.1899999976158142;195
100..300;9;132398131;T;C;0.2237759977579116;110
100..300;9;132401620;T;C;0.1512349992990493;225
100..300;9;132679179;A;G;0.1522489935159683;205
100..300;9;133162355;A;G;0.1915889978408813;135
100..300;9;133208223;T;C;0.204244002699852;225
100..300;9;133475078;G;T;0.3461540043354034;165
100..300;9;133547174;T;C;0.1509429961442947;170
100..300;9;133734024;T;C;0.1803279966115951;205
100..300;9;133779957;C;G;0.1348679959774017;200
100..300;9;134026248;T;G;0.1806720048189163;165
100..300;9;134027401;T;C;0.140625;140
100..300;9;134027523;C;T;0.1589400023221969;105
100..300;9;134028745;A;C;0.1382489949464798;145
100..300;9;134031496;GA;G;0.2000000029802322;120
100..300;9;134880818;G;A;0.1694920063018798;120
100..300;9;134887180;T;C;0.175925999879837;145
100..300;9;134909468;G;A;0.3770880103111267;290
100..300;9;134909570;C;T;0.4110789895057678;250
100..300;9;134909954;C;T;0.3519159853458404;200
100..300;9;134912514;G;A;0.3647800087928772;200
100..300;9;135547960;T;C;0.3455150127410888;200
100..300;9;135547963;C;T;0.3425610065460205;195
100..300;9;135548708;C;G;0.3147209882736206;230
100..300;9;135548716;T;C;0.3192020058631897;240
100..300;9;135549839;GC;G;0.233037993311882;125
100..300;9;135549914;A;C;0.2777779996395111;200
100..300;9;135624083;T;G;0.1695650070905685;155
100..300;9;135624145;G;A;0.1585900038480758;160
100..300;9;135624282;T;C;0.1751819998025894;200
100..300;9;135624500;C;CA;0.1524820029735565;215
100..300;9;135765207;G;T;0.3565219938755035;150
100..300;9;135792138;G;A;0.1488099992275238;110
100..300;9;135811630;C;G;0.1714289933443069;130
100..300;9;135850231;G;C;0.1850000023841858;140
100..300;9;135945095;G;GCCT;0.3235290050506592;185
100..300;9;136291438;T;C;0.1945289969444275;225
100..300;9;136340958;T;C;0.194594994187355;255
100..300;9;136376449;A;G;0.0989011004567146;110
100..300;9;136377593;A;C;0.1607140004634857;185
100..300;9;136438951;A;C;0.1365080028772354;215
100..300;9;136502238;T;C;0.1623930037021637;100
100..300;9;136505847;A;C;0.1700679957866668;190
100..300;9;136513480;G;A;0.1708859950304031;210
100..300;9;136515725;C;T;0.1644739955663681;110
100..300;9;136517745;A;G;0.1400000005960464;175
100..300;9;136523808;G;A;0.1540279984474182;280
100..300;9;136670022;G;C;0.0944444015622139;120
100..300;9;136723174;A;G;0.1615120023488998;215
100..300;9;136763898;T;C;0.2123080044984817;225
100..300;9;136838010;T;C;0.1548389941453933;100
100..300;9;136946144;A;G;0.1206030026078224;140
100..300;9;136969389;T;C;0.1818179935216903;130
100..300;9;136969457;T;C;0.1436170041561126;125
100..300;9;136969889;G;A;0.3154360055923462;100
100..300;9;136969986;C;G;0.1277779936790466;120
100..300;9;136984718;A;G;0.1524160057306289;205
100..300;9;137020441;T;C;0.1892659962177276;235
100..300;9;137022427;T;C;0.1384080052375793;195
100..300;9;137032730;A;G;0.1756760030984878;100
100..300;9;137156786;G;A;0.1173179969191551;125
100..300;9;137156924;A;G;0.1132080033421516;175
100..300;9;137188094;T;G;0.1432510018348693;255
100..300;9;137199451;A;G;0.1977400034666061;255
100..300;9;137216103;A;G;0.0857143029570579;165
100..300;9;137252821;T;C;0.1610389947891235;260
100..300;9;137272145;A;G;0.1223879978060722;225
100..300;9;137349095;T;C;0.2191780060529709;100
100..300;9;137351340;T;C;0.1544719934463501;170
100..300;9;137426340;C;G;0.1785710006952285;105
100..300;9;137433625;T;C;0.1917099952697754;145
100..300;9;137463396;C;G;0.2032970041036605;125
100..300;9;137614623;C;A;0.1516849994659423;125
100..300;9;137971537;T;A;0.1898310035467147;200
100..300;9;137986862;C;A;0.1882349997758865;160
100..300;9;138017218;T;C;0.1492539942264557;125
100..300;9;138120899;G;A;0.1492539942264557;180
≥300;1;3022133;G;T;0.1918980032205581;325
≥300;1;13416600;T;C;0.1396649926900863;.
≥300;1;18700745;G;A;0.1929129958152771;335
≥300;1;22600748;A;G;0.1482300013303756;305
≥300;1;24066110;A;G;0.2000000029802322;335
≥300;1;26344159;TTCC;T;0.1878450065851211;300
≥300;1;45331833;G;C;0.1533329933881759;315
≥300;1;54225281;C;T;0.1748879998922348;315
≥300;1;152664367;T;A;0.217972993850708;.
≥300;1;152709204;CAGCTCTGGGGGCTGCTGT;C;0.4470590054988861;305
≥300;1;152812694;A;G;0.1467709988355636;340
≥300;1;153032377;T;C;0.1882349997758865;300
≥300;1;161544752;C;A;0.1157020032405853;310
≥300;1;167126644;A;G;0.1431539952754974;335
≥300;1;171636247;C;T;0.1919640004634857;310
≥300;1;175123571;T;C;0.1984589993953704;.
≥300;1;180196564;C;A;0.2000000029802322;305
≥300;1;223864490;C;G;0.3942309916019439;310
≥300;1;225517743;A;G;0.1755889952182769;310
≥300;1;228219559;A;G;0.1793719977140426;300
≥300;1;228224526;C;T;0.1685390025377273;315
≥300;1;228224527;A;G;0.1581290066242218;315
≥300;1;228224607;A;G;0.126922994852066;340
≥300;1;228264315;C;G;0.1880650073289871;.
≥300;1;245685698;T;C;0.1753990054130554;320
≥300;1;245686142;T;C;0.1717790067195892;345
≥300;1;245687204;C;G;0.1649270057678222;.
≥300;1;245687211;G;C;0.1767069995403289;.
≥300;10;27246671;C;T;0.1912350058555603;340
≥300;10;27250160;T;C;0.2105260044336319;.
≥300;10;27251532;T;C;0.1518989950418472;325
≥300;10;44971756;C;T;0.1632650047540664;330
≥300;10;77806874;A;G;0.1489840000867843;300
≥300;10;84214480;C;T;0.1456519961357116;320
≥300;10;95356462;T;C;0.1714289933443069;310
≥300;10;113165732;T;C;0.2118449956178665;300
≥300;10;122211015;C;T;0.1912440061569214;325
≥300;10;128108716;T;C;0.1726319938898086;325
≥300;10;130107832;T;C;0.1575179994106292;300
≥300;11;624674;T;C;0.1898149996995926;305
≥300;11;823809;G;C;0.1613509953022003;.
≥300;11;1241791;T;G;0.169851005077362;315
≥300;11;1242546;T;C;0.1840800046920776;.
≥300;11;3414981;A;G;0.1529179960489273;345
≥300;11;6217909;G;A;0.1754390001296997;300
≥300;11;7928477;G;A;0.2360800057649612;315
≥300;11;18137908;C;T;0.1787150055170059;345
≥300;11;18173801;T;C;0.192904993891716;325
≥300;11;58215112;C;T;0.1978020071983337;305
≥300;11;58215148;G;A;0.1858820021152496;310
≥300;11;62910834;T;G;0.1990630030632019;300
≥300;11;68262705;A;C;0.1795450001955032;305
≥300;11;69296261;C;G;0.1720429956912994;310
≥300;11;69303648;T;C;0.1786489933729171;310
≥300;11;71435791;T;C;0.1617980003356933;305
≥300;11;71794762;T;C;0.177824005484581;315
≥300;11;75587752;G;A;0.199630007147789;.
≥300;11;113412755;G;A;0.1938779950141906;330
≥300;11;118898895;T;C;0.1732459962368011;310
≥300;11;124038635;A;G;0.3264890015125274;315
≥300;12;8234282;T;C;0.278652012348175;300
≥300;12;52434002;T;C;0.1846760064363479;.
≥300;12;52795912;G;C;0.176605999469757;315
≥300;12;122133746;T;C;0.1590909957885742;315
≥300;12;122995487;A;G;0.1488890051841735;310
≥300;12;132062617;A;G;0.1845239996910095;.
≥300;12;132606232;A;G;0.37915700674057;300
≥300;13;19177089;C;T;0.1663780063390731;.
≥300;13;19177517;T;G;0.1742739975452423;310
≥300;13;19382653;G;A;0.1811929941177368;305
≥300;13;49549513;A;G;0.3565399944782257;305
≥300;13;49549552;T;G;0.3551799952983856;305
≥300;13;52029105;G;A;0.2516410052776336;320
≥300;13;52643135;G;A;0.1685390025377273;320
≥300;13;75240208;A;C;0.3428570032119751;340
≥300;13;113406800;T;C;0.1779859960079193;300
≥300;14;19796434;C;G;0.1103070005774498;305
≥300;14;19796655;G;T;0.1461250036954879;.
≥300;14;92652323;T;C;0.1565040051937103;345
≥300;14;94290113;A;T;0.1965070068836212;325
≥300;14;94290413;C;T;0.2004179954528808;335
≥300;14;94290457;C;T;0.4052290022373199;325
≥300;14;94382814;A;G;0.1601729989051818;320
≥300;14;100734308;C;T;0.1594830006361007;330
≥300;15;28141480;T;C;0.1952790021896362;310
≥300;15;34752856;A;G;0.2056739926338195;305
≥300;15;43525854;A;G;0.1528089940547943;325
≥300;15;43525881;A;G;0.1480640023946762;320
≥300;15;43989823;A;G;0.2385119944810867;325
≥300;15;74361805;C;T;0.1841540038585662;335
≥300;16;670986;A;G;0.1727270036935806;310
≥300;16;672331;T;C;0.1906780004501342;310
≥300;16;1980126;A;G;0.164351999759674;300
≥300;16;56626904;A;G;0.3907639980316162;.
≥300;16;56626929;T;C;0.3958689868450165;.
≥300;16;75242649;C;T;0.1846150010824203;300
≥300;16;87701921;A;G;0.2161519974470138;300
≥300;17;3092700;C;T;0.195945993065834;305
≥300;17;5034056;T;G;0.1258430033922195;310
≥300;17;7513280;A;G;0.3649519979953766;.
≥300;17;9821962;T;C;0.180294007062912;320
≥300;17;36537477;G;A;0.1796540021896362;335
≥300;17;36602169;C;G;0.1437910050153732;330
≥300;17;38330121;C;T;0.163574993610382;.
≥300;17;38330919;A;G;0.1712329983711242;315
≥300;17;40782305;A;G;0.1685909926891327;300
≥300;17;40966761;A;G;0.1880529969930648;305
≥300;17;40984020;G;A;0.1689859926700592;.
≥300;17;40994032;G;A;0.226842999458313;310
≥300;17;40999815;G;A;0.1890240013599395;320
≥300;17;41424307;A;T;0.1931169927120208;.
≥300;17;41424310;C;T;0.1980949938297271;.
≥300;17;41424408;C;T;0.1463409960269928;335
≥300;17;41487088;G;T;0.1419460028409958;.
≥300;17;45990016;C;T;0.2222220003604889;305
≥300;17;46032108;A;G;0.2179999947547912;340
≥300;17;48058771;C;G;0.1688600033521652;315
≥300;17;50166023;A;G;0.1539919972419738;.
≥300;17;76292181;C;T;0.16839000582695;.
≥300;17;76292483;C;CTGA;0.2088290005922317;.
≥300;17;81547352;T;C;0.177156001329422;300
≥300;17;81665333;T;C;0.1394419968128204;340
≥300;17;82019339;A;G;0.1922249943017959;320
≥300;17;82830589;C;T;0.3856500089168548;305
≥300;17;82830616;G;A;0.4113920032978058;320
≥300;18;14542649;A;C;0.2075890004634857;305
≥300;18;14543099;T;C;0.1382980048656463;330
≥300;18;22415790;C;T;0.422078013420105;340
≥300;18;22416048;A;G;0.1957039982080459;300
≥300;18;57436280;T;C;0.135463997721672;.
≥300;18;59359129;G;A;0.1529680043458938;300
≥300;18;78994444;T;C;0.1592040061950683;.
≥300;18;78994549;C;T;0.1602109968662262;.
≥300;19;3831711;T;C;0.1659290045499801;305
≥300;19;5832198;A;G;0.2182250022888183;305
≥300;19;6415165;T;C;0.1625840067863464;310
≥300;19;9126759;G;A;0.2505800127983093;300
≥300;19;11614598;A;G;0.1887159943580627;.
≥300;19;13286746;T;C;0.1514080017805099;.
≥300;19;15615749;T;G;0.1919189989566803;330
≥300;19;15807570;T;C;0.1334619969129562;340
≥300;19;17656091;T;C;0.1894270032644271;305
≥300;19;38466199;T;C;0.1685909926891327;305
≥300;19;41709825;C;T;0.1673730015754699;315
≥300;19;41709853;G;A;0.1748970001935959;310
≥300;19;41709863;C;T;0.1814430058002472;300
≥300;19;42868234;C;T;0.1588239967823028;335
≥300;19;42935542;A;G;0.3927130103111267;340
≥300;19;43195184;C;T;0.286884993314743;300
≥300;19;43613430;C;T;0.193011999130249;.
≥300;19;43614036;C;A;0.203791007399559;315
≥300;19;47544564;T;C;0.1624130010604858;305
≥300;19;49154632;TTCC;T;0.1531530022621154;300
≥300;19;51416695;A;G;0.2047239989042282;335
≥300;19;51498142;A;G;0.2151640057563781;315
≥300;19;52841923;T;C;0.1915369927883148;320
≥300;19;53351144;C;G;0.1804009974002838;315
≥300;19;53490807;G;A;0.1802880018949508;305
≥300;19;54041932;T;C;0.1885440051555633;305
≥300;19;54042277;C;T;0.1557559967041015;310
≥300;19;54174203;A;G;0.1765699982643127;.
≥300;19;54222142;G;A;0.1107809990644455;.
≥300;19;54278849;C;G;0.2985349893569946;315
≥300;19;54278855;G;A;0.3046590089797973;325
≥300;19;54278869;A;G;0.3251230120658874;345
≥300;19;54279838;T;C;0.3439249992370605;.
≥300;19;54338192;T;C;0.3371520042419433;.
≥300;19;54338210;G;T;0.3602150082588196;.
≥300;19;54663046;C;T;0.1642999947071075;330
≥300;19;54666711;G;A;0.1845490038394928;315
≥300;19;54885488;A;G;0.3047400116920471;310
≥300;19;54939094;A;C;0.1755589991807937;.
≥300;19;54939864;T;C;0.1433449983596801;.
≥300;19;55056716;T;C;0.1868579983711242;330
≥300;19;55056717;T;G;0.1860940009355545;335
≥300;19;55203941;T;C;0.1700399965047836;330
≥300;19;55203951;G;C;0.169960007071495;340
≥300;19;55203974;T;C;0.2008109986782074;335
≥300;19;55541034;T;G;0.1617310047149658;305
≥300;19;56027610;C;G;0.1552940011024475;300
≥300;19;57507250;G;A;0.1921570003032684;.
≥300;2;73700951;A;C;0.2016810029745102;325
≥300;2;131626766;T;C;0.2129440009593963;335
≥300;2;131626808;A;G;0.2007800042629242;.
≥300;2;131627015;G;C;0.2030200064182281;.
≥300;2;167713948;C;T;0.3834420144557953;340
≥300;2;218135587;T;C;0.2115380018949508;320
≥300;2;227387917;A;G;0.1936510056257248;.
≥300;20;298541;T;C;0.1263860017061233;310
≥300;20;1635491;A;G;0.229091003537178;.
≥300;20;2483707;G;A;0.1559250056743621;330
≥300;20;21706706;A;G;0.2028640061616897;305
≥300;20;31845336;A;G;0.1656569987535476;340
≥300;20;38217336;T;C;0.1589400023221969;305
≥300;20;49905793;A;G;0.212580993771553;310
≥300;20;59024347;A;G;0.1451189965009689;300
≥300;20;61936802;T;C;0.1978610008955001;.
≥300;21;44550929;A;G;0.3679600059986114;.
≥300;21;44601566;T;C;0.1601510047912597;.
≥300;21;44601579;A;G;0.1654320061206817;.
≥300;21;44601692;A;G;0.2148289978504181;.
≥300;21;44647267;T;C;0.1735219955444336;.
≥300;21;46314928;G;A;0.1879519969224929;300
≥300;22;17818927;C;T;0.1615920066833496;300
≥300;22;35726677;A;C;0.1528660058975219;335
≥300;3;4983086;C;T;0.1800490021705627;300
≥300;3;39186173;A;G;0.2405859977006912;320
≥300;3;48660221;G;C;0.3634450137615204;320
≥300;3;124796649;T;C;0.1949539929628372;305
≥300;4;52744105;T;C;0.1666669994592666;315
≥300;4;56531030;G;C;0.1941539943218231;340
≥300;4;69589530;T;C;0.1932940036058426;325
≥300;4;153659136;G;A;0.2008550018072128;315
≥300;4;165278193;T;C;0.2130839973688125;.
≥300;5;434607;C;G;0.1913879960775375;300
≥300;5;1036785;T;C;0.3924050033092499;330
≥300;5;1036847;A;C;0.1976149976253509;.
≥300;5;1036869;T;C;0.1883559972047805;.
≥300;5;1443084;A;G;0.1538459956645965;320
≥300;5;17605218;T;C;0.1793570071458816;.
≥300;5;69420283;A;T;0.1540179997682571;320
≥300;5;73123790;A;C;0.1821949928998947;325
≥300;5;77785660;A;C;0.1720840036869049;.
≥300;5;77785855;T;C;0.186612993478775;.
≥300;5;140787878;T;C;0.3238730132579803;.
≥300;5;140788485;G;A;0.3573620021343231;.
≥300;5;140788566;T;G;0.3471220135688782;.
≥300;5;140795037;A;G;0.3547010123729706;325
≥300;5;140795280;C;G;0.3770759999752044;.
≥300;5;140802307;C;T;0.3586699962615967;305
≥300;5;140802516;T;G;0.3303030133247375;.
≥300;5;140803473;A;G;0.3162879943847656;.
≥300;5;140807352;T;G;0.1685390025377273;330
≥300;5;140807517;G;A;0.2447820007801056;.
≥300;5;140808798;G;T;0.3026089966297149;.
≥300;5;140808816;G;A;0.3036650121212005;.
≥300;5;140823847;T;C;0.3851720094680786;.
≥300;5;140829882;G;T;0.3079530000686645;.
≥300;5;140834796;A;G;0.2129029929637909;300
≥300;5;140836141;G;C;0.1853149980306625;.
≥300;5;140841554;A;G;0.3890529870986938;335
≥300;5;140842572;C;A;0.2989690005779266;.
≥300;5;140843056;G;A;0.2759259939193725;.
≥300;5;141096396;A;G;0.3326889872550964;305
≥300;5;141174900;T;G;0.1821430027484893;.
≥300;5;141175025;C;T;0.2121829986572265;.
≥300;5;141184688;T;C;0.3385089933872223;.
≥300;5;141201937;T;G;0.3149929940700531;.
≥300;5;141330894;C;T;0.1864040046930313;315
≥300;5;141344268;T;C;0.1768169999122619;.
≥300;6;26033413;A;G;0.1360819935798645;335
≥300;6;26199675;T;C;0.1554249972105026;.
≥300;6;26370429;G;A;0.1899999976158142;330
≥300;6;26370431;T;C;0.1888670027256012;330
≥300;6;26370479;C;T;0.3893620073795318;320
≥300;6;26370520;A;G;0.2153110057115554;300
≥300;6;26597105;G;A;0.21560600399971;310
≥300;6;27865396;G;A;0.157258003950119;345
≥300;6;27871968;C;T;0.15625;315
≥300;6;27890643;G;A;0.1622570008039474;.
≥300;6;28272137;A;G;0.1877830028533935;310
≥300;6;29101239;A;G;0.1996529996395111;.
≥300;6;29101487;C;T;0.1847389936447143;.
≥300;6;29101522;T;C;0.2154809981584549;335
≥300;6;29556180;G;A;0.1836729943752288;330
≥300;6;29723526;A;G;0.1571709960699081;.
≥300;6;29726903;C;A;0.2068970054388046;315
≥300;6;29726904;T;A;0.2027650028467178;315
≥300;6;29745652;T;C;0.1981980055570602;.
≥300;6;29745688;C;T;0.424360990524292;340
≥300;6;29792252;C;G;0.1651789993047714;310
≥300;6;29792334;C;G;0.1678159981966018;300
≥300;6;29828216;A;G;0.3253799974918365;310
≥300;6;29828592;T;A;0.1969700008630752;330
≥300;6;29829862;T;C;0.1702969968318939;320
≥300;6;29888125;A;G;0.1347250044345855;330
≥300;6;29888526;T;C;0.15625;.
≥300;6;29888662;G;T;0.3164379894733429;.
≥300;6;29888668;T;C;0.3162389993667602;.
≥300;6;29926473;A;T;0.1470589935779571;320
≥300;6;29926492;C;T;0.1439539939165115;.
≥300;6;29926746;A;G;0.1532849967479705;.
≥300;6;29926790;A;G;0.1645569950342178;340
≥300;6;29926807;A;C;0.1184509992599487;315
≥300;6;29927255;C;G;0.1529410034418106;335
≥300;6;29927262;C;A;0.1628350019454956;345
≥300;6;29927322;A;C;0.1371899992227554;.
≥300;6;29928224;A;C;0.2009650021791458;.
≥300;6;29942547;C;G;0.2192690074443817;320
≥300;6;29942781;A;T;0.0877192988991737;.
≥300;6;29942785;C;A;0.0901288017630577;.
≥300;6;29943309;C;T;0.1134020015597343;335
≥300;6;29957504;G;C;0.189300000667572;330
≥300;6;29972425;A;G;0.2226720005273819;325
≥300;6;30103553;T;C;0.2017540037631988;315
≥300;6;30110498;T;C;0.1907510012388229;.
≥300;6;30110553;T;C;0.2171050012111663;.
≥300;6;30112497;A;G;0.1644099950790405;345
≥300;6;30112719;A;G;0.2086959928274154;310
≥300;6;30199109;T;C;0.1789219975471496;305
≥300;6;30547266;C;T;0.2094119936227798;310
≥300;6;30685004;T;C;0.1601209938526153;.
≥300;6;30703873;G;A;0.1553930044174194;.
≥300;6;30889295;C;G;0.1632270067930221;.
≥300;6;30894646;T;C;0.1683990061283111;320
≥300;6;30897427;C;A;0.1955190002918243;315
≥300;6;30923211;A;G;0.1415310055017471;300
≥300;6;30951614;A;G;0.2082020044326782;.
≥300;6;30952347;A;G;0.1900649964809417;335
≥300;6;30987096;A;G;0.1553400009870529;.
≥300;6;30987636;C;G;0.1650490015745163;.
≥300;6;31056453;G;C;0.1732279956340789;.
≥300;6;31056724;T;C;0.2024870067834854;.
≥300;6;31111867;A;G;0.1571909934282302;.
≥300;6;31112239;G;C;0.1955190002918243;345
≥300;6;31116393;C;A;0.1460320055484771;.
≥300;6;31116862;T;C;0.1610739976167678;.
≥300;6;31144960;A;C;0.1961620002985;320
≥300;6;31148469;A;G;0.38993701338768;320
≥300;6;31154705;A;G;0.2064629942178726;.
≥300;6;31154723;A;G;0.1973430067300796;.
≥300;6;31161533;T;C;0.1762380003929138;335
≥300;6;31170330;A;G;0.1866669952869415;.
≥300;6;31271672;G;C;0.2976189851760864;.
≥300;6;31410610;C;T;0.1691060066223144;.
≥300;6;31410611;A;G;0.165583997964859;.
≥300;6;31410648;G;A;0.1708070039749145;.
≥300;6;31410709;C;T;0.181101992726326;.
≥300;6;31410733;A;G;0.1843850016593933;.
≥300;6;31411996;T;C;0.1737519949674606;320
≥300;6;31412017;T;C;0.1458700001239776;335
≥300;6;31412018;G;A;0.1489360034465789;335
≥300;6;31412040;C;T;0.1516669988632202;330
≥300;6;31412046;G;C;0.1588629931211471;335
≥300;6;31412154;A;G;0.1564060002565384;.
≥300;6;31412314;CT;C;0.2125339955091476;300
≥300;6;31558196;A;G;0.1865440011024475;.
≥300;6;31630712;G;A;0.1614499986171722;.
≥300;6;31635190;A;G;0.1694920063018798;320
≥300;6;31636814;T;C;0.1770830005407333;.
≥300;6;31664357;A;C;0.1960780024528503;.
≥300;6;31765689;C;T;0.1746360063552856;330
≥300;6;31766568;T;G;0.1659840047359466;345
≥300;6;31972121;T;C;0.1394930034875869;.
≥300;6;32058086;T;C;0.2188840061426162;330
≥300;6;32061428;A;G;0.1710789948701858;340
≥300;6;32096949;C;T;0.1541350036859512;.
≥300;6;32154695;A;C;0.1826570034027099;.
≥300;6;32157868;T;C;0.1938329935073852;300
≥300;6;32166733;A;G;0.154012992978096;315
≥300;6;32179919;A;G;0.1953819990158081;.
≥300;6;32180254;G;A;0.1741939932107925;325
≥300;6;32184157;G;A;0.2326620072126388;310
≥300;6;32192179;C;T;0.190871000289917;330
≥300;6;32200994;T;G;0.2008199989795684;.
≥300;6;32202470;T;C;0.1490910053253173;.
≥300;6;32293475;G;T;0.2637799978256225;.
≥300;6;32293730;C;T;0.4676719903945923;335
≥300;6;32746090;T;C;0.1974249929189682;315
≥300;6;32843868;G;A;0.1437910050153732;300
≥300;6;32850459;A;G;0.1682240068912506;345
≥300;6;32850997;C;T;0.2108319997787475;.
≥300;6;32853214;G;A;0.1196850016713142;.
≥300;6;32938809;T;C;0.1821189969778061;.
≥300;6;32938875;A;T;0.13680200278759;340
≥300;6;32949721;G;C;0.166359007358551;.
≥300;6;33007480;T;C;0.1558029949665069;.
≥300;6;33068728;C;G;0.2224529981613159;320
≥300;6;33069076;C;A;0.1909089982509613;.
≥300;6;33069173;T;C;0.1512199938297271;.
≥300;6;33069174;G;A;0.0284090992063283;.
≥300;6;33069182;A;G;0.0350194983184337;.
≥300;6;33069194;T;C;0.167820006608963;.
≥300;6;33069222;C;T;0.1810040026903152;.
≥300;6;33080829;C;G;0.1872850060462951;.
≥300;6;33080851;C;A;0.1904760003089904;.
≥300;6;33080884;G;A;0.209073007106781;.
≥300;6;33080886;A;G;0.2107360064983368;.
≥300;6;33084991;C;T;0.1404259949922561;335
≥300;6;33085026;A;G;0.1632270067930221;.
≥300;6;33085173;C;T;0.1777340024709701;345
≥300;6;33085181;T;C;0.1715400069952011;345
≥300;6;43175858;T;C;0.14444400370121;300
≥300;6;128067654;T;G;0.1729959994554519;320
≥300;6;150021096;A;G;0.1612900048494339;305
≥300;6;168287601;G;T;0.1500969976186752;.
≥300;7;5036682;CCTACCCCAGGGGCTGGGAT;C;0.239436998963356;335
≥300;7;23586070;G;A;0.1693879961967468;340
≥300;7;39339726;T;C;0.2172349989414215;.
≥300;7;74056384;A;G;0.1851850003004074;325
≥300;7;101196120;A;G;0.180974006652832;305
≥300;7;131511158;G;T;0.191440999507904;310
≥300;8;1565843;A;C;0.1699820011854171;.
≥300;8;1668474;A;G;0.2000000029802322;.
≥300;8;1909382;C;T;0.1810339987277984;300
≥300;8;127416411;C;A;0.1351819932460785;.
≥300;8;127416506;G;A;0.1854420006275177;.
≥300;8;142542011;A;C;0.1376979947090149;300
≥300;8;143538076;G;A;0.1899040043354034;310
≥300;8;143560645;T;C;0.1917530000209808;315
≥300;8;143792787;A;G;0.1611569970846176;320
≥300;8;143813383;A;G;0.1701239943504333;315
≥300;8;143871023;C;T;0.1552589982748031;.
≥300;9;7799606;A;C;0.187266007065773;.
≥300;9;7799653;T;G;0.1983300000429153;315
≥300;9;15055609;A;G;0.1971150040626526;300
≥300;9;35811488;A;ACCAGGACCAGAG;0.1790480017662048;.
≥300;9;81992843;A;T;0.3853009939193725;305
≥300;9;82059881;G;A;0.3782989978790283;.
≥300;9;114403966;G;A;0.3995729982852936;310
≥300;9;122628848;T;C;0.1971829980611801;300
≥300;9;130338307;C;T;0.1438679993152618;305
≥300;9;134041883;A;G;0.1589960008859634;325
