coverage;chromosome;position;alt_allele;ref_allele;vaf;Coverage
1..10;19;22665226;C;G;0.1470589935779571;1
10..30;19;35372324;T;G;0.1496600061655044;25
10..30;3;198157341;T;C;0.1599999964237213;25
10..30;4;69214515;G;A;0.2020729929208755;20
10..30;7;102787442;T;C;0.0904254987835884;25
30..50;10;38392035;T;G;0.1450379937887191;45
30..50;10;79870424;T;C;0.2389940023422241;30
30..50;2;161507419;A;G;0.2721090018749237;40
30..50;6;32662186;T;C;0.3790319859981537;30
30..50;7;67238341;A;G;0.194690003991127;40
50..100;1;6213146;T;C;0.0813008025288581;80
50..100;1;7623970;A;G;0.1319440007209777;95
50..100;1;11654311;G;T;0.0555556006729602;75
50..100;1;12097231;C;T;0.1721850037574768;95
50..100;1;20526702;A;C;0.1212119981646537;90
50..100;1;27967201;A;G;0.0887096971273422;85
50..100;1;29159499;T;C;0.0482758991420269;95
50..100;1;38708945;A;G;0.0827068015933036;85
50..100;1;38859391;C;T;0.1052630022168159;85
50..100;1;44806156;C;T;0.051282100379467;95
50..100;1;45206294;G;A;0.0787879005074501;95
50..100;1;61914626;A;G;0.0797101035714149;95
50..100;1;62038496;T;G;0.1025639995932579;95
50..100;1;63843594;C;A;0.1071429997682571;95
50..100;1;66976592;T;C;0.1269840002059936;85
50..100;1;74706968;C;T;0.1632650047540664;95
50..100;1;79521816;C;T;0.1512610018253326;85
50..100;1;88771873;T;C;0.0774647966027259;95
50..100;1;110040713;A;G;0.0636942982673645;95
50..100;1;112540817;T;C;0.0583942010998725;90
50..100;1;112597961;C;T;0.1269840002059936;75
50..100;1;114433602;C;A;0.1240309998393058;80
50..100;1;114857263;G;C;0.1031749993562698;95
50..100;1;117994519;C;T;0.113475002348423;95
50..100;1;119853675;T;C;0.1111110001802444;90
50..100;1;149933386;A;G;0.1739130020141601;95
50..100;1;154607982;A;C;0.0421686992049217;95
50..100;1;156925033;T;C;0.0661156997084617;85
50..100;1;158674315;A;T;0.1223020032048225;95
50..100;1;160816880;G;A;0.1119399964809417;95
50..100;1;170866621;A;G;0.25;95
50..100;1;171392752;T;C;0.0916031002998352;95
50..100;1;185271342;G;A;0.0291971005499362;80
50..100;1;196713817;A;G;0.1160710006952285;75
50..100;1;196788262;T;C;0.1041669994592666;85
50..100;1;198256348;A;G;0.0569106005132198;80
50..100;1;204151824;T;G;0.1015620008111;80
50..100;1;212895062;C;T;0.1439390033483505;85
50..100;1;223995906;C;T;0.1788620054721832;75
50..100;1;229651283;A;G;0.1319440007209777;90
50..100;1;230921501;T;A;0.143885001540184;90
50..100;1;232402488;G;T;0.054263599216938;90
50..100;1;235231195;T;TA;0.0672269016504287;85
50..100;1;237456749;C;T;0.2622950077056885;85
50..100;1;244843190;TAGAAA;T;0.0390625;80
50..100;10;5813205;A;G;0.096296302974224;90
50..100;10;5915389;T;C;0.0948904976248741;90
50..100;10;13796604;G;A;0.0517240986227989;75
50..100;10;15008801;C;T;0.1000000014901161;85
50..100;10;16933079;A;G;0.1323529928922653;95
50..100;10;17323170;G;A;0.1278200000524521;85
50..100;10;24851482;C;G;0.120567001402378;95
50..100;10;26088402;T;C;0.0882352963089943;95
50..100;10;27028849;C;T;0.1041669994592666;90
50..100;10;27134815;C;T;0.1555559933185577;95
50..100;10;28120685;G;C;0.0802920013666153;90
50..100;10;30340207;A;G;0.1083329990506172;85
50..100;10;30380949;C;G;0.1369860023260116;90
50..100;10;30857686;C;T;0.0759494006633758;95
50..100;10;32456320;C;A;0.0863308981060981;90
50..100;10;45374265;G;C;0.0540541000664234;85
50..100;10;45374447;G;A;0.0476190000772476;80
50..100;10;52413009;A;G;0.1538459956645965;95
50..100;10;52413055;A;C;0.117646999657154;85
50..100;10;62218221;T;C;0.101851999759674;75
50..100;10;63168063;G;C;0.161764994263649;85
50..100;10;68749117;C;T;0.0775194019079208;90
50..100;10;69162403;C;T;0.1785710006952285;95
50..100;10;70114163;T;C;0.1150439977645874;85
50..100;10;79683469;C;CA;0.0606060996651649;95
50..100;10;79683910;G;A;0.0896551981568336;85
50..100;10;79684673;G;A;0.1063830032944679;95
50..100;10;89709168;G;C;0.0924369990825653;80
50..100;10;92935798;A;G;0.2352939993143081;85
50..100;10;93209573;T;C;0.0575539991259574;95
50..100;10;94355078;A;G;0.09565220028162;75
50..100;10;95184154;G;A;0.0775194019079208;95
50..100;10;100947740;T;C;0.1484380066394806;85
50..100;10;103348698;C;T;0.08695650100708;75
50..100;10;113884281;A;G;0.1086959987878799;55
50..100;10;121713659;G;A;0.0769231021404266;85
50..100;10;133467829;T;C;0.1468529999256134;90
50..100;11;280464;G;C;0.0342466011643409;90
50..100;11;2610392;T;C;0.0370370000600814;95
50..100;11;3973969;C;T;0.0839695036411285;90
50..100;11;23101058;C;T;0.0840336009860038;75
50..100;11;24738309;A;G;0.1554049998521804;95
50..100;11;26711376;G;A;0.235848993062973;65
50..100;11;33583339;T;C;0.1223020032048225;95
50..100;11;43943019;T;C;0.0657894983887672;90
50..100;11;56612658;G;C;0.1242600008845329;85
50..100;11;58291949;G;A;0.1764709949493408;80
50..100;11;58358147;C;T;0.096000000834465;90
50..100;11;61546073;A;G;0.0454544983804225;95
50..100;11;62602683;A;G;0.0420168004930019;80
50..100;11;62984340;C;T;0.0970148965716362;90
50..100;11;63243732;C;A;0.0967741981148719;85
50..100;11;68015477;T;G;0.1408450007438659;95
50..100;11;69072929;C;T;0.119047999382019;85
50..100;11;69072944;G;C;0.1199999973177909;80
50..100;11;74138957;C;G;0.1181100010871887;95
50..100;11;74355292;G;A;0.0879120975732803;70
50..100;11;92840745;T;G;0.1090909987688064;75
50..100;11;93408414;A;C;0.1071429997682571;75
50..100;11;93668840;G;A;0.0489509999752044;90
50..100;11;100979471;A;G;0.117646999657154;85
50..100;11;101583461;A;G;0.1301369965076446;80
50..100;11;124481513;T;A;0.0851064026355743;90
50..100;11;131661121;G;T;0.2137400060892105;95
50..100;12;6509705;T;C;0.0672269016504287;85
50..100;12;7367230;G;A;0.0546875;85
50..100;12;8229550;A;G;0.2613070011138916;90
50..100;12;8359511;T;TG;0.1172410026192665;95
50..100;12;18346702;T;C;0.1342280060052871;95
50..100;12;21178615;C;T;0.1310340017080307;95
50..100;12;26602613;T;C;0.2666670083999634;95
50..100;12;32602325;A;G;0.0839160978794097;95
50..100;12;52250612;C;A;0.0963855013251304;95
50..100;12;52250628;G;A;0.1059599965810775;90
50..100;12;55320622;CA;C;0.109375;90
50..100;12;58244544;T;C;0.1138209998607635;80
50..100;12;58244565;T;C;0.1145040020346641;85
50..100;12;61880246;T;C;0.0891088992357254;75
50..100;12;65169932;T;C;0.0671140998601913;95
50..100;12;66517991;T;G;0.1041669994592666;95
50..100;12;68731733;T;G;0.0992366001009941;80
50..100;12;68731734;T;G;0.1068700030446052;80
50..100;12;69796628;C;A;0.0890410989522934;90
50..100;12;81216923;A;G;0.0555556006729602;70
50..100;12;85038262;A;T;0.1171879991889;80
50..100;12;95867108;C;T;0.1734690070152282;65
50..100;12;101363752;A;G;0.0692308023571968;95
50..100;12;101964115;T;G;0.0992908030748367;90
50..100;12;102101071;C;T;0.0927151963114738;95
50..100;12;109193746;T;C;0.0816327035427093;95
50..100;12;109199383;C;G;0.1985290050506591;90
50..100;12;120694088;T;C;0.1203010007739067;95
50..100;12;122263552;G;A;0.079136699438095;85
50..100;12;123692742;C;T;0.1000000014901161;90
50..100;12;125136873;G;A;0.0797101035714149;95
50..100;12;132143736;T;C;0.0342466011643409;90
50..100;12;132143740;A;G;0.0354610010981559;85
50..100;12;133191482;G;A;0.0775194019079208;90
50..100;13;19048653;T;G;0.0774194002151489;95
50..100;13;19126502;T;C;0.1140939965844154;95
50..100;13;24500352;T;C;0.0915032997727394;95
50..100;13;24709356;T;C;0.136691004037857;80
50..100;13;27017670;G;A;0.1736110001802444;95
50..100;13;32308775;GT;G;0.216495007276535;65
50..100;13;38968394;C;A;0.1021900027990341;95
50..100;13;40621274;A;G;0.1472869962453842;90
50..100;13;41604196;C;A;0.1636359989643097;70
50..100;13;42129546;C;T;0.3149609863758087;85
50..100;13;42895075;A;G;0.2426470071077346;90
50..100;13;49567140;T;C;0.1338579952716827;85
50..100;13;51162055;G;A;0.0756302997469902;85
50..100;13;53409132;A;C;0.1475410014390945;90
50..100;13;72795504;G;A;0.097222201526165;90
50..100;13;76992289;T;C;0.0851064026355743;75
50..100;13;77059507;A;G;0.1127820014953613;90
50..100;13;77260492;C;A;0.1304350048303604;85
50..100;13;89361962;A;T;0.167939007282257;90
50..100;13;98385833;T;C;0.1911759972572326;95
50..100;14;64779238;T;C;0.0833332985639572;90
50..100;14;64779244;G;A;0.0821918025612831;90
50..100;14;70595239;C;T;0.0774647966027259;95
50..100;14;90278328;A;G;0.220779001712799;95
50..100;14;91215544;A;G;0.0608108006417751;95
50..100;14;92142990;C;T;0.1315789967775344;85
50..100;14;103457138;G;A;0.0860927030444145;95
50..100;15;22727158;C;G;0.155689001083374;70
50..100;15;23121326;T;A;0.2518520057201385;80
50..100;15;26772389;A;G;0.0859375;80
50..100;15;26773650;A;G;0.1034480035305023;70
50..100;15;39254327;C;G;0.1007750034332275;80
50..100;15;43649185;T;C;0.103703998029232;80
50..100;15;45403247;G;C;0.0784313976764679;75
50..100;15;45433057;G;C;0.1374049931764602;90
50..100;15;50402109;G;A;0.1103449985384941;90
50..100;15;51893961;C;A;0.0916666984558105;75
50..100;15;53716692;G;GA;0.095238097012043;90
50..100;15;54338354;TTGTC;T;0.1258739978075027;90
50..100;15;57247056;C;G;0.0583942010998725;95
50..100;15;59678099;A;C;0.1274510025978088;70
50..100;15;63642950;G;A;0.2397260069847107;95
50..100;15;65004923;T;C;0.0851064026355743;95
50..100;15;68361714;A;G;0.1040000021457672;85
50..100;15;72230997;T;C;0.0719423964619636;90
50..100;15;75843853;T;C;0.0703125;80
50..100;15;79896865;G;C;0.0454544983804225;75
50..100;15;89260812;T;C;0.1612900048494339;95
50..100;15;89263479;T;C;0.1164380013942718;95
50..100;15;94384008;C;T;0.0629371032118797;95
50..100;16;657748;T;C;0.0428570993244648;90
50..100;16;1772796;CACCT;C;0.0560000017285347;85
50..100;16;1986047;C;T;0.1285710036754608;95
50..100;16;5365914;G;A;0.0769231021404266;95
50..100;16;11254849;G;C;0.0944882035255432;70
50..100;16;50153985;A;G;0.0656934008002281;75
50..100;16;51278630;G;A;0.125;95
50..100;16;54933184;A;C;0.0895522013306617;85
50..100;16;55329326;A;G;0.1578949987888336;95
50..100;16;57440756;A;G;0.06944440305233;95
50..100;16;57469301;T;C;0.0852712988853454;85
50..100;16;70219929;C;T;0.0601503998041152;85
50..100;16;71746582;A;G;0.1159420013427734;95
50..100;16;71746696;C;T;0.0879999995231628;85
50..100;16;81159828;C;G;0.2649010121822357;95
50..100;16;83180875;A;C;0.187049999833107;95
50..100;16;87755258;A;G;0.0666666999459266;95
50..100;17;22205050;T;C;0.1162789985537529;90
50..100;17;35186572;C;A;0.0924369990825653;85
50..100;17;43200626;T;C;0.120567001402378;95
50..100;17;44250482;A;G;0.0821918025612831;95
50..100;17;47370466;G;A;0.1034480035305023;90
50..100;17;47391476;T;A;0.1166670024394989;75
50..100;17;51260896;T;C;0.0476190000772476;65
50..100;17;59936548;G;A;0.0935252010822296;85
50..100;17;66029213;G;A;0.1313869953155517;90
50..100;17;67215926;T;C;0.0992908030748367;90
50..100;17;73236991;G;A;0.1605840027332306;95
50..100;17;74301041;G;A;0.0890410989522934;90
50..100;17;75591266;A;G;0.1500000059604644;90
50..100;17;75621024;C;A;0.117646999657154;95
50..100;17;76280958;A;G;0.06944440305233;95
50..100;17;76385601;T;C;0.0821918025612831;90
50..100;18;6980524;C;T;0.1232879981398582;95
50..100;18;31524601;A;C;0.104762002825737;80
50..100;18;32470393;T;C;0.1066669970750808;85
50..100;18;52923870;G;T;0.1597220003604889;90
50..100;18;56694606;T;C;0.0625;80
50..100;18;61957742;A;G;0.1269840002059936;85
50..100;18;62143330;G;A;0.0977443978190422;85
50..100;18;63954571;C;G;0.1523810029029846;65
50..100;18;74081919;GT;G;0.0645160973072052;85
50..100;18;74248438;G;C;0.1333329975605011;70
50..100;18;79378068;C;T;0.1367519944906234;85
50..100;19;797517;C;G;0.0454544983804225;75
50..100;19;1495278;T;C;0.1240879967808723;90
50..100;19;2833146;CT;C;0.1285710036754608;95
50..100;19;3148821;T;G;0.1000000014901161;95
50..100;19;6737505;T;C;0.0551180988550186;80
50..100;19;7682407;G;T;0.0320000015199184;75
50..100;19;7927167;C;A;0.0769231021404266;90
50..100;19;7933848;T;A;0.0375940017402172;90
50..100;19;8081129;A;G;0.0416667014360427;95
50..100;19;14061967;T;C;0.1199999973177909;80
50..100;19;14916441;C;T;0.0769231021404266;90
50..100;19;14917370;G;A;0.251908004283905;80
50..100;19;15664400;C;T;0.1188120022416114;75
50..100;19;19537537;C;G;0.0638298019766807;80
50..100;19;32810265;T;C;0.0492958016693592;95
50..100;19;39247938;A;G;0.103703998029232;80
50..100;19;39485824;G;C;0.096296302974224;90
50..100;19;40826266;T;C;0.2105260044336319;70
50..100;19;42401872;A;G;0.0357142984867095;70
50..100;19;45940628;A;C;0.0700000002980232;75
50..100;19;49108062;T;C;0.0958904027938842;85
50..100;19;51019030;T;C;0.125;95
50..100;19;51693200;C;T;0.0729926973581314;85
50..100;19;56015813;TC;T;0.107914000749588;95
50..100;2;10819258;G;A;0.1258279979228973;95
50..100;2;15618169;C;T;0.0533333010971546;90
50..100;2;20447454;T;C;0.0802920013666153;95
50..100;2;20858504;A;G;0.2657339870929718;95
50..100;2;21028042;A;G;0.1875;90
50..100;2;23926569;A;G;0.134453997015953;75
50..100;2;26232259;A;G;0.172662004828453;95
50..100;2;28906552;G;A;0.0896551981568336;90
50..100;2;29023178;C;T;0.0666666999459266;95
50..100;2;32441343;C;T;0.1280490010976791;95
50..100;2;33539219;C;T;0.2517479956150055;95
50..100;2;46612338;C;T;0.0598291009664535;70
50..100;2;48916128;A;G;0.0939596965909004;90
50..100;2;49167566;G;T;0.1125829964876174;95
50..100;2;55535874;A;G;0.0775861963629722;85
50..100;2;61420766;G;A;0.1136360019445419;85
50..100;2;68024002;A;G;0.1056339964270591;95
50..100;2;74754838;G;A;0.1969700008630752;90
50..100;2;75680225;C;T;0.1285710036754608;95
50..100;2;86492028;C;A;0.1475410014390945;85
50..100;2;86790317;A;G;0.058823499828577;90
50..100;2;98228211;G;C;0.1832060068845749;85
50..100;2;98656339;A;G;0.0979020968079567;90
50..100;2;100398162;A;G;0.1111110001802444;95
50..100;2;101295189;G;A;0.0873785987496376;80
50..100;2;111128755;T;C;0.0775194019079208;85
50..100;2;113612169;C;CT;0.0402299016714096;65
50..100;2;121490256;G;A;0.1048389971256256;75
50..100;2;127637302;T;C;0.0416667014360427;95
50..100;2;127738071;A;G;0.1954890042543411;90
50..100;2;127840887;T;C;0.0592592991888523;90
50..100;2;151576372;A;G;0.0683761015534401;80
50..100;2;157628563;T;G;0.0820896029472351;80
50..100;2;159904571;G;T;0.1000000014901161;65
50..100;2;161983248;T;C;0.0397351011633873;95
50..100;2;162033632;T;C;0.1138209998607635;85
50..100;2;164722071;G;A;0.1007189974188804;90
50..100;2;171744206;A;C;0.1127820014953613;95
50..100;2;172427985;T;C;0.0340135991573333;95
50..100;2;173297772;A;G;0.055172398686409;95
50..100;2;179399974;C;T;0.1459850072860717;95
50..100;2;181549631;C;T;0.1654140055179596;80
50..100;2;184936832;G;A;0.1407410055398941;95
50..100;2;184936870;G;A;0.1407410055398941;95
50..100;2;189083970;A;G;0.1328119933605194;80
50..100;2;195957280;G;A;0.1240879967808723;95
50..100;2;196027971;C;T;0.1136360019445419;85
50..100;2;201806658;G;C;0.0761905014514923;65
50..100;2;201812569;T;A;0.096296302974224;85
50..100;2;227057605;G;A;0.1229510009288787;75
50..100;2;230469048;G;A;0.120567001402378;90
50..100;2;230990963;T;C;0.0808824002742767;80
50..100;2;233182513;A;G;0.1007189974188804;90
50..100;2;233327103;C;G;0.0684932023286819;95
50..100;2;240561091;C;T;0.1340209990739822;60
50..100;2;241217672;T;C;0.0923077017068862;90
50..100;20;1240394;C;T;0.1612900048494339;80
50..100;20;9389859;GT;G;0.1428570002317428;75
50..100;20;32798643;C;T;0.1484380066394806;80
50..100;20;44115947;C;G;0.057142898440361;75
50..100;20;48632270;T;C;0.1678829938173294;90
50..100;20;62323449;T;C;0.1241379976272583;95
50..100;21;13527649;A;G;0.116466000676155;85
50..100;21;14546256;C;G;0.1468529999256134;90
50..100;21;20425096;C;G;0.1232879981398582;95
50..100;21;31060653;T;A;0.280701994895935;80
50..100;21;36486912;A;G;0.0660376995801925;70
50..100;21;40055840;G;A;0.140625;85
50..100;21;42385547;C;T;0.1088439971208572;95
50..100;22;20621310;G;GGGT;0.0769231021404266;60
50..100;22;21048937;C;G;0.0610686987638473;85
50..100;22;23189844;T;C;0.0714285969734191;90
50..100;22;23894632;C;T;0.0363636016845703;75
50..100;22;50179297;T;C;0.0902255997061729;90
50..100;22;50267952;A;G;0.0490196011960506;60
50..100;3;5187958;T;C;0.0428570993244648;90
50..100;3;11034714;G;C;0.2043800055980682;95
50..100;3;12257846;T;G;0.07462690025568;95
50..100;3;17878019;T;C;0.0982142984867096;75
50..100;3;22990618;A;G;0.0847458019852638;80
50..100;3;32635240;A;G;0.136363998055458;75
50..100;3;32635250;T;C;0.1229510009288787;85
50..100;3;42739824;A;G;0.1014489978551864;95
50..100;3;44813071;G;A;0.2828949987888336;95
50..100;3;46532766;T;C;0.0833332985639572;95
50..100;3;46532928;G;A;0.161764994263649;95
50..100;3;49228311;T;C;0.1027399972081184;90
50..100;3;49357401;A;G;0.1607140004634857;95
50..100;3;57227919;C;G;0.0579710006713867;75
50..100;3;57289142;G;A;0.0991735979914665;85
50..100;3;69009632;T;C;0.0894308984279632;85
50..100;3;90257406;G;GC;0.1111110001802444;95
50..100;3;98782284;G;A;0.0833332985639572;90
50..100;3;100813666;A;T;0.0916666984558105;80
50..100;3;102462287;G;A;0.1550389975309372;85
50..100;3;113400570;G;A;0.147826001048088;70
50..100;3;114159736;G;A;0.0692308023571968;80
50..100;3;121781852;T;C;0.0818182006478309;70
50..100;3;128153626;A;C;0.0397727005183696;95
50..100;3;128463231;A;G;0.1481480002403259;95
50..100;3;128487017;C;G;0.0833332985639572;90
50..100;3;142359917;T;C;0.1021900027990341;80
50..100;3;149145364;G;A;0.1612900048494339;75
50..100;3;154023946;A;G;0.1818179935216903;70
50..100;3;186048625;T;C;0.0751880034804344;95
50..100;3;191382772;A;C;0.1500000059604644;95
50..100;3;193618850;C;T;0.0774647966027259;95
50..100;3;194666571;T;C;0.2399999946355819;95
50..100;3;194687975;G;A;0.0754716992378234;90
50..100;3;198080324;A;G;0.052631601691246;95
50..100;4;3955310;A;G;0.0542168989777565;90
50..100;4;4248128;A;G;0.0616438016295433;90
50..100;4;5994474;G;A;0.08695650100708;90
50..100;4;8088301;T;C;0.1493510007858276;95
50..100;4;20490794;T;G;0.2162159979343414;95
50..100;4;36339131;A;G;0.0753424987196922;90
50..100;4;38773164;G;A;0.0775861963629722;85
50..100;4;39898359;C;G;0.1120000034570694;90
50..100;4;41644634;C;G;0.0466667003929615;95
50..100;4;48539956;G;A;0.1417910009622573;85
50..100;4;54258424;G;A;0.0839695036411285;95
50..100;4;54276524;G;C;0.0517240986227989;80
50..100;4;61935010;C;T;0.2421880066394806;90
50..100;4;69410946;T;C;0.198630005121231;90
50..100;4;75655880;T;C;0.1897809952497482;90
50..100;4;75782851;C;T;0.1448280066251754;95
50..100;4;78499710;C;T;0.2089550048112869;90
50..100;4;86025531;A;T;0.1209679991006851;80
50..100;4;97972286;G;A;0.1061950027942657;70
50..100;4;98416730;T;C;0.1729319989681244;85
50..100;4;105474024;A;G;0.1040000021457672;80
50..100;4;112426453;CT;C;0.1465519964694976;80
50..100;4;116598196;A;C;0.1287879943847656;95
50..100;4;122271085;C;A;0.1879699975252151;95
50..100;4;129204151;C;T;0.2285709977149963;75
50..100;4;140343717;G;A;0.1315789967775344;95
50..100;4;140443425;C;CTTAT;0.0620154999196529;80
50..100;4;143997521;G;T;0.1315789967775344;75
50..100;4;145680197;T;C;0.0629921033978462;80
50..100;4;153555772;C;T;0.1120690032839775;85
50..100;4;153723385;C;T;0.2222220003604889;90
50..100;4;155722024;A;T;0.1287879943847656;90
50..100;4;155785260;T;C;0.0930233001708984;85
50..100;4;155785330;A;G;0.2765960097312927;95
50..100;4;176192613;C;A;0.1840000003576278;80
50..100;4;184712990;C;T;0.0909091010689735;70
50..100;4;186599883;A;C;0.0476190000772476;80
50..100;5;17202543;C;A;0.0725805982947349;90
50..100;5;36142487;A;T;0.0921986028552055;95
50..100;5;53658638;GT;G;0.1048389971256256;85
50..100;5;57423048;C;T;0.1181100010871887;95
50..100;5;61332584;T;G;0.0439560003578662;90
50..100;5;61332587;T;G;0.0451976992189884;85
50..100;5;62389055;G;GA;0.1111110001802444;95
50..100;5;73795403;T;C;0.0802920013666153;85
50..100;5;73909892;T;C;0.0567376017570495;95
50..100;5;79236835;T;C;0.1185190007090568;90
50..100;5;80072225;T;TAGA;0.1071429997682571;90
50..100;5;102388768;T;C;0.0916031002998352;85
50..100;5;103009842;C;A;0.080645203590393;75
50..100;5;110640887;A;G;0.100671000778675;90
50..100;5;110948089;A;T;0.1564629971981048;95
50..100;5;113515266;A;G;0.1287879943847656;85
50..100;5;119525243;C;T;0.1448280066251754;95
50..100;5;119652611;T;C;0.1276600062847137;95
50..100;5;126836282;T;C;0.1290320008993148;85
50..100;5;129027137;G;A;0.1061950027942657;75
50..100;5;131495672;C;T;0.0860927030444145;95
50..100;5;143332610;G;GT;0.0826445966958999;85
50..100;5;147923204;A;G;0.0866141989827156;85
50..100;5;147923273;G;C;0.1063830032944679;95
50..100;5;148100464;A;G;0.1654680073261261;90
50..100;5;148107114;A;C;0.096000000834465;80
50..100;5;148108804;T;C;0.1085269972681999;85
50..100;5;148116744;A;G;0.1357139945030212;85
50..100;5;148826812;T;C;0.0866141989827156;85
50..100;6;576902;C;T;0.1095890030264854;95
50..100;6;13591903;T;C;0.0583942010998725;95
50..100;6;13801383;C;T;0.097222201526165;95
50..100;6;25435530;G;A;0.1458330005407333;90
50..100;6;27457865;C;G;0.1297709941864013;85
50..100;6;28392882;C;G;0.0743801966309547;85
50..100;6;29750742;G;T;0.0530303008854389;90
50..100;6;29803334;T;C;0.1629630029201507;90
50..100;6;29929190;T;C;0.1162789985537529;95
50..100;6;29929222;T;C;0.1065569967031478;90
50..100;6;32288641;C;T;0.2193550020456314;95
50..100;6;32349858;A;G;0.1901410073041916;95
50..100;6;32662159;T;C;0.3821659982204437;55
50..100;6;33106012;C;T;0.1567160040140152;90
50..100;6;33185751;T;C;0.0875912010669708;80
50..100;6;35140004;A;G;0.1384620070457458;85
50..100;6;35140776;G;T;0.0833332985639572;75
50..100;6;38803320;C;T;0.1578949987888336;75
50..100;6;39883903;G;A;0.1196580007672309;80
50..100;6;43433367;A;G;0.1214289963245391;95
50..100;6;49517553;A;C;0.096000000834465;75
50..100;6;53897294;G;A;0.0827585980296135;95
50..100;6;54625192;G;A;0.1333329975605011;95
50..100;6;56562133;T;C;0.080645203590393;80
50..100;6;72622393;T;C;0.0824742019176483;65
50..100;6;75715572;G;A;0.1732279956340789;85
50..100;6;75915024;T;C;0.0977443978190422;95
50..100;6;82142827;G;A;0.0775194019079208;90
50..100;6;87472986;C;G;0.1481480002403259;70
50..100;6;87511385;C;T;0.1223020032048225;90
50..100;6;89158471;GT;G;0.1452990025281906;90
50..100;6;104852387;CAG;C;0.0522387996315956;85
50..100;6;106551947;A;G;0.1000000014901161;95
50..100;6;108477295;G;A;0.1304350048303604;90
50..100;6;109227634;G;A;0.0866141989827156;85
50..100;6;124282232;G;A;0.079136699438095;90
50..100;6;124282244;G;A;0.0902777984738349;95
50..100;6;124936991;T;C;0.1538459956645965;95
50..100;6;129313110;A;G;0.19200000166893;90
50..100;6;129831375;C;A;0.2597399950027466;95
50..100;6;130215860;A;G;0.1438360065221786;95
50..100;6;138920195;G;A;0.0862068980932235;75
50..100;6;152456684;A;G;0.0819671973586082;75
50..100;6;152488392;T;A;0.0833332985639572;75
50..100;6;160032946;G;A;0.1360000073909759;90
50..100;7;31529836;A;T;0.0958904027938842;95
50..100;7;31554894;T;C;0.103703998029232;85
50..100;7;32817273;TG;T;0.1463409960269928;70
50..100;7;36452603;T;C;0.0940171033143997;75
50..100;7;38476848;T;G;0.2129629999399185;75
50..100;7;43973248;A;G;0.1692309975624084;55
50..100;7;45157834;A;G;0.0714285969734191;55
50..100;7;45917456;C;G;0.1417910009622573;95
50..100;7;48221272;G;T;0.0747663974761962;70
50..100;7;63138930;T;C;0.2481749951839447;95
50..100;7;63938080;C;A;0.1721850037574768;95
50..100;7;73434169;C;G;0.0503596998751163;85
50..100;7;75516169;A;G;0.1068700030446052;90
50..100;7;90232643;A;G;0.0795454978942871;60
50..100;7;99916794;C;A;0.0451127998530864;85
50..100;7;102841395;C;T;0.1578949987888336;95
50..100;7;122681621;A;C;0.0990990996360778;80
50..100;7;125034885;G;A;0.0487805008888244;85
50..100;7;128477173;A;G;0.137254998087883;70
50..100;7;128967330;A;G;0.1038959994912147;95
50..100;7;135207209;A;G;0.0915492996573448;90
50..100;7;137444084;C;T;0.2105260044336319;95
50..100;7;138702053;A;C;0.1034480035305023;95
50..100;7;139412536;AC;A;0.0724638029932975;90
50..100;7;142175794;A;C;0.0909091010689735;80
50..100;7;142434344;G;A;0.2808220088481903;90
50..100;7;142602301;G;A;0.1428570002317428;75
50..100;7;149874130;C;T;0.0640000030398368;75
50..100;8;413192;A;G;0.1783780008554458;90
50..100;8;431344;G;C;0.1276600062847137;95
50..100;8;3219437;C;T;0.1729319989681244;90
50..100;8;3754048;C;G;0.1129029989242553;75
50..100;8;8892957;G;A;0.0804598033428192;50
50..100;8;12743211;A;T;0.2137929946184158;95
50..100;8;14237690;C;T;0.0522387996315956;90
50..100;8;17210065;T;C;0.0918366983532905;70
50..100;8;18069818;C;T;0.0955881997942924;90
50..100;8;22048261;C;G;0.0888888984918594;95
50..100;8;22591668;T;C;0.0794702023267746;95
50..100;8;24952123;G;C;0.2142859995365142;85
50..100;8;25468214;C;T;0.057142898440361;75
50..100;8;27565545;C;G;0.0935252010822296;90
50..100;8;27651636;A;G;0.1610739976167678;95
50..100;8;38459331;T;C;0.0894308984279632;90
50..100;8;39606304;C;T;0.0970148965716362;85
50..100;8;62747076;A;G;0.1578949987888336;85
50..100;8;66468293;C;T;0.1056339964270591;95
50..100;8;81443386;G;A;0.1418920010328292;90
50..100;8;93726401;A;G;0.1160710006952285;80
50..100;8;94148874;A;G;0.1048950031399726;90
50..100;8;94176688;A;G;0.1232879981398582;95
50..100;8;97644738;T;G;0.096491202712059;80
50..100;8;112287046;G;A;0.0754716992378234;80
50..100;8;119982146;A;G;0.1166670024394989;95
50..100;8;131940480;AT;A;0.1981980055570602;75
50..100;8;140522588;C;T;0.0769231021404266;85
50..100;8;143727098;T;C;0.0901639014482498;75
50..100;8;143727968;A;G;0.0408162996172905;90
50..100;8;143739867;T;G;0.0563380010426044;90
50..100;9;4662369;C;A;0.0902255997061729;75
50..100;9;4662394;G;A;0.050000000745058;85
50..100;9;15185322;A;G;0.0939596965909004;90
50..100;9;19063110;C;T;0.1818179935216903;85
50..100;9;19341047;G;A;0.0799999982118606;95
50..100;9;21029331;C;T;0.0816327035427093;95
50..100;9;26978261;G;A;0.2012989968061447;95
50..100;9;72223107;C;T;0.2180449962615966;90
50..100;9;72432145;G;C;0.1870969980955124;95
50..100;9;75069774;C;A;0.125;90
50..100;9;76292218;A;AT;0.1641789972782135;90
50..100;9;76616401;C;T;0.0714285969734191;95
50..100;9;84678111;G;A;0.0990990996360778;85
50..100;9;92616071;A;G;0.1360000073909759;90
50..100;9;111707847;G;A;0.117646999657154;90
50..100;9;123015648;C;T;0.0923077017068862;85
50..100;9;125056019;T;C;0.2363640069961547;70
50..100;9;126707260;C;G;0.0866667032241821;95
50..100;9;127724105;T;C;0.152671992778778;90
50..100;9;130265925;C;CGGCAGT;0.0699300989508628;95
50..100;9;131009433;G;T;0.0756302997469902;80
50..100;9;131052701;C;T;0.0661156997084617;90
50..100;9;131479407;A;G;0.1127820014953613;90
50..100;9;136838010;T;C;0.0359711982309818;95
50..100;9;136969325;A;G;0.0655737966299057;80
50..100;9;136969889;G;A;0.1578949987888336;90
100..300;1;948519;G;T;0.1115240007638931;175
100..300;1;979034;C;CGAA;0.1086959987878799;225
100..300;1;1014228;A;G;0.0684524029493331;235
100..300;1;1354896;G;C;0.076530598104;125
100..300;1;1407232;C;G;0.0778442993760109;100
100..300;1;1487901;A;G;0.1211069971323013;180
100..300;1;1628409;A;C;0.0666666999459266;160
100..300;1;1629572;T;TG;0.0889831036329269;160
100..300;1;1756657;T;C;0.0833332985639572;135
100..300;1;2405838;T;C;0.0650406032800674;160
100..300;1;2408634;G;C;0.0473373010754585;235
100..300;1;2491175;A;G;0.1212119981646537;120
100..300;1;2502455;A;G;0.0671937018632888;140
100..300;1;2502461;T;C;0.0645160973072052;140
100..300;1;2521130;C;T;0.1081790030002594;265
100..300;1;2596694;C;T;0.1422590017318725;160
100..300;1;3021701;T;C;0.052631601691246;165
100..300;1;3021843;C;CAGA;0.0668523982167244;270
100..300;1;3022360;G;T;0.1092899963259697;250
100..300;1;3412095;T;C;0.0603015013039112;280
100..300;1;3412820;T;C;0.09375;100
100..300;1;3426240;T;G;0.0819671973586082;125
100..300;1;3507824;A;G;0.0902255997061729;165
100..300;1;3595370;G;A;0.0714285969734191;165
100..300;1;3632268;C;G;0.0540541000664234;175
100..300;1;3752608;T;C;0.0743801966309547;245
100..300;1;3763492;A;G;0.0810810998082161;260
100..300;1;3787146;A;G;0.1128610000014305;270
100..300;1;3836572;T;A;0.1543859988451004;205
100..300;1;3844915;T;C;0.1792110055685043;180
100..300;1;3883678;G;A;0.2061859965324401;195
100..300;1;4711993;C;T;0.0429687984287738;165
100..300;1;6051661;T;C;0.0609418004751205;245
100..300;1;6051697;A;G;0.0927535966038703;225
100..300;1;6124032;G;A;0.1764709949493408;225
100..300;1;6128486;A;G;0.1197919994592666;130
100..300;1;6136809;G;A;0.1451610028743744;195
100..300;1;6136883;G;A;0.1215469986200332;120
100..300;1;6144162;G;C;0.0600857995450496;155
100..300;1;6151123;A;G;0.1740889996290207;155
100..300;1;6155676;G;C;0.0524345003068447;170
100..300;1;6209280;G;A;0.0762711986899375;145
100..300;1;6581288;A;G;0.0637255012989044;135
100..300;1;6599445;A;G;0.0996785014867782;210
100..300;1;6633037;G;A;0.1074379980564117;165
100..300;1;6634514;A;G;0.0349650010466575;100
100..300;1;7460069;T;C;0.0684411004185676;170
100..300;1;7622177;C;T;0.0909091010689735;150
100..300;1;7622429;C;T;0.0993376970291137;105
100..300;1;7622680;G;A;0.0880829021334648;135
100..300;1;7622713;C;T;0.1106190010905265;155
100..300;1;7622734;G;T;0.1100480034947395;145
100..300;1;7622819;C;T;0.0829493030905723;160
100..300;1;7624261;A;G;0.079645998775959;150
100..300;1;7624353;C;T;0.0804020017385482;145
100..300;1;7677739;G;A;0.1024100035429;110
100..300;1;8330324;C;G;0.0454544983804225;190
100..300;1;8365840;C;T;0.0859375;170
100..300;1;8949347;T;C;0.0769231021404266;235
100..300;1;8949385;C;A;0.0892857015132904;215
100..300;1;8951478;A;G;0.0880281999707222;195
100..300;1;8951527;G;T;0.1049380004405975;230
100..300;1;8951663;T;G;0.11353699862957;165
100..300;1;9004779;A;G;0.0580357015132904;145
100..300;1;9105626;A;G;0.0686274990439415;270
100..300;1;9245386;C;A;0.0817610025405883;225
100..300;1;9246974;A;G;0.0929204002022743;145
100..300;1;9247079;C;T;0.0633483976125717;145
100..300;1;9263851;A;G;0.0674156993627548;260
100..300;1;9264512;C;T;0.0901857018470764;260
100..300;1;9264611;G;A;0.1000000014901161;290
100..300;1;9735980;T;C;0.0398551002144813;180
100..300;1;9744661;A;G;0.0927418991923332;180
100..300;1;10130826;T;A;0.2000000029802322;140
100..300;1;10258594;G;C;0.0963302999734878;145
100..300;1;10268280;T;C;0.0721649006009101;125
100..300;1;10279151;C;CAT;0.0931676998734474;115
100..300;1;10375266;A;C;0.1194690018892288;150
100..300;1;10399722;A;G;0.0523810014128685;145
100..300;1;10400428;C;T;0.0616883002221584;200
100..300;1;10413139;T;C;0.0903009995818138;195
100..300;1;10419621;A;G;0.0858369022607803;160
100..300;1;10506158;G;A;0.1911759972572326;170
100..300;1;10645053;A;G;0.0918366983532905;200
100..300;1;10648085;G;A;0.0754716992378234;260
100..300;1;10653708;C;T;0.1280989944934845;170
100..300;1;10660544;A;G;0.0913978964090347;125
100..300;1;10665441;A;G;0.0729729980230331;250
100..300;1;11046878;A;G;0.140625;195
100..300;1;11711931;G;A;0.0803212970495224;155
100..300;1;11775499;T;C;0.040650401264429;160
100..300;1;11776613;A;C;0.076554998755455;135
100..300;1;11778705;A;G;0.0792078971862793;130
100..300;1;11778784;G;A;0.0663506984710693;145
100..300;1;11778952;T;C;0.0574713014066219;170
100..300;1;11778977;A;G;0.0716724023222923;190
100..300;1;11779866;T;C;0.1166179999709129;230
100..300;1;11785165;C;T;0.0642570033669471;155
100..300;1;11788011;C;G;0.1000000014901161;230
100..300;1;11794419;G;T;0.1080249994993209;200
100..300;1;11794839;A;G;0.0495867989957332;160
100..300;1;11803000;A;G;0.0924573987722396;290
100..300;1;11816605;A;G;0.1395349949598312;115
100..300;1;11838802;A;G;0.0758808031678199;265
100..300;1;11838976;T;G;0.0841121971607208;155
100..300;1;12022869;G;A;0.2105260044336319;185
100..300;1;12244637;G;A;0.1052630022168159;110
100..300;1;12578936;T;C;0.088669903576374;145
100..300;1;13390590;A;C;0.0677082985639572;275
100..300;1;15112737;GC;G;0.1196009963750839;240
100..300;1;15171336;C;T;0.0714285969734191;125
100..300;1;15219581;A;G;0.0884615033864975;185
100..300;1;15289643;A;G;0.0944444015622139;125
100..300;1;15324566;G;A;0.1022730022668838;110
100..300;1;15329448;A;G;0.070093497633934;140
100..300;1;15341780;A;G;0.0493827015161514;160
100..300;1;15487341;C;T;0.1262889951467514;250
100..300;1;15731994;T;C;0.0752350986003875;200
100..300;1;15770398;T;C;0.1803279966115951;125
100..300;1;15807577;T;C;0.1014489978551864;285
100..300;1;15939409;A;T;0.0753967985510826;170
100..300;1;15993321;G;A;0.1269039958715438;135
100..300;1;16028095;T;A;0.1011240035295486;175
100..300;1;16030002;G;C;0.0892857015132904;225
100..300;1;16030027;G;A;0.0758017972111702;230
100..300;1;16030036;A;G;0.0681817978620529;230
100..300;1;16030038;C;T;0.0681817978620529;235
100..300;1;16030652;T;C;0.0897009968757629;140
100..300;1;16049015;A;G;0.1182800009846687;255
100..300;1;16051504;T;C;0.0875706002116203;230
100..300;1;16051505;G;A;0.0906516015529632;230
100..300;1;16051720;T;C;0.1120330020785331;160
100..300;1;16051836;C;G;0.1105770021677017;125
100..300;1;16052230;T;A;0.0930233001708984;230
100..300;1;16148628;T;C;0.1127820014953613;280
100..300;1;16148631;T;C;0.1130219995975494;290
100..300;1;16398835;A;G;0.1282050013542175;120
100..300;1;16409637;C;T;0.1204819977283477;165
100..300;1;16486571;T;C;0.0833332985639572;175
100..300;1;16938395;G;T;0.086642600595951;170
100..300;1;16956078;A;G;0.0719999969005584;240
100..300;1;16966076;A;G;0.0835912972688674;195
100..300;1;16986097;A;G;0.0899654030799865;195
100..300;1;17229013;T;G;0.0656716004014015;220
100..300;1;17618439;T;C;0.0933332964777946;155
100..300;1;19081800;GC;G;0.0780669003725051;205
100..300;1;19173066;C;T;0.1061950027942657;160
100..300;1;19240387;T;C;0.0859107002615928;190
100..300;1;19345272;A;T;0.1267610043287277;145
100..300;1;19814480;T;G;0.0897435992956161;155
100..300;1;19814790;T;C;0.0793650969862937;255
100..300;1;19897659;A;G;0.1057690009474754;135
100..300;1;20175177;A;G;0.0716724023222923;190
100..300;1;20330331;G;A;0.1011670008301734;165
100..300;1;20336445;G;A;0.1012149974703788;165
100..300;1;20354225;A;G;0.1043479964137077;165
100..300;1;20500723;T;C;0.0871559977531433;155
100..300;1;20664780;A;G;0.1388889998197555;145
100..300;1;20686070;T;C;0.0953845977783203;200
100..300;1;20698408;T;C;0.0736434012651443;170
100..300;1;21411461;C;T;0.0914634019136428;105
100..300;1;21473431;A;G;0.0798121988773346;285
100..300;1;21575943;T;G;0.0887574031949043;120
100..300;1;21608940;T;G;0.0639534965157508;110
100..300;1;21614062;T;C;0.0761421024799346;130
100..300;1;21617327;A;G;0.0798968970775604;250
100..300;1;21619037;T;C;0.0576923005282878;235
100..300;1;21703628;G;A;0.2411350011825561;100
100..300;1;21782877;A;G;0.1007750034332275;150
100..300;1;21887634;G;A;0.2065570056438446;205
100..300;1;22009812;T;C;0.1959799975156784;245
100..300;1;22009815;A;G;0.1969310045242309;245
100..300;1;22506250;T;A;0.0727273002266883;110
100..300;1;22509184;G;A;0.1054849997162818;155
100..300;1;22526222;C;G;0.1080000028014183;165
100..300;1;22589260;C;T;0.1627359986305236;275
100..300;1;22593601;G;C;0.182560995221138;240
100..300;1;22597292;A;G;0.1620370000600814;145
100..300;1;22597871;A;G;0.1446280032396316;170
100..300;1;22600821;G;A;0.1503069996833801;235
100..300;1;22882432;A;G;0.1216930001974105;120
100..300;1;22955424;T;G;0.132530003786087;110
100..300;1;23441703;A;G;0.132420003414154;150
100..300;1;23793137;T;C;0.0724638029932975;190
100..300;1;24061927;G;A;0.1061450019478797;130
100..300;1;24066181;C;T;0.0827251002192497;280
100..300;1;24067073;T;C;0.0398406013846397;165
100..300;1;24068321;G;A;0.0775623023509979;240
100..300;1;24082675;T;C;0.1152419969439506;170
100..300;1;24089643;T;C;0.1098039969801902;165
100..300;1;24331573;G;C;0.0727273002266883;180
100..300;1;24342177;G;C;0.0864197984337806;210
100..300;1;24354425;T;C;0.1071429997682571;175
100..300;1;24379839;A;C;0.0689655020833015;105
100..300;1;24442126;A;G;0.0830670967698097;205
100..300;1;25228228;A;G;0.0788381993770599;165
100..300;1;26161528;A;G;0.1086959987878799;155
100..300;1;26275079;G;A;0.0614525005221366;120
100..300;1;26354172;T;C;0.0835381001234054;275
100..300;1;26354328;T;C;0.0839895009994506;265
100..300;1;26367754;C;T;0.0340908989310264;170
100..300;1;26367769;C;T;0.033195000141859;155
100..300;1;26460136;A;G;0.0882352963089943;135
100..300;1;26519704;T;C;0.0859872996807098;220
100..300;1;26952030;A;G;0.0902255997061729;265
100..300;1;27349634;T;C;0.0677966028451919;110
100..300;1;27360975;T;G;0.101063996553421;135
100..300;1;27382648;G;A;0.1021900027990341;185
100..300;1;28228915;A;G;0.0769231021404266;155
100..300;1;28236165;G;A;0.070175401866436;120
100..300;1;28237741;G;A;0.0734463036060333;125
100..300;1;28237768;G;A;0.0843881964683532;160
100..300;1;30716054;G;A;0.0693641975522041;240
100..300;1;30874552;T;C;0.0721002966165542;220
100..300;1;30878666;A;G;0.1158799976110458;160
100..300;1;30953968;G;A;0.1421319991350174;135
100..300;1;31423761;T;C;0.0843373015522956;220
100..300;1;31691408;T;G;0.0877863019704818;185
100..300;1;31692773;C;T;0.1625439971685409;185
100..300;1;31698605;G;T;0.2690060138702392;120
100..300;1;31699894;T;G;0.171642005443573;275
100..300;1;31728046;C;T;0.1653539985418319;250
100..300;1;31731046;G;C;0.0580645017325878;220
100..300;1;31741980;G;T;0.0975610017776489;180
100..300;1;31756312;A;G;0.0989399030804634;195
100..300;1;32091885;G;A;0.0841346010565757;270
100..300;1;32207307;G;T;0.1258739978075027;195
100..300;1;32214950;T;C;0.0613208003342151;140
100..300;1;32217361;A;C;0.1104969978332519;120
100..300;1;32229218;G;A;0.1220469996333122;160
100..300;1;32231027;C;A;0.1189429983496666;160
100..300;1;32247598;G;A;0.0730158984661102;215
100..300;1;32944092;A;G;0.0596025995910167;205
100..300;1;33559328;C;T;0.1422760039567947;160
100..300;1;33559430;G;A;0.1926230043172836;155
100..300;1;34794601;A;G;0.062330599874258;260
100..300;1;34884972;C;CT;0.0967741981148719;160
100..300;1;35901980;T;C;0.0486891008913517;185
100..300;1;36178099;G;GAGA;0.0759494006633758;275
100..300;1;36319669;T;C;0.0709220021963119;110
100..300;1;36341880;T;C;0.0717300027608871;155
100..300;1;37554146;T;C;0.0685579031705856;280
100..300;1;37557715;T;C;0.1195340007543563;215
100..300;1;37708311;T;TTTC;0.0613208003342151;145
100..300;1;37718644;C;T;0.0560748018324375;150
100..300;1;37719975;A;G;0.1047300025820732;195
100..300;1;37720051;T;C;0.0843881964683532;150
100..300;1;37720534;G;C;0.073913000524044;145
100..300;1;37721775;G;A;0.070093497633934;145
100..300;1;37721781;A;G;0.0676328018307685;140
100..300;1;37723025;C;T;0.1142859980463981;115
100..300;1;37723068;T;C;0.0905349999666214;160
100..300;1;37723096;T;C;0.1035709977149963;185
100..300;1;37723115;G;A;0.1163640022277832;185
100..300;1;37984238;C;T;0.1035500019788742;210
100..300;1;37997832;T;C;0.0625;180
100..300;1;38709824;T;C;0.1000000014901161;160
100..300;1;38710557;A;G;0.098522201180458;150
100..300;1;38864727;A;G;0.1188120022416114;130
100..300;1;38873777;T;C;0.051020398736;135
100..300;1;38874610;T;C;0.1097050011157989;165
100..300;1;38875190;G;A;0.0982142984867096;160
100..300;1;38886599;T;G;0.1125829964876174;195
100..300;1;39387318;C;T;0.1148329973220825;150
100..300;1;39523127;A;G;0.1015620008111;235
100..300;1;39525802;C;A;0.0799999982118606;175
100..300;1;39525803;A;G;0.0805860981345176;175
100..300;1;39753023;A;G;0.0777385011315345;180
100..300;1;40239755;G;C;0.0957446992397308;200
100..300;1;40240054;T;A;0.0909091010689735;135
100..300;1;41510546;A;G;0.0553359985351562;170
100..300;1;41510674;C;T;0.0560748018324375;140
100..300;1;41510858;T;C;0.1008400022983551;245
100..300;1;41524790;A;G;0.0833332985639572;190
100..300;1;41580076;C;T;0.1028570011258125;245
100..300;1;41581537;G;C;0.154241994023323;280
100..300;1;41584695;T;C;0.0731069967150688;255
100..300;1;43605020;G;A;0.1443849951028823;125
100..300;1;43824858;G;A;0.1282050013542175;155
100..300;1;44137834;T;C;0.0706522017717361;120
100..300;1;44739926;C;T;0.0373134016990661;175
100..300;1;44753223;T;A;0.1212119981646537;150
100..300;1;44759326;C;A;0.1142859980463981;130
100..300;1;44760412;A;G;0.0597014985978603;175
100..300;1;44775613;G;C;0.0782312974333763;195
100..300;1;44780570;A;T;0.0804954022169113;225
100..300;1;44780661;C;T;0.0930233001708984;215
100..300;1;44803661;G;A;0.0909091010689735;165
100..300;1;44804352;C;G;0.0753424987196922;205
100..300;1;44826236;A;G;0.1003580018877983;185
100..300;1;44827194;A;G;0.1000000014901161;215
100..300;1;44827846;G;A;0.1701239943504333;175
100..300;1;44828080;C;T;0.0888888984918594;215
100..300;1;44841834;A;G;0.1428570002317428;130
100..300;1;44958709;G;A;0.0969387963414192;130
100..300;1;44958837;C;G;0.1286550015211105;120
100..300;1;44978366;A;G;0.0623053014278411;200
100..300;1;44988221;C;A;0.1360290050506591;195
100..300;1;45003483;T;C;0.0416667014360427;110
100..300;1;45003504;T;A;0.1016950011253357;115
100..300;1;45003914;A;G;0.1489360034465789;125
100..300;1;45014037;G;A;0.0563910007476806;175
100..300;1;45628355;G;A;0.188741996884346;200
100..300;1;45629600;C;T;0.2177419960498809;170
100..300;1;45700203;GA;G;0.2789120078086853;120
100..300;1;45729703;C;T;0.1788620054721832;160
100..300;1;46194623;C;T;0.1571909934282302;210
100..300;1;46341925;A;G;0.1225629970431327;250
100..300;1;46405089;A;C;0.1468529999256134;180
100..300;1;46511045;T;C;0.1920730024576187;220
100..300;1;46614993;T;C;0.1815290004014969;205
100..300;1;46615007;A;G;0.1834859997034073;220
100..300;1;46615069;T;C;0.1762710064649582;195
100..300;1;46815074;G;GAT;0.1954399943351745;210
100..300;1;46815187;A;G;0.2023809999227523;220
100..300;1;46815212;T;C;0.190647006034851;190
100..300;1;46817100;T;C;0.2021660059690475;170
100..300;1;47030150;T;C;0.0961538031697273;110
100..300;1;47142179;T;A;0.1101320013403892;140
100..300;1;47143817;C;T;0.0779661014676094;190
100..300;1;47148813;G;A;0.1015229970216751;130
100..300;1;47994235;T;C;0.1547279953956604;240
100..300;1;48232079;T;C;0.1072560027241706;210
100..300;1;49045752;G;A;0.125;135
100..300;1;50405456;A;G;0.119718000292778;100
100..300;1;51288232;A;G;0.1268659979104995;175
100..300;1;51447116;G;GA;0.0805369019508361;110
100..300;1;52525966;T;C;0.1368079930543899;205
100..300;1;52842993;G;C;0.09375;100
100..300;1;52854602;T;G;0.0632411018013954;165
100..300;1;52904685;T;G;0.0877192988991737;185
100..300;1;52995795;A;G;0.0909091010689735;235
100..300;1;53594343;C;G;0.1040889993309974;210
100..300;1;53594575;C;T;0.0662823989987373;235
100..300;1;53888985;G;T;0.1232879981398582;100
100..300;1;54104589;C;T;0.1029409989714622;140
100..300;1;54139645;TGG;T;0.0804598033428192;250
100..300;1;54701169;T;C;0.0890410989522934;190
100..300;1;54716627;A;T;0.0892857015132904;180
100..300;1;54758458;C;T;0.1040000021457672;180
100..300;1;54759078;A;C;0.1020409986376762;165
100..300;1;55072879;G;T;0.1219509989023208;130
100..300;1;56536941;A;G;0.1360950022935867;115
100..300;1;56536955;T;C;0.1155780032277107;135
100..300;1;56692378;A;G;0.0942623019218444;160
100..300;1;56744022;C;T;0.1186439990997314;120
100..300;1;56753866;A;C;0.1614910066127777;105
100..300;1;58048279;A;C;0.0923566967248916;215
100..300;1;58048418;G;A;0.0850339978933334;215
100..300;1;58506159;A;G;0.0966183990240097;135
100..300;1;58534040;A;G;0.1355929970741272;125
100..300;1;58576509;T;G;0.0621622018516063;260
100..300;1;58576716;G;C;0.0481012985110282;275
100..300;1;61766458;C;T;0.1597629934549331;125
100..300;1;61990342;A;G;0.0837989002466201;120
100..300;1;62266749;C;T;0.1245419979095459;165
100..300;1;63843422;A;G;0.0818713009357452;120
100..300;1;64632626;A;G;0.15625;165
100..300;1;64691437;G;C;0.0880502983927726;215
100..300;1;64845531;C;G;0.1007189974188804;185
100..300;1;64855567;A;G;0.08695650100708;210
100..300;1;64869412;C;T;0.0985916033387184;185
100..300;1;65092410;A;G;0.094674602150917;115
100..300;1;66676992;C;T;0.117646999657154;110
100..300;1;66682013;T;C;0.0704225003719329;195
100..300;1;66777341;A;C;0.1168830022215843;155
100..300;1;67278569;C;T;0.0885417014360427;130
100..300;1;68494666;C;T;0.102803997695446;120
100..300;1;69919618;T;C;0.109375;180
100..300;1;74199809;A;G;0.1358489990234375;185
100..300;1;74205390;T;C;0.0611354000866413;160
100..300;1;75732751;C;T;0.1065990030765533;135
100..300;1;75733100;A;G;0.0967741981148719;145
100..300;1;75744069;A;G;0.1013699993491172;255
100..300;1;75744107;C;T;0.089189201593399;250
100..300;1;75744250;C;T;0.0957446992397308;255
100..300;1;75744604;T;C;0.1308719962835312;200
100..300;1;75744792;T;C;0.0609756000339984;115
100..300;1;75761337;G;A;0.0990099012851715;140
100..300;1;76700455;G;A;0.0376176014542579;220
100..300;1;77293893;G;A;0.1008059978485107;160
100..300;1;77926761;A;G;0.0663506984710693;150
100..300;1;78119402;C;T;0.0860927030444145;100
100..300;1;78492806;T;C;0.0924092009663581;210
100..300;1;78629896;C;T;0.2789120078086853;100
100..300;1;79055238;C;T;0.0902526974678039;195
100..300;1;79521225;A;C;0.1134449988603591;170
100..300;1;81427141;T;C;0.0946502014994621;170
100..300;1;81721749;T;C;0.0929204002022743;155
100..300;1;81722517;G;C;0.0814480036497116;150
100..300;1;86022231;A;C;0.0987654030323028;105
100..300;1;86046853;T;C;0.0490797981619834;105
100..300;1;86428558;T;C;0.1396649926900863;125
100..300;1;87168246;G;A;0.0993376970291137;100
100..300;1;88807604;A;G;0.0930233001708984;120
100..300;1;91319330;A;G;0.2874250113964081;110
100..300;1;91394244;G;A;0.2228260040283203;125
100..300;1;91720100;T;C;0.1182800009846687;200
100..300;1;93582928;G;C;0.0744680985808372;205
100..300;1;94001103;G;A;0.1413609981536865;125
100..300;1;94005598;T;C;0.1161290034651756;115
100..300;1;94008289;C;T;0.1474819928407669;175
100..300;1;94008308;T;C;0.1596640050411224;150
100..300;1;94008772;C;T;0.1139239966869354;110
100..300;1;94047009;T;C;0.0965908989310264;240
100..300;1;94078720;A;G;0.0616438016295433;100
100..300;1;96679606;G;T;0.0837695971131324;135
100..300;1;97515865;T;C;0.1299999952316284;125
100..300;1;98695628;A;C;0.0995474979281425;140
100..300;1;98953091;C;G;0.1340209990739822;130
100..300;1;101772262;T;C;0.3405410051345825;115
100..300;1;107057296;T;C;0.0815047025680542;220
100..300;1;107441476;G;A;0.1878789961338043;105
100..300;1;107505351;T;C;0.1428570002317428;195
100..300;1;107537323;A;G;0.0721153989434242;135
100..300;1;108722407;T;G;0.0840841010212898;220
100..300;1;108823664;T;C;0.0877192988991737;115
100..300;1;108834448;A;C;0.0855856016278266;145
100..300;1;108851942;C;T;0.1428570002317428;230
100..300;1;108922543;A;ACTT;0.0923077017068862;135
100..300;1;108937356;T;G;0.0990990996360778;155
100..300;1;109267922;A;C;0.0796177983283996;210
100..300;1;109295231;A;G;0.0714285969734191;145
100..300;1;109297116;A;C;0.0781759023666381;210
100..300;1;109737079;T;C;0.0783409997820854;135
100..300;1;110039158;G;T;0.1134020015597343;130
100..300;1;110602039;G;A;0.098639503121376;185
100..300;1;111184247;A;G;0.2171429991722107;110
100..300;1;111198700;A;G;0.0349344983696937;145
100..300;1;111241360;T;C;0.1286550015211105;125
100..300;1;111648905;G;T;0.0914286002516746;120
100..300;1;111755960;G;A;0.136691004037857;180
100..300;1;111766709;C;T;0.1224490031599998;140
100..300;1;112520503;G;A;0.0769231021404266;205
100..300;1;112694059;T;C;0.1021279990673065;155
100..300;1;112694549;G;A;0.1297470033168792;205
100..300;1;112696760;A;G;0.109324999153614;205
100..300;1;112698430;C;T;0.0643087029457092;200
100..300;1;112700356;T;G;0.0480769015848636;150
100..300;1;112700426;T;C;0.0530035011470317;195
100..300;1;112710229;C;CTTG;0.09375;210
100..300;1;114137918;T;C;0.0878186970949173;250
100..300;1;115058907;G;C;0.11353699862957;150
100..300;1;115663802;A;G;0.0805194973945617;265
100..300;1;115705205;C;T;0.0917430967092514;145
100..300;1;115791113;C;T;0.2516129910945892;100
100..300;1;115857214;T;C;0.1167320013046264;185
100..300;1;115857708;G;C;0.0531915016472339;205
100..300;1;116714075;C;A;0.25;120
100..300;1;116768525;A;C;0.1072660014033317;205
100..300;1;117011799;G;A;0.0852273032069206;235
100..300;1;117101436;G;A;0.1241130009293556;185
100..300;1;119033195;G;C;0.0957446992397308;270
100..300;1;119085233;T;C;0.2038459926843643;185
100..300;1;119085331;C;T;0.1178570017218589;190
100..300;1;119126639;A;C;0.0909091010689735;110
100..300;1;119219552;A;G;0.0894737020134925;130
100..300;1;119422310;C;T;0.0520548000931739;255
100..300;1;119438989;T;C;0.1000000014901161;120
100..300;1;119445799;T;C;0.1079550012946128;125
100..300;1;119445889;A;G;0.1127820014953613;105
100..300;1;119446065;A;G;0.1520739942789077;140
100..300;1;119514535;T;C;0.09565220028162;215
100..300;1;119605239;A;G;0.1551720052957534;150
100..300;1;119623830;C;G;0.0659025982022285;230
100..300;1;119894128;C;T;0.137254998087883;250
100..300;1;119895095;A;G;0.0985506996512413;250
100..300;1;119895261;G;A;0.1096350029110908;215
100..300;1;119915381;T;A;0.1074770018458366;140
100..300;1;119929234;T;C;0.1380749940872192;170
100..300;1;119931555;T;C;0.1347520053386688;100
100..300;1;119935375;A;C;0.0784313976764679;145
100..300;1;120542069;C;CA;0.0707964971661567;100
100..300;1;145873965;T;C;0.094117596745491;130
100..300;1;145899155;A;G;0.2210530042648315;145
100..300;1;145927267;A;T;0.2071429938077926;110
100..300;1;149900352;C;G;0.1241829991340637;220
100..300;1;150473343;G;A;0.1042940020561218;115
100..300;1;150510879;T;C;0.1115700006484985;170
100..300;1;150512511;A;G;0.0741757974028587;245
100..300;1;150553930;T;C;0.1143790036439895;225
100..300;1;150559900;A;G;0.0809969007968902;220
100..300;1;150755063;A;G;0.0942407995462417;245
100..300;1;150836413;G;C;0.0963454991579055;200
100..300;1;150967881;T;G;0.1287550032138824;155
100..300;1;150967882;T;C;0.1313560009002685;155
100..300;1;150968905;T;C;0.0954544991254806;155
100..300;1;150987874;C;A;0.0921986028552055;190
100..300;1;151132600;A;G;0.1085710003972053;225
100..300;1;151162103;TA;T;0.1407410055398941;105
100..300;1;151291201;GACA;G;0.0935961008071899;160
100..300;1;151365227;T;C;0.0912548005580902;170
100..300;1;151524900;A;G;0.1161290034651756;105
100..300;1;152110849;T;A;0.076470598578453;240
100..300;1;152350656;T;G;0.1084339991211891;170
100..300;1;152358764;A;G;0.1335880011320114;170
100..300;1;152409586;T;C;0.0760869979858398;130
100..300;1;152409644;T;C;0.0889680013060569;185
100..300;1;152719598;C;G;0.0846394971013069;220
100..300;1;152719996;C;A;0.0569800995290279;250
100..300;1;152720112;G;A;0.0897435992956161;220
100..300;1;152737689;T;G;0.2163929939270019;220
100..300;1;152759960;C;G;0.2084430009126663;270
100..300;1;152760825;A;T;0.1994680017232895;265
100..300;1;152972118;T;C;0.1210940033197403;190
100..300;1;153003019;A;G;0.0984456017613411;140
100..300;1;153032333;C;T;0.064625896513462;200
100..300;1;153418150;A;G;0.0901857018470764;240
100..300;1;153458959;G;T;0.1143700033426284;225
100..300;1;153537414;C;T;0.0962342992424964;155
100..300;1;153615864;T;C;0.0848056972026825;185
100..300;1;154414549;C;T;0.0418847985565662;145
100..300;1;154429203;A;G;0.0873361974954605;150
100..300;1;154572175;T;G;0.0960699021816253;140
100..300;1;154772331;G;C;0.0817843973636627;180
100..300;1;154772376;G;A;0.0980392023921012;140
100..300;1;154965759;C;G;0.126581996679306;160
100..300;1;154966186;C;T;0.1346150040626526;185
100..300;1;155023444;A;G;0.1073170006275177;145
100..300;1;155060832;A;G;0.1091699972748756;150
100..300;1;155134074;G;A;0.0488888993859291;155
100..300;1;155177242;A;G;0.1159420013427734;130
100..300;1;155208991;A;T;0.0622010007500648;130
100..300;1;155216938;T;C;0.1230069994926452;265
100..300;1;155321462;T;C;0.1084339991211891;170
100..300;1;155357300;A;G;0.145455002784729;105
100..300;1;155752120;T;C;0.1030530035495758;115
100..300;1;155763567;A;G;0.0673575028777122;125
100..300;1;156134501;A;G;0.1062270030379295;170
100..300;1;156137743;T;C;0.0909091010689735;165
100..300;1;156158429;C;T;0.1003040000796318;220
100..300;1;156232382;G;A;0.15310999751091;130
100..300;1;156236330;A;G;0.0750750973820686;220
100..300;1;156294857;T;C;0.0804598033428192;280
100..300;1;156344706;T;C;0.1151520013809204;110
100..300;1;156377340;A;G;0.0868263021111488;230
100..300;1;156530336;C;T;0.180645003914833;110
100..300;1;156548587;A;G;0.1875;155
100..300;1;156815190;C;T;0.1479289978742599;235
100..300;1;156815825;A;G;0.1734690070152282;195
100..300;1;156815987;A;G;0.2145449966192245;200
100..300;1;156876441;A;G;0.059800699353218;200
100..300;1;156903935;A;G;0.0797872021794319;265
100..300;1;156908005;A;C;0.1159090027213096;285
100..300;1;156908739;C;T;0.0681817978620529;285
100..300;1;156908945;C;T;0.0888888984918594;130
100..300;1;156909740;T;C;0.078125;120
100..300;1;156909788;T;C;0.0936330035328865;165
100..300;1;156913204;C;G;0.0730158984661102;200
100..300;1;156914792;T;C;0.1115700006484985;150
100..300;1;156920880;C;T;0.0983607023954391;245
100..300;1;156932430;A;G;0.1065569967031478;160
100..300;1;156932489;G;T;0.1000000014901161;180
100..300;1;156937239;T;C;0.0632911026477813;105
100..300;1;156939903;A;G;0.1228810027241706;160
100..300;1;156969275;A;G;0.1164020001888275;130
100..300;1;157059407;G;A;0.0849056988954544;225
100..300;1;157587911;A;G;0.174358993768692;140
100..300;1;157589332;T;C;0.2053570002317428;215
100..300;1;157630127;G;A;0.2708329856395721;200
100..300;1;157630147;A;T;0.2642860114574432;190
100..300;1;158578998;G;A;0.0943396016955375;215
100..300;1;158607377;T;A;0.0947367995977401;130
100..300;1;158765805;T;C;0.25;155
100..300;1;158765901;C;T;0.2671230137348175;190
100..300;1;158765950;G;A;0.2571429908275604;200
100..300;1;158766102;G;A;0.2581700086593628;205
100..300;1;158766655;T;C;0.1979870051145553;195
100..300;1;159016687;C;G;0.1147539988160133;165
100..300;1;159032587;A;C;0.1215810030698776;215
100..300;1;159032599;A;T;0.1186939999461174;225
100..300;1;159440550;A;T;0.1000000014901161;205
100..300;1;159535311;A;G;0.0828571021556854;240
100..300;1;159806576;A;G;0.0920000001788139;160
100..300;1;159809120;A;G;0.0734596997499466;275
100..300;1;159809193;C;T;0.0779661014676094;205
100..300;1;159815623;T;C;0.1352660059928894;140
100..300;1;159815635;G;A;0.1428570002317428;125
100..300;1;159884461;C;T;0.1504849940538406;140
100..300;1;160130411;G;C;0.1016950011253357;170
100..300;1;160166560;A;G;0.0844326987862587;250
100..300;1;160425147;C;A;0.103703998029232;185
100..300;1;160425213;A;G;0.1142060011625289;230
100..300;1;161000299;T;C;0.0975610017776489;215
100..300;1;161099046;C;A;0.1221719980239868;150
100..300;1;161160911;T;C;0.0657534003257751;255
100..300;1;161166434;A;C;0.1058389991521835;185
100..300;1;161193247;C;T;0.0809858962893486;190
100..300;1;161193843;T;C;0.103703998029232;195
100..300;1;161198214;T;C;0.0684932023286819;250
100..300;1;161379107;A;T;0.1111110001802444;155
100..300;1;161509809;A;G;0.1012659966945648;165
100..300;1;161510859;G;A;0.0785124003887176;155
100..300;1;161711990;G;A;0.1546050012111663;210
100..300;1;161727282;C;G;0.0625;255
100..300;1;161727359;T;G;0.0652173981070518;285
100..300;1;161781951;G;A;0.1304350048303604;100
100..300;1;162343945;T;C;0.0991379022598266;155
100..300;1;162365466;T;C;0.0936330035328865;175
100..300;1;162374312;T;C;0.0912280976772308;195
100..300;1;162397281;T;C;0.1694920063018798;115
100..300;1;162445636;T;C;0.0762332007288932;145
100..300;1;164357216;C;G;0.1018870025873184;185
100..300;1;164357352;G;T;0.1694920063018798;125
100..300;1;165249442;T;C;0.1330280005931854;150
100..300;1;165428878;C;T;0.1258060038089752;210
100..300;1;165679472;T;C;0.114155001938343;145
100..300;1;166747404;C;A;0.2337660044431686;110
100..300;1;166747856;C;G;0.1684210002422332;140
100..300;1;166747861;CAAG;C;0.1896550059318542;145
100..300;1;167697079;C;T;0.1395349949598312;125
100..300;1;167823118;A;G;0.1016260012984275;155
100..300;1;167845792;G;A;0.0963855013251304;170
100..300;1;167856368;G;A;0.0868055969476699;185
100..300;1;167870340;A;G;0.1323529928922653;175
100..300;1;167880176;G;A;0.0987654030323028;155
100..300;1;168714238;T;C;0.0742357969284057;145
100..300;1;168938661;A;G;0.0828728973865509;125
100..300;1;168938867;G;C;0.0967741981148719;105
100..300;1;169514323;C;T;0.1280490010976791;110
100..300;1;169542640;G;T;0.1417320072650909;170
100..300;1;169542801;C;T;0.106463998556137;180
100..300;1;169544345;T;G;0.1351349949836731;175
100..300;1;169546488;T;C;0.0652173981070518;150
100..300;1;169550656;A;G;0.0841583982110023;130
100..300;1;169552615;G;A;0.1230159997940063;155
100..300;1;169617043;T;C;0.1290320008993148;130
100..300;1;170166528;T;C;0.1186439990997314;160
100..300;1;170166619;C;T;0.1448280066251754;195
100..300;1;170166624;C;T;0.1457629948854446;195
100..300;1;170369796;G;C;0.2568309903144836;130
100..300;1;170958474;G;A;0.0756757035851478;125
100..300;1;170989888;T;C;0.117646999657154;110
100..300;1;170989947;T;C;0.131068006157875;130
100..300;1;170996540;C;T;0.1198159977793693;135
100..300;1;171258077;C;T;0.0936454981565475;195
100..300;1;171334697;A;G;0.125;140
100..300;1;171339693;G;A;0.1536049991846084;230
100..300;1;171636247;C;T;0.0973872020840644;295
100..300;1;171786042;A;G;0.0564516000449657;165
100..300;1;171794409;T;C;0.088495597243309;145
100..300;1;172532503;C;T;0.1128529980778694;220
100..300;1;173503326;A;G;0.1065090000629425;110
100..300;1;173909694;C;T;0.0927318036556243;280
100..300;1;173909724;C;T;0.0904645025730133;290
100..300;1;176616321;A;G;0.0810810998082161;100
100..300;1;177954305;G;T;0.1365460008382797;165
100..300;1;178747028;A;G;0.1534879952669143;155
100..300;1;179085885;T;C;0.0948275998234748;155
100..300;1;179630866;G;A;0.0930233001708984;195
100..300;1;179630907;A;G;0.0685484036803245;160
100..300;1;179652089;A;G;0.0909091010689735;150
100..300;1;179662107;A;G;0.0595237985253334;115
100..300;1;179663401;G;A;0.10504200309515;160
100..300;1;180044100;G;T;0.0994475036859512;115
100..300;1;180084023;C;A;0.1502889990806579;115
100..300;1;180196564;C;A;0.1246939972043037;290
100..300;1;180266593;T;C;0.0533333010971546;150
100..300;1;181049044;G;C;0.1063830032944679;115
100..300;1;181052347;T;C;0.0996564030647277;190
100..300;1;181055268;A;G;0.1923079937696457;170
100..300;1;182057678;C;G;0.1011240035295486;250
100..300;1;182057887;T;C;0.1013069972395896;210
100..300;1;182575446;T;C;0.0989760980010032;195
100..300;1;182602142;T;C;0.1165049970149993;140
100..300;1;183130425;A;G;0.0580204986035823;200
100..300;1;185174589;G;A;0.0717300027608871;170
100..300;1;185202737;G;A;0.0957446992397308;125
100..300;1;185226821;T;C;0.0919540002942085;120
100..300;1;185551468;A;G;0.189189001917839;120
100..300;1;186057342;C;T;0.3311690092086792;100
100..300;1;186061909;T;C;0.3000000119209289;110
100..300;1;186132407;G;A;0.0816327035427093;100
100..300;1;186144720;C;G;0.0851064026355743;100
100..300;1;186977737;G;A;0.1257490068674087;115
100..300;1;190764921;A;G;0.1455699950456619;105
100..300;1;191146508;T;C;0.057142898440361;105
100..300;1;193020464;A;G;0.0822784975171089;105
100..300;1;193181089;G;A;0.1550000011920929;150
100..300;1;196673103;A;G;0.1023619994521141;160
100..300;1;196685194;C;A;0.2707180082798004;115
100..300;1;196690107;T;C;0.2455359995365142;140
100..300;1;196831912;T;G;0.1324920058250427;185
100..300;1;196831948;T;A;0.1509429961442947;160
100..300;1;196951018;T;C;0.1459230035543441;150
100..300;1;197159596;A;G;0.1828570067882537;120
100..300;1;197428956;G;A;0.1013510003685951;100
100..300;1;197927598;C;T;0.1021279990673065;155
100..300;1;200407567;T;C;0.1947190016508102;220
100..300;1;200864089;C;T;0.0799999982118606;160
100..300;1;200873213;C;T;0.0959595963358879;120
100..300;1;200908722;G;T;0.0812499970197677;115
100..300;1;201009251;C;G;0.1089740023016929;105
100..300;1;201077934;A;G;0.0875912010669708;180
100..300;1;201197255;A;G;0.1386860013008117;170
100..300;1;201206980;A;G;0.0730896964669227;210
100..300;1;201207840;G;A;0.1216220036149025;270
100..300;1;201208118;C;T;0.1009460017085075;225
100..300;1;201208150;T;C;0.0948012024164199;235
100..300;1;201208410;T;G;0.1086959987878799;230
100..300;1;201212792;T;G;0.1282050013542175;275
100..300;1;201214235;T;C;0.0601092986762523;120
100..300;1;201214274;C;T;0.0717948973178863;125
100..300;1;201215147;T;C;0.1100480034947395;145
100..300;1;201283738;T;C;0.0725805982947349;170
100..300;1;201313445;G;A;0.110275998711586;265
100..300;1;201361940;G;A;0.0877192988991737;185
100..300;1;201365667;T;C;0.097222201526165;235
100..300;1;201372047;C;CAGAAG;0.220779001712799;215
100..300;1;201386541;C;T;0.0711864009499549;220
100..300;1;202012090;G;C;0.1098269969224929;215
100..300;1;202012734;C;T;0.0485933013260364;270
100..300;1;202562613;T;C;0.1385540068149566;115
100..300;1;202605656;A;G;0.1589149981737136;175
100..300;1;203084742;T;C;0.0727273002266883;110
100..300;1;203183673;C;T;0.2296299934387207;175
100..300;1;203483281;A;G;0.0993788987398147;155
100..300;1;203483592;T;C;0.0990782976150512;290
100..300;1;203502991;A;G;0.0700000002980232;135
100..300;1;203799200;C;T;0.0833332985639572;200
100..300;1;203800404;A;G;0.0607286989688873;165
100..300;1;204126092;T;C;0.0846560969948768;255
100..300;1;204162058;G;T;0.1770489960908889;200
100..300;1;204190659;C;G;0.0699300989508628;190
100..300;1;204192819;T;C;0.0904977023601532;140
100..300;1;204202932;C;G;0.0906039997935295;195
100..300;1;204202968;A;G;0.0750852972269058;195
100..300;1;204618112;A;G;0.1239190027117729;245
100..300;1;204954892;T;C;0.1073620021343231;205
100..300;1;204975313;A;G;0.1287879943847656;185
100..300;1;204975326;A;G;0.1157890036702156;195
100..300;1;204975408;G;A;0.0956175029277801;155
100..300;1;204976686;T;C;0.0871080011129379;185
100..300;1;204976806;G;A;0.109214998781681;190
100..300;1;204979531;G;A;0.2199999988079071;195
100..300;1;204997300;G;C;0.1851850003004074;290
100..300;1;205058609;A;G;0.1068969964981079;190
100..300;1;205059695;AG;A;0.0950225964188575;140
100..300;1;205061988;T;C;0.1186439990997314;150
100..300;1;205303798;T;C;0.1027190014719963;235
100..300;1;205303855;G;C;0.1021019965410232;240
100..300;1;205339207;A;G;0.0975610017776489;165
100..300;1;205339240;T;C;0.1150159984827041;215
100..300;1;205351242;G;A;0.1415089964866638;150
100..300;1;205351341;A;G;0.0850439965724945;220
100..300;1;205420525;T;C;0.0493827015161514;105
100..300;1;205620446;T;C;0.0928962007164955;265
100..300;1;205992708;A;G;0.0647481977939605;100
100..300;1;206012565;G;A;0.1058019995689392;200
100..300;1;206013858;G;A;0.0590551011264324;160
100..300;1;206476722;G;A;0.08695650100708;195
100..300;1;206477764;A;G;0.0917159989476203;220
100..300;1;206584745;T;A;0.1964289993047714;120
100..300;1;207113036;A;C;0.0790959969162941;110
100..300;1;207126725;A;G;0.1167510002851486;135
100..300;1;207480019;G;A;0.117646999657154;125
100..300;1;207505962;G;A;0.0871934965252876;225
100..300;1;207609362;G;A;0.0970148965716362;185
100..300;1;207621975;G;A;0.0949366986751556;100
100..300;1;209611861;A;G;0.1021130010485649;195
100..300;1;209638541;G;T;0.0878048986196518;135
100..300;1;210265655;T;G;0.1052630022168159;105
100..300;1;210861363;C;T;0.0977011024951934;130
100..300;1;211663410;A;G;0.0839160978794097;100
100..300;1;212100264;A;G;0.0913705974817276;140
100..300;1;214652853;A;G;0.0918918997049331;125
100..300;1;214657249;G;A;0.1230280026793479;215
100..300;1;215580012;G;T;0.1059599965810775;100
100..300;1;215671031;T;C;0.0750000029802322;185
100..300;1;216046439;G;A;0.119047999382019;110
100..300;1;216175422;T;C;0.254144012928009;120
100..300;1;220314315;T;C;0.1475410014390945;125
100..300;1;220882121;A;G;0.0790273994207382;220
100..300;1;221739466;C;T;0.0817942023277282;270
100..300;1;222540161;G;C;0.0839695036411285;265
100..300;1;222660196;G;C;0.1032259985804557;105
100..300;1;223005219;C;A;0.2195950001478195;205
100..300;1;223111186;G;A;0.1060609966516494;175
100..300;1;223626980;T;A;0.0893855020403862;115
100..300;1;223761612;C;G;0.0905797034502029;175
100..300;1;223766378;C;A;0.094861701130867;170
100..300;1;223772257;A;G;0.0781892985105514;160
100..300;1;223792505;C;G;0.0730594024062156;140
100..300;1;223802264;T;C;0.0646765977144241;130
100..300;1;223821211;A;G;0.0971660017967224;170
100..300;1;223863737;T;C;0.2587060034275055;160
100..300;1;223863759;G;A;0.1040000021457672;185
100..300;1;223864224;C;T;0.0965346992015838;275
100..300;1;224574664;G;C;0.0939596965909004;200
100..300;1;225340481;A;C;0.139174997806549;125
100..300;1;225345982;G;A;0.117646999657154;145
100..300;1;225346517;C;T;0.1069519966840744;120
100..300;1;225398572;T;G;0.0945945978164672;190
100..300;1;225517743;A;G;0.0802920013666153;275
100..300;1;225838705;G;A;0.07082150131464;230
100..300;1;225844528;T;C;0.0905172005295753;155
100..300;1;225847208;A;G;0.0842697024345398;115
100..300;1;225877491;C;G;0.0887371972203254;185
100..300;1;226164797;G;T;0.2324319928884506;120
100..300;1;226367601;G;A;0.2376679927110672;145
100..300;1;226383066;A;G;0.1012659966945648;150
100..300;1;226402257;A;G;0.2118639945983886;240
100..300;1;226961502;A;G;0.0528169013559818;185
100..300;1;227430982;A;G;0.0897435992956161;110
100..300;1;227434310;G;A;0.0859375;175
100..300;1;228097290;T;C;0.0727273002266883;210
100..300;1;228174981;A;G;0.0790378004312515;200
100..300;1;228214807;T;C;0.09565220028162;160
100..300;1;228219309;T;C;0.0802676007151603;215
100..300;1;228276602;T;G;0.019480500370264;205
100..300;1;228277645;G;A;0.0674846991896629;220
100..300;1;228283678;C;G;0.0754716992378234;275
100..300;1;228307089;A;G;0.0612813010811805;240
100..300;1;228315976;G;A;0.0546875;260
100..300;1;228316771;C;T;0.0711297020316124;165
100..300;1;228316969;T;C;0.0897435992956161;105
100..300;1;228317967;G;C;0.0857143029570579;220
100..300;1;228317998;C;T;0.0911765024065971;225
100..300;1;228321726;G;A;0.1147060021758079;240
100..300;1;228333272;G;C;0.0858369022607803;155
100..300;1;228337260;A;C;0.0774907991290092;185
100..300;1;228337926;A;C;0.0671140998601913;105
100..300;1;228338964;C;T;0.1291289925575256;225
100..300;1;228340711;A;G;0.0928571000695228;100
100..300;1;228340862;G;C;0.0722222030162811;115
100..300;1;228374649;C;T;0.0906801000237464;265
100..300;1;229531657;G;C;0.0755395963788032;175
100..300;1;230219692;T;C;0.0925925970077514;175
100..300;1;230249191;C;T;0.1356589943170547;180
100..300;1;230279402;A;G;0.0769231021404266;235
100..300;1;230710048;G;A;0.0922508984804153;175
100..300;1;231241060;C;G;0.0608365014195442;175
100..300;1;232319657;T;C;0.0892857015132904;150
100..300;1;232399211;C;T;0.0946969985961914;165
100..300;1;232425650;C;T;0.0944882035255432;250
100..300;1;232428551;A;T;0.1039599999785423;130
100..300;1;232439175;C;T;0.2013889998197555;190
100..300;1;232445690;A;G;0.1921920031309127;220
100..300;1;232462241;A;T;0.2291669994592666;120
100..300;1;232950710;C;T;0.0742188021540641;170
100..300;1;232986045;A;G;0.0777778029441833;240
100..300;1;232986381;T;C;0.0660919994115829;250
100..300;1;232998340;T;C;0.1009460017085075;205
100..300;1;233362280;T;C;0.1052630022168159;120
100..300;1;233905571;T;C;0.0807692036032676;180
100..300;1;234446905;C;T;0.1396230012178421;165
100..300;1;234448485;T;C;0.2248519957065582;110
100..300;1;234608504;A;G;0.0826445966958999;150
100..300;1;235160983;C;T;0.1094890013337135;270
100..300;1;235161230;A;T;0.0974358990788459;140
100..300;1;235427244;A;G;0.0710382983088493;120
100..300;1;235677195;T;G;0.0975610017776489;100
100..300;1;235777150;T;C;0.1325760036706924;175
100..300;1;235781994;C;T;0.1704040020704269;145
100..300;1;235809135;C;T;0.1120000034570694;165
100..300;1;235809567;C;T;0.1231340020895004;200
100..300;1;235977874;C;T;0.0922330021858215;145
100..300;1;235981651;G;A;0.0857143029570579;145
100..300;1;235990886;T;C;0.0700000002980232;135
100..300;1;235991065;T;G;0.1393029987812042;130
100..300;1;237454457;T;C;0.2635979950428009;160
100..300;1;240093522;A;C;0.0986841991543769;100
100..300;1;240329434;A;G;0.0904522985219955;135
100..300;1;241548834;T;C;0.1741939932107925;100
100..300;1;241592046;T;C;0.0912280976772308;180
100..300;1;241860596;G;A;0.0950570032000541;180
100..300;1;241870961;G;A;0.1727270036935806;150
100..300;1;241872136;A;G;0.091286301612854;155
100..300;1;241993647;T;C;0.0493827015161514;105
100..300;1;243415810;A;G;0.0689655020833015;185
100..300;1;244560790;A;G;0.0785124003887176;165
100..300;1;244572556;G;A;0.1437910050153732;215
100..300;1;244583848;A;G;0.1351349949836731;145
100..300;1;247257119;T;C;0.0703125;175
100..300;1;247491196;A;G;0.106795996427536;280
100..300;1;247588859;C;T;0.0930233001708984;185
100..300;1;247672648;C;T;0.116466000676155;165
100..300;1;247712306;G;C;0.0787670984864234;195
100..300;1;247723647;C;T;0.1074919998645782;225
100..300;1;247840994;G;A;0.0983607023954391;120
100..300;1;247875992;A;G;0.0821918025612831;195
100..300;1;247876149;T;C;0.0909091010689735;265
100..300;1;247991045;T;C;0.1060609966516494;220
100..300;1;248038987;C;T;0.121127001941204;250
100..300;1;248204004;A;T;0.1386139988899231;135
100..300;1;248323998;T;C;0.2629759907722473;190
100..300;1;248348762;G;T;0.1949689984321594;120
100..300;1;248348792;T;C;0.1904760003089904;150
100..300;1;248349335;T;C;0.2260269969701767;205
100..300;1;248349447;A;G;0.1897809952497482;200
100..300;1;248349465;T;G;0.1735849976539611;190
100..300;1;248681658;C;T;0.0777778029441833;200
100..300;1;248682055;T;G;0.0887850001454353;290
100..300;10;864285;G;A;0.1635220050811767;110
100..300;10;988472;T;C;0.0711610019207;180
100..300;10;1124364;G;C;0.0537634007632732;125
100..300;10;1216932;A;AG;0.1027029976248741;130
100..300;10;3103963;G;C;0.0810810998082161;155
100..300;10;3129953;T;C;0.0863308981060981;185
100..300;10;3147974;A;C;0.0816327035427093;100
100..300;10;3149631;T;C;0.0844594985246658;185
100..300;10;5094459;G;C;0.0628271996974945;130
100..300;10;5099417;T;C;0.0889680013060569;175
100..300;10;5107511;A;G;0.1005920022726059;105
100..300;10;5200074;T;C;0.1141299977898597;125
100..300;10;5761405;G;A;0.1034480035305023;130
100..300;10;5943662;A;C;0.1142859980463981;200
100..300;10;6021545;A;G;0.074193499982357;200
100..300;10;6024237;G;C;0.0946502014994621;170
100..300;10;7348338;G;A;0.1314290016889572;115
100..300;10;8161339;C;T;0.1506849974393844;145
100..300;10;8161346;A;C;0.1555559933185577;145
100..300;10;8161512;T;G;0.0803570970892906;160
100..300;10;8161641;A;C;0.1194029971957206;185
100..300;10;8161722;A;T;0.106463998556137;185
100..300;10;8620212;A;G;0.0769231021404266;120
100..300;10;11257772;T;A;0.0722433030605316;170
100..300;10;11463176;G;A;0.0648967996239662;245
100..300;10;11755501;A;G;0.0517240986227989;155
100..300;10;12250349;T;G;0.0938510969281196;190
100..300;10;13058204;C;T;0.0995260998606681;150
100..300;10;13058441;C;A;0.086363598704338;160
100..300;10;13172753;C;G;0.0872727036476135;175
100..300;10;13183119;A;G;0.1060609966516494;135
100..300;10;13188934;T;C;0.0657894983887672;150
100..300;10;13192356;T;A;0.0946502014994621;170
100..300;10;14843599;T;C;0.0911950021982193;230
100..300;10;14901177;G;C;0.089361697435379;160
100..300;10;14932844;A;G;0.107692003250122;170
100..300;10;14932906;C;T;0.1314879953861236;190
100..300;10;14934728;C;G;0.1121079996228218;155
100..300;10;14987265;G;A;0.1321839988231659;115
100..300;10;14999909;A;C;0.2006579935550689;180
100..300;10;15008689;A;G;0.1681420058012008;145
100..300;10;15015375;A;G;0.1028570011258125;110
100..300;10;15064442;G;A;0.1139239966869354;160
100..300;10;15684089;T;C;0.0545454993844032;135
100..300;10;16505059;G;A;0.1543859988451004;185
100..300;10;16520601;A;G;0.0517240986227989;220
100..300;10;16840519;C;T;0.1500000059604644;165
100..300;10;17594310;A;G;0.1826920062303543;130
100..300;10;17714597;C;T;0.1255609989166259;145
100..300;10;19204380;A;G;0.1019110009074211;105
100..300;10;19387624;G;A;0.0755556002259254;150
100..300;10;19387632;A;G;0.079295203089714;150
100..300;10;19489053;A;G;0.0938510969281196;205
100..300;10;20785795;C;T;0.0957854017615318;170
100..300;10;20831187;G;A;0.1104649975895881;110
100..300;10;23002023;T;C;0.0762711986899375;155
100..300;10;23119349;T;C;0.094117596745491;175
100..300;10;24433017;C;A;0.1509429961442947;180
100..300;10;25023760;G;A;0.2780489921569824;150
100..300;10;25024889;T;C;0.2342340052127838;155
100..300;10;26173861;A;G;0.1879190057516098;210
100..300;10;26216893;A;G;0.1555559933185577;110
100..300;10;27014676;T;A;0.2165610045194625;100
100..300;10;27028911;T;C;0.1270720064640045;110
100..300;10;27092420;C;T;0.1807229965925216;105
100..300;10;27112127;T;C;0.0932642966508865;130
100..300;10;27145554;A;G;0.0677966028451919;115
100..300;10;27149035;C;T;0.1242600008845329;115
100..300;10;27247771;T;TTAGA;0.1157890036702156;140
100..300;10;27413240;T;C;0.0704225003719329;285
100..300;10;27413759;T;C;0.0969899967312812;215
100..300;10;27413796;G;A;0.0819671973586082;220
100..300;10;28340914;A;G;0.0401606000959873;160
100..300;10;28436788;T;C;0.0602409988641738;115
100..300;10;29292511;T;C;0.0883720964193344;145
100..300;10;29458292;A;G;0.0912280976772308;195
100..300;10;29465606;A;G;0.0862744972109794;165
100..300;10;29480718;A;G;0.0816832035779953;260
100..300;10;29481622;G;A;0.1015620008111;170
100..300;10;29532160;T;C;0.1896550059318542;160
100..300;10;29532594;C;T;0.2152470052242279;155
100..300;10;29533230;C;T;0.1981129944324493;225
100..300;10;29550584;G;A;0.2549020051956177;105
100..300;10;29550858;G;A;0.2031749933958053;230
100..300;10;29551109;G;A;0.2005989998579025;230
100..300;10;29551235;G;A;0.1299999952316284;140
100..300;10;29554904;T;C;0.2372370064258575;230
100..300;10;30027279;C;T;0.0698413029313087;225
100..300;10;30027943;C;T;0.0862068980932235;290
100..300;10;30340297;A;G;0.0662020966410636;185
100..300;10;30380438;A;G;0.0803570970892906;150
100..300;10;30845285;G;A;0.0994623973965644;255
100..300;10;32567818;C;A;0.0846560969948768;125
100..300;10;32583192;T;C;0.1395349949598312;115
100..300;10;32848623;C;T;0.1235959976911544;115
100..300;10;33057769;G;C;0.0960853993892669;195
100..300;10;33180253;G;A;0.1315789967775344;225
100..300;10;33186354;T;C;0.0773195996880531;265
100..300;10;33206339;T;C;0.256521999835968;155
100..300;10;33213312;T;C;0.1375460028648376;190
100..300;10;33221735;A;G;0.1968909949064254;120
100..300;10;33221840;A;G;0.1915889978408813;135
100..300;10;33263767;T;C;0.0756302997469902;160
100..300;10;36523323;T;C;0.1201120018959045;240
100..300;10;36523951;G;A;0.096551701426506;210
100..300;10;42566985;A;G;0.1179039999842643;155
100..300;10;42785641;C;T;0.0912280976772308;185
100..300;10;42823749;A;G;0.0824175998568534;120
100..300;10;43110169;TG;T;0.0882352963089943;110
100..300;10;43387894;A;T;0.1543619930744171;105
100..300;10;43481535;C;T;0.1027669981122016;180
100..300;10;43605076;G;C;0.1681420058012008;245
100..300;10;43616358;A;G;0.2594340145587921;150
100..300;10;43616797;A;G;0.1821430027484893;195
100..300;10;44297907;A;G;0.1036589965224266;105
100..300;10;44890598;C;T;0.0830039978027343;165
100..300;10;45374300;T;C;0.0486726015806198;130
100..300;10;45458319;G;A;0.0558376014232635;260
100..300;10;45463408;C;G;0.0712165981531143;240
100..300;10;45463433;C;A;0.0728863030672073;245
100..300;10;46012928;A;G;0.095238097012043;145
100..300;10;46027444;C;A;0.0581817999482154;170
100..300;10;46297471;C;T;0.137254998087883;170
100..300;10;46297485;A;G;0.1528380066156387;150
100..300;10;48211965;C;T;0.047393400222063;135
100..300;10;48232303;T;C;0.0691824033856391;105
100..300;10;48239677;A;G;0.0725191012024879;165
100..300;10;48451601;G;A;0.1140350028872489;155
100..300;10;48455141;A;G;0.0892857015132904;210
100..300;10;48634610;T;C;0.1927080005407333;130
100..300;10;48760447;A;G;0.1116499975323677;135
100..300;10;48790779;T;C;0.1447370052337646;145
100..300;10;48805357;C;T;0.0726073011755943;200
100..300;10;48813995;A;G;0.0797872021794319;120
100..300;10;48817401;T;G;0.0603448003530502;160
100..300;10;48820263;T;C;0.0799999982118606;220
100..300;10;48826788;A;G;0.0948275998234748;230
100..300;10;48830833;C;G;0.0774647966027259;185
100..300;10;48890694;C;G;0.0988593026995658;175
100..300;10;48913409;A;G;0.0581817999482154;190
100..300;10;48964066;T;C;0.1111110001802444;125
100..300;10;48976904;T;C;0.0821114033460617;230
100..300;10;48978370;T;C;0.1121079996228218;150
100..300;10;49616071;A;G;0.1140939965844154;195
100..300;10;49616573;A;G;0.0520000010728836;155
100..300;10;49752163;A;G;0.051282100379467;130
100..300;10;50265841;T;G;0.0882352963089943;210
100..300;10;50679198;A;G;0.1056699976325035;260
100..300;10;50727636;C;T;0.1152649968862533;160
100..300;10;50809877;A;G;0.149067997932434;110
100..300;10;52411553;T;C;0.097222201526165;100
100..300;10;52411946;T;G;0.0812183022499084;140
100..300;10;52412414;A;G;0.1441860049962997;145
100..300;10;52412851;T;C;0.0874999985098838;150
100..300;10;53809212;G;T;0.0982142984867096;165
100..300;10;53823145;T;G;0.1299999952316284;145
100..300;10;54132882;C;T;0.1590909957885742;110
100..300;10;55599937;T;C;0.1215469986200332;115
100..300;10;58517789;C;A;0.1375000029802322;100
100..300;10;59654253;T;G;0.0880502983927726;220
100..300;10;59654418;A;G;0.1457629948854446;205
100..300;10;60071893;G;C;0.1333329975605011;160
100..300;10;62198353;C;T;0.2075469940900802;110
100..300;10;62399574;T;G;0.0783699005842208;225
100..300;10;66379281;A;G;0.1343870013952255;165
100..300;10;68174164;A;G;0.0766962021589279;220
100..300;10;68174212;A;G;0.1029409989714622;225
100..300;10;68174501;G;C;0.1674419939517974;285
100..300;10;68199485;A;C;0.1034480035305023;175
100..300;10;68341660;C;G;0.1134449988603591;160
100..300;10;68414950;A;T;0.1847829967737198;125
100..300;10;68572915;A;T;0.0941703990101814;165
100..300;10;68573105;T;C;0.0927151963114738;225
100..300;10;68632376;T;C;0.0727273002266883;260
100..300;10;68632380;G;A;0.076115496456623;260
100..300;10;68632618;A;G;0.0914454013109207;225
100..300;10;68645480;A;G;0.0779661014676094;205
100..300;10;68645782;G;A;0.0956175029277801;190
100..300;10;68645784;G;A;0.0931174010038375;190
100..300;10;68674752;G;C;0.096551701426506;100
100..300;10;68885620;C;A;0.1003239974379539;225
100..300;10;68885941;T;C;0.0930787995457649;295
100..300;10;69097207;G;C;0.073260098695755;180
100..300;10;69133035;T;C;0.1937170028686523;125
100..300;10;69186084;T;C;0.2185789942741394;115
100..300;10;69232908;T;C;0.1877550035715103;175
100..300;10;69250619;T;C;0.0717130973935127;160
100..300;10;70114927;A;G;0.1092899963259697;135
100..300;10;70114978;A;G;0.0939596965909004;200
100..300;10;70115110;C;T;0.072649598121643;160
100..300;10;70121102;G;A;0.06751050055027;155
100..300;10;70255023;A;G;0.0766422972083091;180
100..300;10;70255107;A;G;0.1028570011258125;115
100..300;10;70255817;G;T;0.0590909011662006;155
100..300;10;70566644;A;G;0.1270900070667266;195
100..300;10;70758074;A;G;0.1330650001764297;165
100..300;10;70758253;G;A;0.1077589988708496;155
100..300;10;71322806;G;A;0.083941601216793;190
100..300;10;71675131;C;G;0.1597220003604889;180
100..300;10;71773420;G;A;0.168950006365776;140
100..300;10;71791212;A;G;0.1969700008630752;210
100..300;10;71798371;A;G;0.0616113990545272;150
100..300;10;71799095;G;A;0.1542059928178787;140
100..300;10;71799129;A;G;0.1608390063047409;190
100..300;10;71799195;T;C;0.1440680027008056;230
100..300;10;71802987;A;G;0.1826629936695099;215
100..300;10;71810577;A;G;0.0704846009612083;140
100..300;10;71815086;A;G;0.1032610014081001;245
100..300;10;71819125;C;T;0.1561339944601059;180
100..300;10;71819460;T;C;0.0918366983532905;135
100..300;10;71851225;A;G;0.0654205977916717;210
100..300;10;72008101;A;G;0.0497238002717494;115
100..300;10;73122193;A;G;0.0785124003887176;165
100..300;10;73911598;T;G;0.049668900668621;205
100..300;10;74655751;T;G;0.0949153006076812;190
100..300;10;77184832;A;G;0.1105989962816238;150
100..300;10;77780830;C;T;0.0894040018320083;205
100..300;10;77781211;C;T;0.1206900030374527;200
100..300;10;79300717;C;T;0.0980392023921012;140
100..300;10;79684078;A;G;0.0740740969777107;125
100..300;10;79892150;G;A;0.1243520006537437;130
100..300;10;79946568;G;A;0.0778815969824791;210
100..300;10;80081936;T;G;0.0799999982118606;125
100..300;10;80090851;A;C;0.0791667029261589;155
100..300;10;80166110;C;T;0.121358998119831;135
100..300;10;80363037;A;G;0.0933851972222328;160
100..300;10;80609463;A;T;0.0537634007632732;175
100..300;10;84212287;G;A;0.0845481008291244;220
100..300;10;84219183;A;G;0.1120939999818801;220
100..300;10;84219235;T;C;0.1104480028152465;220
100..300;10;84222045;G;T;0.0690788999199867;210
100..300;10;84391385;G;C;0.0879478976130485;205
100..300;10;86138972;A;G;0.1123190000653266;190
100..300;10;86706708;T;C;0.1185190007090568;175
100..300;10;86942633;A;G;0.0633803009986877;100
100..300;10;86945549;G;T;0.0688406005501747;190
100..300;10;86960032;G;C;0.0833332985639572;230
100..300;10;86962641;T;A;0.0686694979667663;140
100..300;10;88673588;A;T;0.1011900007724762;110
100..300;10;88913267;A;G;0.0925266966223716;195
100..300;10;89206636;A;G;0.0963172987103462;240
100..300;10;89462530;C;A;0.0742048993706703;195
100..300;10;89593209;A;G;0.1129029989242553;160
100..300;10;89611689;A;G;0.0992908030748367;105
100..300;10;89762791;G;A;0.1220929995179176;110
100..300;10;89978799;A;C;0.1201720014214515;165
100..300;10;91054274;T;C;0.1970440000295639;140
100..300;10;92118852;G;A;0.125;155
100..300;10;93062929;T;C;0.1395349949598312;145
100..300;10;93284086;G;T;0.0853658989071846;100
100..300;10;93284104;T;TC;0.0614525005221366;115
100..300;10;93402356;C;G;0.1204190030694007;130
100..300;10;93635607;G;C;0.194594994187355;125
100..300;10;94344908;G;T;0.1746030002832412;125
100..300;10;94733301;T;C;0.098522201180458;135
100..300;10;94842865;T;C;0.1159870028495788;200
100..300;10;94941844;C;G;0.1336629986763;135
100..300;10;95038992;C;T;0.1684779971837997;120
100..300;10;95067273;T;C;0.134453997015953;240
100..300;10;95067362;TA;T;0.1319999992847442;200
100..300;10;95067421;C;T;0.2242989987134933;165
100..300;10;95194541;G;A;0.0884353965520858;190
100..300;10;95207197;G;GT;0.1130950003862381;140
100..300;10;95238701;T;C;0.0909091010689735;120
100..300;10;95315130;C;T;0.0813954025506973;110
100..300;10;95687616;T;A;0.1321839988231659;120
100..300;10;96189816;C;A;0.1221719980239868;160
100..300;10;96609779;G;A;0.0940171033143997;150
100..300;10;96620380;C;T;0.0790959969162941;115
100..300;10;97357146;T;C;0.0566038005053997;175
100..300;10;97469742;T;C;0.1115380004048347;170
100..300;10;97616335;C;T;0.0390878990292549;200
100..300;10;97616395;G;A;0.0444444008171558;150
100..300;10;97633477;A;G;0.0898875966668129;175
100..300;10;97651033;C;T;0.0859598964452743;225
100..300;10;97679603;A;G;0.1067420020699501;120
100..300;10;98261123;T;C;0.1009619981050491;150
100..300;10;98262226;A;G;0.105504997074604;140
100..300;10;98431163;A;G;0.0654762014746666;205
100..300;10;99235506;A;G;0.0803570970892906;155
100..300;10;99368605;A;C;0.0578035004436969;110
100..300;10;99387935;A;G;0.1039759963750839;215
100..300;10;99387963;T;C;0.0615941993892192;175
100..300;10;99685834;C;A;0.0595237985253334;170
100..300;10;99691502;C;T;0.0881057009100914;150
100..300;10;99830862;T;C;0.1019110009074211;110
100..300;10;99836239;A;T;0.0766870975494384;205
100..300;10;99845793;C;G;0.119047999382019;170
100..300;10;99847104;T;G;0.1119690015912056;170
100..300;10;99850776;T;C;0.1124999970197677;165
100..300;10;99850808;A;G;0.1162789985537529;125
100..300;10;99851537;A;G;0.0916666984558105;150
100..300;10;100204555;A;G;0.1049719974398613;115
100..300;10;100746313;C;G;0.1836159974336624;245
100..300;10;100973056;C;A;0.1150439977645874;165
100..300;10;100983737;A;G;0.0676055997610092;245
100..300;10;100986746;T;C;0.0833332985639572;250
100..300;10;100990864;T;C;0.0642201974987983;145
100..300;10;100990866;C;T;0.0619468986988067;150
100..300;10;100991026;A;C;0.0516605004668235;180
100..300;10;101006817;G;A;0.1585679948329925;255
100..300;10;101489279;G;A;0.1657460033893585;120
100..300;10;101521877;G;C;0.0340908989310264;120
100..300;10;101608897;C;T;0.076530598104;120
100..300;10;102424324;A;G;0.0909091010689735;170
100..300;10;102425196;G;C;0.125;100
100..300;10;102470028;T;C;0.1343870013952255;165
100..300;10;102471297;G;A;0.1766780018806457;190
100..300;10;102472959;A;G;0.1761900037527084;130
100..300;10;102504350;T;C;0.1284050047397613;165
100..300;10;103054405;C;T;0.0681817978620529;205
100..300;10;103076290;C;T;0.0855263024568557;110
100..300;10;103089711;A;G;0.1013510003685951;200
100..300;10;103139440;G;C;0.0921052992343902;100
100..300;10;103409825;G;A;0.0807453021407127;100
100..300;10;103417888;T;G;0.0802292004227638;225
100..300;10;103434329;T;C;0.0912161991000175;190
100..300;10;103441808;A;G;0.0977011024951934;115
100..300;10;103441820;T;C;0.0899470970034599;130
100..300;10;103444697;C;T;0.1042940020561218;115
100..300;10;103445545;C;A;0.1034480035305023;160
100..300;10;104315323;A;G;0.1320289969444275;275
100..300;10;106579358;C;G;0.0954063981771469;185
100..300;10;106607262;T;C;0.0958904027938842;185
100..300;10;109877877;C;A;0.0983607023954391;165
100..300;10;110810372;C;G;0.1513160020112991;100
100..300;10;112440597;A;G;0.097826100885868;180
100..300;10;113165732;T;C;0.0841346010565757;290
100..300;10;113604826;G;A;0.0837837979197502;250
100..300;10;113633160;A;T;0.117646999657154;110
100..300;10;113634189;T;C;0.1233479976654052;140
100..300;10;113650081;T;C;0.1100480034947395;140
100..300;10;113651839;A;C;0.137036994099617;175
100..300;10;113653034;G;A;0.1148329973220825;140
100..300;10;113654142;C;T;0.0883978009223938;120
100..300;10;113679881;C;CTT;0.06944440305233;205
100..300;10;113729393;G;C;0.0929486975073814;200
100..300;10;113729408;A;G;0.0990990996360778;210
100..300;10;114045297;C;G;0.1486490070819854;100
100..300;10;114272760;G;A;0.076554998755455;155
100..300;10;114959739;C;T;0.0693069025874137;125
100..300;10;115727253;T;G;0.0560748018324375;145
100..300;10;116128914;T;C;0.0892018973827362;135
100..300;10;116469251;C;T;0.1187210008502006;145
100..300;10;116471793;G;A;0.0958333015441894;155
100..300;10;116591902;G;A;0.0739549994468689;205
100..300;10;116609094;C;T;0.0817610025405883;205
100..300;10;117197516;G;A;0.0735293999314308;145
100..300;10;117374457;C;G;0.0882352963089943;205
100..300;10;117374547;C;T;0.0934066027402877;250
100..300;10;119155180;A;G;0.0945274010300636;135
100..300;10;121580593;G;A;0.1224490031599998;160
100..300;10;121790176;G;T;0.0808081030845642;130
100..300;10;122085600;A;G;0.0957446992397308;200
100..300;10;122143618;A;G;0.078947402536869;185
100..300;10;122211015;C;T;0.1196810007095336;280
100..300;10;122211054;T;C;0.120448000729084;260
100..300;10;122211207;A;T;0.0966921001672744;270
100..300;10;122454735;A;G;0.0841583982110023;135
100..300;10;122456894;G;A;0.0933332964777946;135
100..300;10;122983342;A;G;0.1025639995932579;180
100..300;10;123768532;A;G;0.0631579011678695;130
100..300;10;123842505;T;C;0.1144580021500587;120
100..300;10;124489924;G;GA;0.079847902059555;190
100..300;10;124490356;C;A;0.0995146036148071;275
100..300;10;124981787;A;G;0.1167510002851486;125
100..300;10;125026585;G;A;0.1581510007381439;280
100..300;10;125027060;T;C;0.1723159998655319;255
100..300;10;125796084;A;G;0.1033060029149055;155
100..300;10;125841756;C;T;0.0799999982118606;115
100..300;10;125988805;G;A;0.0416667014360427;160
100..300;10;127176357;T;C;0.1637009978294372;175
100..300;10;127362194;A;G;0.0930233001708984;145
100..300;10;127444291;A;G;0.0497238002717494;120
100..300;10;127552592;C;G;0.092465803027153;185
100..300;10;128102594;T;C;0.1149429976940155;170
100..300;10;128103237;C;G;0.145455002784729;280
100..300;10;128103483;T;C;0.1428570002317428;225
100..300;10;128109346;A;G;0.1010830029845237;190
100..300;10;128119296;C;T;0.0698925033211708;120
100..300;10;130068270;G;A;0.146465003490448;130
100..300;10;130106792;T;C;0.0731706991791725;195
100..300;10;131973082;C;T;0.0625;170
100..300;10;132645884;G;A;0.1008770018815994;150
100..300;10;132833484;T;C;0.0887096971273422;245
100..300;10;132834775;T;C;0.0582524016499519;140
100..300;10;132869351;T;C;0.1029900014400482;195
100..300;10;132899672;A;G;0.0923912972211837;120
100..300;10;132922540;A;G;0.1048950031399726;200
100..300;10;132924881;G;C;0.08695650100708;140
100..300;10;133128815;T;C;0.0308641996234655;100
100..300;10;133218872;G;A;0.1031389981508255;155
100..300;10;133456284;A;G;0.1224490031599998;160
100..300;10;133457333;T;TC;0.1101690009236335;155
100..300;10;133459805;C;G;0.0260416995733976;115
100..300;10;133464740;C;CTGGGGTG;0.1158299967646598;175
100..300;10;133466248;T;C;0.1397850066423416;125
100..300;10;133554985;AGCTGAGACGG;A;0.1103900000452995;105
100..300;10;133555086;C;T;0.115226000547409;160
100..300;10;133555331;T;C;0.1168219968676567;135
100..300;10;133556028;C;T;0.086378701031208;195
100..300;10;133556839;A;G;0.0890052020549774;125
100..300;10;133557129;T;C;0.0769231021404266;175
100..300;10;133557135;A;C;0.0738006979227066;175
100..300;10;133559366;G;C;0.0829015970230102;120
100..300;10;133560087;T;C;0.0962567031383514;120
100..300;11;198062;G;C;0.091286301612854;165
100..300;11;212408;T;C;0.0949999988079071;135
100..300;11;233067;T;C;0.0766422972083091;185
100..300;11;233212;A;C;0.1216730028390884;185
100..300;11;250877;T;C;0.1000000014901161;100
100..300;11;299471;T;C;0.0434782989323139;200
100..300;11;721570;T;C;0.0756302997469902;160
100..300;11;801092;A;G;0.0890208035707473;225
100..300;11;830044;A;G;0.0776699036359787;125
100..300;11;830120;G;A;0.0727273002266883;100
100..300;11;830601;TGGTC;T;0.0728155001997947;275
100..300;11;870446;A;G;0.0683453008532524;175
100..300;11;900929;G;C;0.0853080973029136;140
100..300;11;1051657;A;AC;0.0772058963775634;195
100..300;11;1102586;T;C;0.1709090024232864;180
100..300;11;1104729;A;G;0.2115380018949508;100
100..300;11;1161529;T;G;0.0530726015567779;230
100..300;11;1163029;G;C;0.0666666999459266;190
100..300;11;1174639;G;C;0.1185569986701011;140
100..300;11;1176525;A;G;0.0911765024065971;225
100..300;11;1176540;T;C;0.0760869979858398;240
100..300;11;1176552;T;C;0.0689655020833015;240
100..300;11;1176567;T;C;0.0597403012216091;245
100..300;11;1176633;T;C;0.0769231021404266;195
100..300;11;1176982;T;C;0.0858208984136581;175
100..300;11;1177269;C;T;0.0821529999375343;240
100..300;11;1177356;C;T;0.1114749982953071;220
100..300;11;1179112;T;C;0.0463215000927448;230
100..300;11;1181383;C;T;0.0722021982073783;175
100..300;11;1182279;G;A;0.0898875966668129;245
100..300;11;1182438;C;T;0.2346370071172714;255
100..300;11;1194354;G;A;0.1375000029802322;115
100..300;11;1194472;G;A;0.1173710003495216;160
100..300;11;1195858;C;T;0.1476790010929107;165
100..300;11;1196002;C;T;0.1731449961662292;185
100..300;11;1196902;A;G;0.1612900048494339;165
100..300;11;1197482;T;C;0.0983607023954391;195
100..300;11;1197925;G;C;0.079847902059555;170
100..300;11;1198945;T;C;0.0603247992694377;280
100..300;11;1225711;G;A;0.0729167014360427;255
100..300;11;1227730;A;G;0.1174380034208297;185
100..300;11;1241677;C;T;0.0731706991791725;295
100..300;11;1242293;A;G;0.0812183022499084;280
100..300;11;1486565;A;G;0.1055559962987899;125
100..300;11;1836532;T;C;0.0751634016633033;200
100..300;11;2166625;C;G;0.0463918000459671;115
100..300;11;2167008;T;C;0.0537189990282058;160
100..300;11;2411622;T;C;0.0888888984918594;195
100..300;11;2420373;A;G;0.0975610017776489;200
100..300;11;2561911;G;A;0.1784230023622512;160
100..300;11;2631427;G;T;0.1836729943752288;100
100..300;11;2633443;A;G;0.2316379994153976;120
100..300;11;2662187;T;C;0.1194029971957206;185
100..300;11;2667296;A;G;0.2040819972753524;100
100..300;11;2669063;C;A;0.2380950003862381;130
100..300;11;2670270;A;G;0.1304350048303604;120
100..300;11;2671669;C;CA;0.095238097012043;155
100..300;11;2673376;A;C;0.0763358995318412;185
100..300;11;2673812;T;C;0.1622810065746307;165
100..300;11;2677404;C;T;0.1116499975323677;150
100..300;11;2678630;G;A;0.126581996679306;105
100..300;11;2684113;T;A;0.1290320008993148;135
100..300;11;2687789;G;A;0.1208330020308494;165
100..300;11;2689008;C;G;0.0757576003670692;185
100..300;11;2694225;A;G;0.112245000898838;135
100..300;11;2695821;T;A;0.0980392023921012;170
100..300;11;2696450;T;C;0.1502889990806579;120
100..300;11;2698444;A;AC;0.0852273032069206;130
100..300;11;2847958;T;C;0.0634517967700958;275
100..300;11;2929328;G;A;0.1095890030264854;185
100..300;11;3002069;G;C;0.0736195966601371;210
100..300;11;3101587;G;A;0.1111110001802444;160
100..300;11;3228599;A;G;0.1015380024909973;235
100..300;11;3371581;A;G;0.1307190060615539;100
100..300;11;3403658;A;G;0.0912161991000175;190
100..300;11;3414815;T;C;0.1072800010442733;180
100..300;11;3414865;A;G;0.0885417014360427;250
100..300;11;3414981;A;G;0.0776256024837493;290
100..300;11;3415162;A;G;0.0919220000505447;250
100..300;11;3415235;T;A;0.0760625973343849;290
100..300;11;3415262;G;A;0.1622910052537918;265
100..300;11;3418199;G;C;0.1148940026760101;145
100..300;11;3418225;C;A;0.1056339964270591;170
100..300;11;3418249;A;G;0.1044299975037574;175
100..300;11;3638763;T;G;0.0847953036427497;230
100..300;11;4211488;T;C;0.1214289963245391;105
100..300;11;4211663;C;T;0.0855614989995956;135
100..300;11;4475383;A;C;0.2331839948892593;160
100..300;11;4475616;T;C;0.2105260044336319;115
100..300;11;4475686;T;C;0.2800000011920929;100
100..300;11;4640055;G;A;0.096491202712059;235
100..300;11;4653345;A;G;0.0909091010689735;165
100..300;11;4988319;C;A;0.1145830005407333;125
100..300;11;5199902;A;G;0.0774907991290092;175
100..300;11;5323362;C;A;0.2026139944791793;110
100..300;11;5343512;T;C;0.1698109954595565;105
100..300;11;5453940;C;G;0.1034480035305023;200
100..300;11;5454276;A;G;0.122529998421669;165
100..300;11;5571518;C;T;0.175925999879837;230
100..300;11;5571579;T;C;0.1900579929351806;245
100..300;11;5571969;A;G;0.2588239908218384;225
100..300;11;5571977;A;G;0.2668710052967071;220
100..300;11;5572080;G;A;0.2266670018434524;155
100..300;11;5581208;A;T;0.1244020015001297;290
100..300;11;5581385;G;A;0.1656980067491531;245
100..300;11;5581449;C;T;0.1486880034208297;230
100..300;11;5581560;G;A;0.1713400036096573;230
100..300;11;5581698;C;G;0.1804729998111724;240
100..300;11;5581738;A;G;0.1976400017738342;225
100..300;11;5698558;G;A;0.0939596965909004;105
100..300;11;5737156;T;C;0.1129710003733635;170
100..300;11;5755365;G;T;0.1254359930753708;200
100..300;11;5788581;T;G;0.1006940007209777;205
100..300;11;5788760;A;G;0.1160710006952285;150
100..300;11;6026826;C;T;0.0955881997942924;185
100..300;11;6045978;A;C;0.1481480002403259;135
100..300;11;6108607;T;C;0.220550999045372;260
100..300;11;6217909;G;A;0.111905001103878;280
100..300;11;6241485;A;G;0.0833332985639572;205
100..300;11;6392136;T;C;0.0835578963160514;255
100..300;11;6403380;C;T;0.0620914995670318;210
100..300;11;6509048;T;C;0.0798121988773346;150
100..300;11;6511289;T;C;0.0862943977117538;135
100..300;11;6533711;A;C;0.0790513977408409;170
100..300;11;6540040;G;A;0.0973450988531112;150
100..300;11;6563777;A;G;0.0683761015534401;160
100..300;11;6603387;C;T;0.0654762014746666;110
100..300;11;6609785;T;C;0.1319150030612945;170
100..300;11;6611219;T;C;0.0746887996792793;165
100..300;11;6617154;T;C;0.082251101732254;160
100..300;11;6622745;T;C;0.0913978964090347;265
100..300;11;6623369;T;C;0.0759494006633758;275
100..300;11;6623570;C;A;0.0912161991000175;215
100..300;11;6768698;A;C;0.2109829932451248;245
100..300;11;6785265;C;T;0.1948879957199096;210
100..300;11;6785596;T;G;0.2214290052652359;190
100..300;11;6785932;G;C;0.226743996143341;235
100..300;11;6870154;A;G;0.1969700008630752;265
100..300;11;6877264;C;T;0.2307689934968948;160
100..300;11;7314193;G;C;0.0864865034818649;125
100..300;11;7635578;A;G;0.1033060029149055;155
100..300;11;7639816;T;TCTC;0.0913461968302726;150
100..300;11;7706325;C;T;0.0820512995123863;130
100..300;11;8100544;T;C;0.0962198972702026;185
100..300;11;8110754;T;C;0.092050202190876;165
100..300;11;8128206;G;T;0.095238097012043;160
100..300;11;8138310;T;C;0.095238097012043;160
100..300;11;8413530;T;C;0.0736842006444931;130
100..300;11;8413531;C;A;0.078125;135
100..300;11;8625123;G;T;0.1018180027604103;190
100..300;11;8625216;C;G;0.0923912972211837;130
100..300;11;8685686;T;C;0.0825688019394874;145
100..300;11;8702732;C;CGAT;0.1218490004539489;165
100..300;11;8917387;T;C;0.0783289968967437;250
100..300;11;8921395;T;C;0.1035420000553131;240
100..300;11;8925632;A;G;0.0555556006729602;245
100..300;11;8937823;A;G;0.0769231021404266;245
100..300;11;9094677;T;G;0.1814160048961639;165
100..300;11;9094811;A;G;0.0833332985639572;190
100..300;11;9998332;A;G;0.0936454981565475;205
100..300;11;10534039;G;C;0.106122002005577;160
100..300;11;10559810;T;C;0.0808081030845642;130
100..300;11;10560693;G;A;0.0928269997239112;155
100..300;11;10626155;A;G;0.1839759945869445;240
100..300;11;10764628;T;C;0.1417620033025741;165
100..300;11;11956026;C;T;0.1097560003399849;110
100..300;11;12162299;T;C;0.0835578963160514;245
100..300;11;12204399;G;T;0.2507120072841644;225
100..300;11;12208108;G;T;0.0719178020954132;180
100..300;11;12239460;C;T;0.0853658989071846;165
100..300;11;12243995;G;A;0.1000000014901161;125
100..300;11;13009741;T;C;0.0632911026477813;105
100..300;11;13010299;A;G;0.0753012001514434;230
100..300;11;13010508;A;C;0.1183430030941963;115
100..300;11;13356910;T;C;0.070270299911499;140
100..300;11;13610563;C;T;0.0604026988148689;100
100..300;11;13757367;A;C;0.0723683983087539;105
100..300;11;16484260;C;T;0.1072319969534874;265
100..300;11;16484385;A;G;0.0914634019136428;225
100..300;11;16484573;T;C;0.1057690009474754;145
100..300;11;17097140;C;T;0.122137002646923;175
100..300;11;17428382;T;C;0.0762943029403686;250
100..300;11;17430945;A;G;0.1935479938983917;140
100..300;11;17531558;A;G;0.2119569927453994;125
100..300;11;17645892;C;G;0.0887371972203254;205
100..300;11;18137446;C;T;0.0895140990614891;280
100..300;11;18189267;A;G;0.0757945999503135;275
100..300;11;18189268;A;C;0.0765431970357894;275
100..300;11;18189302;T;C;0.0779943987727165;250
100..300;11;18197131;A;G;0.0648147985339164;150
100..300;11;18197166;CT;C;0.0845070034265518;200
100..300;11;18209742;A;C;0.1716739982366562;165
100..300;11;18231557;T;C;0.0974930003285408;240
100..300;11;18283786;C;T;0.0555556006729602;105
100..300;11;18465758;G;C;0.0538921989500522;210
100..300;11;18609980;C;T;0.0904761999845504;155
100..300;11;18610142;T;C;0.0964467003941536;135
100..300;11;18729494;T;C;0.0902526974678039;175
100..300;11;18742479;C;G;0.2727270126342773;185
100..300;11;19880086;A;G;0.0872727036476135;190
100..300;11;21613736;G;C;0.2781459987163543;100
100..300;11;21613749;G;T;0.2929939925670624;100
100..300;11;22859456;T;C;0.1534090042114257;115
100..300;11;23404344;C;A;0.127358004450798;150
100..300;11;23404921;T;A;0.0619834996759891;160
100..300;11;23405684;C;T;0.0826772004365921;180
100..300;11;26565254;A;G;0.3526009917259216;115
100..300;11;26565443;C;T;0.1597629934549331;125
100..300;11;26565586;C;T;0.3430230021476745;125
100..300;11;27093241;T;C;0.1675679981708526;120
100..300;11;27125723;A;G;0.1178449988365173;190
100..300;11;27368134;T;C;0.1515150070190429;165
100..300;11;27699390;T;C;0.100890003144741;220
100..300;11;27773991;C;T;0.0710382983088493;115
100..300;11;29725946;G;A;0.1170729994773864;135
100..300;11;29726250;T;C;0.0843881964683532;155
100..300;11;30233638;T;C;0.0520000010728836;165
100..300;11;31793331;A;G;0.0766282975673675;180
100..300;11;32683530;T;C;0.1151830032467842;115
100..300;11;33031561;T;C;0.0950225964188575;145
100..300;11;33043848;T;C;0.0820896029472351;185
100..300;11;33057899;T;G;0.0866667032241821;105
100..300;11;33058950;C;T;0.1006290018558502;105
100..300;11;33076282;A;G;0.0905172005295753;165
100..300;11;33542577;C;T;0.122078001499176;260
100..300;11;33559760;A;G;0.1151520013809204;115
100..300;11;33583414;T;C;0.0987123996019363;155
100..300;11;33618558;C;A;0.0778687968850135;160
100..300;11;33645787;G;A;0.1011240035295486;180
100..300;11;33668106;A;G;0.0810810998082161;200
100..300;11;34461361;T;C;0.1033060029149055;150
100..300;11;35032270;T;A;0.1595740020275116;125
100..300;11;35204608;G;A;0.104762002825737;135
100..300;11;35221360;A;G;0.0495049990713596;130
100..300;11;35470838;T;C;0.0730336979031562;120
100..300;11;36574050;G;A;0.1361110061407089;240
100..300;11;43523281;C;A;0.1395349949598312;120
100..300;11;44067802;A;G;0.0946372002363205;205
100..300;11;44130027;A;T;0.1052630022168159;125
100..300;11;44275396;T;C;0.0996564030647277;190
100..300;11;44309959;G;C;0.0865672007203102;215
100..300;11;44618718;G;A;0.0614525005221366;240
100..300;11;45903402;T;C;0.0805687010288238;130
100..300;11;46784521;A;G;0.119047999382019;165
100..300;11;46894628;G;T;0.1029409989714622;185
100..300;11;47448803;T;C;0.0599999986588954;175
100..300;11;48144715;C;G;0.190871000289917;155
100..300;11;48264682;G;A;0.0737326964735984;135
100..300;11;48264704;T;C;0.1641789972782135;130
100..300;11;48365634;G;A;0.2751320004463196;130
100..300;11;48991502;T;C;0.2673270106315613;205
100..300;11;49057298;T;C;0.0764330998063087;205
100..300;11;49059064;C;T;0.2006469964981079;205
100..300;11;49186746;G;A;0.1161829978227615;135
100..300;11;55367959;T;C;0.1333329975605011;185
100..300;11;55554735;G;A;0.1201409995555877;215
100..300;11;55555342;T;G;0.0755814015865325;115
100..300;11;55572176;T;C;0.0689655020833015;170
100..300;11;55572322;T;C;0.1056339964270591;210
100..300;11;55811464;A;G;0.1203320026397705;155
100..300;11;55820438;G;A;0.1359769999980926;235
100..300;11;55838826;T;G;0.0966543033719062;185
100..300;11;55839342;T;C;0.1180329993367195;225
100..300;11;55885487;G;A;0.1212119981646537;110
100..300;11;55885688;A;G;0.1369860023260116;150
100..300;11;56105668;C;T;0.095238097012043;210
100..300;11;56232590;A;G;0.1615850031375885;225
100..300;11;56276128;G;A;0.0997679978609085;280
100..300;11;56290721;A;G;0.1232229992747306;295
100..300;11;56346099;G;A;0.1230159997940063;170
100..300;11;56346117;A;C;0.125448003411293;185
100..300;11;56417412;A;G;0.1103200018405914;190
100..300;11;56543021;T;C;0.097222201526165;155
100..300;11;56664358;G;A;0.1246009990572929;210
100..300;11;56740556;A;G;0.1462260037660598;150
100..300;11;56820024;C;CA;0.2380950003862381;200
100..300;11;56989546;A;G;0.1201549991965293;170
100..300;11;57018744;T;C;0.1946309953927993;105
100..300;11;57236870;T;G;0.0934844017028808;230
100..300;11;57545996;G;C;0.0483870990574359;200
100..300;11;57576551;T;G;0.1022730022668838;235
100..300;11;58179792;G;C;0.094117596745491;235
100..300;11;58191303;T;C;0.096296302974224;180
100..300;11;58203723;A;G;0.1470589935779571;250
100..300;11;58203729;A;G;0.140401005744934;255
100..300;11;58215112;C;T;0.1266490072011947;260
100..300;11;58215148;G;A;0.1243389993906021;260
100..300;11;58215254;T;G;0.085333302617073;250
100..300;11;58215424;T;G;0.1054050028324127;250
100..300;11;58215722;G;A;0.1210760027170181;135
100..300;11;58267071;T;C;0.0990099012851715;205
100..300;11;58292610;G;A;0.1017960011959075;115
100..300;11;58358832;T;A;0.1263159960508346;135
100..300;11;58724448;T;A;0.1604280024766922;120
100..300;11;58834836;T;C;0.125;100
100..300;11;59457292;C;A;0.1048389971256256;260
100..300;11;59492373;T;C;0.1000000014901161;220
100..300;11;59855960;A;G;0.1115240007638931;175
100..300;11;59878866;C;T;0.1034480035305023;115
100..300;11;60046700;A;G;0.1016039997339248;120
100..300;11;60069624;T;C;0.0980392023921012;125
100..300;11;60763791;G;A;0.1013989970088005;190
100..300;11;60842583;C;G;0.0892857015132904;275
100..300;11;61343874;G;C;0.1229510009288787;160
100..300;11;61720218;A;G;0.1035709977149963;175
100..300;11;61771548;G;C;0.0920244976878166;225
100..300;11;61962564;A;G;0.1210649982094764;295
100..300;11;62169472;T;C;0.1794870048761367;265
100..300;11;62296397;T;C;0.0936330035328865;180
100..300;11;62331301;A;G;0.0742357969284057;160
100..300;11;62331471;TGAC;T;0.1239669993519783;105
100..300;11;62567436;C;G;0.0372092984616756;135
100..300;11;62598147;G;A;0.1004019975662231;160
100..300;11;62611188;A;G;0.0710382983088493;240
100..300;11;62611329;C;T;0.1055160015821456;285
100..300;11;62614336;C;G;0.0919881016016006;225
100..300;11;62666426;A;G;0.0782608985900878;165
100..300;11;62666701;A;G;0.0810056030750274;260
100..300;11;62885307;T;C;0.0858085975050926;195
100..300;11;62909748;A;G;0.1295550018548965;170
100..300;11;62909880;A;G;0.0669144988059997;195
100..300;11;62910834;T;G;0.1044389978051185;280
100..300;11;62984439;A;C;0.1041669994592666;165
100..300;11;62984710;C;T;0.0769231021404266;100
100..300;11;63014974;T;C;0.1134020015597343;145
100..300;11;63143785;A;C;0.1179250031709671;150
100..300;11;63290453;A;G;0.1188810020685195;195
100..300;11;63297351;C;T;0.1192310005426406;170
100..300;11;63304838;T;C;0.1059909984469413;145
100..300;11;64117815;T;C;0.1210369989275932;240
100..300;11;64200298;G;C;0.1270720064640045;120
100..300;11;64210595;G;C;0.0878048986196518;150
100..300;11;64219241;A;C;0.0617978014051914;115
100..300;11;64219867;T;C;0.0936708971858024;280
100..300;11;64255798;T;C;0.0958904027938842;185
100..300;11;64259167;A;G;0.0714285969734191;285
100..300;11;64271703;A;G;0.0780856013298034;255
100..300;11;64728885;T;G;0.0905923023819923;190
100..300;11;64735891;A;G;0.060377400368452;175
100..300;11;64751590;C;T;0.0778210014104843;175
100..300;11;64792426;C;T;0.0888888984918594;185
100..300;11;65021722;C;T;0.1981569975614547;150
100..300;11;65089011;A;G;0.0840336009860038;160
100..300;11;65204815;C;G;0.0662982985377311;230
100..300;11;65214382;T;G;0.2146340012550354;135
100..300;11;65236838;T;C;0.0507462993264198;225
100..300;11;65396886;T;C;0.078947402536869;185
100..300;11;65411339;T;C;0.1227269992232322;140
100..300;11;65552241;A;G;0.0996441021561622;200
100..300;11;65571473;G;T;0.0909091010689735;215
100..300;11;65583603;A;G;0.0773067027330398;280
100..300;11;65617256;T;C;0.0395256988704204;175
100..300;11;65619052;A;G;0.0833332985639572;110
100..300;11;65636180;A;C;0.0896551981568336;205
100..300;11;65641466;T;C;0.0778589025139808;270
100..300;11;65728100;T;C;0.1101320013403892;155
100..300;11;65779862;A;G;0.095238097012043;270
100..300;11;65779984;A;C;0.0856164023280143;185
100..300;11;66025983;T;C;0.0874036028981208;265
100..300;11;66026326;A;G;0.070739597082138;210
100..300;11;66059233;A;G;0.0796914994716644;260
100..300;11;66061986;A;G;0.0916031002998352;175
100..300;11;66316311;A;G;0.2390110045671463;265
100..300;11;66341562;C;T;0.189872995018959;160
100..300;11;66438698;T;C;0.0404624007642269;110
100..300;11;66510683;C;T;0.079452097415924;235
100..300;11;66558013;C;T;0.0946969985961914;200
100..300;11;66714162;A;G;0.0542168989777565;110
100..300;11;67586108;T;C;0.0585106015205383;125
100..300;11;67647021;T;C;0.1543859988451004;195
100..300;11;67801137;G;T;0.1316870003938675;160
100..300;11;67975047;G;A;0.1746030002832412;115
100..300;11;67995753;A;G;0.105113998055458;225
100..300;11;68022775;T;C;0.1610170006752014;160
100..300;11;68410042;T;C;0.0780142024159431;180
100..300;11;68433827;T;C;0.0930233001708984;120
100..300;11;68938206;A;C;0.0758123025298118;185
100..300;11;69055363;T;C;0.0950570032000541;180
100..300;11;69063896;A;G;0.0916334986686706;165
100..300;11;69083998;T;G;0.0911680981516838;230
100..300;11;69086544;G;A;0.1104969978332519;240
100..300;11;69087895;A;G;0.0722543001174926;225
100..300;11;70167400;T;C;0.1104969978332519;125
100..300;11;70187920;A;G;0.0835509002208709;250
100..300;11;70333566;T;C;0.0652173981070518;115
100..300;11;70339219;T;C;0.1083590015769004;215
100..300;11;70354423;T;C;0.0935252010822296;180
100..300;11;70407283;T;C;0.0604651011526584;140
100..300;11;70407369;T;C;0.0757097974419593;220
100..300;11;72230168;G;A;0.0822622030973434;250
100..300;11;72577555;A;G;0.0969697013497352;220
100..300;11;72577606;T;TG;0.1774190068244934;140
100..300;11;72579585;A;G;0.125;195
100..300;11;72704284;A;G;0.0708333030343055;170
100..300;11;73235263;A;T;0.170305997133255;155
100..300;11;73679727;G;GAA;0.1041669994592666;170
100..300;11;73970045;T;C;0.1133330017328262;195
100..300;11;73970090;A;G;0.080851100385189;160
100..300;11;74074281;C;T;0.1330049932003021;140
100..300;11;74338524;G;A;0.1119690015912056;170
100..300;11;74457366;G;A;0.0953845977783203;210
100..300;11;74859203;C;G;0.0933332964777946;140
100..300;11;77142737;C;T;0.0708333030343055;155
100..300;11;77214596;T;C;0.155250996351242;140
100..300;11;77243743;TA;T;0.1106870025396347;165
100..300;11;77243767;C;T;0.1012659966945648;195
100..300;11;77243788;A;G;0.1058819964528083;210
100..300;11;77701601;A;G;0.1150159984827041;235
100..300;11;78079609;C;G;0.1060609966516494;220
100..300;11;78114274;C;T;0.1293530017137527;135
100..300;11;78726137;A;G;0.1063830032944679;180
100..300;11;78854269;G;C;0.0679612010717392;210
100..300;11;82689586;G;A;0.1027190014719963;145
100..300;11;82824921;T;C;0.1240309998393058;100
100..300;11;82853252;G;T;0.1165639981627464;105
100..300;11;82914772;A;G;0.097938098013401;135
100..300;11;83166001;A;G;0.1602209955453872;135
100..300;11;83285943;C;A;0.0751174017786979;150
100..300;11;85916065;C;T;0.1069179996848106;105
100..300;11;85919368;T;C;0.099567100405693;155
100..300;11;86412514;G;A;0.0788644030690193;205
100..300;11;86556591;T;C;0.1086959987878799;150
100..300;11;86556672;A;C;0.0735293999314308;135
100..300;11;86622392;T;A;0.1502590030431747;140
100..300;11;88175178;G;C;0.2194090038537979;170
100..300;11;90135587;A;G;0.1078429967164993;135
100..300;11;90282710;G;A;0.1111110001802444;270
100..300;11;92353828;T;C;0.1295550018548965;180
100..300;11;92355011;T;C;0.102472998201847;210
100..300;11;92890711;A;G;0.1647509932518005;180
100..300;11;92969796;A;G;0.0909091010689735;135
100..300;11;93352371;G;T;0.0723683983087539;105
100..300;11;93396317;C;G;0.127358004450798;130
100..300;11;93396318;G;A;0.1279619932174682;130
100..300;11;93667630;T;C;0.0897435992956161;100
100..300;11;93726994;C;A;0.1575759947299957;115
100..300;11;94528089;G;C;0.0714285969734191;100
100..300;11;94587071;C;T;0.0773195996880531;145
100..300;11;94589186;T;A;0.1220929995179176;115
100..300;11;94589187;A;G;0.1220929995179176;115
100..300;11;94593599;C;G;0.0903955027461052;110
100..300;11;94800207;T;C;0.0838709995150566;200
100..300;11;95795550;T;C;0.0733333006501197;100
100..300;11;95831095;G;A;0.1206900030374527;120
100..300;11;95847762;A;G;0.073913000524044;145
100..300;11;95923947;G;T;0.0674156993627548;170
100..300;11;100337424;G;C;0.078125;145
100..300;11;100976338;A;G;0.0927151963114738;105
100..300;11;100992365;G;A;0.1545889973640442;140
100..300;11;100992623;A;C;0.1302520036697387;160
100..300;11;101128522;C;T;0.064981997013092;190
100..300;11;101476362;G;A;0.1396400034427642;155
100..300;11;101489019;A;G;0.0760456025600433;170
100..300;11;101915283;A;G;0.0833332985639572;165
100..300;11;102527862;T;C;0.1166080012917518;195
100..300;11;102695089;A;C;0.2049690037965774;105
100..300;11;102722517;C;T;0.0750000029802322;130
100..300;11;102779223;G;A;0.0966183990240097;135
100..300;11;104037228;A;G;0.0813253000378608;225
100..300;11;108173261;T;C;0.1055559962987899;130
100..300;11;108173364;A;T;0.0805369019508361;110
100..300;11;108222481;T;A;0.076595701277256;160
100..300;11;108304735;A;G;0.0837209001183509;140
100..300;11;108509585;C;T;0.1360000073909759;175
100..300;11;108675741;G;A;0.1284399926662445;140
100..300;11;110773809;C;T;0.2303919941186905;130
100..300;11;110788295;G;A;0.2034479975700378;205
100..300;11;111911560;T;C;0.0524016991257667;165
100..300;11;111913505;T;C;0.0848485007882118;225
100..300;11;111926180;G;A;0.1021279990673065;165
100..300;11;113323446;C;A;0.0874316990375518;120
100..300;11;113396099;A;G;0.080851100385189;150
100..300;11;113399293;C;G;0.1002949997782707;245
100..300;11;113400106;A;G;0.1511629968881607;180
100..300;11;113411573;G;T;0.1148940026760101;145
100..300;11;113789854;G;A;0.1558440029621124;150
100..300;11;113979284;C;A;0.0692521035671234;240
100..300;11;113989703;G;A;0.0795847997069358;195
100..300;11;115214747;C;A;0.0891088992357254;130
100..300;11;116820918;A;C;0.0880196020007133;265
100..300;11;117195974;C;T;0.0686694979667663;160
100..300;11;117395596;G;C;0.1848479956388473;215
100..300;11;117439273;T;C;0.1034480035305023;135
100..300;11;117439306;G;A;0.1119690015912056;165
100..300;11;117465006;C;T;0.197842001914978;185
100..300;11;117776781;T;C;0.0522876009345054;105
100..300;11;117903431;G;C;0.0830039978027343;170
100..300;11;117993348;G;A;0.1159420013427734;225
100..300;11;117993398;A;G;0.0855019018054008;175
100..300;11;117994131;G;A;0.0634920969605445;155
100..300;11;118015738;T;C;0.1106380000710487;160
100..300;11;118167098;T;G;0.1111110001802444;125
100..300;11;118264079;AGCCC;A;0.1717790067195892;110
100..300;11;118339245;C;A;0.1545889973640442;135
100..300;11;118534353;G;A;0.1100480034947395;155
100..300;11;118534590;A;G;0.117646999657154;160
100..300;11;118535613;C;CAGTGTGGA;0.0821255967020988;135
100..300;11;118559804;T;C;0.1020409986376762;160
100..300;11;118600708;C;T;0.1046509966254234;110
100..300;11;118601639;A;C;0.1173470020294189;130
100..300;11;119092106;A;C;0.171875;135
100..300;11;119314967;C;T;0.1013699993491172;235
100..300;11;119335120;G;A;0.0726073011755943;210
100..300;11;119345794;T;C;0.1107690036296844;215
100..300;11;120458149;C;T;0.1115880012512207;150
100..300;11;120485082;T;G;0.0537634007632732;115
100..300;11;121157872;G;C;0.1298079937696457;140
100..300;11;121362877;C;G;0.1331270039081573;205
100..300;11;122614323;A;G;0.0909091010689735;220
100..300;11;122809891;T;C;0.1258739978075027;105
100..300;11;122867553;G;A;0.2617450058460235;100
100..300;11;123458932;G;A;0.1436460018157959;130
100..300;11;123460054;A;G;0.0503145009279251;115
100..300;11;123491882;A;T;0.1017960011959075;105
100..300;11;123906791;T;C;0.2449800074100494;170
100..300;11;123907029;C;T;0.2737640142440796;185
100..300;11;123943116;A;G;0.1686390042304992;230
100..300;11;123943233;C;G;0.198171004652977;230
100..300;11;123943782;G;A;0.2236839979887008;155
100..300;11;123976685;C;G;0.2705880105495453;120
100..300;11;123994598;A;G;0.2194360047578811;230
100..300;11;124009874;C;T;0.1497579962015152;140
100..300;11;124023527;G;A;0.1716739982366562;290
100..300;11;124023695;G;A;0.1771769970655441;235
100..300;11;124038366;G;C;0.1678490042686462;245
100..300;11;124038465;A;G;0.1425119936466217;225
100..300;11;124038943;G;C;0.1882349997758865;150
100..300;11;124038946;T;G;0.1820809990167617;155
100..300;11;124038949;A;G;0.1802330017089843;155
100..300;11;124137193;T;C;0.1164380013942718;190
100..300;11;124516843;C;T;0.0994763970375061;125
100..300;11;124516869;G;C;0.1060609966516494;130
100..300;11;124625017;C;T;0.1067420020699501;115
100..300;11;124872469;A;G;0.1564889997243881;170
100..300;11;124896307;T;C;0.0906148999929428;205
100..300;11;124897229;A;G;0.0735786035656929;195
100..300;11;124897790;T;G;0.0777202025055885;125
100..300;11;125582418;G;A;0.1111110001802444;130
100..300;11;125609468;A;G;0.0893471017479896;190
100..300;11;125609601;T;C;0.1147539988160133;125
100..300;11;125747715;G;A;0.1588239967823028;110
100..300;11;125899459;C;T;0.092465803027153;195
100..300;11;126021267;G;A;0.1521739959716797;100
100..300;11;126521402;G;T;0.2165610045194625;205
100..300;11;129442765;T;C;0.125448003411293;180
100..300;11;129876812;T;G;0.0750669986009597;240
100..300;11;129884050;A;G;0.0689655020833015;190
100..300;11;129884773;C;T;0.0901288017630577;150
100..300;11;130032863;C;T;0.0799999982118606;110
100..300;11;130032984;C;G;0.0935252010822296;185
100..300;11;130120692;G;A;0.1268289983272552;135
100..300;11;130427853;C;G;0.0333333015441894;125
100..300;11;130672987;T;C;0.1370559930801391;125
100..300;11;130880747;C;A;0.1052630022168159;175
100..300;11;130906629;C;T;0.0507614016532897;130
100..300;11;130906718;G;A;0.088669903576374;130
100..300;11;130907991;A;G;0.1073829978704452;190
100..300;11;130910120;T;C;0.0780142024159431;185
100..300;11;130911780;T;C;0.0913978964090347;130
100..300;11;130914501;A;G;0.0754716992378234;215
100..300;11;130914593;G;A;0.1577289998531341;210
100..300;11;130914721;C;T;0.1383650004863739;215
100..300;11;130914752;C;G;0.0983050987124443;205
100..300;11;130914799;T;C;0.0769231021404266;185
100..300;11;130914812;T;C;0.0843373015522956;170
100..300;11;130914859;G;C;0.0912697985768318;180
100..300;11;130915310;A;G;0.1159420013427734;200
100..300;11;130915409;C;T;0.0830325037240982;200
100..300;11;131180999;C;G;0.1101690009236335;155
100..300;11;131661106;C;T;0.2179490029811859;110
100..300;11;132034967;T;A;0.0523810014128685;145
100..300;11;133625661;C;G;0.0886076018214225;160
100..300;11;133909136;A;G;0.0664739981293678;230
100..300;11;134168023;T;C;0.0916334986686706;170
100..300;11;134332142;T;C;0.0753967985510826;145
100..300;11;134374737;C;T;0.0727273002266883;120
100..300;12;139036;G;C;0.1340209990739822;125
100..300;12;202783;G;A;0.2080540060997009;185
100..300;12;438517;C;T;0.071823202073574;125
100..300;12;548238;A;G;0.1014489978551864;230
100..300;12;553672;C;T;0.0714285969734191;250
100..300;12;557777;G;A;0.052631601691246;110
100..300;12;879728;A;G;0.0767045021057128;245
100..300;12;881746;C;A;0.1882349997758865;170
100..300;12;883063;T;C;0.1157020032405853;150
100..300;12;889199;T;G;0.2256640046834945;150
100..300;12;929812;CT;C;0.1056509986519813;275
100..300;12;1593746;T;C;0.09375;235
100..300;12;1831348;A;G;0.0901857018470764;255
100..300;12;2504904;T;G;0.0616739988327026;155
100..300;12;2585472;T;C;0.0857143029570579;175
100..300;12;2782270;A;T;0.1142859980463981;125
100..300;12;2834758;A;G;0.0919810980558395;275
100..300;12;3640708;C;T;0.1521739959716797;115
100..300;12;3673481;T;A;0.1029900014400482;205
100..300;12;3673535;T;C;0.066006600856781;195
100..300;12;3840332;A;T;0.1095890030264854;260
100..300;12;3841016;T;G;0.0896551981568336;195
100..300;12;3841018;T;C;0.0896551981568336;195
100..300;12;3841956;C;G;0.0692308023571968;180
100..300;12;3842028;T;C;0.0996564030647277;205
100..300;12;3842143;G;A;0.0993150994181633;200
100..300;12;4097647;C;T;0.1416669934988021;175
100..300;12;4444166;G;A;0.0539215989410877;130
100..300;12;4444217;G;A;0.0707070976495742;120
100..300;12;4627876;A;G;0.1800000071525573;145
100..300;12;4810101;G;A;0.0576271004974842;215
100..300;12;5044528;T;C;0.082742303609848;280
100..300;12;5732567;C;A;0.0954063981771469;180
100..300;12;5967474;G;A;0.1199999973177909;135
100..300;12;5981834;G;A;0.1747210025787353;180
100..300;12;5985618;C;T;0.138727992773056;225
100..300;12;5985679;A;G;0.2196969985961914;170
100..300;12;6029429;T;C;0.0970148965716362;175
100..300;12;6330843;C;T;0.0722433030605316;185
100..300;12;6341779;C;T;0.1009169965982437;140
100..300;12;6451407;T;G;0.0465116016566753;235
100..300;12;6453119;T;C;0.0675240978598594;215
100..300;12;6453127;T;C;0.0648147985339164;220
100..300;12;6453587;G;A;0.1675979942083358;235
100..300;12;6453644;G;A;0.1483680009841919;220
100..300;12;6453657;T;C;0.074193499982357;210
100..300;12;6453670;A;G;0.0756013989448547;195
100..300;12;6465878;T;G;0.1705069988965988;140
100..300;12;6530815;G;C;0.0540541000664234;165
100..300;12;6537154;C;T;0.1106560006737709;170
100..300;12;6537943;C;T;0.1038059964776039;200
100..300;12;6601981;A;C;0.0722891986370086;245
100..300;12;6831328;A;G;0.0702875033020973;200
100..300;12;6937980;A;C;0.0855856016278266;140
100..300;12;6944745;T;C;0.0697674006223678;240
100..300;12;7124640;A;T;0.1020409986376762;125
100..300;12;8044828;G;C;0.096296302974224;190
100..300;12;8234282;T;C;0.1496600061655044;295
100..300;12;8235753;G;A;0.202796995639801;165
100..300;12;8834689;A;G;0.1020409986376762;135
100..300;12;9833319;T;G;0.0847458019852638;115
100..300;12;10112395;C;G;0.115385003387928;145
100..300;12;10160476;C;T;0.1692309975624084;135
100..300;12;10702026;A;G;0.1717170029878616;190
100..300;12;10806432;T;C;0.1245549991726875;200
100..300;12;10809516;G;A;0.112636998295784;250
100..300;12;10986336;C;T;0.1491529941558838;215
100..300;12;11186008;A;G;0.0853658989071846;115
100..300;12;11186175;C;A;0.1259839981794357;180
100..300;12;11186377;T;C;0.1144279986619949;145
100..300;12;11870089;G;C;0.2132869958877563;215
100..300;12;11870839;A;C;0.1877730041742324;160
100..300;12;11870909;A;C;0.0991379022598266;165
100..300;12;11871007;T;C;0.1915709972381591;190
100..300;12;11872176;G;A;0.104712001979351;145
100..300;12;11875208;C;A;0.0696202963590622;105
100..300;12;11875223;T;G;0.1282050013542175;105
100..300;12;11884147;A;G;0.0972644016146659;225
100..300;12;11884244;A;G;0.1142859980463981;200
100..300;12;11884384;G;C;0.1016260012984275;180
100..300;12;12094660;G;A;0.1115880012512207;165
100..300;12;12094682;C;T;0.1028809994459152;170
100..300;12;12477412;A;G;0.0977654010057449;250
100..300;12;12718165;G;T;0.098412699997425;235
100..300;12;12827392;A;T;0.1225489974021911;125
100..300;12;12949671;A;G;0.1097560003399849;235
100..300;12;13213665;T;C;0.1059909984469413;160
100..300;12;13865843;C;G;0.1203320026397705;175
100..300;12;14457265;T;C;0.0888888984918594;135
100..300;12;14806457;C;T;0.1351349949836731;215
100..300;12;14823129;G;A;0.0981307998299598;150
100..300;12;14823244;A;T;0.1095409989356994;190
100..300;12;14823483;C;CTA;0.1191340014338493;195
100..300;12;16272722;T;A;0.1159420013427734;145
100..300;12;16400156;C;T;0.1564629971981048;200
100..300;12;18290875;A;C;0.1146500036120414;110
100..300;12;18496123;T;C;0.1676300019025802;110
100..300;12;18503291;A;G;0.1325969994068145;110
100..300;12;19456569;G;A;0.1863639950752258;155
100..300;12;19456819;G;A;0.1309520006179809;190
100..300;12;19456995;A;G;0.1992750018835067;195
100..300;12;19457018;G;A;0.1768949925899505;190
100..300;12;19457019;C;A;0.1775359958410263;190
100..300;12;19457097;C;T;0.1114979982376098;190
100..300;12;20449893;A;C;0.0981013029813766;215
100..300;12;20875274;C;G;0.1377779990434646;150
100..300;12;24832719;A;G;0.2153110057115554;145
100..300;12;24901957;A;G;0.1728399991989135;225
100..300;12;24997578;C;T;0.0772726982831955;140
100..300;12;25023935;A;G;0.0723683983087539;100
100..300;12;25089661;G;C;0.0945274010300636;135
100..300;12;25146987;A;G;0.1182269975543022;130
100..300;12;25158555;T;G;0.0754716992378234;100
100..300;12;26224299;C;T;0.0812183022499084;125
100..300;12;26495159;T;C;0.2171429991722107;110
100..300;12;26596898;A;G;0.095238097012043;110
100..300;12;26654022;A;G;0.0946969985961914;170
100..300;12;26656479;G;T;0.0379008986055851;220
100..300;12;27082448;A;G;0.1355929970741272;150
100..300;12;27470725;A;T;0.1513759940862655;145
100..300;12;27692876;T;C;0.1166670024394989;120
100..300;12;27920239;A;T;0.1941750049591064;140
100..300;12;30715068;T;C;0.0887574031949043;220
100..300;12;30719244;A;G;0.1315789967775344;120
100..300;12;30726042;C;G;0.1800000071525573;100
100..300;12;30728875;C;T;0.1291390061378479;210
100..300;12;30753424;A;G;0.1099290028214454;175
100..300;12;31981130;G;A;0.0941703990101814;155
100..300;12;31982009;G;A;0.1538459956645965;155
100..300;12;31983004;G;A;0.122137002646923;185
100..300;12;31984578;G;C;0.0995024964213371;140
100..300;12;31985476;G;A;0.1715690046548843;150
100..300;12;32986635;T;C;0.0738006979227066;185
100..300;12;38202865;A;G;0.2442400008440017;145
100..300;12;40251455;A;C;0.0476190000772476;125
100..300;12;40429552;C;G;0.1292520016431808;100
100..300;12;40479224;A;G;0.152985006570816;190
100..300;12;40479853;A;G;0.1186439990997314;215
100..300;12;40479961;A;G;0.1013510003685951;205
100..300;12;40480006;A;C;0.1013989970088005;210
100..300;12;41027840;G;A;0.0877192988991737;115
100..300;12;42324009;T;A;0.0872092992067337;115
100..300;12;42459282;A;C;0.1436460018157959;120
100..300;12;42679110;T;C;0.1213869974017143;120
100..300;12;43375425;C;A;0.0931373015046119;130
100..300;12;43375473;C;T;0.0802138969302177;120
100..300;12;43660428;G;A;0.2391300052404403;130
100..300;12;44875501;T;C;0.0680271983146667;200
100..300;12;45023883;C;T;0.0919540002942085;120
100..300;12;45173199;A;G;0.06944440305233;150
100..300;12;47077656;A;G;0.0846154019236564;185
100..300;12;47235585;T;G;0.0652818977832794;235
100..300;12;47791665;T;C;0.0628931000828743;210
100..300;12;47844974;G;A;0.1952860057353973;205
100..300;12;47879112;G;A;0.1010830029845237;185
100..300;12;47981785;G;A;0.0536585003137588;135
100..300;12;47982508;A;G;0.1305840015411377;190
100..300;12;48133403;T;C;0.1294959932565689;180
100..300;12;48169067;T;C;0.0939849987626075;180
100..300;12;48169205;A;C;0.0984252020716667;180
100..300;12;48184659;T;C;0.0682730972766876;170
100..300;12;48203092;CA;C;0.121127001941204;260
100..300;12;48330001;T;C;0.0817439034581184;250
100..300;12;48486168;G;T;0.1674010008573532;150
100..300;12;48494811;T;C;0.21875;155
100..300;12;48525876;C;T;0.2259739935398101;275
100..300;12;48525877;A;G;0.2251310050487518;270
100..300;12;48526013;T;C;0.1666669994592666;260
100..300;12;48560257;G;A;0.2202800065279007;200
100..300;12;48560442;C;G;0.1859149932861328;240
100..300;12;48682028;G;T;0.0529411993920803;235
100..300;12;48783330;G;T;0.0352941006422042;175
100..300;12;48827839;A;G;0.0709459036588668;200
100..300;12;48862015;C;G;0.0799999982118606;125
100..300;12;49033325;A;G;0.0826445966958999;250
100..300;12;49297274;A;G;0.0647886991500854;250
100..300;12;50073861;T;G;0.0629921033978462;275
100..300;12;50073986;A;G;0.0675676017999649;215
100..300;12;50090230;A;G;0.1088080033659935;125
100..300;12;50109486;T;C;0.0970463976264;155
100..300;12;50350798;T;A;0.1022730022668838;250
100..300;12;50674626;A;G;0.0967741981148719;125
100..300;12;50843019;C;T;0.100671000778675;205
100..300;12;50961020;T;C;0.0830769017338752;210
100..300;12;50999333;T;C;0.0642570033669471;165
100..300;12;51049161;A;G;0.0953845977783203;220
100..300;12;51125004;G;C;0.0966543033719062;190
100..300;12;51913361;T;C;0.0609756000339984;115
100..300;12;52009214;T;C;0.0884353965520858;195
100..300;12;52229200;A;G;0.1090229973196983;175
100..300;12;52229245;C;T;0.0947711989283561;200
100..300;12;52241457;A;G;0.0612245015799999;135
100..300;12;52248733;T;C;0.1000000014901161;150
100..300;12;52385576;A;G;0.0947867035865783;145
100..300;12;52433824;T;C;0.1000000014901161;265
100..300;12;52469307;T;G;0.1080140024423599;210
100..300;12;52488310;G;T;0.0895953997969627;245
100..300;12;52569995;G;A;0.1067420020699501;125
100..300;12;52573333;T;C;0.1261000037193298;230
100..300;12;52573652;A;G;0.0947074964642524;245
100..300;12;52601458;A;G;0.1271679997444152;120
100..300;12;52777217;A;G;0.1147129982709884;275
100..300;12;52808399;G;C;0.1482889950275421;180
100..300;12;52811973;C;T;0.1455399990081787;140
100..300;12;52823917;A;C;0.0848056972026825;185
100..300;12;53058346;G;A;0.0735293999314308;215
100..300;12;53058741;C;T;0.0837209001183509;155
100..300;12;53060409;A;G;0.057575799524784;215
100..300;12;53123768;A;G;0.0804954022169113;215
100..300;12;53315126;G;A;0.1755730062723159;175
100..300;12;53945268;A;C;0.1306309998035431;160
100..300;12;53985894;G;A;0.0720221996307373;240
100..300;12;54517642;T;C;0.1382489949464798;145
100..300;12;54802939;T;C;0.1067619994282722;200
100..300;12;55469614;A;G;0.1184210032224655;105
100..300;12;55575165;A;G;0.1412640064954757;185
100..300;12;55637154;T;C;0.0352564007043838;215
100..300;12;55637489;A;G;0.078125;190
100..300;12;55655138;T;C;0.083941601216793;185
100..300;12;55683815;T;A;0.13714300096035;125
100..300;12;55683956;T;C;0.0735293999314308;235
100..300;12;55688241;C;G;0.119266003370285;225
100..300;12;55723916;G;C;0.0443350002169609;130
100..300;12;55726805;T;C;0.0882352963089943;165
100..300;12;55819513;T;G;0.0777202025055885;130
100..300;12;55958525;A;T;0.0582191981375217;190
100..300;12;56270257;A;G;0.0712073966860771;215
100..300;12;56471554;G;A;0.0792078971862793;195
100..300;12;56686880;C;CAT;0.0581817999482154;180
100..300;12;56712876;T;A;0.1145830005407333;210
100..300;12;56714419;G;A;0.0796020030975341;135
100..300;12;56716008;G;A;0.0955881997942924;285
100..300;12;56716147;T;A;0.0931373015046119;290
100..300;12;56720316;G;A;0.0909091010689735;220
100..300;12;56720523;T;A;0.1165639981627464;225
100..300;12;56739356;G;T;0.079645998775959;150
100..300;12;57243810;A;G;0.0766128972172737;170
100..300;12;57256057;T;C;0.0857143029570579;225
100..300;12;57591421;T;C;0.0629630014300346;180
100..300;12;57621711;A;G;0.0677966028451919;155
100..300;12;57718406;G;A;0.0714285969734191;155
100..300;12;57732451;A;C;0.1319999992847442;155
100..300;12;59779575;T;A;0.1551720052957534;115
100..300;12;61879443;C;G;0.2059929966926574;170
100..300;12;61880351;T;G;0.1751410067081451;130
100..300;12;63150429;G;A;0.1014489978551864;185
100..300;12;63668243;C;A;0.0712250992655754;245
100..300;12;63668272;A;G;0.0648967996239662;235
100..300;12;63668285;C;T;0.0718953981995582;210
100..300;12;63871944;T;C;0.1575340032577514;105
100..300;12;64830394;G;A;0.1036589965224266;110
100..300;12;65120486;C;T;0.1050579994916915;160
100..300;12;66302630;T;C;0.0693878009915351;170
100..300;12;66305115;C;T;0.1037340015172958;160
100..300;12;67658398;T;G;0.0974211990833282;225
100..300;12;68223439;T;C;0.1555559933185577;140
100..300;12;68689025;A;G;0.1079550012946128;115
100..300;12;68690761;G;A;0.1111110001802444;120
100..300;12;68706628;T;C;0.082251101732254;165
100..300;12;68721918;A;G;0.1420120000839233;110
100..300;12;69597953;G;A;0.0469799004495143;105
100..300;12;69957904;A;C;0.1077840030193328;110
100..300;12;70534836;A;G;0.1270720064640045;120
100..300;12;70559497;C;T;0.0724638029932975;225
100..300;12;70590115;C;A;0.0843750014901161;220
100..300;12;70590239;T;C;0.097297303378582;130
100..300;12;70594507;G;A;0.1027399972081184;105
100..300;12;70596274;C;T;0.2102559953927993;135
100..300;12;70920322;T;C;0.2198950052261352;125
100..300;12;74292636;C;T;0.1797749996185302;125
100..300;12;75207663;A;G;0.0590551011264324;160
100..300;12;75298975;T;A;0.1354839950799942;105
100..300;12;75506808;G;A;0.1407770067453384;130
100..300;12;76060186;A;G;0.1735540032386779;150
100..300;12;76600031;G;A;0.0723683983087539;100
100..300;12;77029847;A;G;0.0900473967194557;155
100..300;12;78177134;C;G;0.1324499994516372;105
100..300;12;80588318;G;A;0.1223400011658668;135
100..300;12;88080353;T;C;0.0848708003759384;170
100..300;12;89523260;A;G;0.1376810073852539;205
100..300;12;89635124;C;T;0.1954019963741302;125
100..300;12;92428084;C;CT;0.2209939956665039;130
100..300;12;94521827;C;T;0.0646765977144241;140
100..300;12;95512827;A;C;0.0888888984918594;120
100..300;12;98598064;T;TC;0.0564103014767169;145
100..300;12;99246381;C;G;0.1138209998607635;170
100..300;12;99246650;C;T;0.0786516964435577;195
100..300;12;99655061;A;T;0.1775150001049041;120
100..300;12;100578871;T;A;0.2424239963293075;115
100..300;12;100579381;C;T;0.3105590045452118;115
100..300;12;100579931;T;C;0.2621949911117553;120
100..300;12;100739970;C;A;0.2427179962396621;145
100..300;12;101069040;A;G;0.0947367995977401;130
100..300;12;101126870;CTG;C;0.101063996553421;140
100..300;12;101158297;A;G;0.1314290016889572;115
100..300;12;101166550;A;C;0.1163790002465248;145
100..300;12;101193740;T;C;0.1141979992389679;210
100..300;12;101338877;T;C;0.089361697435379;155
100..300;12;101632148;G;C;0.1445090025663375;115
100..300;12;101675299;G;A;0.124498002231121;165
100..300;12;101685640;A;G;0.0979020968079567;100
100..300;12;101723811;T;C;0.1414629966020584;125
100..300;12;101764985;C;T;0.1035600006580352;225
100..300;12;101830658;T;C;0.0260869991034269;145
100..300;12;101901440;C;T;0.0945274010300636;140
100..300;12;102840474;C;T;0.0920244976878166;105
100..300;12;103706839;T;C;0.0755207985639572;255
100..300;12;103777964;T;C;0.117646999657154;275
100..300;12;104251606;G;C;0.1223020032048225;185
100..300;12;104265317;T;C;0.0986841991543769;215
100..300;12;105039745;A;T;0.1827410012483596;130
100..300;12;105040689;T;C;0.1923079937696457;150
100..300;12;105820515;A;G;0.2709679901599884;100
100..300;12;106015917;T;C;0.0845070034265518;140
100..300;12;106195880;G;C;0.1171550005674362;155
100..300;12;106239791;T;C;0.1311479955911636;225
100..300;12;106978499;T;C;0.0818966031074523;170
100..300;12;107642126;C;T;0.1521739959716797;145
100..300;12;107657629;A;G;0.117646999657154;255
100..300;12;107746255;C;T;0.0354610010981559;100
100..300;12;107756981;A;C;0.0817610025405883;110
100..300;12;108292231;G;C;0.202345997095108;250
100..300;12;108592255;T;C;0.1156719997525215;185
100..300;12;109179923;G;A;0.047393400222063;140
100..300;12;109191652;T;C;0.0944882035255432;165
100..300;12;109199567;C;G;0.1168830022215843;155
100..300;12;109201716;A;G;0.0938967019319534;140
100..300;12;109206811;T;C;0.0923482999205589;240
100..300;12;109233933;A;C;0.221013993024826;185
100..300;12;109415544;G;A;0.0658435970544815;160
100..300;12;109517903;C;A;0.0966183990240097;130
100..300;12;109533676;G;C;0.0750000029802322;205
100..300;12;109573424;T;G;0.07082150131464;235
100..300;12;109573425;T;C;0.0704225003719329;235
100..300;12;109576074;A;G;0.074498601257801;220
100..300;12;111162330;T;G;0.0666666999459266;135
100..300;12;112875665;T;C;0.2009129971265792;135
100..300;12;112881795;T;C;0.2129629999399185;140
100..300;12;112887824;C;T;0.1656440049409866;105
100..300;12;114679532;A;G;0.0296295993030071;170
100..300;12;115970733;G;A;0.1254750043153762;170
100..300;12;115991884;G;A;0.0898550972342491;225
100..300;12;116008640;T;C;0.1023890003561973;210
100..300;12;116737803;T;C;0.0735293999314308;165
100..300;12;117028062;A;G;0.097222201526165;230
100..300;12;117280881;C;G;0.1137719973921775;115
100..300;12;118073854;A;ATGATCACCTCGGGCTGGG;0.0544661991298198;285
100..300;12;120151356;G;A;0.0769231021404266;150
100..300;12;120199396;A;G;0.0767123028635978;245
100..300;12;120216281;C;G;0.0703812018036842;235
100..300;12;120224174;C;T;0.0987951979041099;270
100..300;12;120446525;T;C;0.1024100035429;250
100..300;12;120496604;T;C;0.0860214978456497;205
100..300;12;120529118;G;A;0.070175401866436;230
100..300;12;120783658;G;A;0.1225809976458549;105
100..300;12;120997733;G;A;0.0586510002613067;230
100..300;12;121004438;T;C;0.0748898983001709;155
100..300;12;121005080;A;G;0.0697674006223678;165
100..300;12;121016345;T;C;0.1398600041866302;195
100..300;12;121177300;A;G;0.1338579952716827;175
100..300;12;121184760;A;G;0.1764709949493408;160
100..300;12;121222984;C;T;0.2147890031337738;185
100..300;12;121228843;G;A;0.0766962021589279;235
100..300;12;121253293;A;G;0.0931034013628959;205
100..300;12;122190233;A;C;0.0729926973581314;180
100..300;12;122849895;T;C;0.0877192988991737;190
100..300;12;122976737;A;G;0.0855856016278266;160
100..300;12;122986547;A;G;0.1138610020279884;155
100..300;12;123265188;A;G;0.1048389971256256;170
100..300;12;123321672;T;C;0.0888888984918594;200
100..300;12;123341012;T;C;0.0745614022016525;145
100..300;12;123616494;G;T;0.0642201974987983;145
100..300;12;123619502;G;A;0.0883392021059989;190
100..300;12;123620139;A;G;0.1022730022668838;115
100..300;12;123659848;G;A;0.086455300450325;235
100..300;12;123694870;C;T;0.1493510007858276;105
100..300;12;123696502;T;C;0.0681817978620529;115
100..300;12;123853225;T;C;0.0878186970949173;230
100..300;12;124347928;A;G;0.1114860028028488;200
100..300;12;124372114;A;T;0.0865385010838508;285
100..300;12;124817558;A;G;0.0775861963629722;150
100..300;12;124935829;G;A;0.0792682990431785;115
100..300;12;124948072;A;G;0.078947402536869;285
100..300;12;124954070;C;A;0.1428570002317428;145
100..300;12;124956813;C;T;0.1784700006246566;240
100..300;12;124964924;A;G;0.1201409995555877;180
100..300;12;124968569;T;C;0.0756578966975212;195
100..300;12;125128293;A;G;0.1000000014901161;115
100..300;12;125350254;A;G;0.1180559992790222;195
100..300;12;126726499;C;T;0.0885713994503021;240
100..300;12;128544041;T;C;0.0782608985900878;245
100..300;12;128669441;A;G;0.0992647036910057;185
100..300;12;128794319;G;A;0.1673309952020645;165
100..300;12;128875953;A;G;0.0692640990018844;150
100..300;12;129014381;G;A;0.1156459972262382;100
100..300;12;129075012;T;C;0.0540541000664234;230
100..300;12;130346361;T;C;0.0310881007462739;130
100..300;12;130354620;A;G;0.1086959987878799;215
100..300;12;131799508;A;G;0.0657277032732963;140
100..300;12;131845121;T;C;0.0575220994651317;145
100..300;12;132023844;G;A;0.1049380004405975;215
100..300;12;132029743;G;C;0.0733591020107269;175
100..300;12;132037988;T;C;0.0724233984947204;235
100..300;12;132064755;G;A;0.0625;200
100..300;12;132139773;C;G;0.1135649979114532;215
100..300;12;132140150;G;C;0.0746752992272377;200
100..300;12;132141339;T;C;0.0865385010838508;290
100..300;12;132197268;G;A;0.0802469030022621;105
100..300;12;132199225;T;C;0.0702479034662246;155
100..300;12;132604155;T;C;0.0924573987722396;295
100..300;12;132606232;A;G;0.1612150073051452;275
100..300;12;132625629;A;G;0.1421570032835006;135
100..300;12;132632300;T;C;0.1584700047969818;120
100..300;12;132643245;C;T;0.1330469995737075;150
100..300;12;132643940;C;T;0.1388889998197555;170
100..300;12;132659414;T;C;0.1875;220
100..300;12;132681251;A;C;0.0719999969005584;165
100..300;12;132728018;T;C;0.1204190030694007;120
100..300;12;132754873;C;G;0.0417690016329288;270
100..300;12;132780826;C;T;0.0550847016274929;150
100..300;12;132786420;A;G;0.1493780016899109;170
100..300;12;132851656;A;G;0.2060610055923462;220
100..300;12;133063073;A;G;0.1111110001802444;180
100..300;12;133151899;C;A;0.1071429997682571;105
100..300;12;133225713;C;T;0.0664336010813713;185
100..300;12;133234294;T;C;0.1136360019445419;145
100..300;13;18946930;A;G;0.1009169965982437;150
100..300;13;19051200;A;G;0.1269039958715438;130
100..300;13;19051230;G;A;0.1284399926662445;140
100..300;13;19173851;T;C;0.0683761015534401;165
100..300;13;19173898;T;C;0.0670553967356681;235
100..300;13;19177554;G;A;0.0974999964237213;275
100..300;13;19178398;C;CAA;0.0992366001009941;185
100..300;13;19369630;G;A;0.1111110001802444;120
100..300;13;19382513;C;T;0.0761905014514923;270
100..300;13;19382831;C;G;0.1127170026302337;245
100..300;13;19382860;C;T;0.1181560009717941;245
100..300;13;19394878;C;T;0.0857143029570579;115
100..300;13;19394916;C;T;0.0845770984888076;130
100..300;13;19564790;G;A;0.142424002289772;215
100..300;13;19650247;G;A;0.0865385010838508;135
100..300;13;19661852;C;T;0.0797872021794319;120
100..300;13;19838881;C;T;0.0923566967248916;210
100..300;13;19851771;A;C;0.0933851972222328;175
100..300;13;19851808;C;T;0.0988141968846321;170
100..300;13;20142272;T;C;0.1013220027089119;140
100..300;13;20512460;A;G;0.0957446992397308;120
100..300;13;21287727;A;G;0.1282050013542175;100
100..300;13;21530702;T;G;0.0714285969734191;100
100..300;13;23134284;A;G;0.1355929970741272;125
100..300;13;23354532;T;C;0.1088439971208572;105
100..300;13;23756612;A;G;0.0925925970077514;180
100..300;13;23941368;T;C;0.1141140013933181;215
100..300;13;23941485;A;G;0.1058200001716613;135
100..300;13;24223648;A;G;0.0938510969281196;215
100..300;13;24223775;T;C;0.0840580016374588;235
100..300;13;24449798;T;C;0.1005920022726059;110
100..300;13;24455080;T;C;0.1064810007810592;145
100..300;13;24459089;G;A;0.0726256966590881;120
100..300;13;24459255;C;G;0.0601092986762523;125
100..300;13;24486175;G;A;0.1302679926156997;175
100..300;13;24494670;T;A;0.08695650100708;110
100..300;13;24698732;T;C;0.206044003367424;230
100..300;13;25267878;G;C;0.0691642984747886;225
100..300;13;25469044;C;A;0.1095509976148605;230
100..300;13;25551513;A;G;0.1301780045032501;115
100..300;13;25570758;T;C;0.074803203344345;160
100..300;13;25699265;A;C;0.0790067985653877;285
100..300;13;26213977;G;A;0.0888888984918594;185
100..300;13;26676686;C;T;0.0747663974761962;145
100..300;13;26680030;C;T;0.098522201180458;145
100..300;13;27253824;C;T;0.0504586994647979;140
100..300;13;27273029;T;C;0.1508380025625229;130
100..300;13;27569092;G;A;0.0747663974761962;145
100..300;13;27988468;G;T;0.10309299826622;135
100..300;13;28037245;G;T;0.0636703968048095;175
100..300;13;28049622;T;C;0.1010100021958351;145
100..300;13;28107818;G;C;0.0761905014514923;210
100..300;13;29306932;A;C;0.1551720052957534;115
100..300;13;29535802;A;G;0.1014489978551864;100
100..300;13;30646969;T;C;0.1055559962987899;115
100..300;13;30921021;A;G;0.0539215989410877;130
100..300;13;31778577;G;A;0.0628271996974945;120
100..300;13;31933289;C;T;0.1408450007438659;140
100..300;13;32101959;T;C;0.0833332985639572;100
100..300;13;32135016;C;A;0.1111110001802444;145
100..300;13;32173517;A;C;0.123710997402668;130
100..300;13;32202016;C;T;0.0849056988954544;140
100..300;13;32202479;A;T;0.1071429997682571;165
100..300;13;32310634;C;T;0.22707399725914;145
100..300;13;32311517;C;T;0.1557089984416961;205
100..300;13;32337751;G;A;0.1383650004863739;115
100..300;13;32355095;G;A;0.1202749982476234;205
100..300;13;32362509;C;T;0.2272730022668838;115
100..300;13;33054001;G;T;0.1975809931755066;190
100..300;13;33054056;C;G;0.1627119928598404;205
100..300;13;33054102;A;G;0.1433449983596801;205
100..300;13;33126237;G;T;0.2043479979038238;155
100..300;13;33129519;C;T;0.2000000029802322;215
100..300;13;33129928;C;T;0.151078999042511;290
100..300;13;35646242;A;C;0.1088080033659935;130
100..300;13;35810894;T;G;0.1164380013942718;190
100..300;13;35822894;G;C;0.1144580021500587;120
100..300;13;35827701;G;A;0.0925266966223716;185
100..300;13;35827772;C;T;0.1987580060958862;110
100..300;13;36170663;A;G;0.1196909993886947;175
100..300;13;38690553;C;T;0.0986547023057937;150
100..300;13;38976527;T;G;0.0794979035854339;170
100..300;13;39012206;C;G;0.1142859980463981;135
100..300;13;39013029;G;A;0.0875706002116203;235
100..300;13;39013540;G;A;0.09375;220
100..300;13;39013728;C;A;0.1038059964776039;200
100..300;13;39013752;C;T;0.1068969964981079;200
100..300;13;39655754;A;G;0.0613026991486549;170
100..300;13;39655820;A;T;0.0732484012842178;200
100..300;13;39656157;C;T;0.0704225003719329;140
100..300;13;40799118;A;G;0.0860927030444145;205
100..300;13;40805136;T;C;0.0766422972083091;165
100..300;13;40941235;T;C;0.1035500019788742;225
100..300;13;41611560;C;T;0.1805559992790222;100
100..300;13;42070444;T;A;0.1025639995932579;165
100..300;13;42127581;G;A;0.1299439966678619;115
100..300;13;42155305;T;C;0.1040719971060752;145
100..300;13;43029735;T;C;0.2193550020456314;100
100..300;13;43968535;T;C;0.1351349949836731;105
100..300;13;44434011;C;T;0.0954544991254806;140
100..300;13;44575309;C;T;0.0769231021404266;260
100..300;13;45436334;C;A;0.0805085003376007;180
100..300;13;45436541;T;C;0.1165309995412826;260
100..300;13;46098735;T;A;0.0906148999929428;205
100..300;13;46098739;A;C;0.0959751978516578;215
100..300;13;46098786;C;G;0.1058500036597251;220
100..300;13;46257136;T;A;0.1149140000343322;265
100..300;13;46259015;C;A;0.0721649006009101;125
100..300;13;46259032;T;C;0.0663264989852905;125
100..300;13;46834899;A;G;0.1244440004229545;155
100..300;13;48317100;G;A;0.1000000014901161;150
100..300;13;49464073;T;C;0.0964286029338836;175
100..300;13;49506691;T;G;0.1525419950485229;150
100..300;13;49541661;G;A;0.0897435992956161;100
100..300;13;49549513;A;G;0.2051890045404434;280
100..300;13;49549552;T;G;0.2009029984474182;290
100..300;13;49551486;T;C;0.1419350057840347;105
100..300;13;49559963;C;T;0.1892859935760498;180
100..300;13;49560014;G;A;0.2236420065164566;200
100..300;13;49567226;A;G;0.135245993733406;160
100..300;13;51799678;C;G;0.2655369937419891;115
100..300;13;51865994;G;A;0.0971222966909408;195
100..300;13;51934843;T;C;0.0892857015132904;230
100..300;13;51970669;G;C;0.0940767005085945;195
100..300;13;51974004;C;A;0.0930930972099304;235
100..300;13;52135802;C;A;0.1330469995737075;150
100..300;13;52848418;G;A;0.1019420027732849;140
100..300;13;53028942;C;T;0.1000000014901161;235
100..300;13;53408998;C;G;0.0609137006103992;145
100..300;13;53409016;A;G;0.0558658987283706;130
100..300;13;53409021;T;C;0.0574713014066219;125
100..300;13;58528741;C;T;0.1142859980463981;215
100..300;13;58530676;G;C;0.098522201180458;265
100..300;13;59666695;T;C;0.08695650100708;200
100..300;13;59666827;T;C;0.1234040036797523;165
100..300;13;60637743;G;T;0.0875421017408371;205
100..300;13;67902265;C;T;0.1985819935798645;105
100..300;13;70924120;A;G;0.0944882035255432;180
100..300;13;70924211;T;G;0.1088709980249404;175
100..300;13;72755220;A;G;0.104602999985218;150
100..300;13;72775221;C;G;0.0538921989500522;110
100..300;13;75326374;A;G;0.120567001402378;185
100..300;13;75341125;C;A;0.1397850066423416;120
100..300;13;76259548;G;A;0.0705393999814987;155
100..300;13;76957226;T;C;0.1277170032262802;255
100..300;13;76987124;C;T;0.090361401438713;120
100..300;13;77000848;G;A;0.1055900007486343;115
100..300;13;77604415;A;G;0.1005590036511421;115
100..300;13;80337376;A;G;0.0609756000339984;275
100..300;13;89361587;C;G;0.117977999150753;120
100..300;13;89362235;A;C;0.0928962007164955;135
100..300;13;89991965;T;G;0.1151520013809204;110
100..300;13;89992074;A;G;0.1058819964528083;125
100..300;13;89992657;A;G;0.1059599965810775;105
100..300;13;90230483;A;G;0.0887574031949043;115
100..300;13;90231129;G;C;0.078602597117424;155
100..300;13;90231615;A;C;0.0705128014087677;105
100..300;13;94382495;A;G;0.1208790019154548;175
100..300;13;94711792;G;C;0.0534125007688999;220
100..300;13;94758442;G;C;0.0759999975562095;175
100..300;13;95587551;A;G;0.1028570011258125;125
100..300;13;97992999;G;A;0.1294959932565689;100
100..300;13;98390136;C;T;0.159850999712944;180
100..300;13;98395734;A;G;0.2099449932575225;250
100..300;13;98395772;C;T;0.21875;245
100..300;13;98640887;T;G;0.0652920976281166;195
100..300;13;98884963;T;G;0.1803279966115951;120
100..300;13;98888141;G;A;0.2467530071735382;100
100..300;13;98902308;T;C;0.0944444015622139;125
100..300;13;98914181;A;G;0.2616820037364959;155
100..300;13;98923314;A;G;0.1666669994592666;145
100..300;13;100635086;T;C;0.2175440043210983;190
100..300;13;100636738;T;C;0.1527779996395111;145
100..300;13;100670368;C;G;0.1626980006694793;165
100..300;13;101067948;G;T;0.1978610008955001;120
100..300;13;105489886;T;C;0.0787879005074501;110
100..300;13;106663811;C;T;0.1931030005216598;100
100..300;13;108844465;C;T;0.1089740023016929;100
100..300;13;109782884;T;C;0.0641025975346565;100
100..300;13;109783567;A;G;0.0721002966165542;195
100..300;13;110161362;A;G;0.1722490042448043;140
100..300;13;110198495;G;A;0.1417320072650909;175
100..300;13;110206722;C;G;0.2254340052604675;120
100..300;13;110450371;T;C;0.070175401866436;250
100..300;13;110469273;T;C;0.1649120002985;185
100..300;13;110480209;T;C;0.1192049980163574;105
100..300;13;110503432;A;G;0.1052630022168159;185
100..300;13;110508071;T;C;0.1044389978051185;255
100..300;13;110687754;A;T;0.0902255997061729;100
100..300;13;110937240;C;G;0.2049179971218109;180
100..300;13;110937681;G;A;0.1785710006952285;170
100..300;13;110938918;A;G;0.191429004073143;240
100..300;13;112819284;C;CAT;0.1693989932537078;120
100..300;13;113066162;T;C;0.0938775986433029;160
100..300;13;113406800;T;C;0.0654449984431266;270
100..300;13;113799443;C;T;0.0874126031994819;190
100..300;13;113839885;A;G;0.1140939965844154;105
100..300;14;19827468;G;C;0.0390625;275
100..300;14;19936577;A;G;0.0858369022607803;155
100..300;14;19936608;G;A;0.0982659012079238;115
100..300;14;19975784;G;A;0.1148940026760101;110
100..300;14;19975853;T;A;0.125460997223854;180
100..300;14;19975867;G;T;0.1385769993066787;190
100..300;14;19976034;C;A;0.1204819977283477;165
100..300;14;19976282;A;C;0.1379310041666031;125
100..300;14;19976429;C;T;0.0970463976264;155
100..300;14;19976448;G;C;0.0981307998299598;140
100..300;14;20002693;C;CT;0.1127170026302337;255
100..300;14;20060091;T;G;0.1061450019478797;125
100..300;14;20060162;G;A;0.1371680051088333;150
100..300;14;20060203;G;A;0.1090909987688064;150
100..300;14;20060289;T;TCATAGATTTGCTCACTGAC;0.1173710003495216;140
100..300;14;20060523;C;T;0.1404259949922561;165
100..300;14;20197631;A;T;0.1701389998197555;200
100..300;14;20197681;A;G;0.1656049937009811;220
100..300;14;20224436;C;G;0.0920000001788139;175
100..300;14;20229430;T;C;0.1104289963841438;110
100..300;14;20383654;C;G;0.0921659022569656;155
100..300;14;21087322;A;G;0.1010830029845237;190
100..300;14;21162664;T;C;0.1056599989533424;180
100..300;14;21301034;A;C;0.0641025975346565;100
100..300;14;21317631;A;G;0.0769231021404266;140
100..300;14;21499294;A;G;0.0859728977084159;145
100..300;14;21525364;G;A;0.082742303609848;285
100..300;14;21570079;T;G;0.0912408977746963;200
100..300;14;21602445;AC;A;0.0245398990809917;175
100..300;14;21602747;T;G;0.0890208035707473;220
100..300;14;21602793;A;G;0.0641892030835151;190
100..300;14;21665635;G;A;0.1135530024766922;190
100..300;14;22086736;C;T;0.1397850066423416;135
100..300;14;22105547;TA;T;0.2101449966430664;115
100..300;14;22105548;A;T;0.2052980065345764;115
100..300;14;22455296;T;C;0.0960452035069465;110
100..300;14;22469569;T;A;0.1168219968676567;140
100..300;14;22478914;T;C;0.1456310003995895;135
100..300;14;22545118;G;C;0.1204190030694007;130
100..300;14;22634064;G;A;0.1523810029029846;220
100..300;14;22634135;T;C;0.1186939999461174;240
100..300;14;22634450;T;C;0.0991735979914665;245
100..300;14;22771119;A;T;0.0951087027788162;240
100..300;14;22771504;TAGC;T;0.1022220030426979;175
100..300;14;22778903;G;A;0.1063119992613792;180
100..300;14;22829926;T;G;0.1736840009689331;165
100..300;14;22842737;A;G;0.0878378003835678;110
100..300;14;22843385;A;G;0.0881057009100914;145
100..300;14;22843714;C;T;0.0731706991791725;160
100..300;14;22884857;C;G;0.1002509966492652;265
100..300;14;23138037;A;C;0.0731706991791725;135
100..300;14;23307890;A;G;0.1547619998455047;180
100..300;14;23423679;G;A;0.1070500016212463;250
100..300;14;23429818;T;C;0.0640244036912918;215
100..300;14;23563818;A;G;0.1116070002317428;150
100..300;14;23750320;A;G;0.1201720014214515;165
100..300;14;24051009;C;T;0.1120690032839775;140
100..300;14;24053702;G;C;0.0738636031746864;115
100..300;14;24054385;A;G;0.0975610017776489;150
100..300;14;24074599;C;G;0.109324999153614;205
100..300;14;24076157;C;T;0.1016260012984275;160
100..300;14;24145210;T;A;0.0940171033143997;230
100..300;14;24184317;C;G;0.0680271983146667;190
100..300;14;24213408;G;C;0.0530611984431743;165
100..300;14;24409279;A;G;0.1039429977536201;195
100..300;14;24428000;G;C;0.1111110001802444;140
100..300;14;24432227;T;C;0.1173589974641799;290
100..300;14;24507368;C;T;0.1133600026369094;160
100..300;14;24631076;G;A;0.0947867035865783;130
100..300;14;24634203;C;T;0.0923912972211837;240
100..300;14;24634208;A;G;0.091160200536251;235
100..300;14;25267262;C;G;0.1039429977536201;180
100..300;14;28264637;C;A;0.079136699438095;190
100..300;14;28264641;A;G;0.0821428969502449;195
100..300;14;28264750;A;G;0.0383275002241134;210
100..300;14;30906116;T;A;0.2427179962396621;130
100..300;14;30912145;C;T;0.25;155
100..300;14;30956251;T;A;0.122807003557682;110
100..300;14;31109556;T;C;0.1324499994516372;210
100..300;14;31129042;G;A;0.1161969974637031;195
100..300;14;31129221;C;T;0.0791667029261589;170
100..300;14;31150186;C;T;0.0900000035762786;140
100..300;14;32637966;G;A;0.1034480035305023;110
100..300;14;34629893;G;A;0.1341460049152374;160
100..300;14;34740374;C;G;0.1773580014705658;180
100..300;14;34740685;A;G;0.2040819972753524;110
100..300;14;34740780;A;G;0.1914190053939819;160
100..300;14;34794777;C;T;0.136691004037857;185
100..300;14;35077167;C;T;0.1512610018253326;155
100..300;14;35404564;A;G;0.0641508996486663;150
100..300;14;35761018;G;T;0.1604939997196197;110
100..300;14;36759299;T;C;0.1199999973177909;120
100..300;14;39176061;A;T;0.0838323011994361;100
100..300;14;39234120;G;A;0.0841121971607208;145
100..300;14;39294972;C;G;0.1034480035305023;115
100..300;14;39348824;G;A;0.1310160011053085;250
100..300;14;39386051;C;T;0.1317069977521896;140
100..300;14;44506307;T;C;0.0843989998102188;275
100..300;14;44934413;C;T;0.0888888984918594;150
100..300;14;47144161;T;G;0.0845070034265518;140
100..300;14;49374173;C;A;0.0775861963629722;155
100..300;14;49988369;C;T;0.0938967019319534;135
100..300;14;50330163;C;G;0.0879120975732803;120
100..300;14;50739427;T;A;0.0784982964396476;195
100..300;14;50760282;G;A;0.1088439971208572;200
100..300;14;51720254;G;A;0.0664556995034217;225
100..300;14;52015199;T;C;0.0619946010410785;245
100..300;14;52027354;A;G;0.1213869974017143;115
100..300;14;52054028;T;G;0.0934256017208099;205
100..300;14;52860450;G;A;0.0727273002266883;115
100..300;14;53991531;C;CTTCTT;0.1674419939517974;160
100..300;14;54991270;C;G;0.090116299688816;220
100..300;14;55766351;T;G;0.125;165
100..300;14;55766542;T;C;0.0962098985910415;235
100..300;14;55766589;T;C;0.0938415974378585;245
100..300;14;56296635;T;C;0.0982905998826026;160
100..300;14;56297168;A;G;0.1063830032944679;100
100..300;14;56585793;T;G;0.2054789960384369;140
100..300;14;56609202;T;G;0.0606060996651649;175
100..300;14;58004727;G;C;0.0877863019704818;175
100..300;14;58138132;C;A;0.1004180014133453;165
100..300;14;58371950;G;A;0.1657750010490417;120
100..300;14;58371983;T;C;0.1656800061464309;110
100..300;14;59475867;T;A;0.0969697013497352;120
100..300;14;59538126;T;C;0.1052630022168159;120
100..300;14;59565278;A;G;0.104264996945858;140
100..300;14;59576605;A;G;0.1408450007438659;140
100..300;14;60509419;A;G;0.0742357969284057;155
100..300;14;61831964;G;C;0.0511811003088951;180
100..300;14;61832287;C;A;0.0988593026995658;180
100..300;14;61832298;A;G;0.0919118002057075;185
100..300;14;61996048;C;T;0.1146500036120414;110
100..300;14;62283828;T;C;0.1145830005407333;125
100..300;14;62708242;T;C;0.1875;230
100..300;14;64210033;T;C;0.071823202073574;250
100..300;14;64442127;A;G;0.1812299937009811;210
100..300;14;64564816;T;C;0.2151159942150116;120
100..300;14;64601612;C;CTG;0.1150790005922317;145
100..300;14;64601623;T;TTCTC;0.1174089983105659;145
100..300;14;64779905;C;T;0.0996169000864029;175
100..300;14;64786514;C;T;0.0761905014514923;220
100..300;14;64787031;T;C;0.0982659012079238;225
100..300;14;64793509;G;T;0.1012990027666091;265
100..300;14;64795408;T;C;0.0775861963629722;165
100..300;14;64796582;T;C;0.1042469963431358;170
100..300;14;64796629;T;C;0.1082800030708313;205
100..300;14;64800751;C;T;0.1132080033421516;175
100..300;14;64804932;G;A;0.1075270026922226;135
100..300;14;65468187;C;A;0.095238097012043;155
100..300;14;66013050;C;A;0.1648650020360946;245
100..300;14;66013479;A;G;0.1037340015172958;160
100..300;14;66013529;T;C;0.089361697435379;150
100..300;14;66013530;C;A;0.089361697435379;150
100..300;14;67569162;G;A;0.0553359985351562;165
100..300;14;67579885;T;C;0.1193180009722709;120
100..300;14;67782782;T;C;0.0884353965520858;110
100..300;14;68887943;G;T;0.0924092009663581;215
100..300;14;69054957;A;G;0.0879120975732803;260
100..300;14;69229075;A;G;0.2457139939069748;125
100..300;14;69237836;T;G;0.2961539924144745;170
100..300;14;69527850;T;C;0.100671000778675;190
100..300;14;69796931;T;C;0.1293379962444305;220
100..300;14;69886100;A;G;0.2489449977874755;150
100..300;14;70013498;A;T;0.1939660012722015;150
100..300;14;70167829;T;C;0.1615120023488998;205
100..300;14;70247244;A;G;0.1234040036797523;160
100..300;14;70247245;C;T;0.1234040036797523;160
100..300;14;70247264;G;A;0.2452829927206039;160
100..300;14;70247374;T;C;0.1187739968299865;100
100..300;14;70247542;G;A;0.2379180043935775;140
100..300;14;70457885;G;T;0.1034480035305023;190
100..300;14;70458784;C;G;0.0996169000864029;160
100..300;14;70584075;C;T;0.0744185969233512;135
100..300;14;70595524;C;T;0.0918918997049331;125
100..300;14;70595626;G;A;0.1565659940242767;135
100..300;14;70595718;T;C;0.1201549991965293;170
100..300;14;70732735;A;G;0.0767195969820022;260
100..300;14;70734462;G;C;0.0338983014225959;195
100..300;14;70734475;C;T;0.0370370000600814;175
100..300;14;72662275;C;T;0.117977999150753;105
100..300;14;72753312;G;A;0.1043770015239715;200
100..300;14;72937972;C;A;0.0777202025055885;120
100..300;14;72938087;A;G;0.1271679997444152;110
100..300;14;72946031;T;C;0.0913242027163505;140
100..300;14;72955642;G;T;0.0756757035851478;245
100..300;14;72958607;T;C;0.102472998201847;190
100..300;14;73595264;C;T;0.2028169929981231;255
100..300;14;73617142;T;C;0.0705128014087677;205
100..300;14;73619711;A;G;0.0871212035417556;185
100..300;14;73729878;A;G;0.0773809999227523;240
100..300;14;73988110;A;C;0.1039599999785423;140
100..300;14;74057166;G;A;0.0950819998979568;215
100..300;14;74057246;A;G;0.1143620014190673;245
100..300;14;74245180;T;C;0.0673077031970024;135
100..300;14;74526097;G;A;0.1358020007610321;160
100..300;14;74764250;T;C;0.07255519926548;220
100..300;14;74781799;A;G;0.0539084002375602;250
100..300;14;74919827;TGG;T;0.08695650100708;105
100..300;14;75280166;A;G;0.060869600623846;225
100..300;14;75280555;C;T;0.1151830032467842;145
100..300;14;75579348;T;C;0.0967741981148719;265
100..300;14;76310914;T;C;0.1255059987306594;160
100..300;14;76828587;A;G;0.0881543010473251;250
100..300;14;76837991;A;G;0.0761905014514923;140
100..300;14;77251895;T;C;0.0974576026201248;155
100..300;14;77326864;A;G;0.0696863979101181;185
100..300;14;77330298;A;G;0.0817120969295501;170
100..300;14;77377628;T;C;0.0925925970077514;290
100..300;14;77377922;A;G;0.1000000014901161;240
100..300;14;77378249;A;T;0.0596591010689735;250
100..300;14;77413962;T;C;0.1428570002317428;140
100..300;14;77673986;A;G;0.0777480006217956;250
100..300;14;77674012;A;T;0.0747921988368034;245
100..300;14;77683351;G;C;0.0846560969948768;135
100..300;14;77718223;A;C;0.0531915016472339;265
100..300;14;77718318;G;T;0.0564705990254879;290
100..300;14;85622971;A;G;0.1061950027942657;240
100..300;14;88385844;A;G;0.0794979035854339;155
100..300;14;89932563;A;G;0.1488099992275238;110
100..300;14;90107708;A;C;0.0647059008479118;115
100..300;14;90279078;C;T;0.169960007071495;170
100..300;14;91297293;T;C;0.0649999976158142;145
100..300;14;91374725;G;A;0.0540541000664234;150
100..300;14;92121658;G;T;0.1281249970197677;230
100..300;14;92454027;T;C;0.1653849929571151;180
100..300;14;92932736;A;G;0.0996885001659393;215
100..300;14;92932824;A;G;0.0778210014104843;175
100..300;14;93956948;C;T;0.1048030033707618;150
100..300;14;94283955;A;G;0.0666666999459266;125
100..300;14;94290113;A;T;0.1034480035305023;295
100..300;14;94306092;A;G;0.0801187008619308;220
100..300;14;94446462;A;G;0.1286409944295883;265
100..300;14;94446559;G;T;0.1111110001802444;215
100..300;14;95407315;C;A;0.1542550027370453;125
100..300;14;95439984;A;G;0.1632049977779388;215
100..300;14;95452229;T;C;0.1028570011258125;120
100..300;14;95452288;C;T;0.2044609934091568;175
100..300;14;95922836;G;A;0.0984456017613411;125
100..300;14;96086522;C;G;0.1204819977283477;120
100..300;14;96295486;C;T;0.1036589965224266;100
100..300;14;96305722;A;T;0.0896551981568336;180
100..300;14;96362965;T;C;0.0710382983088493;120
100..300;14;96833516;G;A;0.1302819997072219;190
100..300;14;98716289;C;T;0.1299089938402176;215
100..300;14;98973311;A;G;0.1477990001440048;215
100..300;14;99174568;A;G;0.0920244976878166;100
100..300;14;99909370;T;C;0.1188120022416114;200
100..300;14;100141258;T;C;0.03913040086627;150
100..300;14;100334994;T;C;0.086687296628952;205
100..300;14;100538878;C;T;0.0226537007838487;200
100..300;14;100550487;G;A;0.0794702023267746;100
100..300;14;102348705;T;C;0.1017540022730827;180
100..300;14;102434864;G;A;0.1986970007419586;220
100..300;14;102871987;A;T;0.095238097012043;130
100..300;14;102875712;C;T;0.146465003490448;125
100..300;14;102974136;C;G;0.1834859997034073;205
100..300;14;103100448;T;C;0.0599455013871192;255
100..300;14;103100498;G;C;0.0563380010426044;240
100..300;14;103102277;A;T;0.0593219995498657;150
100..300;14;103102644;C;A;0.0239043999463319;150
100..300;14;103108377;T;C;0.0904522985219955;135
100..300;14;103130128;T;C;0.0882352963089943;110
100..300;14;103339633;C;T;0.06944440305233;100
100..300;14;103465542;G;A;0.055214699357748;120
100..300;14;104174144;C;G;0.1399179995059967;160
100..300;14;104712857;C;T;0.1870969980955124;200
100..300;14;104714228;C;T;0.1686750054359436;175
100..300;14;104714369;G;A;0.1165499985218048;280
100..300;14;105150705;T;C;0.0736543983221054;235
100..300;14;105221745;T;C;0.1079370006918907;235
100..300;15;22943162;C;T;0.111464999616146;215
100..300;15;24508923;A;G;0.2439019978046417;140
100..300;15;25679947;G;C;0.2614679932594299;155
100..300;15;25681039;A;G;0.165242001414299;235
100..300;15;25681051;G;C;0.067647099494934;230
100..300;15;25681057;G;C;0.0656716004014015;225
100..300;15;25708295;T;C;0.0913461968302726;130
100..300;15;25971227;C;G;0.1290320008993148;140
100..300;15;26939288;T;C;0.0820512995123863;130
100..300;15;26939335;T;C;0.0815450996160507;150
100..300;15;26939370;A;G;0.0729613974690437;150
100..300;15;26943312;T;C;0.064846396446228;200
100..300;15;27327045;A;G;0.1172839999198913;115
100..300;15;27328788;T;C;0.1106190010905265;145
100..300;15;27328821;C;T;0.1163640022277832;185
100..300;15;27871136;C;T;0.1101690009236335;160
100..300;15;27896158;A;G;0.1437129974365234;115
100..300;15;30005534;T;C;0.1078839972615242;165
100..300;15;30005555;A;G;0.1232229992747306;145
100..300;15;30005618;C;G;0.2751680016517639;115
100..300;15;31050541;T;C;0.1786600053310394;265
100..300;15;32633025;G;T;0.0950225964188575;145
100..300;15;32898822;G;A;0.1032859981060028;140
100..300;15;33067169;T;C;0.100890003144741;245
100..300;15;33088784;C;A;0.1000000014901161;105
100..300;15;33088799;T;A;0.1022730022668838;115
100..300;15;33601568;T;C;0.2048780024051666;135
100..300;15;33823080;T;C;0.1352660059928894;135
100..300;15;34342117;A;G;0.1079550012946128;115
100..300;15;34981419;T;C;0.0634441003203392;225
100..300;15;39021201;G;C;0.1000000014901161;130
100..300;15;39272092;A;G;0.0913461968302726;135
100..300;15;39272093;T;C;0.0956937968730926;135
100..300;15;40272854;A;G;0.2304529994726181;165
100..300;15;40303364;T;C;0.0772058963775634;170
100..300;15;40364523;T;C;0.1069770008325576;140
100..300;15;40557209;T;C;0.051282100379467;185
100..300;15;40900342;T;C;0.0893471017479896;205
100..300;15;41016167;C;A;0.1075699999928474;165
100..300;15;41507513;T;C;0.0574713014066219;175
100..300;15;41521081;T;C;0.0846560969948768;270
100..300;15;41565018;A;G;0.1065990030765533;115
100..300;15;41568292;A;T;0.0436364002525806;180
100..300;15;41699117;T;A;0.1428570002317428;115
100..300;15;41734566;T;C;0.1868129968643188;120
100..300;15;41749514;A;G;0.2891159951686859;205
100..300;15;41841899;T;C;0.0840708017349243;150
100..300;15;41842173;C;G;0.1715980023145675;115
100..300;15;41843790;T;C;0.1410260051488876;200
100..300;15;41844838;C;CT;0.1086959987878799;110
100..300;15;41845084;A;G;0.1885959953069687;175
100..300;15;41846258;A;G;0.0586591996252536;240
100..300;15;41846840;A;G;0.148837000131607;145
100..300;15;41847444;T;C;0.0886076018214225;260
100..300;15;41853738;C;G;0.130741998553276;200
100..300;15;41856602;T;C;0.1309520006179809;175
100..300;15;41857398;G;C;0.0857987999916076;230
100..300;15;41858690;A;G;0.0486111007630825;185
100..300;15;41866175;A;G;0.0833332985639572;210
100..300;15;41867092;T;C;0.0805085003376007;155
100..300;15;41874302;T;C;0.0871080011129379;185
100..300;15;41876202;T;C;0.1198830008506774;215
100..300;15;42070100;G;T;0.1602209955453872;125
100..300;15;42071130;A;G;0.0894308984279632;170
100..300;15;42079554;T;A;0.1043170019984245;190
100..300;15;42081612;C;G;0.1145510002970695;215
100..300;15;42147178;A;G;0.0759076029062271;195
100..300;15;42878595;G;A;0.1493510007858276;195
100..300;15;42878625;T;C;0.1500000059604644;170
100..300;15;43210328;T;C;0.094674602150917;105
100..300;15;43239213;C;G;0.1403509974479675;220
100..300;15;43268238;T;C;0.0819671973586082;135
100..300;15;43361124;A;G;0.0577777996659278;155
100..300;15;43366737;T;C;0.086687296628952;240
100..300;15;43369604;C;T;0.1336899995803833;140
100..300;15;43415610;T;A;0.0797101035714149;205
100..300;15;43432448;G;T;0.1777780055999755;165
100..300;15;43456106;G;A;0.1880339980125427;185
100..300;15;43469998;T;C;0.1233329996466636;200
100..300;15;43475576;C;G;0.1315789967775344;150
100..300;15;43492277;T;C;0.1000000014901161;120
100..300;15;43523801;T;C;0.1080000028014183;175
100..300;15;43524719;A;G;0.2131659984588623;220
100..300;15;43525206;A;G;0.1082469969987869;260
100..300;15;43525208;C;T;0.1937980055809021;260
100..300;15;43600649;C;G;0.0897009968757629;195
100..300;15;43600695;G;A;0.1021509990096092;130
100..300;15;43647444;T;C;0.1119690015912056;175
100..300;15;43649258;T;C;0.0920244976878166;100
100..300;15;43776871;C;G;0.0773195996880531;120
100..300;15;43801729;C;T;0.1016390025615692;200
100..300;15;43809812;C;A;0.09375;250
100..300;15;43905851;G;A;0.0970148965716362;180
100..300;15;45136514;T;C;0.086687296628952;225
100..300;15;45164908;T;G;0.094117596745491;170
100..300;15;47765874;A;G;0.258197009563446;165
100..300;15;48992550;T;TTCC;0.1084910035133361;165
100..300;15;49866498;A;C;0.0710059031844139;115
100..300;15;49920375;T;G;0.1083329990506172;155
100..300;15;50182703;T;C;0.064981997013092;190
100..300;15;50263347;A;G;0.0933332964777946;205
100..300;15;50945713;C;T;0.0599999986588954;100
100..300;15;51218505;A;T;0.0823528990149498;170
100..300;15;51218671;C;A;0.1069179996848106;110
100..300;15;51236915;C;T;0.104544997215271;135
100..300;15;51383428;T;C;0.1348839998245239;140
100..300;15;51401616;A;G;0.1003860011696815;175
100..300;15;51465629;C;T;0.0751174017786979;140
100..300;15;51491623;C;T;0.1361699998378753;155
100..300;15;51499362;G;A;0.1043479964137077;150
100..300;15;51502975;A;G;0.0723982006311416;145
100..300;15;51622465;A;G;0.0676157027482986;185
100..300;15;51622519;C;T;0.0482758991420269;195
100..300;15;51954468;A;G;0.1666669994592666;130
100..300;15;52061301;G;C;0.1181820034980773;150
100..300;15;52275654;A;G;0.0679012015461921;210
100..300;15;53710894;A;G;0.0783409997820854;145
100..300;15;54237572;T;C;0.1212939992547035;245
100..300;15;54321483;T;C;0.2154700011014938;115
100..300;15;55915613;G;T;0.1199999973177909;145
100..300;15;55916337;A;G;0.1111110001802444;130
100..300;15;55993497;T;C;0.0688259005546569;150
100..300;15;56071433;A;G;0.1568630039691925;135
100..300;15;56071500;G;A;0.0909091010689735;130
100..300;15;57325483;C;CG;0.0523255988955497;125
100..300;15;57963929;T;C;0.1626020073890686;165
100..300;15;58279202;T;A;0.0894737020134925;130
100..300;15;59224676;T;C;0.1204819977283477;105
100..300;15;59671289;G;A;0.0769231021404266;100
100..300;15;62260361;A;G;0.1981980055570602;150
100..300;15;62819540;C;T;0.0852458998560905;200
100..300;15;62835784;A;G;0.0839999988675117;165
100..300;15;62838918;A;T;0.1231340020895004;180
100..300;15;63156581;G;C;0.0744680985808372;130
100..300;15;63256588;A;G;0.050000000745058;100
100..300;15;63600712;A;G;0.1455399990081787;140
100..300;15;63626108;C;G;0.1022730022668838;175
100..300;15;63630553;A;T;0.2157530039548874;195
100..300;15;63640314;C;G;0.1942449957132339;190
100..300;15;63645010;G;C;0.2699390053749084;105
100..300;15;63656169;T;C;0.0814815014600753;185
100..300;15;63660954;G;A;0.1943130046129226;130
100..300;15;63661830;T;C;0.1798779964447021;230
100..300;15;63678257;C;T;0.1909389942884445;205
100..300;15;63692573;C;T;0.2183910012245178;120
100..300;15;63696158;G;C;0.1914889961481094;150
100..300;15;63703224;T;C;0.224138006567955;150
100..300;15;64127175;T;G;0.0874999985098838;110
100..300;15;64216564;A;G;0.1138610020279884;130
100..300;15;64414133;G;A;0.0684932023286819;145
100..300;15;64529299;G;A;0.1101690009236335;170
100..300;15;64675455;T;C;0.0903955027461052;240
100..300;15;64819837;T;C;0.0745614022016525;145
100..300;15;64821294;A;G;0.1566819995641708;155
100..300;15;64822557;T;C;0.0825688019394874;220
100..300;15;64864886;TC;T;0.1111110001802444;115
100..300;15;64934241;G;A;0.0782122984528541;115
100..300;15;65003167;T;C;0.1126279979944229;200
100..300;15;65055067;A;G;0.0723861008882522;260
100..300;15;65078012;T;C;0.0857143029570579;240
100..300;15;65260908;T;C;0.0925925970077514;170
100..300;15;65329706;A;C;0.0788381993770599;165
100..300;15;65624189;T;A;0.2168280035257339;220
100..300;15;66329008;G;A;0.1270489990711212;155
100..300;15;66337056;C;T;0.0861243978142738;140
100..300;15;66349079;C;T;0.1317369937896728;110
100..300;15;66352962;G;GA;0.0818713009357452;125
100..300;15;67000858;C;T;0.1215690001845359;150
100..300;15;68321440;T;G;0.0780669003725051;170
100..300;15;68321449;G;A;0.0801526978611946;170
100..300;15;69035886;T;C;0.1167190000414848;210
100..300;15;69803416;T;C;0.0747125968337059;235
100..300;15;70859747;T;C;0.0717703029513359;145
100..300;15;70891939;T;G;0.1910109966993332;245
100..300;15;70892156;G;A;0.1335880011320114;175
100..300;15;71256656;T;C;0.0759494006633758;105
100..300;15;71599876;G;A;0.057915098965168;170
100..300;15;71660560;A;G;0.0853658989071846;165
100..300;15;71748435;T;C;0.2212390005588531;155
100..300;15;72686211;T;C;0.0850201994180679;165
100..300;15;73740442;G;A;0.126922994852066;185
100..300;15;73985454;C;T;0.1148149967193603;175
100..300;15;74330337;A;G;0.0954544991254806;145
100..300;15;75336073;T;C;0.0467033013701438;235
100..300;15;76005791;G;A;0.1233770027756691;105
100..300;15;76202194;A;C;0.069498099386692;165
100..300;15;77985260;T;C;0.0719697028398513;175
100..300;15;77985812;C;T;0.0949153006076812;210
100..300;15;77986142;A;G;0.1262460052967071;215
100..300;15;78098567;T;C;0.0805085003376007;165
100..300;15;78105804;A;G;0.0707316994667053;260
100..300;15;78280417;G;A;0.0714285969734191;180
100..300;15;78776779;G;A;0.1405619978904724;160
100..300;15;78894130;T;C;0.1623930037021637;120
100..300;15;79236371;G;A;0.0921501964330673;200
100..300;15;79456231;A;G;0.0968749970197677;210
100..300;15;79457785;G;A;0.1056699976325035;275
100..300;15;79463262;G;A;0.0906592980027198;235
100..300;15;80158047;A;G;0.0784313976764679;130
100..300;15;80162403;C;T;0.0797101035714149;100
100..300;15;81300461;G;A;0.0928144007921218;225
100..300;15;81305928;G;T;0.0689655020833015;210
100..300;15;81306075;A;G;0.0742705985903739;255
100..300;15;82043591;G;A;0.0631228983402252;205
100..300;15;82045282;T;C;0.0912408977746963;190
100..300;15;82138804;T;C;0.146465003490448;130
100..300;15;82151813;T;G;0.1013510003685951;215
100..300;15;82317590;T;C;0.1230769976973533;130
100..300;15;82533242;T;C;0.0967741981148719;105
100..300;15;82573126;G;A;0.0730768963694572;175
100..300;15;82677266;T;TC;0.1793480068445205;120
100..300;15;82759441;A;G;0.0779817029833793;145
100..300;15;82831014;A;G;0.0966543033719062;185
100..300;15;82833313;C;A;0.1042250022292137;245
100..300;15;82833314;G;C;0.1033520027995109;245
100..300;15;82849766;A;G;0.1080000028014183;170
100..300;15;82854635;T;C;0.1020409986376762;135
100..300;15;83942615;C;G;0.1168830022215843;150
100..300;15;83970598;T;C;0.1795769929885864;175
100..300;15;83982433;A;C;0.0849056988954544;210
100..300;15;84037709;T;C;0.1011900007724762;110
100..300;15;84113665;C;A;0.0639534965157508;110
100..300;15;84399499;C;CATGGGCATGCTGACG;0.0373831987380981;135
100..300;15;84399551;A;T;0.0454544983804225;125
100..300;15;84403620;A;G;0.0890052020549774;130
100..300;15;84643606;C;T;0.1253640055656433;230
100..300;15;84655375;T;C;0.0799999982118606;215
100..300;15;84895080;CTTG;C;0.1166670024394989;220
100..300;15;85579739;C;T;0.0962198972702026;205
100..300;15;85582073;T;C;0.062745101749897;170
100..300;15;85741111;T;C;0.0864197984337806;160
100..300;15;85743556;T;C;0.0960452035069465;235
100..300;15;88003409;G;C;0.1193180009722709;115
100..300;15;88021541;A;G;0.0931676998734474;115
100..300;15;88069284;A;G;0.1275169998407364;110
100..300;15;88119140;A;G;0.1199999973177909;110
100..300;15;88874007;G;A;0.0763889029622078;285
100..300;15;88874398;A;G;0.0594059005379676;135
100..300;15;88878096;G;A;0.2010309994220733;260
100..300;15;88878174;A;G;0.1217179968953132;280
100..300;15;88879055;T;C;0.1077279970049858;280
100..300;15;88881350;G;A;0.1043479964137077;165
100..300;15;88887275;T;C;0.0790067985653877;290
100..300;15;88893013;C;T;0.1260270029306411;235
100..300;15;88893064;A;G;0.1144409999251365;245
100..300;15;89193327;C;T;0.1171550005674362;160
100..300;15;89211723;A;G;0.125;120
100..300;15;89274209;A;G;0.0852273032069206;110
100..300;15;89292997;C;G;0.1194029971957206;130
100..300;15;89301457;C;A;0.094674602150917;105
100..300;15;89315371;C;T;0.1155780032277107;135
100..300;15;89317555;C;A;0.0787879005074501;115
100..300;15;89319110;G;A;0.0787037014961242;155
100..300;15;89625462;A;T;0.2201829999685287;230
100..300;15;89627006;T;C;0.1925469934940338;215
100..300;15;89645161;T;A;0.1255230009555816;165
100..300;15;89652777;T;C;0.136363998055458;235
100..300;15;89667032;G;A;0.103932999074459;240
100..300;15;89688239;A;G;0.2054789960384369;105
100..300;15;89804552;T;C;0.0634327977895736;180
100..300;15;89804561;A;C;0.0669291019439697;170
100..300;15;89804583;A;G;0.0666666999459266;145
100..300;15;89806230;A;G;0.0867052003741264;265
100..300;15;90067575;A;C;0.0606060996651649;180
100..300;15;90079820;C;T;0.087179496884346;130
100..300;15;90232411;A;G;0.0742574036121368;120
100..300;15;90241698;A;C;0.0759076029062271;220
100..300;15;90241828;T;C;0.0815789029002189;255
100..300;15;90295118;T;C;0.082822099328041;230
100..300;15;90360270;A;G;0.0985916033387184;240
100..300;15;90491327;G;C;0.1509429961442947;150
100..300;15;90540121;A;G;0.0987123996019363;160
100..300;15;90885060;T;C;0.1636359989643097;110
100..300;15;90885359;G;T;0.2156859934329986;245
100..300;15;90885406;A;G;0.1831399947404861;235
100..300;15;90887387;A;G;0.2062499970197677;110
100..300;15;92281628;C;T;0.1269840002059936;130
100..300;15;92281744;T;C;0.1099999994039535;145
100..300;15;92795989;C;T;0.1041100025177002;245
100..300;15;93002704;C;T;0.0540541000664234;140
100..300;15;93024634;C;A;0.0639534965157508;240
100..300;15;93045059;A;G;0.1103449985384941;205
100..300;15;93052380;T;C;0.1033520027995109;240
100..300;15;94541859;C;T;0.0647059008479118;115
100..300;15;99258298;C;A;0.1144279986619949;145
100..300;15;99258729;A;G;0.1666669994592666;140
100..300;15;99334110;C;T;0.1415089964866638;145
100..300;15;99729430;C;G;0.1302819997072219;200
100..300;15;99729544;A;G;0.168831005692482;200
100..300;15;100109043;A;G;0.0774647966027259;180
100..300;15;100152640;G;A;0.0711297020316124;150
100..300;15;100152748;A;G;0.1550389975309372;160
100..300;15;100472918;A;G;0.0896551981568336;100
100..300;15;100924710;C;T;0.0957446992397308;185
100..300;15;101562774;G;A;0.0844155997037887;100
100..300;16;61249;T;C;0.0545454993844032;180
100..300;16;180579;G;A;0.0695651993155479;135
100..300;16;254515;T;C;0.0594315007328987;260
100..300;16;263407;G;A;0.145455002784729;145
100..300;16;270584;T;C;0.0769231021404266;195
100..300;16;270630;T;C;0.064846396446228;200
100..300;16;272935;T;C;0.0949153006076812;195
100..300;16;274030;TG;T;0.1106870025396347;185
100..300;16;274052;G;A;0.1681160032749176;225
100..300;16;284543;G;C;0.0658435970544815;160
100..300;16;284580;C;G;0.0852017998695373;160
100..300;16;284732;T;C;0.067375898361206;190
100..300;16;286421;A;G;0.0622222013771534;155
100..300;16;286916;T;C;0.0606060996651649;165
100..300;16;347044;T;G;0.1108110025525093;250
100..300;16;369092;G;A;0.0714285969734191;185
100..300;16;369154;A;G;0.0606935992836952;215
100..300;16;376432;C;T;0.0947711989283561;225
100..300;16;377479;C;T;0.099041499197483;205
100..300;16;377516;C;T;0.0943396016955375;215
100..300;16;377657;A;G;0.0613717995584011;200
100..300;16;377784;A;G;0.0593749992549419;210
100..300;16;377820;T;C;0.062295101583004;195
100..300;16;377866;C;T;0.0502513013780117;140
100..300;16;520233;A;G;0.1324999928474426;265
100..300;16;552370;T;C;0.062295101583004;190
100..300;16;564763;C;T;0.0460829995572567;135
100..300;16;564821;G;A;0.0214591994881629;150
100..300;16;565048;A;G;0.0604982003569603;180
100..300;16;565326;C;T;0.055214699357748;110
100..300;16;574114;G;A;0.0404857993125915;165
100..300;16;574713;T;C;0.1062799990177154;140
100..300;16;576346;C;A;0.1753090023994445;280
100..300;16;580902;G;C;0.0976430997252464;190
100..300;16;583125;C;T;0.1711709946393966;230
100..300;16;583353;C;T;0.1459850072860717;265
100..300;16;583354;A;G;0.1453199982643127;265
100..300;16;627629;C;T;0.0881225988268852;175
100..300;16;631280;T;G;0.0491802990436553;150
100..300;16;631284;T;C;0.0481927990913391;160
100..300;16;631325;G;A;0.0557490997016429;175
100..300;16;632566;C;T;0.0872092992067337;120
100..300;16;651656;T;C;0.0555556006729602;190
100..300;16;655360;C;T;0.0232558008283376;165
100..300;16;655844;C;T;0.0852273032069206;240
100..300;16;656534;A;G;0.0731706991791725;145
100..300;16;658275;A;C;0.0774410963058471;180
100..300;16;659001;A;C;0.0690608024597168;235
100..300;16;661326;C;G;0.0507614016532897;145
100..300;16;661582;G;C;0.1141730025410652;195
100..300;16;661712;T;C;0.0481012985110282;260
100..300;16;661905;G;A;0.0607734993100166;255
100..300;16;665990;A;G;0.0453258007764816;230
100..300;16;667523;T;G;0.0954907014966011;250
100..300;16;670986;A;G;0.091566301882267;290
100..300;16;672331;T;C;0.1062360033392906;280
100..300;16;672548;G;A;0.0785339996218681;150
100..300;16;676907;T;C;0.0801282003521919;225
100..300;16;682287;G;GC;0.2040819972753524;150
100..300;16;683424;G;C;0.0730768963694572;180
100..300;16;685794;G;A;0.0390625;170
100..300;16;685921;C;T;0.0508475005626678;160
100..300;16;687269;T;C;0.0813954025506973;180
100..300;16;690404;G;C;0.0505618005990982;120
100..300;16;722141;C;G;0.094117596745491;230
100..300;16;724520;T;C;0.0885246023535728;210
100..300;16;724692;G;A;0.0778442993760109;120
100..300;16;725947;C;G;0.1061090007424354;220
100..300;16;725954;A;C;0.1009169965982437;230
100..300;16;725955;A;C;0.0990990996360778;235
100..300;16;727627;T;C;0.0896226018667221;135
100..300;16;770143;C;T;0.0458015017211437;175
100..300;16;770888;C;T;0.0489129982888698;115
100..300;16;770944;A;T;0.0264550000429153;120
100..300;16;789084;C;A;0.0636703968048095;180
100..300;16;790378;G;A;0.0676157027482986;195
100..300;16;790409;C;T;0.0772200971841812;185
100..300;16;790636;G;C;0.0879765003919601;225
100..300;16;791966;T;C;0.0862068980932235;110
100..300;16;792450;T;C;0.0561404004693031;205
100..300;16;792706;A;G;0.1075699999928474;175
100..300;16;792826;G;A;0.1467179954051971;180
100..300;16;797743;T;C;0.0470587983727455;115
100..300;16;879711;T;C;0.1080000028014183;165
100..300;16;934113;A;C;0.0580645017325878;210
100..300;16;1202369;T;C;0.072649598121643;155
100..300;16;1215600;A;G;0.0696970000863075;210
100..300;16;1341870;G;C;0.0909091010689735;130
100..300;16;1426329;C;T;0.05857739970088;165
100..300;16;1453878;A;T;0.0946372002363205;210
100..300;16;1456129;T;C;0.1087469980120658;285
100..300;16;1486371;A;G;0.0884718969464302;250
100..300;16;1487450;G;C;0.0949720963835716;250
100..300;16;1656434;T;C;0.0957446992397308;195
100..300;16;1765945;T;C;0.0509258992969989;145
100..300;16;1777835;C;T;0.1119690015912056;180
100..300;16;1786795;A;C;0.0730896964669227;205
100..300;16;1788639;C;T;0.0759494006633758;275
100..300;16;1792208;G;A;0.0830945968627929;225
100..300;16;1793671;C;T;0.0334447994828224;180
100..300;16;1978401;C;A;0.0956790000200271;230
100..300;16;1980126;A;G;0.0990990996360778;295
100..300;16;1998795;T;C;0.0792078971862793;130
100..300;16;1998825;G;C;0.0981594994664192;110
100..300;16;1999639;G;A;0.1810699999332428;165
100..300;16;1999727;T;C;0.0920000001788139;170
100..300;16;1999848;C;T;0.0827068015933036;195
100..300;16;1999881;GTCC;G;0.0905349999666214;200
100..300;16;2000191;T;G;0.0481927990913391;270
100..300;16;2089874;A;G;0.105504997074604;145
100..300;16;2295708;A;G;0.1127170026302337;220
100..300;16;2462541;C;G;0.1078429967164993;135
100..300;16;2497033;G;C;0.1058819964528083;175
100..300;16;2529049;A;G;0.0918634980916976;250
100..300;16;2771572;T;C;0.108303003013134;185
100..300;16;2820949;A;G;0.0935961008071899;150
100..300;16;2933137;T;C;0.0524016991257667;150
100..300;16;2933482;G;C;0.0762462988495826;230
100..300;16;2937278;T;G;0.0766870975494384;210
100..300;16;2992911;A;C;0.107692003250122;220
100..300;16;3090615;C;T;0.119047999382019;135
100..300;16;3091559;T;C;0.123710997402668;130
100..300;16;3243888;T;C;0.0956937968730926;150
100..300;16;3243922;T;A;0.0935252010822296;190
100..300;16;3254626;G;C;0.0517240986227989;155
100..300;16;3483577;G;C;0.0902526974678039;185
100..300;16;3484892;A;G;0.0822943001985549;270
100..300;16;3589229;A;G;0.0969387963414192;265
100..300;16;3662962;T;C;0.0964467003941536;130
100..300;16;3983435;C;T;0.0641508996486663;175
100..300;16;4343195;G;A;0.0877863019704818;170
100..300;16;4779683;T;C;0.0625;190
100..300;16;4870504;T;C;0.076554998755455;135
100..300;16;4899136;A;G;0.1078839972615242;170
100..300;16;5078816;A;G;0.0957446992397308;240
100..300;16;5090560;T;C;0.0830861032009124;230
100..300;16;5095473;T;C;0.0728290975093841;225
100..300;16;6913969;T;C;0.0689655020833015;120
100..300;16;8635267;A;G;0.0601265989243984;210
100..300;16;8774919;A;C;0.0664061978459358;175
100..300;16;10769107;G;A;0.0576923005282878;165
100..300;16;10907886;A;G;0.2245759963989257;175
100..300;16;11553636;C;T;0.1272729933261871;220
100..300;16;11556469;A;G;0.1853280067443847;175
100..300;16;11758498;C;A;0.209756001830101;130
100..300;16;11765485;G;A;0.179309993982315;100
100..300;16;11875867;C;G;0.2119210064411163;210
100..300;16;12069112;G;A;0.0772726982831955;140
100..300;16;12526556;T;G;0.1396649926900863;120
100..300;16;12908502;C;T;0.2091249972581863;170
100..300;16;12908530;T;C;0.2026579976081848;195
100..300;16;13920383;A;G;0.1500000059604644;145
100..300;16;13935176;A;G;0.0855856016278266;155
100..300;16;13948101;C;T;0.1917400062084198;245
100..300;16;14240669;T;C;0.0836820006370544;170
100..300;16;15586785;T;C;0.0914634019136428;220
100..300;16;15724635;C;CG;0.0784982964396476;205
100..300;16;15771615;A;G;0.0897755995392799;265
100..300;16;16079375;T;G;0.158730000257492;205
100..300;16;16134385;A;G;0.0993150994181633;190
100..300;16;16157742;T;C;0.0930233001708984;230
100..300;16;16185006;T;G;0.0960699021816253;150
100..300;16;16185012;C;G;0.1000000014901161;145
100..300;16;16187150;G;A;0.0712165981531143;215
100..300;16;16198014;C;G;0.0736195966601371;115
100..300;16;17200491;A;G;0.0659340992569923;125
100..300;16;18854886;G;C;0.1229949966073036;135
100..300;16;19037931;T;A;0.0718749985098838;220
100..300;16;19223170;T;C;0.1543619930744171;105
100..300;16;19460249;A;G;0.1504849940538406;135
100..300;16;19487179;A;C;0.0873785987496376;150
100..300;16;19487243;G;A;0.138710007071495;215
100..300;16;19536794;A;G;0.0871369019150734;180
100..300;16;19536968;A;G;0.1210940033197403;180
100..300;16;20319614;T;C;0.0918918997049331;115
100..300;16;20341296;A;C;0.0925925970077514;120
100..300;16;20431331;A;G;0.1481480002403259;125
100..300;16;20997368;C;T;0.0990711972117424;215
100..300;16;21140592;T;G;0.0849673002958297;200
100..300;16;21174063;A;G;0.1531790047883987;220
100..300;16;21204351;G;A;0.09375;130
100..300;16;21275606;G;A;0.0980392023921012;105
100..300;16;21965441;A;G;0.0802469030022621;100
100..300;16;22080746;C;A;0.0960452035069465;115
100..300;16;22126282;A;G;0.0454544983804225;135
100..300;16;22132997;T;C;0.1027029976248741;245
100..300;16;22166935;A;G;0.0750987976789474;160
100..300;16;22251193;A;C;0.1705880016088485;105
100..300;16;22815018;G;A;0.1258279979228973;205
100..300;16;23380765;T;C;0.061151098459959;190
100..300;16;23710959;A;G;0.0804598033428192;165
100..300;16;24884040;T;C;0.0787402018904686;170
100..300;16;25228484;C;G;0.0630251988768577;150
100..300;16;25244185;T;C;0.106452003121376;210
100..300;16;25246714;G;A;0.096000000834465;165
100..300;16;25251957;A;G;0.0898875966668129;175
100..300;16;25257047;G;A;0.0678571015596389;185
100..300;16;25454404;T;C;0.1418920010328292;105
100..300;16;27363836;C;T;0.0529101006686687;125
100..300;16;27749719;T;C;0.0840336009860038;245
100..300;16;27761500;T;C;0.0862620025873184;210
100..300;16;27777669;A;G;0.0914826020598411;210
100..300;16;28495107;T;C;0.1032610014081001;130
100..300;16;28498069;G;C;0.0988593026995658;190
100..300;16;28538187;A;G;0.0882352963089943;160
100..300;16;28591670;G;A;0.1011559963226318;220
100..300;16;28591691;G;A;0.0766773000359535;200
100..300;16;28593365;G;A;0.076554998755455;145
100..300;16;28845498;T;C;0.1166670024394989;120
100..300;16;28887472;C;T;0.1199999973177909;195
100..300;16;28986676;A;G;0.0943396016955375;220
100..300;16;29397634;T;C;0.1049380004405975;195
100..300;16;29664607;T;C;0.0520832985639572;225
100..300;16;29897112;G;C;0.1463409960269928;140
100..300;16;29901481;GGGT;G;0.0772058963775634;205
100..300;16;30086309;T;C;0.0859598964452743;230
100..300;16;30089080;T;C;0.0466925986111164;175
100..300;16;30481502;T;C;0.0738006979227066;190
100..300;16;30499250;T;C;0.0940171033143997;180
100..300;16;31061588;A;G;0.0833332985639572;195
100..300;16;31085174;C;G;0.1004899963736534;270
100..300;16;31132672;T;C;0.0750000029802322;205
100..300;16;31143577;T;C;0.07462690025568;190
100..300;16;31325398;A;G;0.0890410989522934;200
100..300;16;31373233;C;T;0.0880502983927726;110
100..300;16;31464865;G;C;0.0541400983929634;195
100..300;16;31528613;T;G;0.0683453008532524;185
100..300;16;31547360;A;G;0.1654680073261261;100
100..300;16;31568951;T;C;0.2000000029802322;225
100..300;16;31569209;C;A;0.1622640043497085;180
100..300;16;35173663;A;G;0.0641025975346565;110
100..300;16;48130866;C;T;0.0984456017613411;125
100..300;16;49396623;A;G;0.139285996556282;190
100..300;16;50058779;A;G;0.1160219982266426;145
100..300;16;50608290;C;G;0.1356589943170547;165
100..300;16;50675812;A;G;0.0936454981565475;190
100..300;16;50699948;G;C;0.1315789967775344;140
100..300;16;50711672;G;T;0.1025639995932579;215
100..300;16;51138766;A;G;0.1187499985098838;215
100..300;16;52439351;G;A;0.1747210025787353;185
100..300;16;52935001;G;A;0.1088080033659935;140
100..300;16;53229052;T;C;0.0987654030323028;110
100..300;16;53304497;G;GTTC;0.0693069025874137;165
100..300;16;53602088;A;G;0.1041669994592666;130
100..300;16;53649037;T;C;0.1346150040626526;165
100..300;16;55327581;T;C;0.1784040033817291;160
100..300;16;55460772;G;C;0.1021509990096092;130
100..300;16;55846568;C;A;0.1129940003156662;240
100..300;16;55846622;C;G;0.0839695036411285;190
100..300;16;55871764;T;C;0.1088439971208572;100
100..300;16;56334777;T;C;0.0784884020686149;220
100..300;16;56633330;A;T;0.1631579995155334;250
100..300;16;56644113;A;G;0.0906148999929428;200
100..300;16;56658058;T;A;0.0474307984113693;160
100..300;16;56677646;T;C;0.211339995265007;250
100..300;16;56686969;T;C;0.0958904027938842;100
100..300;16;56687861;T;A;0.1201919987797737;140
100..300;16;57026812;A;G;0.0953947007656097;210
100..300;16;57036092;CT;C;0.0922330021858215;140
100..300;16;57051635;G;T;0.0769231021404266;135
100..300;16;57127916;A;G;0.0923077017068862;170
100..300;16;57249818;A;G;0.0974576026201248;155
100..300;16;57363537;T;C;0.0757576003670692;180
100..300;16;57436652;C;G;0.0989582985639572;125
100..300;16;57440775;C;G;0.0795454978942871;115
100..300;16;57661692;T;C;0.101851999759674;145
100..300;16;57698100;A;G;0.0915751010179519;185
100..300;16;57753536;A;G;0.0675676017999649;105
100..300;16;57920544;G;A;0.1313869953155517;100
100..300;16;57998122;A;G;0.1560849994421005;265
100..300;16;58280529;C;T;0.0786885023117065;220
100..300;16;58280694;T;C;0.0590551011264324;180
100..300;16;58495711;T;C;0.0692521035671234;225
100..300;16;58508997;A;G;0.0675676017999649;150
100..300;16;58541585;A;G;0.1066669970750808;150
100..300;16;58546309;C;T;0.1161290034651756;110
100..300;16;58553833;T;C;0.0815216973423957;115
100..300;16;59754458;C;T;0.1352940052747726;115
100..300;16;59754538;C;T;0.1355929970741272;165
100..300;16;66778894;T;C;0.1225489974021911;135
100..300;16;66914421;A;G;0.1576350033283233;130
100..300;16;67003151;C;A;0.1115880012512207;155
100..300;16;67006432;A;G;0.0716845989227294;190
100..300;16;67146268;C;T;0.0938775986433029;155
100..300;16;67287017;T;C;0.0744185969233512;150
100..300;16;67654269;C;T;0.0727273002266883;160
100..300;16;67830493;A;G;0.0818713009357452;230
100..300;16;67870787;C;T;0.0769231021404266;120
100..300;16;68698146;C;A;0.1139599978923797;235
100..300;16;69109674;G;A;0.0606060996651649;270
100..300;16;69143365;T;C;0.103932999074459;240
100..300;16;69270145;G;A;0.1139239966869354;155
100..300;16;69320779;T;C;0.1255230009555816;155
100..300;16;69321252;A;G;0.0430621989071369;145
100..300;16;69322709;G;C;0.1475410014390945;125
100..300;16;69330127;A;G;0.0677082985639572;110
100..300;16;69343567;G;A;0.0565476007759571;230
100..300;16;69343596;C;T;0.0875421017408371;200
100..300;16;69347866;T;C;0.1088609993457794;255
100..300;16;69385491;A;G;0.1283420026302337;125
100..300;16;69424876;A;G;0.0601092986762523;125
100..300;16;69982670;A;G;0.0997304990887641;235
100..300;16;70466972;C;T;0.0750750973820686;220
100..300;16;70664191;A;G;0.1086959987878799;145
100..300;16;70692892;A;C;0.0911853983998298;220
100..300;16;71230620;A;T;0.0992555990815162;270
100..300;16;71230658;G;A;0.1216220036149025;295
100..300;16;71449594;G;C;0.1201549991965293;195
100..300;16;71475876;T;C;0.0841751024127006;210
100..300;16;71626407;A;G;0.0506757013499736;185
100..300;16;71634731;G;T;0.0755556002259254;160
100..300;16;71640979;G;C;0.0902255997061729;185
100..300;16;71734597;C;T;0.1428570002317428;125
100..300;16;71949873;C;G;0.115385003387928;170
100..300;16;71953096;A;G;0.1161290034651756;110
100..300;16;71967211;A;G;0.1070339977741241;210
100..300;16;71970053;C;G;0.1094219982624054;220
100..300;16;71993292;A;T;0.0865385010838508;140
100..300;16;71999902;T;G;0.0615836009383201;225
100..300;16;72008783;C;A;0.1019899994134903;265
100..300;16;72120111;T;C;0.0759999975562095;170
100..300;16;72129067;T;G;0.1052630022168159;135
100..300;16;72150667;T;C;0.1609909981489181;220
100..300;16;73941295;G;A;0.2083330005407333;190
100..300;16;74465691;A;G;0.1875;165
100..300;16;74886293;A;G;0.0515463985502719;130
100..300;16;74887763;T;A;0.0590909011662006;145
100..300;16;75235636;T;C;0.165815994143486;270
100..300;16;75236823;A;C;0.2047780007123947;195
100..300;16;75714908;C;T;0.1233600005507469;260
100..300;16;76448850;G;C;0.1241379976272583;190
100..300;16;76553305;G;T;0.1346939951181411;165
100..300;16;76553434;C;T;0.1239669993519783;165
100..300;16;77212620;A;C;0.1188120022416114;130
100..300;16;77735937;A;G;0.1017440035939216;225
100..300;16;78030836;A;C;0.0858896002173423;110
100..300;16;78386878;A;G;0.0682926997542381;125
100..300;16;78574199;C;T;0.2461539953947067;255
100..300;16;79133791;G;A;0.1111110001802444;145
100..300;16;79585938;A;G;0.0925925970077514;110
100..300;16;79599908;T;TGCC;0.1756100058555603;170
100..300;16;80126848;C;G;0.0977011024951934;110
100..300;16;81061486;G;A;0.1820729970932006;250
100..300;16;81108652;C;T;0.1944440007209777;145
100..300;16;81133709;A;G;0.1158540025353431;110
100..300;16;81157103;C;A;0.0687500014901161;110
100..300;16;81160923;T;C;0.0736195966601371;115
100..300;16;81177891;A;C;0.0627178028225898;190
100..300;16;81177943;A;G;0.0740740969777107;160
100..300;16;81185582;T;C;0.0641508996486663;170
100..300;16;81268089;T;A;0.1024589985609054;170
100..300;16;81270154;C;T;0.0782122984528541;130
100..300;16;81476117;C;T;0.1631419956684112;225
100..300;16;81786071;T;A;0.1058019995689392;195
100..300;16;81859103;A;T;0.0774194002151489;105
100..300;16;81908423;G;C;0.0719999969005584;160
100..300;16;82148776;G;T;0.1134020015597343;185
100..300;16;82170181;G;C;0.0760233998298645;105
100..300;16;82858432;G;A;0.1148329973220825;140
100..300;16;83981020;T;C;0.0981817990541458;180
100..300;16;84174729;T;G;0.0664962008595466;260
100..300;16;84176132;C;T;0.0928962007164955;255
100..300;16;84176210;C;T;0.0934066027402877;240
100..300;16;84176258;C;G;0.1065289974212646;205
100..300;16;84178965;A;C;0.0707070976495742;195
100..300;16;84179508;T;C;0.0882352963089943;210
100..300;16;84179828;T;A;0.0755207985639572;270
100..300;16;84179935;AC;A;0.0752212032675743;175
100..300;16;84181784;C;T;0.0863095000386238;230
100..300;16;84195830;A;G;0.0742048993706703;195
100..300;16;84195974;T;C;0.117807999253273;235
100..300;16;84223013;T;C;0.0909091010689735;130
100..300;16;84368669;C;G;0.0714285969734191;150
100..300;16;84452071;A;T;0.0811688005924224;205
100..300;16;84459475;A;G;0.0843373015522956;120
100..300;16;84462134;C;G;0.0878048986196518;145
100..300;16;84657827;T;C;0.1188810020685195;190
100..300;16;84845858;G;A;0.1970590054988861;220
100..300;16;85670978;G;A;0.0493827015161514;105
100..300;16;85678254;T;C;0.0714285969734191;170
100..300;16;86532276;C;G;0.0833332985639572;235
100..300;16;86532433;T;C;0.0992064028978347;180
100..300;16;86532436;A;G;0.0931174010038375;180
100..300;16;86542131;T;C;0.067375898361206;175
100..300;16;87052881;A;G;0.2663320004940033;135
100..300;16;87335472;T;C;0.0648854970932006;175
100..300;16;87644538;C;T;0.1653539985418319;265
100..300;16;87644559;A;G;0.0779220983386039;270
100..300;16;87690232;C;T;0.0741840004920959;220
100..300;16;87701921;A;G;0.1020409986376762;285
100..300;16;87708056;A;C;0.1296299993991851;140
100..300;16;87748790;A;C;0.0729613974690437;155
100..300;16;87755230;A;G;0.0710059031844139;105
100..300;16;87761974;C;G;0.0619194991886615;210
100..300;16;88018419;C;G;0.1020409986376762;120
100..300;16;88018540;T;C;0.0873015969991684;235
100..300;16;88428959;A;G;0.0931989997625351;270
100..300;16;88429600;C;T;0.123710997402668;190
100..300;16;88435800;T;A;0.0933661013841629;285
100..300;16;88639922;T;C;0.0668257996439933;270
100..300;16;88712102;A;G;0.0644067972898483;205
100..300;16;88712624;C;G;0.1230769976973533;165
100..300;16;88715671;A;G;0.0691244006156921;145
100..300;16;88721652;A;G;0.0790959969162941;240
100..300;16;88741488;A;G;0.06751050055027;155
100..300;16;88811640;A;G;0.0425532013177871;170
100..300;16;89100730;C;G;0.0961038991808891;250
100..300;16;89102592;T;C;0.112745001912117;135
100..300;16;89179547;T;C;0.0913579985499382;270
100..300;16;89195074;A;C;0.0861618965864181;255
100..300;16;89198687;T;C;0.099722996354103;245
100..300;16;89227322;T;C;0.1051049977540969;240
100..300;16;89228419;G;A;0.0553633011877536;200
100..300;16;89280475;G;C;0.0540541000664234;235
100..300;16;89281610;T;C;0.0808383002877235;240
100..300;16;89282720;A;G;0.0704606994986534;270
100..300;16;89282969;C;G;0.1014489978551864;295
100..300;16;89561665;A;G;0.0898203998804092;160
100..300;16;89697634;G;A;0.0555556006729602;240
100..300;16;89845640;A;G;0.058823499828577;145
100..300;16;89911245;A;G;0.125448003411293;180
100..300;16;90095932;T;C;0.1038059964776039;215
100..300;17;744917;A;G;0.1062989979982376;180
100..300;17;782512;A;G;0.0691244006156921;295
100..300;17;819449;A;G;0.0651163011789321;140
100..300;17;1280318;C;T;0.0688704997301101;240
100..300;17;1709483;C;G;0.0991379022598266;175
100..300;17;1801002;A;C;0.1117319986224174;130
100..300;17;1827927;G;A;0.1107140034437179;185
100..300;17;2299873;G;T;0.0736842006444931;275
100..300;17;2333110;C;T;0.0599078014492988;150
100..300;17;2361819;A;C;0.0782122984528541;125
100..300;17;2363505;A;G;0.0819113031029701;195
100..300;17;2363518;C;T;0.0897009968757629;200
100..300;17;2365017;A;G;0.0545454993844032;180
100..300;17;2692670;A;G;0.1282050013542175;210
100..300;17;2696892;A;G;0.0987654030323028;155
100..300;17;2980294;A;C;0.0786516964435577;175
100..300;17;2981251;G;A;0.0679244995117187;185
100..300;17;3092278;A;G;0.1470589935779571;120
100..300;17;3116431;C;T;0.1351349949836731;160
100..300;17;3116477;TC;T;0.1107589974999427;225
100..300;17;3116525;A;G;0.1160949990153312;245
100..300;17;3116587;T;C;0.1233929991722107;270
100..300;17;3116848;T;C;0.0836364030838012;195
100..300;17;3117358;C;T;0.1578949987888336;105
100..300;17;3154119;C;T;0.0802920013666153;190
100..300;17;3154217;T;G;0.0596591010689735;245
100..300;17;3154330;T;A;0.068241499364376;255
100..300;17;3154337;G;C;0.0684211030602455;255
100..300;17;3154496;T;C;0.0798610970377922;200
100..300;17;3278090;T;C;0.2122189998626709;210
100..300;17;3660669;G;C;0.0879999995231628;165
100..300;17;3690982;T;TG;0.1443659961223602;190
100..300;17;3732351;G;A;0.0830769017338752;220
100..300;17;3732474;C;A;0.1757189929485321;210
100..300;17;3753865;T;C;0.2192980051040649;215
100..300;17;3761183;AATT;A;0.1932370066642761;155
100..300;17;4448265;A;G;0.1683499962091446;185
100..300;17;4453080;T;G;0.1785710006952285;250
100..300;17;4742317;T;C;0.0289016999304294;115
100..300;17;4809100;T;A;0.0628271996974945;130
100..300;17;4818081;G;A;0.0790959969162941;115
100..300;17;4818838;T;C;0.0836502015590667;170
100..300;17;4822625;C;T;0.076470598578453;115
100..300;17;4892979;C;T;0.1360539942979812;190
100..300;17;4892991;T;C;0.1312499940395355;205
100..300;17;4895994;T;C;0.1101320013403892;160
100..300;17;4899034;A;G;0.0528302006423473;180
100..300;17;4900416;A;G;0.1033589988946914;240
100..300;17;4933086;T;C;0.0672269016504287;255
100..300;17;4952789;T;TC;0.04782610014081;160
100..300;17;4972333;G;A;0.1048159971833229;240
100..300;17;5020802;G;C;0.0866141989827156;180
100..300;17;5034056;T;G;0.0954653993248939;295
100..300;17;5583844;G;C;0.1893489956855774;225
100..300;17;6088024;T;C;0.0646388009190559;165
100..300;17;6503563;T;C;0.1180120036005973;215
100..300;17;6538056;A;G;0.1327009946107864;130
100..300;17;6610009;A;G;0.0846773982048034;160
100..300;17;6620978;A;T;0.1296299993991851;115
100..300;17;6694161;A;G;0.0961538031697273;135
100..300;17;6695776;A;G;0.1063830032944679;215
100..300;17;6703999;T;C;0.0710382983088493;235
100..300;17;6800802;T;C;0.0704846009612083;150
100..300;17;7001615;G;A;0.1304350048303604;170
100..300;17;7075860;G;A;0.0819208994507789;235
100..300;17;7075899;A;AATAGG;0.0957854017615318;190
100..300;17;7076786;A;G;0.098639503121376;200
100..300;17;7076954;T;C;0.0833332985639572;190
100..300;17;7078078;G;A;0.1304350048303604;205
100..300;17;7108754;T;G;0.0599368996918201;215
100..300;17;7108758;T;C;0.0601265989243984;215
100..300;17;7108760;T;C;0.0603175014257431;215
100..300;17;7114101;A;G;0.0972763001918792;185
100..300;17;7176997;T;C;0.0615763999521732;270
100..300;17;7196492;A;G;0.104762002825737;140
100..300;17;7230290;A;G;0.0723270028829574;210
100..300;17;7235919;A;G;0.0795847997069358;210
100..300;17;7321602;G;C;0.0688704997301101;250
100..300;17;7383007;A;T;0.1992879956960678;180
100..300;17;7383694;T;TC;0.088669903576374;170
100..300;17;7415616;T;C;0.0545976981520652;230
100..300;17;7426313;G;T;0.09375;230
100..300;17;7463332;G;C;0.1133000031113624;275
100..300;17;7496547;A;G;0.1487340033054351;215
100..300;17;7508451;T;C;0.186147004365921;155
100..300;17;7564960;T;C;0.2588239908218384;185
100..300;17;7630399;C;T;0.2426470071077346;110
100..300;17;7655719;T;C;0.0425532013177871;130
100..300;17;7776841;A;G;0.1217949986457824;100
100..300;17;7802026;C;G;0.0829268023371696;140
100..300;17;8003871;T;C;0.0763052031397819;180
100..300;17;8012602;A;G;0.0930233001708984;125
100..300;17;8013961;A;T;0.0982367992401123;250
100..300;17;8039583;G;C;0.0492423996329307;175
100..300;17;8080651;C;G;0.1060609966516494;125
100..300;17;8081161;A;G;0.0979228019714355;225
100..300;17;8096639;A;G;0.0496454015374183;185
100..300;17;8263180;A;G;0.1010100021958351;250
100..300;17;8743697;A;G;0.0655021965503692;150
100..300;17;8758323;T;C;0.0821918025612831;235
100..300;17;8797798;A;G;0.0909091010689735;200
100..300;17;8798481;T;G;0.1174860000610351;260
100..300;17;8835258;G;A;0.0857143029570579;165
100..300;17;9682848;T;C;0.186147004365921;145
100..300;17;9771584;T;C;0.0810810998082161;280
100..300;17;9771605;G;A;0.0939759016036987;280
100..300;17;9771659;C;T;0.0925925970077514;225
100..300;17;9821774;A;G;0.1286759972572326;195
100..300;17;9821776;T;C;0.126811996102333;195
100..300;17;9861214;G;A;0.2178770005702972;125
100..300;17;10328100;T;C;0.1368820071220398;180
100..300;17;10524607;A;G;0.1831679940223693;235
100..300;17;10795417;T;G;0.2105260044336319;155
100..300;17;10795437;A;T;0.1951220035552978;140
100..300;17;11608140;T;C;0.046025101095438;165
100..300;17;11629398;C;T;0.0653266012668609;135
100..300;17;11629518;G;A;0.0942028984427452;185
100..300;17;11747740;G;A;0.0769231021404266;140
100..300;17;11834621;A;G;0.1410260051488876;110
100..300;17;11834624;T;C;0.1500000059604644;110
100..300;17;11854239;G;C;0.1108309999108314;270
100..300;17;11929970;G;A;0.0620154999196529;250
100..300;17;11930048;A;G;0.0736040994524955;260
100..300;17;11932004;T;C;0.0931174010038375;165
100..300;17;11932014;A;G;0.0892193019390106;180
100..300;17;11962145;A;G;0.0819113031029701;200
100..300;17;12753100;C;T;0.0761589035391807;215
100..300;17;14345059;G;A;0.1693989932537078;105
100..300;17;15230858;G;T;0.1046509966254234;230
100..300;17;15593416;G;A;0.1124999970197677;240
100..300;17;15628833;A;G;0.1206429973244667;240
100..300;17;16158820;C;G;0.0577616989612579;180
100..300;17;16422654;G;A;0.0429798997938632;230
100..300;17;16422691;C;A;0.0564103014767169;250
100..300;17;16433678;G;C;0.0691488981246948;120
100..300;17;16443618;T;G;0.0656716004014015;215
100..300;17;16925336;G;A;0.0683453008532524;180
100..300;17;16925490;A;G;0.0948904976248741;185
100..300;17;16933111;A;G;0.1068489998579025;235
100..300;17;16939598;G;A;0.1069959998130798;170
100..300;17;17142710;A;C;0.1003720015287399;175
100..300;17;17158927;G;C;0.1424500048160553;225
100..300;17;17165791;A;G;0.216958001255989;280
100..300;17;17796723;A;AAGG;0.1272729933261871;285
100..300;17;18138193;T;C;0.1818179935216903;190
100..300;17;18144511;A;G;0.1264369934797287;110
100..300;17;18153853;T;A;0.1829790025949478;150
100..300;17;18155207;T;C;0.2129629999399185;220
100..300;17;18156180;T;C;0.2119569927453994;120
100..300;17;18238579;T;C;0.0983607023954391;255
100..300;17;18290627;A;G;0.0572289004921913;210
100..300;17;18302436;T;TGGAGAGTGAA;0.0846560969948768;150
100..300;17;18305230;A;G;0.0895522013306617;125
100..300;17;18316428;A;G;0.0740740969777107;240
100..300;17;18317360;T;C;0.0613497011363506;230
100..300;17;18317820;T;C;0.0750000029802322;225
100..300;17;18322863;T;G;0.0858896002173423;225
100..300;17;18328782;A;G;0.0894941985607147;165
100..300;17;18969024;C;T;0.104212999343872;295
100..300;17;18971372;CGGT;C;0.088669903576374;155
100..300;17;18971407;G;C;0.0959409996867179;185
100..300;17;18976955;A;C;0.1325969994068145;240
100..300;17;19313263;T;C;0.0784313976764679;170
100..300;17;19497061;T;C;0.1063830032944679;135
100..300;17;19705460;A;G;0.2012989968061447;200
100..300;17;19713923;T;G;0.1618359982967376;265
100..300;17;19739639;C;G;0.1464969962835312;210
100..300;17;20754485;C;T;0.1167510002851486;125
100..300;17;20775678;G;GA;0.0693641975522041;140
100..300;17;27082786;A;G;0.0592334009706974;190
100..300;17;27083059;T;C;0.0945945978164672;200
100..300;17;27083289;G;A;0.1449809968471527;185
100..300;17;27083613;C;T;0.1428570002317428;165
100..300;17;27083661;G;C;0.1345289945602417;160
100..300;17;27083708;G;A;0.0865385010838508;140
100..300;17;27430075;T;C;0.0859107002615928;190
100..300;17;27588547;A;G;0.1302080005407333;125
100..300;17;27664068;A;G;0.0659340992569923;110
100..300;17;28227749;T;C;0.0355871990323066;195
100..300;17;28529243;G;A;0.0718953981995582;100
100..300;17;28620028;C;A;0.0733333006501197;100
100..300;17;28620634;A;G;0.1073829978704452;100
100..300;17;28628312;C;A;0.0650155022740364;210
100..300;17;28687378;T;C;0.0899183005094528;240
100..300;17;28687465;A;C;0.0904977023601532;150
100..300;17;28691078;G;A;0.08695650100708;120
100..300;17;28717464;A;C;0.0878048986196518;145
100..300;17;28725340;T;C;0.0906250029802322;220
100..300;17;28738193;C;T;0.0555556006729602;195
100..300;17;28880553;T;C;0.0717488974332809;140
100..300;17;28883235;C;T;0.0949720963835716;115
100..300;17;28959833;C;T;0.094861701130867;170
100..300;17;29055043;A;C;0.0651163011789321;145
100..300;17;29097298;A;G;0.132530003786087;160
100..300;17;29253738;T;C;0.0967741981148719;205
100..300;17;30451799;C;T;0.1433569937944412;180
100..300;17;31517640;G;C;0.0681817978620529;150
100..300;17;31517891;G;A;0.117646999657154;130
100..300;17;31901637;A;G;0.1102660000324249;175
100..300;17;31994548;G;T;0.1418920010328292;100
100..300;17;32112305;A;G;0.1143700033426284;245
100..300;17;32150662;A;C;0.0837209001183509;145
100..300;17;32206951;G;A;0.1274130046367645;175
100..300;17;32227931;G;A;0.125;125
100..300;17;32228084;A;G;0.0509804002940654;170
100..300;17;32343972;A;G;0.0568719990551471;140
100..300;17;32365377;T;G;0.0992366001009941;170
100..300;17;32369277;A;G;0.1000000014901161;215
100..300;17;34256250;C;T;0.0722891986370086;165
100..300;17;34626239;A;G;0.0662650987505912;110
100..300;17;34959645;G;A;0.0744185969233512;135
100..300;17;35106468;T;C;0.244047999382019;110
100..300;17;35118530;A;G;0.137254998087883;165
100..300;17;35363600;T;G;0.2142859995365142;205
100..300;17;35441180;A;G;0.1263159960508346;265
100..300;17;35490181;T;C;0.0920635014772415;220
100..300;17;35554612;C;T;0.1063830032944679;170
100..300;17;35554699;A;G;0.1370559930801391;130
100..300;17;35554715;G;A;0.1644739955663681;110
100..300;17;35671783;C;G;0.0725388973951339;125
100..300;17;35745012;A;G;0.0925450026988983;280
100..300;17;36507785;A;G;0.114155001938343;150
100..300;17;36515878;C;T;0.0846773982048034;165
100..300;17;36586165;A;G;0.079847902059555;175
100..300;17;36989342;C;T;0.2090400010347366;240
100..300;17;38322567;T;G;0.0785498023033142;210
100..300;17;38352502;C;T;0.0577777996659278;140
100..300;17;38770478;G;T;0.1058819964528083;230
100..300;17;38770514;A;G;0.1069179996848106;210
100..300;17;39032191;C;CTG;0.0716179981827735;285
100..300;17;39152539;A;G;0.0353982001543045;150
100..300;17;39160735;C;T;0.0578511990606784;160
100..300;17;39162776;G;T;0.119497001171112;205
100..300;17;39162812;T;C;0.0981013029813766;195
100..300;17;39162850;C;T;0.0829693973064422;150
100..300;17;39165708;T;C;0.0634920969605445;125
100..300;17;39699581;A;C;0.0659897997975349;135
100..300;17;39742469;A;G;0.0285714007914066;135
100..300;17;39944420;G;C;0.0916905030608177;245
100..300;17;39986725;T;C;0.0867052003741264;115
100..300;17;39989901;C;T;0.0476190000772476;170
100..300;17;40019613;A;G;0.0794392973184585;145
100..300;17;40029853;T;C;0.0636363998055458;150
100..300;17;40300899;A;G;0.0981013029813766;205
100..300;17;40332287;G;A;0.092050202190876;170
100..300;17;40337898;T;C;0.0960960984230041;225
100..300;17;40340500;A;T;0.0735293999314308;180
100..300;17;40344662;C;T;0.073913000524044;150
100..300;17;40344676;C;G;0.0692640990018844;150
100..300;17;40484492;T;C;0.0994151979684829;110
100..300;17;40488873;G;A;0.1125650033354759;250
100..300;17;40782305;A;G;0.0733496025204658;285
100..300;17;40782339;G;C;0.095238097012043;265
100..300;17;40834751;C;T;0.2103450000286102;210
100..300;17;40936532;T;C;0.0657534003257751;255
100..300;17;40960476;A;G;0.0895522013306617;230
100..300;17;40978837;A;G;0.0983213037252426;290
100..300;17;40983096;G;A;0.1262139976024627;135
100..300;17;41424487;A;C;0.0850000008940696;285
100..300;17;41437470;T;C;0.1011900007724762;220
100..300;17;41438134;T;C;0.0992555990815162;275
100..300;17;41438864;T;G;0.0912408977746963;175
100..300;17;41449108;T;G;0.1091950014233589;105
100..300;17;41464313;T;C;0.0849315002560615;245
100..300;17;41465816;T;G;0.0851064026355743;250
100..300;17;41467111;C;T;0.1000000014901161;205
100..300;17;41477065;G;A;0.1561339944601059;180
100..300;17;41477097;C;G;0.1401270031929016;210
100..300;17;41478373;G;A;0.2599470019340515;240
100..300;17;41478942;A;G;0.0657534003257751;240
100..300;17;41480992;G;A;0.1961410045623779;210
100..300;17;41486553;G;A;0.1056599989533424;180
100..300;17;41487394;A;G;0.1370970010757446;245
100..300;17;41489769;G;A;0.1586399972438812;235
100..300;17;41505114;C;G;0.1098899990320205;245
100..300;17;41727420;A;G;0.2023809999227523;165
100..300;17;41727813;A;C;0.140077993273735;170
100..300;17;41865245;A;G;0.0609756000339984;160
100..300;17;41973846;A;G;0.1736689954996109;245
100..300;17;42039704;T;C;0.0470587983727455;105
100..300;17;42103794;T;C;0.0560748018324375;150
100..300;17;42592451;T;C;0.0636942982673645;100
100..300;17;42670660;T;C;0.0451612994074821;200
100..300;17;43022008;C;A;0.0275861993432045;180
100..300;17;43071077;C;T;0.0855456963181495;235
100..300;17;43079499;T;C;0.1215810030698776;230
100..300;17;43082453;G;A;0.1095099970698356;220
100..300;17;43091983;C;T;0.1135530024766922;180
100..300;17;43092418;C;T;0.0810810998082161;180
100..300;17;43092919;A;G;0.1504420042037964;160
100..300;17;43093220;G;A;0.0903225988149643;115
100..300;17;43093449;A;G;0.135245993733406;160
100..300;17;43125170;C;G;0.0799999982118606;135
100..300;17;43138657;C;G;0.0717300027608871;175
100..300;17;43178007;C;T;0.1092899963259697;120
100..300;17;43201789;T;C;0.0552994981408119;140
100..300;17;43209941;G;A;0.1030040010809898;155
100..300;17;43223574;G;A;0.0540541000664234;130
100..300;17;43814069;A;G;0.0552764013409614;140
100..300;17;43814105;G;A;0.078125;140
100..300;17;43848758;T;C;0.0960187017917633;280
100..300;17;43917426;T;C;0.1721609979867935;185
100..300;17;44078374;T;C;0.0487805008888244;225
100..300;17;44210151;T;C;0.1107380017638206;205
100..300;17;44229293;T;C;0.1308899968862533;130
100..300;17;44351170;A;G;0.0619834996759891;155
100..300;17;44398594;C;A;0.0856269001960754;220
100..300;17;44926116;C;T;0.0674486979842186;220
100..300;17;45099436;T;C;0.1046509966254234;170
100..300;17;45112954;C;T;0.0474137999117374;160
100..300;17;45115454;G;A;0.095238097012043;285
100..300;17;45149520;G;A;0.0615384988486766;235
100..300;17;45149847;C;T;0.0740740969777107;270
100..300;17;47292411;G;A;0.0774194002151489;210
100..300;17;47292423;A;G;0.0747663974761962;225
100..300;17;47810585;T;G;0.1410789936780929;160
100..300;17;47813341;T;C;0.0779943987727165;230
100..300;17;47816496;A;G;0.089361697435379;165
100..300;17;47827054;T;C;0.147826001048088;155
100..300;17;47916678;T;C;0.0640394017100334;280
100..300;17;47916728;C;T;0.062330599874258;255
100..300;17;47916788;A;G;0.0956071987748146;275
100..300;17;47925378;T;G;0.0805085003376007;155
100..300;17;47943332;T;C;0.0594595000147819;110
100..300;17;48430055;A;G;0.0330033004283905;180
100..300;17;48530455;T;C;0.089136503636837;245
100..300;17;48530596;A;T;0.0874999985098838;235
100..300;17;48530668;A;G;0.0924092009663581;215
100..300;17;49142180;A;G;0.0632911026477813;160
100..300;17;49207321;T;C;0.1371680051088333;145
100..300;17;49969599;G;A;0.0980392023921012;270
100..300;17;49993514;T;C;0.0742357969284057;135
100..300;17;50149446;T;C;0.0857143029570579;170
100..300;17;50189930;C;G;0.1005750000476837;240
100..300;17;50278899;C;G;0.099722996354103;235
100..300;17;50353671;A;G;0.1498560011386871;235
100..300;17;50353836;T;C;0.1461790055036544;220
100..300;17;50354963;C;G;0.1881439983844757;250
100..300;17;50378624;T;A;0.1531530022621154;150
100..300;17;50378832;C;T;0.1935479938983917;185
100..300;17;50397140;A;G;0.1212119981646537;100
100..300;17;50538910;T;C;0.0668604969978332;225
100..300;17;50635344;A;G;0.1674419939517974;145
100..300;17;50676062;T;C;0.1220469996333122;165
100..300;17;50683744;T;C;0.0976561978459358;165
100..300;17;50836029;A;G;0.1267219930887222;240
100..300;17;50970703;G;A;0.0892857015132904;120
100..300;17;53823368;T;C;0.0799031034111976;280
100..300;17;55404443;T;C;0.1043960005044937;115
100..300;17;56795078;C;T;0.0928269997239112;150
100..300;17;56795194;A;C;0.1000000014901161;145
100..300;17;56834978;A;G;0.1182110011577606;220
100..300;17;56950489;C;T;0.2028169929981231;235
100..300;17;56950809;T;C;0.0827815011143684;220
100..300;17;57045591;A;G;0.1268659979104995;100
100..300;17;57046387;T;C;0.1145040020346641;180
100..300;17;57105956;A;G;0.0864197984337806;280
100..300;17;57401387;G;A;0.1137439981102943;135
100..300;17;57739471;C;T;0.1781380027532577;165
100..300;17;57879707;A;G;0.1180810034275055;180
100..300;17;58280472;A;G;0.0898875966668129;120
100..300;17;58305151;T;C;0.0955881997942924;185
100..300;17;59874612;A;G;0.1063830032944679;205
100..300;17;60057081;A;G;0.0742357969284057;155
100..300;17;61467502;A;G;0.1327009946107864;135
100..300;17;61927920;G;A;0.0750000029802322;210
100..300;17;62137028;A;G;0.0781671032309532;250
100..300;17;62140530;T;C;0.1525419950485229;240
100..300;17;62267164;A;G;0.1148649975657463;265
100..300;17;62746863;G;A;0.2336450070142746;140
100..300;17;62841241;A;T;0.1528380066156387;145
100..300;17;63438051;T;G;0.0416667014360427;110
100..300;17;63440208;T;C;0.0777027010917663;190
100..300;17;63484535;A;G;0.0796812996268272;170
100..300;17;63811101;A;G;0.1094530001282692;135
100..300;17;63910584;A;C;0.0959301963448524;240
100..300;17;63941743;T;G;0.0881612002849578;285
100..300;17;64044120;C;T;0.1738040000200271;260
100..300;17;65318073;T;G;0.08695650100708;135
100..300;17;65536399;A;G;0.078313298523426;225
100..300;17;65549504;C;T;0.1137719973921775;115
100..300;17;66688960;A;G;0.1538459956645965;135
100..300;17;66884958;G;A;0.0693069025874137;210
100..300;17;67056188;A;G;0.1223400011658668;250
100..300;17;67114320;G;A;0.2346370071172714;110
100..300;17;68256954;A;T;0.0714285969734191;155
100..300;17;68271509;G;T;0.1078839972615242;165
100..300;17;68273941;G;A;0.0798121988773346;140
100..300;17;68420216;T;C;0.1039599999785423;135
100..300;17;68537514;G;A;0.1981129944324493;220
100..300;17;68542098;T;G;0.1700289994478225;220
100..300;17;68543706;T;C;0.1445090025663375;115
100..300;17;68600322;T;C;0.1286550015211105;105
100..300;17;68876661;C;G;0.1740610003471374;195
100..300;17;69253781;C;T;0.1224490031599998;105
100..300;17;73196524;A;G;0.1269840002059936;125
100..300;17;73196734;G;A;0.1954019963741302;130
100..300;17;73200670;G;A;0.1558939963579177;165
100..300;17;73201300;T;C;0.0984615013003349;230
100..300;17;73201609;A;G;0.1786939948797226;200
100..300;17;73209715;G;A;0.158730000257492;215
100..300;17;73236548;C;T;0.1993770003318786;225
100..300;17;73236668;C;T;0.1892859935760498;195
100..300;17;73236742;C;G;0.2155690044164657;235
100..300;17;73242294;A;G;0.1593749970197677;220
100..300;17;73242877;T;C;0.194594994187355;125
100..300;17;73414752;T;C;0.1630900055170059;150
100..300;17;73430517;T;G;0.0924369990825653;160
100..300;17;73430531;A;G;0.0980392023921012;170
100..300;17;74281740;G;A;0.0809858962893486;205
100..300;17;74310152;A;G;0.0714285969734191;165
100..300;17;74312152;A;C;0.0683230012655258;215
100..300;17;74328510;GC;G;0.0620689988136291;100
100..300;17;74342626;A;G;0.0555556006729602;150
100..300;17;74353517;T;C;0.0977777987718582;140
100..300;17;74354223;A;G;0.0878660976886749;150
100..300;17;74355267;T;C;0.1003040000796318;210
100..300;17;74372411;C;T;0.218542993068695;210
100..300;17;74473819;G;A;0.1969310045242309;255
100..300;17;74473827;A;G;0.1015620008111;255
100..300;17;74523659;T;C;0.06007070094347;190
100..300;17;74525758;A;G;0.1136360019445419;130
100..300;17;74842510;A;C;0.0934958979487419;165
100..300;17;74941700;A;G;0.2044340074062347;265
100..300;17;75591187;T;C;0.1077589988708496;150
100..300;17;75591977;T;G;0.047393400222063;140
100..300;17;75596531;T;C;0.0848485007882118;115
100..300;17;75602823;G;C;0.1081079989671707;120
100..300;17;75606000;A;G;0.0967741981148719;195
100..300;17;75606936;A;G;0.1069519966840744;125
100..300;17;75610229;A;G;0.1893489956855774;115
100..300;17;75613031;A;G;0.06944440305233;200
100..300;17;75615742;C;T;0.1428570002317428;120
100..300;17;75617895;A;G;0.0813397020101547;140
100..300;17;75619807;G;A;0.0861110985279083;245
100..300;17;75619853;C;T;0.0721924975514411;255
100..300;17;75619882;C;T;0.0775623023509979;240
100..300;17;75619903;A;G;0.0823528990149498;230
100..300;17;75620008;C;T;0.1063830032944679;130
100..300;17;75620366;T;A;0.051020398736;130
100..300;17;75629206;A;G;0.0606859996914863;255
100..300;17;76001558;A;C;0.1123600006103515;115
100..300;17;76010055;T;C;0.0897435992956161;220
100..300;17;76010241;C;G;0.0854701027274131;240
100..300;17;76083757;G;A;0.0769231021404266;110
100..300;17;76088931;A;G;0.1111110001802444;135
100..300;17;76098024;G;C;0.0828728973865509;125
100..300;17;76137893;T;C;0.1028809994459152;160
100..300;17;76167678;A;G;0.057915098965168;180
100..300;17;76226266;G;C;0.0755395963788032;195
100..300;17;76274177;A;C;0.0763358995318412;250
100..300;17;76287172;G;A;0.0666666999459266;115
100..300;17;76291123;G;C;0.1022730022668838;175
100..300;17;76291308;C;T;0.0753424987196922;205
100..300;17;76291513;A;G;0.0912052020430564;210
100..300;17;76293419;A;G;0.1275860071182251;195
100..300;17;76293624;G;A;0.0703812018036842;230
100..300;17;76293758;A;G;0.0848056972026825;200
100..300;17;76293794;T;C;0.08695650100708;195
100..300;17;76293827;G;A;0.1000000014901161;170
100..300;17;76294016;A;T;0.0987654030323028;110
100..300;17;76307751;C;G;0.0532318986952304;170
100..300;17;76311656;C;T;0.1375460028648376;175
100..300;17;76479893;A;C;0.1009619981050491;135
100..300;17;76688319;C;T;0.0935065001249313;280
100..300;17;76688370;A;G;0.0911528021097183;265
100..300;17;77405108;A;G;0.0498442016541957;200
100..300;17;77482399;T;C;0.1068700030446052;285
100..300;17;78050595;A;C;0.1136360019445419;245
100..300;17;78064785;G;C;0.1078070029616355;175
100..300;17;78064873;C;A;0.0716845989227294;185
100..300;17;78157496;C;T;0.1125829964876174;105
100..300;17;78160963;T;C;0.0454544983804225;150
100..300;17;78161190;A;G;0.0958466008305549;215
100..300;17;78161262;A;C;0.0837695971131324;135
100..300;17;78170858;G;C;0.0867768973112106;160
100..300;17;78174749;T;C;0.0887850001454353;150
100..300;17;78182670;T;C;0.112195000052452;135
100..300;17;78399553;T;C;0.1486490070819854;105
100..300;17;78423903;A;G;0.0954198017716407;175
100..300;17;78425383;T;C;0.1009169965982437;140
100..300;17;78425386;G;A;0.1013820022344589;140
100..300;17;78437817;A;G;0.0835912972688674;220
100..300;17;78466792;G;C;0.0945274010300636;130
100..300;17;78507445;A;G;0.0830039978027343;185
100..300;17;78572799;G;A;0.0611111000180244;115
100..300;17;78675920;C;T;0.073913000524044;155
100..300;17;78803713;A;G;0.103202998638153;200
100..300;17;78821008;T;C;0.0983607023954391;155
100..300;17;78870935;T;C;0.0856354013085365;230
100..300;17;79044046;C;T;0.0769231021404266;265
100..300;17;79044103;C;G;0.0699300989508628;185
100..300;17;79046636;T;C;0.0636942982673645;215
100..300;17;79047920;T;C;0.0846994966268539;255
100..300;17;79077484;A;G;0.0840336009860038;160
100..300;17;79079585;C;T;0.0551180988550186;160
100..300;17;79079588;T;C;0.0520000010728836;160
100..300;17;79079591;G;A;0.0528455004096031;155
100..300;17;79080358;T;G;0.0805687010288238;140
100..300;17;79796038;C;T;0.1306529939174652;140
100..300;17;79952692;A;G;0.1269350051879882;215
100..300;17;80105844;T;C;0.0673575028777122;250
100..300;17;80113310;G;A;0.0625;195
100..300;17;80245266;A;C;0.0557940006256103;150
100..300;17;80298430;G;C;0.1026389971375465;225
100..300;17;80317214;G;A;0.125;160
100..300;17;80319389;T;A;0.0804954022169113;220
100..300;17;80383800;G;A;0.0742857009172439;230
100..300;17;80707826;T;C;0.1007189974188804;100
100..300;17;80846574;A;G;0.1007459983229637;175
100..300;17;80891830;G;A;0.0729613974690437;150
100..300;17;80923932;T;C;0.0974211990833282;230
100..300;17;80923933;A;T;0.09565220028162;230
100..300;17;80945758;T;C;0.0887096971273422;160
100..300;17;80976736;G;A;0.1111110001802444;185
100..300;17;80976833;A;C;0.0985916033387184;160
100..300;17;81115790;G;A;0.0558824017643928;220
100..300;17;81120022;G;A;0.0634327977895736;175
100..300;17;81203483;A;G;0.0620154999196529;165
100..300;17;81252464;C;T;0.1167190000414848;225
100..300;17;81442408;G;A;0.0473373010754585;110
100..300;17;81447281;G;A;0.0915751010179519;195
100..300;17;81458959;T;C;0.0845481008291244;240
100..300;17;81460363;A;G;0.1138459965586662;215
100..300;17;81670337;G;C;0.0629921033978462;250
100..300;17;81672168;T;C;0.0705393999814987;155
100..300;17;81672520;A;G;0.0916666984558105;235
100..300;17;81672678;T;C;0.0992064028978347;170
100..300;17;81695037;G;A;0.0643087029457092;220
100..300;17;81696850;C;T;0.1088439971208572;215
100..300;17;81696901;C;T;0.1101190000772476;230
100..300;17;81701105;T;G;0.0562129989266395;230
100..300;17;81701232;C;G;0.0629371032118797;200
100..300;17;81701522;T;C;0.1038959994912147;195
100..300;17;81701634;T;C;0.1238939985632896;145
100..300;17;81704684;C;T;0.0646388009190559;175
100..300;17;81715528;C;T;0.0688406005501747;190
100..300;17;81720188;A;G;0.0769231021404266;200
100..300;17;82025503;T;C;0.0846560969948768;120
100..300;17;82028280;T;C;0.0569395013153553;190
100..300;17;82036724;T;C;0.0756013989448547;205
100..300;17;82056985;G;T;0.1234569996595382;275
100..300;17;82081152;G;A;0.0886076018214225;170
100..300;17;82081605;A;G;0.122137002646923;175
100..300;17;82083590;A;G;0.104544997215271;150
100..300;17;82085863;G;A;0.0827338024973869;185
100..300;17;82093307;G;A;0.0625;220
100..300;17;82101720;C;T;0.0411522984504699;165
100..300;17;82101882;A;G;0.0818713009357452;115
100..300;17;82113368;C;T;0.1151830032467842;135
100..300;17;82127757;G;A;0.2039220035076141;175
100..300;17;82127827;T;G;0.1751590073108673;210
100..300;17;82128510;T;C;0.1646090000867843;155
100..300;17;82128513;T;C;0.1626980006694793;160
100..300;17;82128519;C;T;0.1749050021171569;170
100..300;17;82398311;A;G;0.1027669981122016;175
100..300;17;82433808;G;A;0.0945945978164672;150
100..300;17;82436654;T;G;0.0669855996966362;130
100..300;17;82659676;A;G;0.2289720028638839;140
100..300;17;82965660;T;C;0.2592589855194092;205
100..300;17;83035056;C;A;0.2062499970197677;105
100..300;17;83048753;T;C;0.2473500072956085;205
100..300;17;83085299;T;G;0.0625;245
100..300;18;346821;T;C;0.1050719991326332;195
100..300;18;2616458;C;G;0.1301780045032501;105
100..300;18;2700879;G;A;0.1229050010442733;120
100..300;18;2909702;T;C;0.0696202963590622;200
100..300;18;2920290;A;G;0.0962342992424964;165
100..300;18;3168818;A;G;0.1137439981102943;130
100..300;18;3173966;A;G;0.0748663023114204;125
100..300;18;3174020;T;C;0.0632183998823165;120
100..300;18;3176065;T;C;0.0813954025506973;155
100..300;18;3215232;T;C;0.1034480035305023;105
100..300;18;3452224;C;CT;0.0555556006729602;170
100..300;18;3457608;T;C;0.0877192988991737;235
100..300;18;5416161;C;T;0.1139599978923797;250
100..300;18;6956505;A;ACAGCTC;0.0866667032241821;225
100..300;18;6985271;T;C;0.0890688002109527;155
100..300;18;6985508;A;G;0.1259260028600692;100
100..300;18;6985632;T;C;0.0942407995462417;120
100..300;18;6986260;A;G;0.1138890013098716;240
100..300;18;6993674;C;T;0.0766422972083091;165
100..300;18;7011339;T;C;0.0886076018214225;160
100..300;18;7015715;C;T;0.141414001584053;130
100..300;18;7017323;G;A;0.0863095000386238;210
100..300;18;7135798;C;T;0.0930233001708984;155
100..300;18;7231867;T;C;0.1023389995098114;235
100..300;18;8783837;C;T;0.0778815969824791;230
100..300;18;9888072;G;A;0.0959751978516578;230
100..300;18;10151891;T;C;0.0439999997615814;155
100..300;18;10468456;T;C;0.1321839988231659;115
100..300;18;10691248;A;G;0.0982455983757972;185
100..300;18;10705419;A;G;0.0639386028051376;265
100..300;18;10759842;A;C;0.1060070022940635;185
100..300;18;12274105;T;G;0.08695650100708;135
100..300;18;12308794;C;G;0.0859728977084159;135
100..300;18;12427119;G;A;0.0676691979169845;195
100..300;18;12978734;G;C;0.1366460025310516;110
100..300;18;13826695;C;T;0.0829268023371696;135
100..300;18;14537971;T;C;0.1673150062561035;155
100..300;18;22416048;A;G;0.0815851017832756;295
100..300;18;22419188;T;C;0.1265060007572174;110
100..300;18;23861738;C;T;0.074193499982357;205
100..300;18;24125476;T;C;0.0901961028575897;175
100..300;18;24440503;A;T;0.1134020015597343;130
100..300;18;26938086;A;AT;0.1504420042037964;155
100..300;18;31207561;G;A;0.0630630999803543;145
100..300;18;31458573;T;C;0.0876493975520134;155
100..300;18;31474137;A;G;0.0904522985219955;135
100..300;18;31874681;G;A;0.1204819977283477;160
100..300;18;31908841;G;A;0.1063830032944679;125
100..300;18;31962744;G;A;0.1236359998583793;195
100..300;18;32018884;T;C;0.1217390000820159;145
100..300;18;32045722;A;G;0.0459770001471042;110
100..300;18;32196578;C;T;0.1223779991269111;190
100..300;18;33224794;C;A;0.1703300029039383;115
100..300;18;34864076;A;G;0.1079809963703155;135
100..300;18;34875415;C;T;0.1264369934797287;120
100..300;18;34890327;A;G;0.0817610025405883;195
100..300;18;35663649;T;C;0.0826086997985839;165
100..300;18;36122199;A;G;0.1676830053329467;215
100..300;18;36251226;A;C;0.1183430030941963;115
100..300;18;36652580;A;G;0.1302080005407333;135
100..300;18;36800185;G;A;0.0977011024951934;115
100..300;18;37067213;C;T;0.1045920029282569;260
100..300;18;37067359;T;G;0.097222201526165;195
100..300;18;37067360;G;T;0.1060609966516494;195
100..300;18;37302969;A;G;0.2329750061035156;185
100..300;18;44708512;T;A;0.1168830022215843;100
100..300;18;44950031;C;G;0.064425803720951;245
100..300;18;44952958;C;T;0.0853241980075836;215
100..300;18;45739309;A;G;0.0886524990200996;200
100..300;18;45916543;A;G;0.0777202025055885;125
100..300;18;46483635;A;G;0.0799999982118606;180
100..300;18;46483755;A;AC;0.0923912972211837;130
100..300;18;47069276;T;C;0.0535713993012905;110
100..300;18;48039905;A;G;0.0784313976764679;135
100..300;18;49491450;G;A;0.1780820041894912;190
100..300;18;50276984;T;C;0.2176869958639145;210
100..300;18;50806833;G;C;0.1280789971351623;135
100..300;18;50819654;T;G;0.0793102979660034;190
100..300;18;51051412;C;G;0.185366004705429;125
100..300;18;53402906;G;A;0.1219509989023208;105
100..300;18;55403683;A;G;0.1840489953756332;115
100..300;18;56638333;T;C;0.0629371032118797;195
100..300;18;57436784;C;T;0.0656168013811111;265
100..300;18;57697598;A;G;0.2355770021677017;135
100..300;18;58481816;G;A;0.0558376014232635;130
100..300;18;59225715;C;T;0.1422410011291504;155
100..300;18;59355522;C;T;0.095238097012043;135
100..300;18;59359129;G;A;0.067500002682209;265
100..300;18;59435894;A;G;0.0904977023601532;155
100..300;18;59447971;C;T;0.1209959983825683;180
100..300;18;61507526;A;C;0.1036039963364601;160
100..300;18;62070463;C;CAG;0.0726644024252891;185
100..300;18;62101142;G;A;0.1428570002317428;100
100..300;18;62106804;T;C;0.1413609981536865;130
100..300;18;62113191;G;A;0.1405619978904724;165
100..300;18;62442327;T;C;0.1666669994592666;290
100..300;18;62442484;T;C;0.2045450061559677;280
100..300;18;62443051;C;T;0.2176470011472702;250
100..300;18;62574499;T;C;0.1215279996395111;205
100..300;18;63532717;C;G;0.1850000023841858;125
100..300;18;63933150;T;C;0.2786259949207306;175
100..300;18;63953532;A;G;0.0833332985639572;120
100..300;18;67511270;C;T;0.1314290016889572;250
100..300;18;67512592;A;G;0.0888888984918594;220
100..300;18;70088101;G;T;0.1312739998102188;170
100..300;18;70325043;A;G;0.1111110001802444;230
100..300;18;74390053;T;C;0.1013069972395896;220
100..300;18;74390067;G;A;0.1197410002350807;225
100..300;18;74390239;G;A;0.1107010021805763;180
100..300;18;74436547;C;T;0.0981594994664192;210
100..300;18;74518940;TC;T;0.1304350048303604;105
100..300;18;74556356;GTGC;G;0.1790390014648437;155
100..300;18;76960785;T;C;0.081690102815628;220
100..300;18;77436046;G;A;0.1609199941158294;125
100..300;18;77436060;A;G;0.1715980023145675;125
100..300;18;77436072;C;A;0.1864410042762756;130
100..300;18;77436580;C;T;0.1003860011696815;185
100..300;18;77436826;T;C;0.1422020047903061;155
100..300;18;78994757;C;G;0.0382165983319282;220
100..300;18;79110397;A;G;0.1171879991889;165
100..300;18;79486406;G;T;0.0545976981520652;220
100..300;18;79968135;T;G;0.1867700070142746;170
100..300;18;80045856;C;A;0.0591260008513927;270
100..300;18;80077853;C;A;0.1055900007486343;110
100..300;18;80133156;A;T;0.0950225964188575;150
100..300;18;80135800;G;A;0.1013989970088005;190
100..300;18;80137309;A;G;0.1056910008192062;255
100..300;19;367089;A;G;0.1182430014014244;190
100..300;19;425182;A;G;0.0712468028068542;245
100..300;19;504830;G;C;0.0990990996360778;290
100..300;19;544140;A;G;0.0512048006057739;215
100..300;19;617466;G;A;0.0810056030750274;245
100..300;19;632915;A;G;0.0780142024159431;185
100..300;19;648173;C;G;0.035911601036787;220
100..300;19;652888;T;C;0.0722891986370086;160
100..300;19;690684;T;C;0.079136699438095;185
100..300;19;690761;T;A;0.0402930006384849;185
100..300;19;690762;G;T;0.0402930006384849;185
100..300;19;727105;A;G;0.0467289984226226;140
100..300;19;731077;C;G;0.1855199933052063;150
100..300;19;731078;T;G;0.1883410066366195;155
100..300;19;731144;G;A;0.1631579995155334;245
100..300;19;746712;T;C;0.1086139976978302;190
100..300;19;757241;A;G;0.0815047025680542;220
100..300;19;804327;T;C;0.0962733030319213;215
100..300;19;804612;T;C;0.09375;170
100..300;19;804959;T;C;0.0795847997069358;200
100..300;19;855966;A;C;0.0883117020130157;270
100..300;19;860852;C;G;0.0842697024345398;120
100..300;19;1003440;A;G;0.0505415014922618;160
100..300;19;1010407;A;G;0.0990990996360778;150
100..300;19;1010909;G;A;0.0583942010998725;190
100..300;19;1010911;C;T;0.0581817999482154;195
100..300;19;1011811;T;C;0.0955881997942924;165
100..300;19;1017406;G;A;0.0714285969734191;170
100..300;19;1032475;T;G;0.0532318986952304;185
100..300;19;1032703;T;C;0.0699589028954505;160
100..300;19;1043104;A;G;0.0560748018324375;210
100..300;19;1079960;A;G;0.1000000014901161;185
100..300;19;1109596;T;G;0.070175401866436;185
100..300;19;1113524;T;G;0.0557621009647846;190
100..300;19;1113702;A;G;0.0843750014901161;215
100..300;19;1370676;G;C;0.0787402018904686;255
100..300;19;1388539;T;C;0.0442176982760429;200
100..300;19;1533973;G;C;0.0407125018537044;255
100..300;19;1534043;C;T;0.0487805008888244;190
100..300;19;1535085;A;G;0.0763358995318412;255
100..300;19;1535180;A;G;0.0474999994039535;260
100..300;19;1535194;G;GCCC;0.0513513013720512;250
100..300;19;1535206;C;G;0.0597825981676578;240
100..300;19;1624008;G;A;0.086455300450325;225
100..300;19;1828149;A;G;0.1022220030426979;160
100..300;19;1918135;A;G;0.0844594985246658;190
100..300;19;1986521;A;G;0.0573476999998092;190
100..300;19;1997364;G;A;0.0707691982388496;210
100..300;19;2078410;G;A;0.0833332985639572;280
100..300;19;2078489;C;T;0.0687678977847099;235
100..300;19;2215468;T;C;0.0821428969502449;180
100..300;19;2291060;T;C;0.0904254987835884;120
100..300;19;2421859;T;C;0.1111110001802444;115
100..300;19;2732988;C;T;0.1081079989671707;125
100..300;19;2767194;T;G;0.0860214978456497;180
100..300;19;2833804;G;A;0.0843750014901161;225
100..300;19;2833866;A;G;0.0870968028903007;220
100..300;19;2834810;C;T;0.0603448003530502;160
100..300;19;3028873;C;G;0.1354839950799942;215
100..300;19;3062859;C;T;0.1382980048656463;175
100..300;19;3546266;T;C;0.0772358030080795;180
100..300;19;3576316;C;CCTT;0.0422535017132759;140
100..300;19;3728611;A;G;0.0418005995452404;225
100..300;19;3739003;T;C;0.0678732991218566;155
100..300;19;3813908;C;A;0.0931676998734474;215
100..300;19;4175107;T;C;0.0687284991145134;190
100..300;19;4236999;A;G;0.0583333000540733;160
100..300;19;4237070;G;A;0.0765027031302452;120
100..300;19;4251072;C;T;0.0680000036954879;160
100..300;19;4254378;T;C;0.0737705007195472;160
100..300;19;4292600;T;C;0.0945274010300636;140
100..300;19;4454003;A;G;0.0709220021963119;190
100..300;19;4524004;A;G;0.0930233001708984;100
100..300;19;4538587;A;G;0.0451388992369174;215
100..300;19;4558419;G;C;0.0723403990268707;145
100..300;19;4859925;C;T;0.0612245015799999;190
100..300;19;4945902;C;A;0.2088239938020706;225
100..300;19;4945905;T;C;0.2136500030755996;220
100..300;19;5560801;C;G;0.1131220012903213;150
100..300;19;5668165;T;C;0.1037340015172958;160
100..300;19;5684764;A;G;0.0862943977117538;130
100..300;19;5696135;A;G;0.0586080998182296;175
100..300;19;5749160;G;A;0.0434782989323139;165
100..300;19;5778506;T;A;0.057065200060606;250
100..300;19;5783894;A;G;0.0641508996486663;180
100..300;19;5832198;A;G;0.0951218977570533;290
100..300;19;5892943;C;T;0.1448599994182586;150
100..300;19;6156499;G;A;0.1222219988703727;125
100..300;19;6312279;C;T;0.0793650969862937;170
100..300;19;6415165;T;C;0.0891088992357254;285
100..300;19;6535003;A;C;0.0721002966165542;210
100..300;19;6669923;A;G;0.0793201029300689;235
100..300;19;6731293;A;G;0.1003239974379539;200
100..300;19;6913800;G;A;0.1181820034980773;155
100..300;19;6919613;C;A;0.1230769976973533;205
100..300;19;6919742;G;A;0.0821255967020988;140
100..300;19;7125286;A;G;0.0704225003719329;150
100..300;19;7141764;A;G;0.0447761006653308;175
100..300;19;7528162;T;C;0.0981307998299598;135
100..300;19;7540680;T;C;0.0599999986588954;200
100..300;19;7620957;A;G;0.0564263015985488;205
100..300;19;7678935;G;A;0.0629371032118797;195
100..300;19;7679089;A;C;0.0733944997191429;220
100..300;19;7696926;G;A;0.176923006772995;175
100..300;19;7788897;T;C;0.0867052003741264;100
100..300;19;7927241;A;G;0.0627802982926368;145
100..300;19;7928074;C;T;0.1030040010809898;150
100..300;19;7932759;A;G;0.1062799990177154;140
100..300;19;7935116;T;C;0.0728155001997947;145
100..300;19;7963660;G;A;0.0666666999459266;190
100..300;19;7967796;T;C;0.130741998553276;195
100..300;19;8056476;G;A;0.0625;175
100..300;19;8096566;T;C;0.0780488029122352;140
100..300;19;8109336;T;G;0.089189201593399;225
100..300;19;8111125;T;C;0.1022220030426979;145
100..300;19;8111685;A;G;0.1022220030426979;150
100..300;19;8111756;T;C;0.1029409989714622;130
100..300;19;8112035;T;C;0.0771811977028846;205
100..300;19;8131810;T;C;0.0870968028903007;215
100..300;19;8136382;T;G;0.0745097994804382;185
100..300;19;8146113;T;C;0.0913242027163505;150
100..300;19;8146121;A;G;0.0932203009724617;160
100..300;19;8548249;A;G;0.0655737966299057;210
100..300;19;8586678;G;A;0.1137119978666305;205
100..300;19;8605046;G;C;0.0887096971273422;170
100..300;19;8677192;T;C;0.0884353965520858;210
100..300;19;8677305;A;C;0.1134020015597343;265
100..300;19;8698023;G;T;0.1412210017442703;180
100..300;19;8698550;A;G;0.071823202073574;240
100..300;19;8698592;A;G;0.0687023028731346;250
100..300;19;8729090;CT;C;0.1513350009918213;255
100..300;19;8729197;A;G;0.155250996351242;155
100..300;19;8939050;A;G;0.1222710013389587;160
100..300;19;8946306;A;G;0.088669903576374;140
100..300;19;8953002;G;T;0.1185410022735595;225
100..300;19;8953259;A;G;0.133105993270874;200
100..300;19;8954956;C;T;0.0848485007882118;220
100..300;19;8961637;G;A;0.100502997636795;140
100..300;19;8962066;C;T;0.1316609978675842;210
100..300;19;8964274;T;G;0.112805001437664;220
100..300;19;8964541;A;T;0.0799999982118606;180
100..300;19;8964670;A;T;0.1005290001630783;140
100..300;19;8964908;A;T;0.0928962007164955;245
100..300;19;8964959;A;G;0.0913705974817276;265
100..300;19;8965061;C;T;0.1068250015377998;235
100..300;19;8965293;T;C;0.1310539990663528;245
100..300;19;8965407;A;G;0.1041669994592666;205
100..300;19;8965487;T;C;0.0818504989147186;195
100..300;19;8965602;A;G;0.08695650100708;175
100..300;19;8966052;T;C;0.0799999982118606;205
100..300;19;8966182;T;C;0.132202997803688;205
100..300;19;8966253;G;T;0.1187739968299865;185
100..300;19;8966274;A;C;0.094861701130867;175
100..300;19;8966315;T;C;0.0685484036803245;180
100..300;19;8966384;T;C;0.0968858003616333;205
100..300;19;8966588;G;T;0.1104289963841438;225
100..300;19;8966760;A;G;0.1264819949865341;190
100..300;19;8967127;C;T;0.1338029950857162;195
100..300;19;8972448;A;G;0.095238097012043;140
100..300;19;9115009;C;T;0.1011900007724762;225
100..300;19;9115341;G;C;0.0752350986003875;215
100..300;19;9115516;G;A;0.0936708971858024;265
100..300;19;9126022;GATGGT;G;0.0584794990718364;120
100..300;19;9126210;G;A;0.1118009984493255;235
100..300;19;9126866;C;T;0.1000000014901161;270
100..300;19;9529645;A;G;0.1290320008993148;125
100..300;19;9683302;T;C;0.1374409943819046;150
100..300;19;9758010;A;T;0.1140070036053657;205
100..300;19;9969560;T;C;0.0676328018307685;140
100..300;19;10005832;T;C;0.0872727036476135;190
100..300;19;10111179;T;C;0.0880829021334648;135
100..300;19;10259814;A;T;0.0625;135
100..300;19;10284116;A;G;0.1007959991693496;260
100..300;19;10308454;T;C;0.0775000005960464;270
100..300;19;10315746;C;A;0.1271679997444152;120
100..300;19;10315952;C;T;0.157377004623413;205
100..300;19;10321123;T;G;0.0490797981619834;110
100..300;19;10489766;C;G;0.0859598964452743;225
100..300;19;10557997;G;A;0.0925925970077514;200
100..300;19;10559508;G;C;0.0646066963672638;235
100..300;19;10560988;C;T;0.0559005998075008;110
100..300;19;10581324;C;T;0.1126279979944229;190
100..300;19;10829116;C;T;0.0884353965520858;190
100..300;19;10833364;G;A;0.0686694979667663;155
100..300;19;10850348;G;C;0.0635451972484588;200
100..300;19;10994932;C;T;0.0637255012989044;265
100..300;19;11060163;C;T;0.0891472995281219;170
100..300;19;11131368;A;G;0.0679612010717392;285
100..300;19;11208956;T;C;0.0819113031029701;205
100..300;19;11221894;A;T;0.0807692036032676;170
100..300;19;11222920;C;T;0.0852458998560905;215
100..300;19;11236817;C;T;0.0950703993439674;180
100..300;19;11239664;G;C;0.0642201974987983;150
100..300;19;11239812;T;C;0.0909091010689735;245
100..300;19;11359694;G;C;0.1062270030379295;190
100..300;19;11397501;A;G;0.0903009995818138;190
100..300;19;11419282;T;C;0.0769231021404266;130
100..300;19;11487425;A;G;0.0863095000386238;225
100..300;19;12551311;T;C;0.0523560009896755;240
100..300;19;12847883;C;T;0.0944444015622139;115
100..300;19;12852329;C;T;0.0652920976281166;210
100..300;19;12874762;G;A;0.0501393005251884;245
100..300;19;12878746;A;G;0.1292130053043365;230
100..300;19;13144774;T;C;0.0860214978456497;180
100..300;19;13153584;T;C;0.0865800976753234;155
100..300;19;13757855;A;G;0.1594679951667785;190
100..300;19;13768808;C;T;0.104762002825737;155
100..300;19;13772285;G;A;0.051162801682949;140
100..300;19;13954529;C;T;0.0906148999929428;215
100..300;19;13972949;C;T;0.1083329990506172;155
100..300;19;14051864;C;A;0.0783409997820854;150
100..300;19;14054466;A;G;0.0757576003670692;280
100..300;19;14718937;T;C;0.0733333006501197;210
100..300;19;14752338;A;G;0.0849056988954544;145
100..300;19;14799628;A;G;0.1114370003342628;245
100..300;19;14827804;C;T;0.0833332985639572;260
100..300;19;14852340;T;C;0.1104649975895881;125
100..300;19;14852920;C;T;0.1199999973177909;130
100..300;19;14864615;G;A;0.083109900355339;240
100..300;19;14880627;G;T;0.0745342001318931;225
100..300;19;14880647;T;C;0.0733944997191429;225
100..300;19;14917281;G;A;0.101063996553421;130
100..300;19;14917284;C;T;0.1276600062847137;130
100..300;19;14927469;C;T;0.1801239997148513;220
100..300;19;14968292;A;G;0.0634146034717559;145
100..300;19;15010495;G;C;0.1535090059041977;150
100..300;19;15087213;T;A;0.0683543980121612;275
100..300;19;15087630;T;G;0.0761246010661125;210
100..300;19;15087795;T;C;0.0726073011755943;205
100..300;19;15087940;C;T;0.08695650100708;215
100..300;19;15088040;T;A;0.0825396999716758;210
100..300;19;15110039;A;G;0.0799999982118606;105
100..300;19;15111617;G;A;0.0934958979487419;165
100..300;19;15119182;G;A;0.078125;220
100..300;19;15119408;G;C;0.1203700006008148;165
100..300;19;15431044;C;T;0.0895522013306617;225
100..300;19;15454835;A;G;0.0932203009724617;235
100..300;19;15469847;A;G;0.0637584030628204;180
100..300;19;15611659;A;G;0.107692003250122;190
100..300;19;15611669;C;T;0.1028369963169097;205
100..300;19;15611689;T;C;0.0917430967092514;235
100..300;19;15612073;G;A;0.0963302999734878;150
100..300;19;15615778;A;C;0.119438000023365;270
100..300;19;15619692;T;C;0.0886849984526634;220
100..300;19;15629544;T;C;0.135245993733406;160
100..300;19;15647117;C;T;0.2320819944143295;205
100..300;19;15649205;G;A;0.0628570988774299;215
100..300;19;15649243;A;G;0.0621302016079425;205
100..300;19;15652881;A;G;0.1009460017085075;210
100..300;19;15652911;A;G;0.0694006010890007;200
100..300;19;15652965;A;G;0.1121499985456466;140
100..300;19;15658569;C;G;0.0853241980075836;220
100..300;19;15658719;T;G;0.050000000745058;195
100..300;19;15658720;T;C;0.0565370991826057;195
100..300;19;15658815;G;A;0.1722850054502487;175
100..300;19;15664165;T;G;0.2531119883060455;165
100..300;19;15664357;G;T;0.0621762014925479;125
100..300;19;15742062;A;G;0.0936708971858024;275
100..300;19;15761226;T;A;0.1479589939117431;155
100..300;19;16111928;T;C;0.0648147985339164;195
100..300;19;16402502;A;T;0.0735293999314308;140
100..300;19;16509491;T;C;0.1456950008869171;105
100..300;19;16893238;C;T;0.0865385010838508;195
100..300;19;16897767;C;G;0.0387930981814861;140
100..300;19;16907068;A;G;0.0971222966909408;180
100..300;19;17060075;T;C;0.0996015965938568;155
100..300;19;17082741;G;A;0.08695650100708;205
100..300;19;17250255;T;C;0.0594406016170978;190
100..300;19;17250307;A;G;0.100271001458168;235
100..300;19;17255504;T;C;0.0778442993760109;215
100..300;19;17256626;C;T;0.0716418027877807;225
100..300;19;17276367;G;A;0.0990990996360778;150
100..300;19;17278839;T;C;0.0714285969734191;130
100..300;19;17278895;A;G;0.0862620025873184;215
100..300;19;17283116;A;C;0.0606859996914863;260
100..300;19;17286435;T;C;0.0751295015215873;255
100..300;19;17365336;A;T;0.0896551981568336;195
100..300;19;17455825;A;T;0.0535713993012905;180
100..300;19;17726281;T;C;0.0740740969777107;200
100..300;19;17726703;A;G;0.0618556998670101;120
100..300;19;17808215;T;A;0.1643839925527572;210
100..300;19;17811986;A;G;0.1261260062456131;220
100..300;19;17821329;C;T;0.0926641002297401;165
100..300;19;17821381;C;T;0.0619194991886615;205
100..300;19;17821480;T;C;0.1339710056781768;130
100..300;19;17830485;C;T;0.0529411993920803;115
100..300;19;17841376;T;G;0.0909091010689735;135
100..300;19;18010345;A;G;0.0716980993747711;175
100..300;19;18010657;T;C;0.0474453009665012;180
100..300;19;18048706;C;T;0.0981594994664192;220
100..300;19;18069603;G;C;0.1801570057868957;245
100..300;19;18069641;G;A;0.1939889937639236;240
100..300;19;18075765;A;G;0.1439999938011169;160
100..300;19;18075808;C;T;0.136691004037857;175
100..300;19;18077598;T;C;0.117646999657154;235
100..300;19;18086825;A;G;0.1583330035209655;230
100..300;19;18107634;G;A;0.1419139951467514;195
100..300;19;18175134;A;G;0.1094669997692108;230
100..300;19;18177259;G;A;0.0625;205
100..300;19;18193890;G;A;0.0714285969734191;185
100..300;19;18195014;T;C;0.0622010007500648;135
100..300;19;18264798;A;G;0.0843750014901161;225
100..300;19;18265005;A;G;0.0777778029441833;185
100..300;19;18265036;A;G;0.0967741981148719;195
100..300;19;18265072;C;G;0.0689655020833015;185
100..300;19;18265707;T;C;0.0759162008762359;270
100..300;19;18266951;G;A;0.0780856013298034;275
100..300;19;18386327;A;G;0.0850000008940696;280
100..300;19;18388341;T;C;0.0780142024159431;180
100..300;19;18451535;C;A;0.1000000014901161;115
100..300;19;18786630;C;T;0.1017960011959075;105
100..300;19;18903439;T;C;0.0888888984918594;145
100..300;19;18907053;A;G;0.0633245036005973;240
100..300;19;18994450;A;G;0.0781892985105514;160
100..300;19;19101849;A;G;0.0555556006729602;180
100..300;19;19133224;T;C;0.0918727964162826;185
100..300;19;19196988;T;C;0.0909091010689735;175
100..300;19;19248691;G;C;0.1010100021958351;145
100..300;19;19258626;G;A;0.0503356009721756;190
100..300;19;19269787;T;G;0.0769231021404266;140
100..300;19;19276934;C;A;0.1464439928531646;165
100..300;19;19495825;A;G;0.1125650033354759;245
100..300;19;19496039;T;C;0.0494505986571311;135
100..300;19;19514738;G;A;0.0723270028829574;195
100..300;19;19535463;C;T;0.1086260005831718;220
100..300;19;19678719;G;A;0.0641710981726646;120
100..300;19;20023037;T;C;0.0839160978794097;185
100..300;19;20645716;G;A;0.112195000052452;135
100..300;19;21150004;T;C;0.1798940002918243;130
100..300;19;21294629;C;T;0.1503760069608688;175
100..300;19;21361769;A;G;0.0930233001708984;150
100..300;19;21405116;T;G;0.1548669934272766;145
100..300;19;21536599;C;T;0.161417007446289;175
100..300;19;22138132;A;C;0.1126129999756813;155
100..300;19;22138443;G;A;0.1087720021605491;205
100..300;19;22138454;C;T;0.0827338024973869;200
100..300;19;22138471;T;C;0.1075270026922226;200
100..300;19;22193066;T;C;0.1031749993562698;170
100..300;19;22368660;T;C;0.0717300027608871;160
100..300;19;22601267;A;G;0.1361259967088699;130
100..300;19;22602332;C;T;0.0555556006729602;110
100..300;19;22603239;G;A;0.0865800976753234;160
100..300;19;22603324;A;T;0.0876289010047912;130
100..300;19;22609794;G;A;0.0487805008888244;110
100..300;19;22610236;G;A;0.1052630022168159;125
100..300;19;22610281;G;A;0.1111110001802444;135
100..300;19;22699383;G;A;0.0769231021404266;100
100..300;19;22699577;T;C;0.0457317009568214;225
100..300;19;22769309;G;A;0.1096490025520324;150
100..300;19;23145630;G;A;0.1408450007438659;105
100..300;19;23385152;T;C;0.0968858003616333;190
100..300;19;23935813;G;A;0.1257140040397644;115
100..300;19;29611949;G;A;0.0539215989410877;135
100..300;19;32482171;T;C;0.0932475998997688;200
100..300;19;32802701;T;C;0.0830039978027343;170
100..300;19;32818124;T;A;0.0918918997049331;235
100..300;19;32826678;A;AAC;0.0710901021957397;155
100..300;19;32881908;A;G;0.0906148999929428;205
100..300;19;32923514;G;A;0.0973782986402511;170
100..300;19;32976507;T;C;0.0981912016868591;255
100..300;19;32976609;C;T;0.1104819998145103;240
100..300;19;32991915;A;G;0.0791139006614685;210
100..300;19;33125171;T;C;0.0879765003919601;205
100..300;19;33126602;A;G;0.0977443978190422;180
100..300;19;33126677;T;C;0.1199999973177909;235
100..300;19;33415196;G;A;0.0574713014066219;165
100..300;19;33415204;T;C;0.0563910007476806;170
100..300;19;33415217;C;T;0.0566038005053997;165
100..300;19;33589605;C;G;0.0954357013106346;160
100..300;19;33624642;C;T;0.183908000588417;175
100..300;19;34093232;G;A;0.2257049977779388;225
100..300;19;34533464;A;G;0.0459770001471042;110
100..300;19;34684687;A;G;0.1043960005044937;115
100..300;19;34684844;G;C;0.1550800055265426;140
100..300;19;34931904;T;C;0.0928571000695228;175
100..300;19;34943544;G;A;0.1041669994592666;145
100..300;19;34958505;A;G;0.1013699993491172;255
100..300;19;34958856;C;G;0.0960265025496482;215
100..300;19;34963670;C;T;0.051094900816679;200
100..300;19;35151403;G;T;0.095238097012043;185
100..300;19;35228354;A;G;0.0933734998106956;250
100..300;19;35228674;A;G;0.0643564015626907;145
100..300;19;35250553;C;T;0.1567399948835373;220
100..300;19;35266347;A;G;0.0637255012989044;130
100..300;19;35279153;A;G;0.1299729943275451;270
100..300;19;35279161;T;C;0.078590802848339;260
100..300;19;35279271;G;A;0.1538459956645965;180
100..300;19;35352468;A;G;0.1066669970750808;150
100..300;19;35383161;G;A;0.0631579011678695;130
100..300;19;35511808;A;C;0.1267610043287277;140
100..300;19;35513269;A;C;0.1045579984784126;265
100..300;19;35542558;T;C;0.1881719976663589;125
100..300;19;35547319;C;T;0.2019869983196258;205
100..300;19;35622688;G;A;0.0979826971888542;235
100..300;19;35716200;A;G;0.0720721036195755;230
100..300;19;35768513;A;G;0.1446810066699981;160
100..300;19;35777869;T;C;0.1569229960441589;225
100..300;19;35779013;C;T;0.2280700057744979;110
100..300;19;35780237;T;C;0.2061859965324401;125
100..300;19;35785501;G;T;0.1687500029802322;115
100..300;19;35787568;G;C;0.1445430070161819;230
100..300;19;35812019;C;T;0.2188840061426162;160
100..300;19;35812762;C;G;0.1553400009870529;200
100..300;19;35831368;T;C;0.1895730048418045;150
100..300;19;36058788;T;C;0.0878378003835678;190
100..300;19;36084743;A;G;0.1004019975662231;165
100..300;19;36111195;T;C;0.1045750007033348;215
100..300;19;36547190;C;T;0.0734694004058837;165
100..300;19;36548167;C;A;0.1102039963006973;170
100..300;19;36627537;T;C;0.1063830032944679;100
100..300;19;36656428;G;T;0.0508475005626678;150
100..300;19;36719627;G;A;0.0842911973595619;190
100..300;19;38082254;T;C;0.0769231021404266;265
100..300;19;38082499;T;G;0.0664206966757774;190
100..300;19;38100060;C;T;0.0766773000359535;200
100..300;19;38218912;T;C;0.0730594024062156;145
100..300;19;38466199;T;C;0.0683543980121612;285
100..300;19;38469040;T;C;0.1219509989023208;160
100..300;19;38706105;T;C;0.1700000017881393;125
100..300;19;39085357;A;G;0.0616438016295433;185
100..300;19;39098549;T;C;0.1115109995007515;180
100..300;19;39100315;A;G;0.1893939971923828;170
100..300;19;39175294;T;C;0.0574163012206554;145
100..300;19;39247677;C;A;0.0662982985377311;125
100..300;19;39408027;T;C;0.0578946992754936;270
100..300;19;39423668;T;C;0.0614753998816013;180
100..300;19;39424108;A;G;0.0784884020686149;240
100..300;19;39424997;A;G;0.0864197984337806;165
100..300;19;39425118;G;C;0.0946502014994621;175
100..300;19;39435869;C;A;0.050000000745058;250
100..300;19;39435881;A;G;0.045092798769474;250
100..300;19;39464893;A;G;0.1095890030264854;245
100..300;19;39480792;C;G;0.0676691979169845;165
100..300;19;39500597;G;C;0.0518868006765842;130
100..300;19;39504071;C;T;0.1040719971060752;160
100..300;19;39505387;T;C;0.0596025995910167;205
100..300;19;39532668;G;A;0.0642570033669471;165
100..300;19;39534557;C;T;0.100502997636795;135
100..300;19;39924363;G;C;0.0717948973178863;140
100..300;19;39927135;A;G;0.1074070036411285;190
100..300;19;39927676;A;G;0.0810810998082161;240
100..300;19;39972455;C;T;0.123208999633789;240
100..300;19;40380316;A;G;0.0759494006633758;215
100..300;19;40395104;C;G;0.122078001499176;285
100..300;19;40395589;C;T;0.0708860978484153;280
100..300;19;40395697;G;A;0.1620109975337982;255
100..300;19;40395707;G;A;0.1532029956579208;250
100..300;19;40398695;A;G;0.0745856016874313;260
100..300;19;40423037;G;A;0.1282889991998672;225
100..300;19;40423456;C;T;0.1346939951181411;160
100..300;19;40441541;G;A;0.0960265025496482;210
100..300;19;40441844;A;G;0.0771429017186164;245
100..300;19;40576962;C;T;0.0909091010689735;165
100..300;19;40577538;T;C;0.0919881016016006;235
100..300;19;40590283;G;A;0.1900310069322586;215
100..300;19;40605163;A;G;0.1458330005407333;230
100..300;19;40611963;G;A;0.076595701277256;160
100..300;19;40612150;G;A;0.0736434012651443;170
100..300;19;40622404;T;C;0.0609137006103992;125
100..300;19;40623937;T;C;0.1024589985609054;180
100..300;19;40822291;T;C;0.1587840020656585;195
100..300;19;40845495;A;G;0.1199999973177909;130
100..300;19;40877248;G;A;0.1787330061197281;270
100..300;19;40908576;A;G;0.0492958016693592;185
100..300;19;41061626;C;CG;0.0682926997542381;130
100..300;19;41116202;GC;G;0.1686750054359436;285
100..300;19;41116284;A;G;0.1777189970016479;260
100..300;19;41342037;T;TG;0.0890208035707473;245
100..300;19;41414125;T;C;0.0761905014514923;210
100..300;19;41709949;G;A;0.1108649969100952;290
100..300;19;41709953;C;T;0.1084069982171058;295
100..300;19;42287842;C;T;0.1171429976820945;245
100..300;19;42855719;T;G;0.0915032997727394;110
100..300;19;42867140;T;A;0.0777385011315345;175
100..300;19;42867142;A;C;0.0766550973057746;180
100..300;19;43195184;C;T;0.1900449991226196;275
100..300;19;43195265;G;A;0.1934159994125366;155
100..300;19;43205467;T;C;0.2198390066623687;185
100..300;19;43205495;A;G;0.2337960004806518;225
100..300;19;43212386;G;A;0.1705430001020431;160
100..300;19;43212469;G;A;0.1119690015912056;150
100..300;19;43212484;G;A;0.1072959974408149;135
100..300;19;43269447;C;T;0.1892659962177276;230
100..300;19;43406497;T;G;0.095238097012043;170
100..300;19;43417909;G;A;0.0897435992956161;105
100..300;19;43553432;C;G;0.0514018982648849;145
100..300;19;43578639;C;T;0.0901639014482498;155
100..300;19;43581675;T;C;0.0778815969824791;215
100..300;19;43614201;A;G;0.0820512995123863;265
100..300;19;43626301;A;G;0.0959595963358879;140
100..300;19;43652320;C;T;0.2040130048990249;195
100..300;19;43718961;A;G;0.1187739968299865;185
100..300;19;43718986;T;G;0.1282050013542175;170
100..300;19;43848487;A;G;0.1302080005407333;140
100..300;19;43873517;A;G;0.1623039990663528;130
100..300;19;43913423;G;A;0.1333329975605011;130
100..300;19;43914528;C;G;0.0734463036060333;130
100..300;19;43914541;C;T;0.0658683031797409;125
100..300;19;43914672;T;C;0.0788381993770599;180
100..300;19;44106690;T;C;0.115385003387928;160
100..300;19;44386655;A;G;0.0903225988149643;210
100..300;19;44387622;T;C;0.1292310059070587;235
100..300;19;44388006;T;C;0.0920244976878166;235
100..300;19;44392323;G;C;0.1298079937696457;130
100..300;19;44477583;C;T;0.1379310041666031;150
100..300;19;44477615;C;T;0.1402440071105957;125
100..300;19;44520547;C;G;0.106463998556137;180
100..300;19;44524136;C;T;0.0821255967020988;280
100..300;19;44524198;A;G;0.0854701027274131;235
100..300;19;44900864;A;G;0.0797872021794319;130
100..300;19;45218338;A;G;0.0813954025506973;115
100..300;19;45238753;G;C;0.0848056972026825;205
100..300;19;45238836;A;G;0.0783699005842208;230
100..300;19;45408744;C;A;0.0974358990788459;290
100..300;19;45409085;G;A;0.0743034034967422;230
100..300;19;45409148;A;G;0.0794702023267746;220
100..300;19;45414987;A;G;0.0753012001514434;220
100..300;19;45621273;A;G;0.1092899963259697;120
100..300;19;45687763;G;A;0.0852712988853454;180
100..300;19;45698914;T;C;0.0822784975171089;120
100..300;19;45761705;T;C;0.0619717985391616;235
100..300;19;45901321;G;A;0.0568181984126567;120
100..300;19;45995095;G;C;0.0690909028053283;170
100..300;19;46016768;G;A;0.0410627983510494;250
100..300;19;46023040;G;T;0.0722891986370086;120
100..300;19;46160633;G;A;0.0987123996019363;170
100..300;19;46353758;T;C;0.119266003370285;150
100..300;19;46470724;A;G;0.0977917984127998;235
100..300;19;46470976;A;G;0.0917721986770629;215
100..300;19;46471049;C;A;0.119047999382019;120
100..300;19;46634202;T;C;0.0871559977531433;145
100..300;19;46775681;A;G;0.1048030033707618;155
100..300;19;46778905;A;G;0.0877192988991737;160
100..300;19;47309908;A;G;0.0612903013825416;205
100..300;19;47353079;T;C;0.0709459036588668;205
100..300;19;47475414;A;G;0.1005920022726059;105
100..300;19;47539719;T;C;0.108303003013134;180
100..300;19;47545258;C;T;0.0766666978597641;205
100..300;19;47716672;A;G;0.068852499127388;215
100..300;19;47745650;C;G;0.107023000717163;195
100..300;19;47751542;C;T;0.0762711986899375;150
100..300;19;47756530;T;C;0.0927418991923332;175
100..300;19;48067815;G;T;0.095238097012043;180
100..300;19;48297494;A;C;0.0890052020549774;140
100..300;19;48297534;G;A;0.1034480035305023;125
100..300;19;48298169;C;T;0.078853003680706;195
100..300;19;48302758;T;C;0.0790273994207382;215
100..300;19;48464758;T;C;0.0962342992424964;165
100..300;19;48575989;T;C;0.1000000014901161;235
100..300;19;48592808;T;C;0.1148149967193603;170
100..300;19;48613102;C;T;0.0724638029932975;225
100..300;19;48613181;G;A;0.0629921033978462;250
100..300;19;48629377;A;G;0.0924369990825653;240
100..300;19;48713350;A;G;0.0864197984337806;220
100..300;19;48799813;C;G;0.0817610025405883;200
100..300;19;48831734;T;C;0.125460997223854;180
100..300;19;48847892;T;C;0.1100480034947395;140
100..300;19;48865586;C;T;0.0574713014066219;170
100..300;19;48873327;A;G;0.1092720031738281;210
100..300;19;48874062;G;A;0.0635837987065315;250
100..300;19;48874167;A;G;0.0965346992015838;275
100..300;19;48874179;C;G;0.0954774022102356;275
100..300;19;48874616;A;G;0.1140580028295517;260
100..300;19;48874661;T;G;0.0886427015066146;255
100..300;19;48875737;G;A;0.0633333027362823;200
100..300;19;48875910;T;C;0.0707691982388496;215
100..300;19;48875925;C;G;0.0716511011123657;210
100..300;19;48896564;A;G;0.1202189996838569;125
100..300;19;48904403;A;G;0.0622836984694004;190
100..300;19;48904458;T;C;0.0781892985105514;160
100..300;19;48905747;C;T;0.0811808034777641;185
100..300;19;48918709;C;T;0.0632411018013954;160
100..300;19;48919180;T;A;0.0637255012989044;145
100..300;19;48961106;T;C;0.1270720064640045;130
100..300;19;48966729;T;C;0.0861243978142738;135
100..300;19;49030123;T;G;0.1136360019445419;160
100..300;19;49056261;G;C;0.0698689967393875;155
100..300;19;49056436;C;T;0.0541515983641147;195
100..300;19;49057204;A;G;0.0292683001607656;140
100..300;19;49118335;C;G;0.0546875;255
100..300;19;49154952;C;A;0.0822622030973434;265
100..300;19;49155110;T;C;0.0994898006319999;270
100..300;19;49155133;C;T;0.1196810007095336;265
100..300;19;49157855;A;G;0.0792452991008758;165
100..300;19;49290771;T;G;0.0714285969734191;110
100..300;19;49365794;G;T;0.1541350036859512;185
100..300;19;49374858;A;G;0.0630372017621994;235
100..300;19;49374939;A;G;0.0717948973178863;255
100..300;19;49745244;C;T;0.0436241999268531;190
100..300;19;49746648;C;T;0.0568562000989913;195
100..300;19;49747144;T;C;0.0985400974750518;175
100..300;19;49901622;T;C;0.0700000002980232;130
100..300;19;50232083;T;C;0.0579710006713867;135
100..300;19;50249640;A;G;0.1099660024046897;195
100..300;19;50250613;T;C;0.064766801893711;255
100..300;19;50260629;T;C;0.0989582985639572;120
100..300;19;50286710;A;G;0.1020409986376762;100
100..300;19;50359511;T;C;0.0708955004811286;185
100..300;19;50758572;A;G;0.0871559977531433;150
100..300;19;50758694;T;G;0.0651341006159782;175
100..300;19;50758799;C;T;0.0735931023955345;160
100..300;19;50858059;T;C;0.1194029971957206;185
100..300;19;51000268;C;T;0.0894737020134925;140
100..300;19;51003764;G;T;0.1799309998750686;185
100..300;19;51014966;A;G;0.1657139956951141;115
100..300;19;51016090;C;G;0.1470589935779571;215
100..300;19;51185559;G;T;0.0889929980039596;275
100..300;19;51185586;C;G;0.1015800014138221;290
100..300;19;51185948;C;A;0.0878048986196518;135
100..300;19;51225221;T;C;0.1308719962835312;200
100..300;19;51235662;A;G;0.0598802007734775;230
100..300;19;51325341;T;C;0.0840336009860038;235
100..300;19;51347036;A;G;0.1527779996395111;185
100..300;19;51497405;A;G;0.0710382983088493;230
100..300;19;51498028;A;G;0.1151319965720176;205
100..300;19;51693559;C;G;0.0740740969777107;210
100..300;19;51701689;A;G;0.1037740036845207;140
100..300;19;51746963;G;A;0.086687296628952;215
100..300;19;51824531;T;C;0.1167659983038902;235
100..300;19;51945416;C;G;0.1199999973177909;170
100..300;19;52016987;A;G;0.0917430967092514;150
100..300;19;52017119;T;C;0.0747663974761962;150
100..300;19;52018043;A;G;0.0871212035417556;165
100..300;19;52033949;T;C;0.1143909990787506;195
100..300;19;52034323;G;T;0.1099999994039535;290
100..300;19;52035175;G;A;0.0845770984888076;140
100..300;19;52067461;G;C;0.1275510042905807;145
100..300;19;52067530;G;A;0.1400970071554184;135
100..300;19;52406707;A;G;0.0802920013666153;195
100..300;19;52582560;C;T;0.0686016008257865;280
100..300;19;52800452;G;T;0.1498640030622482;265
100..300;19;52841448;G;A;0.1206900030374527;250
100..300;19;52841823;C;T;0.1084010004997253;225
100..300;19;52841842;A;G;0.1080399975180625;265
100..300;19;52841857;G;A;0.1152940019965171;280
100..300;19;52849106;G;A;0.0855263024568557;200
100..300;19;52923359;T;C;0.0989011004567146;120
100..300;19;53050433;A;G;0.0903225988149643;260
100..300;19;53109467;C;T;0.1173909977078437;165
100..300;19;53109736;G;A;0.1193419992923736;175
100..300;19;53129643;A;G;0.0669455975294113;150
100..300;19;53224656;C;CAT;0.0710901021957397;150
100..300;19;53289789;A;G;0.1477569937705993;255
100..300;19;53290321;G;A;0.1652660071849823;245
100..300;19;53490416;A;G;0.0988371968269348;250
100..300;19;53616908;A;T;0.0975610017776489;170
100..300;19;54012161;C;G;0.0645160973072052;175
100..300;19;54277612;G;C;0.1736840009689331;180
100..300;19;54508187;A;G;0.0997375026345253;255
100..300;19;54537051;T;C;0.0838709995150566;105
100..300;19;54543645;A;G;0.0809248983860015;115
100..300;19;54663046;C;T;0.1116169989109039;285
100..300;19;54663551;T;G;0.0764873027801513;240
100..300;19;54936244;T;G;0.0942761003971099;205
100..300;19;55141929;C;A;0.1140350028872489;155
100..300;19;55146720;A;G;0.0508475005626678;110
100..300;19;55187587;T;C;0.1092899963259697;125
100..300;19;55196507;T;C;0.1157890036702156;140
100..300;19;55197189;G;A;0.1740510016679763;210
100..300;19;55197205;A;G;0.050000000745058;220
100..300;19;55198706;A;G;0.0920244976878166;215
100..300;19;55202167;A;G;0.1973969936370849;295
100..300;19;55227378;A;G;0.0756302997469902;245
100..300;19;55228445;A;G;0.0847058966755867;290
100..300;19;55358892;A;G;0.085164800286293;255
100..300;19;55454979;T;C;0.0727969035506248;170
100..300;19;55486895;T;C;0.112745001912117;125
100..300;19;55489529;T;G;0.0801687985658645;145
100..300;19;55529865;T;C;0.0497511997818946;130
100..300;19;55541034;T;G;0.0675991028547287;295
100..300;19;55810151;C;T;0.1258279979228973;110
100..300;19;55861524;T;C;0.0958904027938842;145
100..300;19;55898856;T;C;0.0833332985639572;200
100..300;19;55973711;G;A;0.0779661014676094;185
100..300;19;55976237;G;A;0.0671378001570701;180
100..300;19;56003968;T;C;0.0843022987246513;245
100..300;19;56008784;G;C;0.0640569031238555;185
100..300;19;56027610;C;G;0.0810810998082161;285
100..300;19;56027874;T;C;0.1005590036511421;255
100..300;19;56191879;A;G;0.0840841010212898;225
100..300;19;56384127;T;C;0.1132080033421516;155
100..300;19;56442216;C;T;0.2337660044431686;165
100..300;19;56550678;T;C;0.0898438021540641;175
100..300;19;56550703;C;T;0.0833332985639572;160
100..300;19;56550704;C;T;0.1096490025520324;160
100..300;19;56553820;C;T;0.0995024964213371;135
100..300;19;56823654;A;G;0.0625;215
100..300;19;57131414;A;C;0.064981997013092;190
100..300;19;57326650;G;C;0.1072959974408149;150
100..300;19;57329179;G;A;0.0797545984387397;235
100..300;19;57353781;T;C;0.0821255967020988;135
100..300;19;57357511;C;T;0.1071429997682571;260
100..300;19;57398459;T;G;0.0689655020833015;170
100..300;19;57445460;G;T;0.2569830119609833;125
100..300;19;57475736;T;C;0.0954774022102356;255
100..300;19;57492212;A;G;0.0935065001249313;225
100..300;19;57506385;A;C;0.069498099386692;185
100..300;19;57506386;G;A;0.0769231021404266;185
100..300;19;57506390;C;G;0.0780669003725051;190
100..300;19;57508524;A;G;0.152985006570816;180
100..300;19;57513074;A;G;0.1133000031113624;125
100..300;19;57572099;T;C;0.0718953981995582;105
100..300;19;57639970;T;TG;0.1319999992847442;170
100..300;19;57841438;C;T;0.094117596745491;295
100..300;19;57980259;C;T;0.0711297020316124;160
100..300;19;57999782;T;C;0.06007070094347;185
100..300;19;58061715;G;A;0.078125;120
100..300;19;58085082;T;C;0.0399999991059303;160
100..300;19;58089854;C;T;0.0828728973865509;130
100..300;19;58294717;C;T;0.1204010024666786;200
100..300;19;58409929;G;A;0.0737705007195472;160
100..300;19;58415848;T;C;0.1267939954996109;265
100..300;19;58416932;T;A;0.1045579984784126;255
100..300;19;58416942;T;C;0.0981431975960731;255
100..300;19;58434836;T;C;0.0918032974004745;215
100..300;19;58435466;C;T;0.1428570002317428;160
100..300;19;58511799;A;G;0.1172640025615692;210
100..300;19;58511807;G;A;0.111455000936985;215
100..300;19;58563286;C;T;0.0780142024159431;200
100..300;2;41647;G;A;0.1516849994659423;115
100..300;2;242800;C;T;0.1402440071105957;100
100..300;2;243504;T;C;0.1311479955911636;160
100..300;2;277250;A;G;0.0987123996019363;150
100..300;2;1173095;A;C;0.0987654030323028;155
100..300;2;1477583;A;G;0.0760233998298645;100
100..300;2;3580793;A;C;0.245398998260498;110
100..300;2;3606252;A;C;0.1018280014395713;245
100..300;2;3778797;C;T;0.1286309957504272;160
100..300;2;6496292;T;G;0.143322005867958;220
100..300;2;6849889;T;C;0.1066669970750808;140
100..300;2;7014695;AT;A;0.0757576003670692;100
100..300;2;9356162;C;T;0.0855856016278266;155
100..300;2;9388407;C;G;0.0734596997499466;285
100..300;2;9494727;G;A;0.1384620070457458;125
100..300;2;9954863;G;A;0.0977443978190422;180
100..300;2;9986202;A;G;0.0788732022047042;220
100..300;2;9986288;G;A;0.0686694979667663;155
100..300;2;9992146;C;T;0.058823499828577;140
100..300;2;10772593;A;G;0.1206229999661445;165
100..300;2;10819281;C;A;0.1104649975895881;110
100..300;2;10819335;T;G;0.1092899963259697;115
100..300;2;10819349;C;G;0.0848485007882118;105
100..300;2;10820826;A;G;0.2090590000152588;175
100..300;2;11102484;T;C;0.1072800010442733;180
100..300;2;11211739;C;T;0.1778659969568252;165
100..300;2;11249781;T;C;0.1453489959239959;110
100..300;2;11588728;A;G;0.0434782989323139;115
100..300;2;11611040;T;C;0.1392409950494766;105
100..300;2;11618390;G;C;0.0707964971661567;235
100..300;2;11634198;A;G;0.0620438009500503;170
100..300;2;11765750;T;C;0.1101320013403892;155
100..300;2;11802956;T;C;0.0979020968079567;190
100..300;2;15628722;A;AT;0.1888889968395233;130
100..300;2;17284591;T;G;0.1216930001974105;135
100..300;2;17284745;C;T;0.115385003387928;150
100..300;2;17284808;G;A;0.2235289961099624;115
100..300;2;17385367;G;A;0.2112679928541183;145
100..300;2;17385589;T;C;0.1296299993991851;160
100..300;2;17515852;A;T;0.1643839925527572;105
100..300;2;17805416;T;G;0.1141299977898597;120
100..300;2;18555347;G;A;0.1220659986138343;150
100..300;2;20251684;A;G;0.1497009992599487;110
100..300;2;20619004;T;C;0.109214998781681;195
100..300;2;20638462;T;C;0.0940594002604484;270
100..300;2;20685561;A;C;0.0935672968626022;110
100..300;2;21002628;G;A;0.1614910066127777;120
100..300;2;21022941;A;G;0.1207550019025802;175
100..300;2;23562463;A;G;0.0903955027461052;105
100..300;2;23703363;T;C;0.1745280027389526;140
100..300;2;23872415;C;A;0.1616770029067993;120
100..300;2;24821548;A;G;0.0611111000180244;115
100..300;2;24824539;G;A;0.0760869979858398;115
100..300;2;24841324;A;G;0.136363998055458;130
100..300;2;25246633;T;C;0.0640000030398368;160
100..300;2;26141157;G;T;0.1312499940395355;105
100..300;2;26280007;C;T;0.1979700028896331;120
100..300;2;26282990;G;A;0.1951220035552978;165
100..300;2;26311030;T;C;0.0710526034235954;260
100..300;2;26444262;G;A;0.1335310041904449;215
100..300;2;26477832;A;G;0.0872727036476135;175
100..300;2;26792112;C;T;0.0885417014360427;125
100..300;2;26792250;A;G;0.1069179996848106;105
100..300;2;26792742;C;CCA;0.0656566023826599;130
100..300;2;26940176;C;T;0.064393900334835;180
100..300;2;26941938;A;G;0.1106190010905265;155
100..300;2;26946974;A;C;0.0566801987588405;155
100..300;2;27056145;G;A;0.13714300096035;120
100..300;2;27092384;A;G;0.0799999982118606;185
100..300;2;27100517;T;C;0.0922330021858215;135
100..300;2;27137019;T;C;0.0603015013039112;255
100..300;2;27212297;A;G;0.0931373015046119;135
100..300;2;27233506;A;G;0.0867768973112106;175
100..300;2;27236496;C;T;0.0819671973586082;130
100..300;2;27255363;G;A;0.0760869979858398;255
100..300;2;27256909;A;C;0.1139900013804435;135
100..300;2;27258784;C;A;0.0931034013628959;185
100..300;2;27638944;C;A;0.0772726982831955;145
100..300;2;28539114;C;G;0.0840708017349243;145
100..300;2;28601936;A;G;0.0880502983927726;210
100..300;2;28632091;T;C;0.1476320028305053;225
100..300;2;28642894;C;T;0.1941390037536621;185
100..300;2;28956586;C;G;0.0928571000695228;185
100..300;2;29002636;G;T;0.0809061005711555;210
100..300;2;29002638;C;T;0.0811688005924224;210
100..300;2;29033508;T;C;0.0815047025680542;210
100..300;2;29036677;C;T;0.0771512985229492;220
100..300;2;29051864;T;G;0.0690691024065017;225
100..300;2;29133701;C;G;0.0755814015865325;110
100..300;2;29193615;C;T;0.1127599999308586;235
100..300;2;29223336;A;G;0.1173470020294189;135
100..300;2;29232333;T;A;0.1067420020699501;125
100..300;2;30459604;T;A;0.1339289993047714;150
100..300;2;30734460;G;A;0.1038459986448288;160
100..300;2;31187787;T;C;0.0888888984918594;115
100..300;2;31188318;A;C;0.0863874033093452;245
100..300;2;31197277;T;C;0.10309299826622;125
100..300;2;31339546;T;C;0.0542857013642787;235
100..300;2;31525140;G;C;0.1062500029802322;110
100..300;2;32177567;T;C;0.0918366983532905;135
100..300;2;32518906;G;A;0.0930233001708984;110
100..300;2;32575355;G;C;0.07462690025568;135
100..300;2;32607616;T;C;0.0886524990200996;185
100..300;2;32758413;A;G;0.1213240027427673;180
100..300;2;33263352;A;G;0.1058819964528083;165
100..300;2;37228089;A;C;0.1022730022668838;185
100..300;2;38075034;A;C;0.0591715984046459;100
100..300;2;38075247;C;G;0.1043960005044937;120
100..300;2;38075401;A;G;0.1118009984493255;110
100..300;2;38285568;C;T;0.0625;125
100..300;2;38309484;G;T;0.07462690025568;125
100..300;2;38377209;G;A;0.0530303008854389;160
100..300;2;38822999;C;A;0.0584192015230655;210
100..300;2;38855202;C;T;0.0655172020196914;190
100..300;2;39615000;C;G;0.1137439981102943;135
100..300;2;43292838;T;C;0.1105260029435157;130
100..300;2;43844500;T;C;0.1167510002851486;120
100..300;2;43844604;G;A;0.1479589939117431;120
100..300;2;46759277;G;A;0.0769231021404266;180
100..300;2;46759577;G;C;0.1119690015912056;180
100..300;2;46905488;A;G;0.128833994269371;110
100..300;2;46993483;A;G;0.095238097012043;235
100..300;2;47024371;C;G;0.0954544991254806;135
100..300;2;47369714;CG;C;0.0758929029107093;150
100..300;2;47803553;A;T;0.0894737020134925;255
100..300;2;48580657;C;A;0.1155380010604858;175
100..300;2;48580837;C;T;0.1209440007805824;235
100..300;2;48581013;C;G;0.1025639995932579;210
100..300;2;48581743;A;T;0.0735931023955345;165
100..300;2;48581759;T;C;0.0691056996583938;175
100..300;2;48646443;T;C;0.0930233001708984;100
100..300;2;48915268;G;T;0.1236559972167015;120
100..300;2;52571655;C;G;0.1673469990491867;170
100..300;2;52572190;T;G;0.0751634016633033;215
100..300;2;52572436;T;A;0.1489969938993454;220
100..300;2;53808371;C;G;0.1111110001802444;160
100..300;2;53904017;T;C;0.0852273032069206;110
100..300;2;53923100;G;A;0.0933332964777946;150
100..300;2;53970692;A;C;0.052631601691246;155
100..300;2;54255852;T;C;0.1883289963006973;270
100..300;2;54267311;A;G;0.112195000052452;135
100..300;2;54360522;C;G;0.1684779971837997;130
100..300;2;54433405;T;C;0.1029409989714622;125
100..300;2;55254186;A;T;0.0565216988325119;150
100..300;2;55263871;GA;G;0.1863349974155426;130
100..300;2;55881747;C;T;0.2967030107975006;120
100..300;2;58460948;A;G;0.0968991965055465;185
100..300;2;58460955;G;C;0.0912697985768318;180
100..300;2;58461772;A;G;0.1298339962959289;250
100..300;2;60735220;G;A;0.0469799004495143;120
100..300;2;61301164;TA;T;0.0742857009172439;135
100..300;2;61842223;C;T;0.1325760036706924;180
100..300;2;63622357;C;T;0.2130330055952072;280
100..300;2;64100410;T;G;0.209756001830101;125
100..300;2;64100458;C;T;0.2267210036516189;155
100..300;2;68655336;C;T;0.1294959932565689;290
100..300;2;69514477;T;C;0.0974576026201248;165
100..300;2;69514621;C;CTGT;0.0983607023954391;250
100..300;2;69788049;T;C;0.1116750016808509;120
100..300;2;69806452;T;C;0.0366300009191036;170
100..300;2;69806517;A;G;0.076530598104;125
100..300;2;69935402;G;T;0.1313560009002685;150
100..300;2;70943677;T;C;0.0672783032059669;215
100..300;2;70963254;T;C;0.2491469979286193;190
100..300;2;70979137;A;G;0.078313298523426;110
100..300;2;70985000;T;C;0.0785714015364646;295
100..300;2;71077608;A;G;0.1057400032877922;220
100..300;2;71124357;A;G;0.1888889968395233;240
100..300;2;71190004;T;C;0.0957446992397308;125
100..300;2;71481990;A;G;0.0849056988954544;135
100..300;2;71515762;C;T;0.0569947995245456;130
100..300;2;71553118;T;C;0.0738255009055137;200
100..300;2;72480745;G;A;0.1235959976911544;125
100..300;2;72731204;C;T;0.0830325037240982;190
100..300;2;73081250;T;C;0.1125399991869926;220
100..300;2;73214257;G;C;0.2374430000782013;145
100..300;2;73264386;T;C;0.1610170006752014;235
100..300;2;73489683;A;G;0.0743494033813476;180
100..300;2;73489976;C;G;0.0760869979858398;260
100..300;2;74255765;C;T;0.1173470020294189;130
100..300;2;74262191;A;G;0.0992366001009941;170
100..300;2;74460654;A;G;0.1018870025873184;175
100..300;2;74498017;C;T;0.1858409941196441;240
100..300;2;74506814;A;G;0.0753246992826461;240
100..300;2;74673461;T;G;0.0674846991896629;110
100..300;2;74754710;T;A;0.1794870048761367;100
100..300;2;75198602;G;A;0.0749185979366302;220
100..300;2;84669504;A;G;0.0393257997930049;120
100..300;2;85322745;G;A;0.0969697013497352;220
100..300;2;85326661;T;C;0.0826445966958999;245
100..300;2;85326957;A;G;0.0402843989431858;285
100..300;2;85341423;T;C;0.0756578966975212;215
100..300;2;85344587;G;A;0.1518319994211197;120
100..300;2;85398164;C;G;0.1336899995803833;125
100..300;2;85431198;A;G;0.0898875966668129;115
100..300;2;85435513;T;C;0.0697674006223678;175
100..300;2;85542588;G;C;0.1152419969439506;180
100..300;2;85553008;A;G;0.0977443978190422;170
100..300;2;85553413;T;C;0.0835734978318214;230
100..300;2;85579143;T;C;0.1417910009622573;185
100..300;2;85581614;G;A;0.0954907014966011;245
100..300;2;85591763;T;C;0.0731706991791725;185
100..300;2;85596916;A;G;0.094117596745491;175
100..300;2;85599598;A;G;0.0855263024568557;200
100..300;2;85667185;T;G;0.0743801966309547;150
100..300;2;85668215;G;T;0.1025639995932579;125
100..300;2;85697606;T;C;0.125;150
100..300;2;85698544;A;G;0.2470590025186538;230
100..300;2;85698557;G;T;0.239668995141983;245
100..300;2;86751970;A;G;0.0917873978614807;135
100..300;2;88088038;C;A;0.0934958979487419;160
100..300;2;88096601;A;G;0.1302330046892166;145
100..300;2;88096604;G;C;0.125;150
100..300;2;88096655;C;T;0.1355929970741272;190
100..300;2;88103041;A;G;0.0773809999227523;110
100..300;2;88108440;C;T;0.0679887011647224;240
100..300;2;88110465;A;G;0.0827338024973869;170
100..300;2;88112086;T;A;0.097938098013401;125
100..300;2;88529261;C;T;0.0970148965716362;270
100..300;2;94871823;T;C;0.0598957985639572;265
100..300;2;95575303;A;G;0.1254750043153762;175
100..300;2;95799803;C;A;0.0847458019852638;195
100..300;2;96013823;C;T;0.0782395973801612;280
100..300;2;96116114;C;T;0.0893855020403862;120
100..300;2;96132566;T;C;0.1260160058736801;160
100..300;2;96138368;A;G;0.0844594985246658;190
100..300;2;96277695;C;G;0.0784313976764679;210
100..300;2;98236710;A;G;0.1759999990463256;165
100..300;2;98377671;G;A;0.078313298523426;105
100..300;2;98533483;A;G;0.0967741981148719;115
100..300;2;98757257;C;T;0.0492423996329307;180
100..300;2;99601618;A;G;0.1000000014901161;175
100..300;2;100480498;T;C;0.1328410059213638;180
100..300;2;101011463;T;C;0.1467179954051971;175
100..300;2;101022366;T;C;0.1205210015177726;200
100..300;2;101068666;T;C;0.1863349974155426;105
100..300;2;101860991;T;C;0.14444400370121;125
100..300;2;102226007;C;T;0.1895730048418045;135
100..300;2;102384942;T;C;0.1701029986143112;125
100..300;2;102478945;A;G;0.2056339979171753;235
100..300;2;105405031;G;C;0.1955559998750686;145
100..300;2;106122379;G;A;0.0696202963590622;100
100..300;2;106834133;T;C;0.0833332985639572;105
100..300;2;108002058;T;C;0.1283780038356781;105
100..300;2;108247194;C;A;0.2878789901733398;135
100..300;2;108791752;A;G;0.0949366986751556;100
100..300;2;110794186;G;A;0.0726256966590881;110
100..300;2;110968195;A;G;0.0755814015865325;130
100..300;2;110968234;G;A;0.0994763970375061;135
100..300;2;111092938;T;C;0.107692003250122;175
100..300;2;111898795;T;A;0.0640394017100334;125
100..300;2;111898815;A;G;0.0604396015405654;115
100..300;2;111940883;A;G;0.0954357013106346;180
100..300;2;112022487;G;A;0.1107269972562789;205
100..300;2;112028314;T;C;0.1071429997682571;190
100..300;2;112028472;A;G;0.122078001499176;270
100..300;2;112028780;A;G;0.1231229975819587;230
100..300;2;112494303;A;G;0.0817843973636627;185
100..300;2;112588903;A;G;0.0565216988325119;145
100..300;2;112647131;A;G;0.2348989993333816;210
100..300;2;112722037;A;G;0.1958329975605011;150
100..300;2;112762552;A;G;0.1005590036511421;115
100..300;2;112779646;A;C;0.1157890036702156;130
100..300;2;112832813;A;G;0.0794392973184585;140
100..300;2;113028927;G;A;0.1104289963841438;110
100..300;2;113074364;A;G;0.1068700030446052;165
100..300;2;113074368;C;T;0.0980392023921012;165
100..300;2;113132727;C;T;0.0854429975152015;210
100..300;2;117825524;A;G;0.123999997973442;165
100..300;2;117975255;A;G;0.1080140024423599;190
100..300;2;119247993;T;C;0.2072069942951202;230
100..300;2;121239544;A;G;0.1067420020699501;120
100..300;2;126899234;A;G;0.0809248983860015;120
100..300;2;127068957;G;A;0.0633245036005973;245
100..300;2;127193882;A;G;0.0729167014360427;120
100..300;2;127193883;T;C;0.0729167014360427;120
100..300;2;127249498;T;A;0.0564103014767169;145
100..300;2;127564195;A;G;0.1300809979438781;160
100..300;2;127612342;T;C;0.0625;155
100..300;2;127631215;A;G;0.1453900039196014;185
100..300;2;127631287;C;G;0.122248999774456;260
100..300;2;127635714;C;T;0.1297300010919571;125
100..300;2;127636225;C;T;0.1160710006952285;140
100..300;2;127637380;G;A;0.0560345016419887;140
100..300;2;127706542;A;G;0.1291670054197311;165
100..300;2;127850610;T;C;0.1401270031929016;100
100..300;2;128182225;T;C;0.1326860040426254;210
100..300;2;131140151;T;G;0.0983607023954391;115
100..300;2;131500253;A;T;0.1034480035305023;150
100..300;2;131601505;T;C;0.1457490026950836;140
100..300;2;132417191;T;C;0.0813008025288581;235
100..300;2;132417426;G;A;0.0833332985639572;205
100..300;2;132560316;G;C;0.1490200012922287;170
100..300;2;132732028;G;A;0.0905172005295753;160
100..300;2;137663426;G;A;0.2307689934968948;100
100..300;2;140373126;T;C;0.1823530048131942;110
100..300;2;148483494;A;C;0.1005429998040199;250
100..300;2;151275616;G;A;0.080645203590393;215
100..300;2;151279000;G;A;0.0676691979169845;100
100..300;2;151457871;A;G;0.0474137999117374;140
100..300;2;151525940;G;C;0.1926610022783279;140
100..300;2;151531039;C;T;0.2241989970207214;180
100..300;2;151565562;G;C;0.2393620014190673;125
100..300;2;151565573;G;A;0.235954999923706;125
100..300;2;151633705;G;A;0.1768119931221008;235
100..300;2;152611593;T;C;0.0476190000772476;115
100..300;2;152626743;C;T;0.0758621022105217;105
100..300;2;152676746;A;G;0.0788177028298378;140
100..300;2;158703536;A;C;0.2322580069303512;110
100..300;2;158807087;C;T;0.1563419997692108;225
100..300;2;158815740;A;G;0.115385003387928;150
100..300;2;159227962;C;A;0.0836820006370544;160
100..300;2;159230142;T;C;0.0736842006444931;195
100..300;2;159230143;G;A;0.0785714015364646;190
100..300;2;159230181;G;A;0.0669144988059997;200
100..300;2;159819839;C;T;0.1466670036315918;145
100..300;2;159854534;C;G;0.1164380013942718;105
100..300;2;160045006;G;A;0.1111110001802444;215
100..300;2;161504064;C;T;0.2199169993400573;130
100..300;2;161505080;C;T;0.1230769976973533;140
100..300;2;161506555;A;G;0.1803279966115951;215
100..300;2;161839904;T;C;0.1722690016031265;150
100..300;2;162033598;G;C;0.1000000014901161;105
100..300;2;164703224;T;C;0.0837695971131324;125
100..300;2;164729956;C;T;0.1165049970149993;135
100..300;2;165679408;T;C;0.1773580014705658;185
100..300;2;166441621;A;G;0.1234040036797523;155
100..300;2;168834219;C;T;0.0938967019319534;140
100..300;2;168850918;T;C;0.0900693014264106;295
100..300;2;168908036;G;C;0.0759494006633758;220
100..300;2;169168573;G;A;0.0982905998826026;150
100..300;2;169213838;C;T;0.0941703990101814;150
100..300;2;169510589;A;G;0.1143790036439895;210
100..300;2;169531430;A;G;0.1210940033197403;165
100..300;2;169701587;G;A;0.1182800009846687;125
100..300;2;170602038;A;G;0.0755556002259254;165
100..300;2;170716430;A;G;0.0828024968504905;100
100..300;2;170792892;T;C;0.1116280034184455;145
100..300;2;171375293;G;C;0.1184210032224655;110
100..300;2;171517568;G;C;0.1834059953689575;120
100..300;2;171517610;A;G;0.1746030002832412;160
100..300;2;172427981;G;A;0.0443038009107112;100
100..300;2;172475080;A;G;0.1549299955368042;140
100..300;2;172479746;G;A;0.1428570002317428;145
100..300;2;172487375;T;C;0.1438129991292953;195
100..300;2;172595912;C;T;0.1133600026369094;160
100..300;2;172797626;G;A;0.0837695971131324;120
100..300;2;173263785;T;C;0.2058819979429245;150
100..300;2;174310361;T;C;0.0784884020686149;245
100..300;2;174310653;A;C;0.0874525010585784;190
100..300;2;174423050;A;G;0.1485150009393692;135
100..300;2;174436269;A;G;0.0963172987103462;240
100..300;2;174445064;C;T;0.1055900007486343;100
100..300;2;174759379;G;GA;0.1690820008516311;170
100..300;2;176100358;A;G;0.068249300122261;240
100..300;2;176242364;C;G;0.1565659940242767;135
100..300;2;177875895;C;A;0.1119690015912056;170
100..300;2;177997733;C;A;0.1442620009183883;205
100..300;2;178461008;T;C;0.0479042008519172;115
100..300;2;178575302;A;G;0.130741998553276;205
100..300;2;178576659;A;G;0.1047379970550537;275
100..300;2;178597767;G;A;0.1219509989023208;145
100..300;2;178632406;T;C;0.1421799957752227;150
100..300;2;178689578;T;C;0.1338029950857162;100
100..300;2;178856319;A;G;0.1095239967107772;135
100..300;2;178918743;T;C;0.0618892014026641;195
100..300;2;179121826;C;T;0.1167510002851486;130
100..300;2;179443301;T;C;0.0989399030804634;190
100..300;2;179945475;T;C;0.0985916033387184;150
100..300;2;182983325;G;A;0.0362694002687931;125
100..300;2;185796946;G;A;0.3421050012111664;125
100..300;2;185800236;A;C;0.284848004579544;105
100..300;2;186505946;C;G;0.1056599989533424;175
100..300;2;187002015;A;G;0.0956175029277801;180
100..300;2;187002613;A;G;0.0793650969862937;135
100..300;2;187826093;A;G;0.0677082985639572;130
100..300;2;188994347;A;T;0.1118419989943504;110
100..300;2;188999354;A;G;0.1038459986448288;190
100..300;2;189039477;G;A;0.095238097012043;175
100..300;2;189039507;G;T;0.1027669981122016;170
100..300;2;189088782;T;C;0.137254998087883;100
100..300;2;189311508;T;G;0.0975610017776489;135
100..300;2;189311509;A;C;0.082524299621582;135
100..300;2;189580468;C;G;0.0731706991791725;225
100..300;2;191009941;G;A;0.1212119981646537;130
100..300;2;191836667;G;A;0.0730768963694572;180
100..300;2;193277046;A;G;0.1637630015611648;200
100..300;2;200490383;A;G;0.090116299688816;250
100..300;2;200572325;G;A;0.2073169946670532;115
100..300;2;200858104;A;C;0.1238939985632896;155
100..300;2;200903515;T;C;0.097222201526165;145
100..300;2;200941282;G;A;0.0940594002604484;125
100..300;2;201138287;C;T;0.0830039978027343;175
100..300;2;201138447;G;A;0.1065990030765533;150
100..300;2;201141373;A;G;0.0636942982673645;105
100..300;2;201203710;T;C;0.0740740969777107;125
100..300;2;201340026;G;A;0.1069770008325576;135
100..300;2;202840466;A;G;0.0833332985639572;170
100..300;2;202841488;A;G;0.101851999759674;160
100..300;2;203867991;G;A;0.1081970036029815;190
100..300;2;203959601;C;A;0.1330049932003021;135
100..300;2;205950105;T;C;0.124498002231121;185
100..300;2;206420046;G;A;0.1198349967598915;175
100..300;2;207681666;C;A;0.1408450007438659;110
100..300;2;209978659;A;G;0.0901639014482498;160
100..300;2;209982201;T;C;0.0710901021957397;130
100..300;2;210477778;A;G;0.1213390007615089;160
100..300;2;213422259;T;C;0.1135729998350143;230
100..300;2;213930019;C;A;0.0858085975050926;190
100..300;2;214730440;A;G;0.132530003786087;110
100..300;2;214730921;T;C;0.1193180009722709;115
100..300;2;214767531;T;C;0.1860470026731491;140
100..300;2;214769331;T;C;0.1172839999198913;105
100..300;2;214809500;A;G;0.0960452035069465;240
100..300;2;214955289;A;G;0.129963994026184;180
100..300;2;215434827;A;G;0.0591397993266582;115
100..300;2;215434828;A;C;0.0594595000147819;115
100..300;2;216043956;T;C;0.0818966031074523;145
100..300;2;216610463;A;G;0.0634920969605445;220
100..300;2;216610476;A;G;0.057142898440361;220
100..300;2;216610710;G;GT;0.1031519994139671;245
100..300;2;217427418;C;T;0.1975309997797012;110
100..300;2;217427435;G;C;0.2023809999227523;115
100..300;2;217808125;A;G;0.0739436969161033;170
100..300;2;217830379;A;G;0.1000000014901161;200
100..300;2;217880962;A;G;0.1082620024681091;230
100..300;2;218275565;C;G;0.077540099620819;235
100..300;2;218278506;A;G;0.0815602988004684;190
100..300;2;218279366;A;G;0.095238097012043;135
100..300;2;218282145;C;T;0.0867052003741264;120
100..300;2;218282159;C;G;0.0909091010689735;110
100..300;2;218354349;T;C;0.0654205977916717;140
100..300;2;218357123;A;G;0.0672042965888977;255
100..300;2;218384290;T;C;0.0710059031844139;110
100..300;2;218385280;C;G;0.0434782989323139;160
100..300;2;218640742;A;G;0.1067190021276474;165
100..300;2;218688700;G;C;0.0924369990825653;155
100..300;2;218827078;A;G;0.0995260998606681;140
100..300;2;218841704;G;A;0.0906666964292526;265
100..300;2;219027511;A;T;0.1893689930438995;205
100..300;2;219040574;T;C;0.1096770018339157;210
100..300;2;219216753;T;C;0.0878186970949173;230
100..300;2;219243495;G;A;0.0944205969572067;165
100..300;2;219420154;T;C;0.0909091010689735;215
100..300;2;219444963;A;G;0.076554998755455;285
100..300;2;219557964;T;C;0.1376399993896484;240
100..300;2;219572359;T;C;0.0958084017038345;115
100..300;2;219574956;T;C;0.0742857009172439;250
100..300;2;219608633;A;G;0.0751880034804344;265
100..300;2;221442814;T;G;0.1059599965810775;110
100..300;2;222694370;C;T;0.1220929995179176;115
100..300;2;224379635;A;G;0.06944440305233;150
100..300;2;224380171;G;A;0.1104649975895881;125
100..300;2;224837848;A;G;0.0678732991218566;145
100..300;2;224854976;A;G;0.1474359929561615;110
100..300;2;226795828;T;C;0.0739549994468689;215
100..300;2;226798037;T;C;0.0783848017454147;290
100..300;2;227010486;G;A;0.1048950031399726;190
100..300;2;227282377;G;A;0.1079550012946128;115
100..300;2;227587234;C;T;0.1418440043926239;200
100..300;2;227628495;A;G;0.0794979035854339;150
100..300;2;227893838;T;A;0.0691056996583938;165
100..300;2;228018313;C;A;0.1346800029277801;210
100..300;2;228019005;C;T;0.1267610043287277;160
100..300;2;230172052;C;T;0.1086959987878799;125
100..300;2;230172144;T;C;0.08695650100708;165
100..300;2;230172150;A;G;0.0967741981148719;160
100..300;2;230172900;G;A;0.0689655020833015;155
100..300;2;230177560;G;A;0.2125000059604644;160
100..300;2;230212395;T;C;0.109324999153614;195
100..300;2;230212961;A;G;0.0638888999819755;230
100..300;2;230245867;T;C;0.1521739959716797;120
100..300;2;230251075;A;G;0.0928962007164955;115
100..300;2;230292797;G;A;0.1290320008993148;165
100..300;2;230469789;A;AAAAG;0.0977011024951934;115
100..300;2;230573382;T;A;0.1722220033407211;130
100..300;2;230573483;T;C;0.1512199938297271;140
100..300;2;230573581;G;A;0.1446280032396316;170
100..300;2;230573632;T;C;0.1518989950418472;165
100..300;2;230573673;A;G;0.1538459956645965;175
100..300;2;230573706;C;T;0.1169809997081756;195
100..300;2;230990360;T;C;0.0975610017776489;120
100..300;2;231000375;C;T;0.1067190021276474;165
100..300;2;231000554;T;G;0.058823499828577;110
100..300;2;232087546;T;C;0.1263439953327179;250
100..300;2;232263269;C;T;0.1141730025410652;175
100..300;2;232606190;T;TC;0.055214699357748;220
100..300;2;233034416;A;C;0.1010930016636848;250
100..300;2;233184389;A;G;0.1472389996051788;105
100..300;2;233195383;A;G;0.0780488029122352;135
100..300;2;233274722;G;A;0.09565220028162;150
100..300;2;233460175;C;T;0.1851850003004074;180
100..300;2;233462705;A;G;0.1638229936361313;190
100..300;2;233485841;A;G;0.1976049989461898;225
100..300;2;233511715;T;C;0.1086959987878799;115
100..300;2;233523335;T;G;0.1073829978704452;200
100..300;2;233585489;T;G;0.1319019943475723;215
100..300;2;233800222;C;G;0.0874999985098838;160
100..300;2;233818764;A;C;0.1581200063228607;150
100..300;2;233823665;A;G;0.0748898983001709;145
100..300;2;233828726;A;C;0.0476190000772476;235
100..300;2;233828734;T;G;0.0469207987189292;225
100..300;2;233939179;C;A;0.0444444008171558;120
100..300;2;233945896;C;G;0.0925925970077514;140
100..300;2;233945908;G;A;0.0901288017630577;155
100..300;2;233955144;A;G;0.0971428975462913;115
100..300;2;234058895;A;T;0.0819113031029701;185
100..300;2;236465666;T;C;0.1348839998245239;135
100..300;2;237336138;C;T;0.1010100021958351;135
100..300;2;237336220;T;TGCA;0.1003860011696815;205
100..300;2;237336280;T;C;0.0996885001659393;225
100..300;2;237340465;C;T;0.1171170026063919;155
100..300;2;237341074;A;G;0.0958904027938842;245
100..300;2;237344509;T;C;0.1232879981398582;200
100..300;2;237368930;A;C;0.1060609966516494;235
100..300;2;237369152;G;A;0.0523560009896755;135
100..300;2;237374962;A;G;0.0884353965520858;205
100..300;2;237735264;A;G;0.2196969985961914;170
100..300;2;237760159;G;A;0.2334489971399307;185
100..300;2;237762685;G;A;0.1651919931173324;225
100..300;2;237764060;G;C;0.1458330005407333;260
100..300;2;237824373;A;G;0.2460729926824569;125
100..300;2;237994757;A;G;0.0700000002980232;130
100..300;2;238116989;C;T;0.0901288017630577;145
100..300;2;238117004;T;C;0.0904977023601532;140
100..300;2;238125402;C;A;0.1160710006952285;150
100..300;2;238127629;T;C;0.0902777984738349;180
100..300;2;238173525;GC;G;0.0950225964188575;160
100..300;2;238435771;T;C;0.0693069025874137;210
100..300;2;238436022;A;T;0.0837695971131324;135
100..300;2;239139704;T;C;0.1058019995689392;200
100..300;2;240557353;A;C;0.12568299472332;125
100..300;2;240561479;T;C;0.0638298019766807;125
100..300;2;240618980;A;G;0.1004180014133453;155
100..300;2;240630432;T;C;0.0853658989071846;275
100..300;2;240630675;T;C;0.112195000052452;270
100..300;2;240630710;T;C;0.0817942023277282;260
100..300;2;240630832;C;A;0.1383399963378906;170
100..300;2;240741385;A;G;0.0872483029961586;200
100..300;2;240965418;A;G;0.1213240027427673;200
100..300;2;240989811;G;A;0.2173909991979599;120
100..300;2;241048300;A;C;0.0659897997975349;130
100..300;2;241090011;A;G;0.1267610043287277;185
100..300;2;241097382;G;A;0.0929367989301681;180
100..300;2;241107370;C;A;0.0722222030162811;115
100..300;2;241112362;A;G;0.0616883002221584;205
100..300;2;241114988;A;G;0.0432900004088878;155
100..300;2;241122747;T;C;0.1134449988603591;155
100..300;2;241123935;C;T;0.0677966028451919;170
100..300;2;241217826;A;G;0.0805687010288238;125
100..300;2;241233983;A;G;0.1169589981436729;115
100..300;2;241266896;T;C;0.0748898983001709;155
100..300;2;241493289;C;G;0.0680627971887588;130
100..300;2;241671323;C;T;0.0699708014726638;215
100..300;2;241676113;T;TG;0.0731706991791725;110
100..300;2;241678436;G;A;0.1437910050153732;105
100..300;2;241720139;T;C;0.0486485995352268;120
100..300;2;241871857;A;G;0.0906516015529632;250
100..300;20;96130;T;C;0.1058389991521835;180
100..300;20;298541;T;C;0.0652173981070518;295
100..300;20;326089;A;G;0.0592105016112327;185
100..300;20;365220;T;C;0.1728399991989135;105
100..300;20;391328;C;T;0.082251101732254;170
100..300;20;396582;T;C;0.0989011004567146;245
100..300;20;417634;T;G;0.1052630022168159;125
100..300;20;765454;A;G;0.1204190030694007;265
100..300;20;1127479;T;C;0.1145040020346641;165
100..300;20;1242851;A;G;0.1170210018754005;130
100..300;20;1305289;A;G;0.0730336979031562;250
100..300;20;1310505;G;GCAA;0.0684411004185676;180
100..300;20;1312463;A;G;0.0778687968850135;175
100..300;20;1312603;T;C;0.0909091010689735;180
100..300;20;1370065;C;T;0.1030530035495758;165
100..300;20;1477265;A;C;0.1095099970698356;240
100..300;20;1630248;A;G;0.0794223994016647;175
100..300;20;1670877;C;T;0.0774647966027259;100
100..300;20;1708190;G;A;0.0798610970377922;185
100..300;20;1915413;A;G;0.1147900000214576;285
100..300;20;1915414;C;T;0.1165919974446296;285
100..300;20;1915454;T;C;0.145015001296997;220
100..300;20;2075712;A;T;0.097826100885868;115
100..300;20;2155259;G;A;0.0900000035762786;125
100..300;20;2340459;C;G;0.1848739981651306;155
100..300;20;2432479;T;C;0.1333329975605011;120
100..300;20;2484338;C;T;0.1098589971661567;250
100..300;20;2484658;A;T;0.097297303378582;125
100..300;20;2562023;T;C;0.1022730022668838;120
100..300;20;2612360;G;A;0.0769231021404266;105
100..300;20;2641352;C;T;0.0578035004436969;115
100..300;20;2758937;C;T;0.100610002875328;210
100..300;20;2860127;T;C;0.115385003387928;140
100..300;20;3044461;T;C;0.0830861032009124;220
100..300;20;3190691;T;C;0.0489509999752044;200
100..300;20;3204528;T;A;0.0752687975764274;125
100..300;20;3228437;A;G;0.0738006979227066;190
100..300;20;3228725;A;G;0.115385003387928;190
100..300;20;3229655;A;G;0.0655737966299057;285
100..300;20;3230589;T;C;0.044973500072956;250
100..300;20;3230658;A;G;0.0446096993982791;195
100..300;20;3361996;C;T;0.1574469953775406;160
100..300;20;3644183;A;G;0.0758294016122818;145
100..300;20;3746040;A;G;0.0558658987283706;115
100..300;20;4060116;C;T;0.189189001917839;155
100..300;20;4177517;A;C;0.0638298019766807;185
100..300;20;5106293;T;A;0.1440680027008056;145
100..300;20;5118870;A;G;0.1479589939117431;130
100..300;20;5119563;C;G;0.2191780060529709;105
100..300;20;5302670;C;G;0.0833332985639572;185
100..300;20;5942557;C;T;0.1016390025615692;210
100..300;20;5942558;C;T;0.1029900014400482;210
100..300;20;5952462;A;C;0.1072959974408149;160
100..300;20;6770387;G;A;0.1021130010485649;195
100..300;20;6778468;T;A;0.0763636007905006;190
100..300;20;9387455;G;A;0.0693641975522041;120
100..300;20;9516069;G;C;0.0415224991738796;185
100..300;20;10049540;A;T;0.1026389971375465;240
100..300;20;10051765;G;T;0.1122990027070045;125
100..300;20;10349488;A;G;0.054298598319292;155
100..300;20;10622678;G;A;0.1115700006484985;180
100..300;20;10623102;A;G;0.154798999428749;230
100..300;20;13288601;T;C;0.0509804002940654;170
100..300;20;13625256;T;A;0.1069519966840744;120
100..300;20;13714960;G;T;0.0738006979227066;185
100..300;20;13785296;C;CCCGCGGGG;0.0922330021858215;150
100..300;20;13849491;C;A;0.0818182006478309;145
100..300;20;15619559;T;C;0.1179039999842643;150
100..300;20;16367284;A;C;0.1014489978551864;235
100..300;20;16367646;G;T;0.0842105001211166;210
100..300;20;17725019;A;G;0.0517240986227989;120
100..300;20;17735771;G;C;0.0890410989522934;195
100..300;20;17969902;T;A;0.1056339964270591;190
100..300;20;18041718;T;G;0.0790698006749153;145
100..300;20;18187333;T;C;0.0743494033813476;185
100..300;20;18315217;A;G;0.1104480028152465;225
100..300;20;18315829;T;C;0.0906592980027198;255
100..300;20;18316549;C;T;0.0909091010689735;220
100..300;20;18465378;A;C;0.0879120975732803;115
100..300;20;18504799;A;G;0.0634005963802337;240
100..300;20;18814070;T;C;0.1355309933423996;200
100..300;20;18814110;T;C;0.1412210017442703;195
100..300;20;18830061;T;C;0.0854270979762077;125
100..300;20;19280979;A;G;0.0954198017716407;175
100..300;20;19585027;A;G;0.1015869975090026;205
100..300;20;19974829;T;C;0.0696628987789154;295
100..300;20;20164128;A;G;0.0884615033864975;160
100..300;20;20277314;T;C;0.0750750973820686;230
100..300;20;21197259;A;G;0.0924855023622512;110
100..300;20;21706706;A;G;0.1177880018949508;295
100..300;20;24983922;C;T;0.0720338970422744;160
100..300;20;25057848;T;G;0.049549501389265;130
100..300;20;25078806;T;C;0.0881458967924118;225
100..300;20;25206577;A;G;0.1822430044412613;140
100..300;20;25213313;A;G;0.128712996840477;190
100..300;20;25280295;G;A;0.1858109980821609;190
100..300;20;25282153;C;T;0.1352660059928894;135
100..300;20;25284178;C;T;0.1510200053453445;160
100..300;20;25295661;A;G;0.0872483029961586;190
100..300;20;25302308;G;A;0.1917289942502975;170
100..300;20;25453503;T;C;0.0905923023819923;190
100..300;20;25458400;A;G;0.0750000029802322;125
100..300;20;25476252;G;A;0.159170001745224;200
100..300;20;25476386;C;T;0.0826445966958999;255
100..300;20;25476413;G;GCTCCCA;0.1184210032224655;265
100..300;20;25479128;G;T;0.1042350009083747;205
100..300;20;25686006;T;C;0.0799999982118606;160
100..300;20;31826818;T;C;0.0933332964777946;210
100..300;20;32690657;G;A;0.070175401866436;280
100..300;20;32780142;T;C;0.0880281999707222;200
100..300;20;32798541;C;T;0.0950225964188575;145
100..300;20;32800148;G;C;0.0802138969302177;125
100..300;20;32800830;C;T;0.1075699999928474;160
100..300;20;32833703;T;C;0.0462427996098995;115
100..300;20;32908386;G;A;0.1314740031957626;155
100..300;20;32961317;T;C;0.095238097012043;190
100..300;20;32996372;A;G;0.1079550012946128;115
100..300;20;33002880;A;C;0.1860470026731491;205
100..300;20;33020324;T;C;0.1214289963245391;175
100..300;20;33034277;A;G;0.192452996969223;170
100..300;20;33039485;G;A;0.1858740001916885;180
100..300;20;33047578;A;G;0.0842105001211166;120
100..300;20;33056714;C;T;0.2325579971075058;150
100..300;20;33064486;A;G;0.1609199941158294;170
100..300;20;33066893;G;A;0.1224490031599998;190
100..300;20;33068826;G;C;0.205035999417305;180
100..300;20;33086040;G;A;0.1706349998712539;160
100..300;20;33088998;C;A;0.1461189985275268;145
100..300;20;33676869;T;C;0.1068250015377998;230
100..300;20;33965241;G;T;0.1865289956331253;120
100..300;20;33965289;T;C;0.225610002875328;105
100..300;20;34123168;A;G;0.1856539994478225;160
100..300;20;34476025;C;A;0.161764994263649;195
100..300;20;34516787;C;G;0.1082469969987869;255
100..300;20;34986962;C;T;0.1958329975605011;160
100..300;20;34998390;T;C;0.1422020047903061;145
100..300;20;34999395;C;G;0.1928569972515106;195
100..300;20;35001304;A;G;0.1629630029201507;100
100..300;20;35004445;T;C;0.150628000497818;170
100..300;20;35115804;T;C;0.1681679934263229;235
100..300;20;35269741;T;C;0.1025639995932579;135
100..300;20;35269908;C;A;0.1379310041666031;170
100..300;20;35276681;G;A;0.0721649006009101;135
100..300;20;35278049;A;G;0.0497924983501434;145
100..300;20;35278092;A;G;0.0570341981947422;150
100..300;20;35280121;A;G;0.0973450988531112;155
100..300;20;35286917;T;C;0.0962567031383514;270
100..300;20;35306660;G;A;0.1311479955911636;120
100..300;20;35626801;C;T;0.0883978009223938;130
100..300;20;36849739;A;C;0.0528455004096031;150
100..300;20;36879139;A;G;0.0823528990149498;215
100..300;20;37137934;G;A;0.1042469963431358;165
100..300;20;38217336;T;C;0.0636792033910751;285
100..300;20;38310476;C;T;0.1189190000295639;130
100..300;20;38342716;T;A;0.0659340992569923;175
100..300;20;38360727;G;A;0.0493273995816707;150
100..300;20;38368988;T;C;0.0900000035762786;130
100..300;20;38369011;T;C;0.0840336009860038;155
100..300;20;38628947;G;C;0.0680000036954879;160
100..300;20;42085839;A;G;0.1390130072832107;150
100..300;20;43536082;C;T;0.0956175029277801;175
100..300;20;43566349;A;T;0.0917031019926071;160
100..300;20;43702906;T;G;0.1298699975013733;160
100..300;20;44114814;G;A;0.0476190000772476;145
100..300;20;44337223;T;C;0.1036790013313293;200
100..300;20;44337385;C;T;0.1508769989013672;200
100..300;20;44428408;T;C;0.0967741981148719;160
100..300;20;44489376;A;G;0.0828877016901969;245
100..300;20;45304523;C;T;0.0909091010689735;165
100..300;20;45610102;G;T;0.1231879964470863;180
100..300;20;45641343;C;T;0.1213869974017143;105
100..300;20;45946019;T;C;0.0896861031651496;155
100..300;20;45953796;T;G;0.0539846010506153;245
100..300;20;46051773;T;C;0.0893371999263763;230
100..300;20;46566265;G;C;0.2203390002250671;200
100..300;20;47639749;G;A;0.0996441021561622;185
100..300;20;48627912;A;G;0.0990099012851715;195
100..300;20;48629539;G;C;0.0942856967449188;240
100..300;20;48629589;A;G;0.0982455983757972;190
100..300;20;48632578;A;G;0.0827338024973869;200
100..300;20;48632632;A;G;0.0773809999227523;125
100..300;20;48632651;C;T;0.1610739976167678;110
100..300;20;48639762;T;C;0.1354579925537109;170
100..300;20;48642225;T;C;0.1407040059566497;135
100..300;20;48644398;G;A;0.1812500059604644;100
100..300;20;48644479;C;T;0.1397850066423416;125
100..300;20;48650942;G;A;0.0793102979660034;185
100..300;20;48651402;A;G;0.1446810066699981;155
100..300;20;48652695;G;C;0.0903955027461052;120
100..300;20;48657188;T;C;0.1061950027942657;155
100..300;20;48676285;G;C;0.0625;125
100..300;20;48726277;A;G;0.0898875966668129;115
100..300;20;48734558;A;G;0.06944440305233;135
100..300;20;48941880;T;C;0.1016260012984275;155
100..300;20;49072420;G;A;0.0651163011789321;140
100..300;20;49908290;G;A;0.0930233001708984;210
100..300;20;49957443;C;CTG;0.1101320013403892;155
100..300;20;49957917;A;G;0.0891472995281219;180
100..300;20;49984020;C;T;0.0883978009223938;255
100..300;20;49984094;C;T;0.0812807977199554;275
100..300;20;49984272;A;G;0.085333302617073;250
100..300;20;50579747;T;C;0.0882352963089943;285
100..300;20;50619977;T;C;0.0849056988954544;145
100..300;20;50960127;G;T;0.1073829978704452;200
100..300;20;51131405;T;A;0.1264369934797287;120
100..300;20;51790446;A;G;0.0521977990865707;250
100..300;20;51790623;C;T;0.0859375;265
100..300;20;51790963;C;A;0.057142898440361;220
100..300;20;51791427;T;C;0.1411409974098205;235
100..300;20;54157275;A;G;0.1107010021805763;180
100..300;20;56451939;A;G;0.1289310008287429;220
100..300;20;57173150;A;G;0.1028570011258125;225
100..300;20;57496360;A;C;0.0736195966601371;110
100..300;20;57562128;T;C;0.0612245015799999;230
100..300;20;57563592;A;G;0.0879999995231628;165
100..300;20;57610247;A;G;0.099195696413517;250
100..300;20;57652458;C;T;0.0756501033902168;290
100..300;20;58153576;A;G;0.0656566023826599;135
100..300;20;58218668;A;G;0.0621890984475612;260
100..300;20;58693811;A;C;0.0955056026577949;220
100..300;20;58693938;C;G;0.0896551981568336;100
100..300;20;58715291;G;C;0.1855670064687729;260
100..300;20;58989640;T;C;0.0416667014360427;165
100..300;20;59024347;A;G;0.0728155001997947;290
100..300;20;59035004;A;C;0.1241379976272583;100
100..300;20;59479393;A;G;0.1382489949464798;145
100..300;20;59996070;T;G;0.088669903576374;145
100..300;20;61352949;G;A;0.1422020047903061;135
100..300;20;61352974;A;G;0.1463409960269928;130
100..300;20;62193517;T;C;0.0736842006444931;195
100..300;20;62193559;A;G;0.1216730028390884;175
100..300;20;62197985;C;G;0.0611111000180244;120
100..300;20;62216366;T;C;0.0593472011387348;230
100..300;20;62273292;T;C;0.1502349972724914;135
100..300;20;62289334;T;C;0.1610170006752014;155
100..300;20;62310086;A;C;0.0939086005091667;270
100..300;20;62311097;A;G;0.0706714019179344;195
100..300;20;62324150;T;C;0.1769440025091171;240
100..300;20;62345568;G;A;0.1133000031113624;130
100..300;20;62345831;A;G;0.1757189929485321;205
100..300;20;62352356;A;G;0.2302629947662353;210
100..300;20;62388438;T;C;0.1036140024662017;265
100..300;20;62661184;T;C;0.0923077017068862;125
100..300;20;62896954;G;A;0.0778687968850135;175
100..300;20;62905586;A;G;0.089361697435379;160
100..300;20;62964284;T;C;0.0620689988136291;185
100..300;20;63239375;C;G;0.0579710006713867;240
100..300;20;63247657;T;G;0.0989760980010032;190
100..300;20;63349639;C;T;0.0819671973586082;165
100..300;20;63560205;A;G;0.1947669982910156;235
100..300;20;63561666;T;C;0.2212390005588531;220
100..300;20;63562092;A;G;0.1027029976248741;135
100..300;20;63563360;C;A;0.1204190030694007;130
100..300;20;63564319;T;C;0.1917099952697754;135
100..300;20;63564680;T;C;0.1800000071525573;205
100..300;20;63564829;C;G;0.1704919934272766;210
100..300;20;63569223;A;G;0.1473349928855896;220
100..300;20;63590413;T;C;0.1381379961967468;230
100..300;20;63700637;G;T;0.1105529963970184;130
100..300;20;63701289;C;T;0.0472972989082336;100
100..300;20;63742630;A;G;0.0658435970544815;170
100..300;20;63790269;G;A;0.0923077017068862;275
100..300;20;63790727;C;T;0.08695650100708;130
100..300;20;63861569;A;T;0.0791139006614685;190
100..300;20;63945638;A;G;0.1322309970855713;155
100..300;20;63963816;G;A;0.055248599499464;245
100..300;20;63964194;T;C;0.1222570016980171;215
100..300;20;63967462;T;C;0.1041100025177002;245
100..300;21;13527267;T;C;0.0883720964193344;150
100..300;21;14967968;T;C;0.2693729996681213;180
100..300;21;17518892;G;A;0.2393819987773895;175
100..300;21;17565440;G;A;0.0579710006713867;140
100..300;21;17796901;C;G;0.2722510099411011;135
100..300;21;18294584;A;T;0.1257490068674087;115
100..300;21;18341504;T;C;0.1260160058736801;155
100..300;21;19244974;T;G;0.2249000072479248;175
100..300;21;19245707;C;T;0.2025319933891296;110
100..300;21;20828226;CA;C;0.1433019936084747;235
100..300;21;26651051;C;T;0.2228920012712478;100
100..300;21;26966104;G;C;0.1936510056257248;215
100..300;21;28878322;A;G;0.0956937968730926;140
100..300;21;28960589;T;C;0.0762332007288932;145
100..300;21;28969569;G;A;0.2140219956636428;185
100..300;21;28984842;T;G;0.125;155
100..300;21;29036349;T;A;0.1216930001974105;120
100..300;21;29092595;T;C;0.0948275998234748;155
100..300;21;29591128;G;A;0.1261260062456131;135
100..300;21;30215475;G;A;0.1258739978075027;205
100..300;21;30440510;T;C;0.0712165981531143;230
100..300;21;31061981;C;T;0.1809950023889541;155
100..300;21;31672065;A;G;0.1088239997625351;235
100..300;21;31696649;C;T;0.1238939985632896;215
100..300;21;31702320;G;A;0.0679612010717392;145
100..300;21;32383454;A;G;0.0901639014482498;155
100..300;21;32497183;G;A;0.0724638029932975;100
100..300;21;32726890;T;C;0.1233770027756691;195
100..300;21;33027093;G;A;0.0870871022343635;240
100..300;21;33241945;C;T;0.1126129999756813;150
100..300;21;33241950;G;T;0.1101320013403892;155
100..300;21;33262573;A;G;0.1015229970216751;125
100..300;21;33603544;C;T;0.0606060996651649;130
100..300;21;34707992;T;C;0.106463998556137;175
100..300;21;36369631;C;T;0.1046509966254234;185
100..300;21;36461009;T;C;0.0811688005924224;210
100..300;21;36461453;A;G;0.0694006010890007;225
100..300;21;36486624;G;A;0.1074379980564117;165
100..300;21;36486653;G;C;0.112195000052452;140
100..300;21;36486659;C;A;0.1173470020294189;135
100..300;21;36741697;A;C;0.1263159960508346;130
100..300;21;36936611;A;G;0.0943953022360801;230
100..300;21;36994952;G;C;0.1183430030941963;120
100..300;21;37067386;G;A;0.1648939996957779;130
100..300;21;37072590;G;A;0.0909091010689735;110
100..300;21;37087293;A;G;0.0812721028923988;190
100..300;21;38253857;A;C;0.1337579935789108;105
100..300;21;38299554;A;G;0.1873279958963394;255
100..300;21;39127630;C;G;0.1084339991211891;175
100..300;21;39180381;G;A;0.0402684994041919;195
100..300;21;39202379;G;A;0.0975610017776489;160
100..300;21;39277242;A;G;0.0764330998063087;100
100..300;21;39298534;C;G;0.0879120975732803;175
100..300;21;39765576;A;G;0.0902255997061729;175
100..300;21;39771013;A;G;0.0535713993012905;125
100..300;21;41449186;C;T;0.1036039963364601;155
100..300;21;41499346;C;T;0.1209300011396408;160
100..300;21;41499618;AT;A;0.0689655020833015;195
100..300;21;41506199;C;A;0.1208050027489662;110
100..300;21;41507677;A;C;0.0846773982048034;165
100..300;21;41749197;G;C;0.1271930038928985;150
100..300;21;41756639;G;T;0.125;250
100..300;21;41756672;G;A;0.1228569969534874;245
100..300;21;41801395;A;G;0.08695650100708;245
100..300;21;41861559;A;G;0.0467836000025272;120
100..300;21;41918839;C;A;0.1559630036354065;145
100..300;21;41942186;T;C;0.0883055031299591;270
100..300;21;42103862;C;G;0.0838709995150566;115
100..300;21;42109542;AC;A;0.0857143029570579;195
100..300;21;42111698;C;A;0.0719423964619636;185
100..300;21;42119183;A;G;0.1028369963169097;180
100..300;21;42259328;C;T;0.1038959994912147;105
100..300;21;42259403;T;C;0.1008400022983551;155
100..300;21;42259444;T;C;0.0945945978164672;145
100..300;21;42366403;T;C;0.1505379974842071;125
100..300;21;42383058;C;T;0.1338579952716827;165
100..300;21;42385528;T;C;0.0877192988991737;105
100..300;21;42389975;T;C;0.0666666999459266;105
100..300;21;42418534;A;G;0.0723270028829574;210
100..300;21;42575813;A;G;0.094117596745491;170
100..300;21;44288394;T;C;0.1126279979944229;185
100..300;21;44305832;G;A;0.2093019932508468;135
100..300;21;44391460;G;T;0.0570776015520095;280
100..300;21;44600627;C;T;0.1071429997682571;260
100..300;21;44678079;T;C;0.0912548005580902;190
100..300;21;44702809;A;G;0.109214998781681;205
100..300;21;44851537;T;C;0.0734177008271217;260
100..300;21;44851545;C;T;0.0795755982398986;250
100..300;21;44910759;A;C;0.0562249012291431;160
100..300;21;45285706;A;G;0.0425532013177871;125
100..300;21;45478329;G;C;0.0734907984733581;250
100..300;21;45512414;A;G;0.09375;120
100..300;21;45986507;A;G;0.0927151963114738;110
100..300;21;46003475;A;G;0.1347520053386688;190
100..300;21;46003593;A;G;0.1836729943752288;195
100..300;21;46003722;T;C;0.150735005736351;200
100..300;21;46132189;T;G;0.0923694968223571;175
100..300;21;46182805;A;G;0.0419354997575283;220
100..300;21;46215262;C;T;0.0923077017068862;210
100..300;21;46215713;G;C;0.1581400036811828;270
100..300;21;46215799;A;G;0.147146999835968;210
100..300;21;46221880;T;C;0.0697674006223678;195
100..300;21;46222695;A;G;0.1048690006136894;180
100..300;21;46277736;G;A;0.2105260044336319;115
100..300;21;46280584;T;C;0.0860655978322029;160
100..300;21;46283735;A;G;0.1583330035209655;225
100..300;21;46284982;A;G;0.1558440029621124;280
100..300;21;46314928;G;A;0.0802920013666153;295
100..300;21;46314930;A;G;0.0806846022605896;290
100..300;21;46346225;C;T;0.1937170028686523;125
100..300;21;46346736;A;G;0.270440012216568;115
100..300;21;46353189;A;C;0.1590909957885742;230
100..300;21;46391357;T;C;0.1469389945268631;165
100..300;21;46416739;T;C;0.1395940035581588;270
100..300;21;46430491;T;C;0.2300000041723251;140
100..300;21;46430570;C;G;0.1681679934263229;220
100..300;21;46431839;G;A;0.1548559963703155;260
100..300;21;46440851;C;T;0.1403509974479675;120
100..300;21;46443844;C;A;0.0954907014966011;250
100..300;21;46490610;G;A;0.0753967985510826;165
100..300;21;46498749;G;C;0.073369599878788;245
100..300;21;46541798;A;G;0.1201300024986267;190
100..300;21;46546897;C;G;0.0730336979031562;125
100..300;21;46550668;A;G;0.1308410018682479;220
100..300;22;16697711;A;G;0.0803857967257499;225
100..300;22;16784014;G;A;0.0833332985639572;205
100..300;22;16784304;A;G;0.0819671973586082;210
100..300;22;16857817;T;G;0.2620970010757446;165
100..300;22;16858151;A;G;0.2137099951505661;175
100..300;22;16858352;A;G;0.1773580014705658;190
100..300;22;16858862;A;G;0.2226420044898986;175
100..300;22;16859187;G;A;0.2053570002317428;150
100..300;22;16859529;C;T;0.2584269940853119;130
100..300;22;16859749;T;C;0.140186995267868;145
100..300;22;16859779;T;C;0.1541669964790344;170
100..300;22;16904256;C;T;0.1099999994039535;135
100..300;22;17209519;A;G;0.1690140068531036;290
100..300;22;17541915;T;C;0.0549828000366687;195
100..300;22;17740102;G;GGCCACGCTCAACT;0.0864197984337806;195
100..300;22;17817828;A;G;0.0867346972227096;270
100..300;22;17818113;A;G;0.088068202137947;230
100..300;22;17841798;T;C;0.0898203998804092;230
100..300;22;17887150;G;A;0.1105989962816238;150
100..300;22;17906782;C;G;0.0751634016633033;205
100..300;22;18083522;G;C;0.0996015965938568;165
100..300;22;18990791;A;G;0.0843373015522956;170
100..300;22;19014496;T;G;0.1090909987688064;110
100..300;22;19039100;G;A;0.1566269993782043;175
100..300;22;19041269;T;C;0.0540541000664234;180
100..300;22;19060874;T;C;0.1044780015945434;125
100..300;22;19060900;G;A;0.2238810062408447;125
100..300;22;19060923;A;G;0.1069519966840744;120
100..300;22;19060936;A;G;0.1123600006103515;115
100..300;22;19065893;T;G;0.0881057009100914;145
100..300;22;19125502;T;C;0.1283189952373504;160
100..300;22;19125515;A;G;0.1139239966869354;165
100..300;22;19132173;T;C;0.0821918025612831;260
100..300;22;19132238;T;C;0.0584958009421825;250
100..300;22;19132425;A;G;0.0353982001543045;150
100..300;22;19135152;T;C;0.0829268023371696;130
100..300;22;19144548;T;C;0.0941827967762947;235
100..300;22;19196584;C;T;0.0857143029570579;210
100..300;22;19788842;A;G;0.0619946010410785;240
100..300;22;20115740;T;G;0.0840708017349243;145
100..300;22;20115741;T;C;0.0833332985639572;145
100..300;22;20369542;C;T;0.1213020011782646;200
100..300;22;20583314;T;C;0.1055279970169067;135
100..300;22;20584836;A;G;0.0461537986993789;140
100..300;22;20589868;G;A;0.1075949966907501;115
100..300;22;20626150;G;A;0.1407040059566497;130
100..300;22;21029140;T;A;0.0928793027997016;215
100..300;22;21044989;C;T;0.0609137006103992;135
100..300;22;21045993;C;G;0.1089489981532096;160
100..300;22;21963982;C;T;0.0935484021902084;205
100..300;22;21965385;A;AG;0.1229050010442733;135
100..300;22;21971954;G;GC;0.0673077031970024;140
100..300;22;23096004;T;C;0.1008649989962577;245
100..300;22;23140296;A;G;0.0771811977028846;195
100..300;22;23145346;T;C;0.0989582985639572;130
100..300;22;23160934;A;G;0.079847902059555;180
100..300;22;23181443;A;C;0.0386473014950752;130
100..300;22;23182895;C;T;0.052631601691246;170
100..300;22;23186584;G;C;0.0774194002151489;115
100..300;22;23187981;G;T;0.1311479955911636;175
100..300;22;23188247;C;T;0.0811965987086296;175
100..300;22;23191451;AAACAAC;A;0.1337579935789108;130
100..300;22;23192948;G;A;0.0929204002022743;175
100..300;22;23193312;C;T;0.0384614989161491;150
100..300;22;23196170;C;T;0.1199999973177909;145
100..300;22;23196400;A;G;0.0897435992956161;160
100..300;22;23196550;C;T;0.1336899995803833;140
100..300;22;23196782;A;C;0.0837989002466201;130
100..300;22;23196783;G;A;0.0837989002466201;125
100..300;22;23197124;G;A;0.1528660058975219;110
100..300;22;23197209;A;G;0.1038959994912147;110
100..300;22;23197253;A;G;0.0897435992956161;115
100..300;22;23198227;G;T;0.0890052020549774;135
100..300;22;23198612;G;A;0.1119130030274391;195
100..300;22;23198726;T;C;0.1866669952869415;155
100..300;22;23199301;T;C;0.1149429976940155;190
100..300;22;23216567;C;G;0.0923912972211837;130
100..300;22;23236847;A;AAGCGTGAACAAATTCTGTGTCTTG;0.0543932989239692;155
100..300;22;23237875;GA;G;0.0944882035255432;190
100..300;22;23313961;G;T;0.0860214978456497;120
100..300;22;23315477;T;C;0.0666666999459266;130
100..300;22;23895034;G;C;0.0583333000540733;150
100..300;22;24072436;A;G;0.1215690001845359;165
100..300;22;24495387;T;A;0.099056601524353;135
100..300;22;24585970;T;C;0.1104099974036216;215
100..300;22;24621069;T;C;0.0850339978933334;195
100..300;22;24728176;T;C;0.0772946998476982;145
100..300;22;24748945;T;C;0.1179490014910698;130
100..300;22;24749504;G;A;0.2418300062417984;105
100..300;22;24874488;C;G;0.0873015969991684;265
100..300;22;25319956;A;G;0.1353379935026168;250
100..300;22;25319964;G;A;0.1345179975032806;250
100..300;22;25357354;A;G;0.2179490029811859;250
100..300;22;25437629;T;C;0.2134149968624115;115
100..300;22;25826487;T;C;0.1019420027732849;130
100..300;22;26292865;T;G;0.0688622966408729;225
100..300;22;26466075;A;G;0.0809248983860015;125
100..300;22;26669405;T;C;0.0651163011789321;145
100..300;22;26670771;C;T;0.1089740023016929;115
100..300;22;26672739;A;C;0.062745101749897;175
100..300;22;26673035;T;C;0.1123600006103515;125
100..300;22;26673594;T;C;0.0992064028978347;175
100..300;22;26674341;T;C;0.0759494006633758;165
100..300;22;29260400;T;G;0.1686459928750991;280
100..300;22;29356632;A;G;0.0582011006772518;125
100..300;22;29359899;C;T;0.0771929994225502;190
100..300;22;30294009;A;G;0.1007559970021247;255
100..300;22;30386742;A;G;0.0805369019508361;195
100..300;22;30427126;G;T;0.0815450996160507;160
100..300;22;30468623;G;A;0.1193180009722709;235
100..300;22;30468805;T;C;0.1059599965810775;105
100..300;22;30581366;A;T;0.0766422972083091;180
100..300;22;30617432;T;C;0.1032259985804557;200
100..300;22;30622988;C;T;0.0950703993439674;185
100..300;22;30636894;A;G;0.0580807998776435;270
100..300;22;30967827;C;T;0.0285714007914066;135
100..300;22;31140009;G;C;0.0897833034396171;225
100..300;22;31341450;A;G;0.0423280000686645;140
100..300;22;31442099;A;G;0.1278200000524521;185
100..300;22;31550296;C;T;0.1144070029258728;155
100..300;22;31580313;C;T;0.115226000547409;150
100..300;22;31602626;A;G;0.0829493030905723;150
100..300;22;31611167;A;G;0.073878601193428;260
100..300;22;31685695;T;C;0.0529411993920803;225
100..300;22;31712489;T;C;0.1098899990320205;195
100..300;22;31712838;A;T;0.0861537978053093;230
100..300;22;31714957;A;G;0.1345289945602417;155
100..300;22;31809646;C;A;0.0927835032343864;125
100..300;22;31833991;A;G;0.1006290018558502;215
100..300;22;32043287;T;C;0.0904522985219955;130
100..300;22;32229223;T;C;0.1302679926156997;165
100..300;22;32269802;T;C;0.1158299967646598;180
100..300;22;32270020;T;C;0.055214699357748;115
100..300;22;32271520;A;G;0.25;150
100..300;22;32272384;A;G;0.1552799940109253;220
100..300;22;32360757;G;A;0.1374049931764602;230
100..300;22;32395016;C;A;0.2073169946670532;110
100..300;22;32399654;T;C;0.1148649975657463;190
100..300;22;32408189;T;G;0.105504997074604;140
100..300;22;32412091;A;G;0.0815602988004684;190
100..300;22;32414391;G;T;0.1238100007176399;130
100..300;22;32415965;G;A;0.1797239929437637;140
100..300;22;32419411;A;G;0.1005590036511421;120
100..300;22;33277139;T;C;0.0755814015865325;235
100..300;22;35067169;G;A;0.1362009942531585;190
100..300;22;35067186;C;T;0.1365189999341964;190
100..300;22;35551538;A;C;0.172775000333786;135
100..300;22;35610998;A;G;0.0603448003530502;150
100..300;22;35611028;T;C;0.0618556998670101;135
100..300;22;36160650;T;C;0.0849673002958297;115
100..300;22;36292132;A;G;0.0672783032059669;215
100..300;22;36304129;G;A;0.0630251988768577;155
100..300;22;36991464;A;C;0.1106190010905265;155
100..300;22;37002154;T;C;0.0915253981947898;210
100..300;22;37002160;A;C;0.0989399030804634;205
100..300;22;37073551;A;G;0.1033060029149055;150
100..300;22;37089684;C;T;0.0967741981148719;260
100..300;22;37182174;C;T;0.0926828980445861;145
100..300;22;37182767;A;G;0.0696379020810127;250
100..300;22;37185382;C;G;0.1138790026307106;185
100..300;22;37185445;A;C;0.25;155
100..300;22;37207012;T;C;0.0591017007827758;295
100..300;22;37207351;T;C;0.0863095000386238;210
100..300;22;37207705;T;C;0.1096350029110908;210
100..300;22;37241613;C;G;0.07255519926548;210
100..300;22;37299215;C;T;0.0846560969948768;125
100..300;22;37374026;T;G;0.1629209965467453;235
100..300;22;37374317;G;A;0.1896550059318542;240
100..300;22;37375118;A;G;0.174478992819786;265
100..300;22;37701352;G;C;0.1186439990997314;115
100..300;22;37734452;T;G;0.1090229973196983;180
100..300;22;37765831;GT;G;0.120567001402378;110
100..300;22;37768099;T;C;0.0827338024973869;180
100..300;22;37809982;C;T;0.0702479034662246;160
100..300;22;37877742;C;T;0.1092439964413642;245
100..300;22;37971233;A;G;0.0769231021404266;160
100..300;22;39155793;C;T;0.0801282003521919;215
100..300;22;39313743;G;A;0.0752687975764274;120
100..300;22;39512414;T;C;0.0956790000200271;210
100..300;22;39670112;T;C;0.0666666999459266;270
100..300;22;39887423;G;A;0.0609137006103992;140
100..300;22;40418632;T;C;0.0564516000449657;195
100..300;22;41176537;T;C;0.0821918025612831;150
100..300;22;41224821;T;C;0.1092439964413642;170
100..300;22;41880738;C;G;0.0833332985639572;155
100..300;22;41972853;A;G;0.0452128015458583;260
100..300;22;42020052;G;A;0.1329479962587356;110
100..300;22;42077599;T;C;0.092909500002861;295
100..300;22;42150313;A;G;0.1041669994592666;225
100..300;22;42387064;A;G;0.0754716992378234;105
100..300;22;42397839;T;C;0.0772726982831955;145
100..300;22;42397867;G;A;0.0797101035714149;180
100..300;22;42871399;C;T;0.107744000852108;190
100..300;22;43051885;T;C;0.064981997013092;175
100..300;22;43129316;C;G;0.0611111000180244;120
100..300;22;43143114;C;G;0.05726870149374;145
100..300;22;43176348;T;C;0.1170890033245086;210
100..300;22;43180874;A;C;0.1379310041666031;140
100..300;22;43183043;C;T;0.1030149981379509;260
100..300;22;43203985;T;C;0.1151830032467842;135
100..300;22;43672313;A;G;0.1139239966869354;100
100..300;22;43886396;G;A;0.1225629970431327;240
100..300;22;43886427;A;G;0.1299089938402176;225
100..300;22;43889548;A;G;0.1165639981627464;125
100..300;22;43889787;A;G;0.2065729945898056;150
100..300;22;43891182;G;A;0.15726999938488;220
100..300;22;43927042;G;T;0.0682730972766876;160
100..300;22;43927090;T;G;0.0653060972690582;160
100..300;22;44732352;C;T;0.0862620025873184;205
100..300;22;44859750;C;T;0.0769231021404266;165
100..300;22;44862453;G;C;0.062314499169588;230
100..300;22;44883123;A;G;0.0716724023222923;205
100..300;22;45332715;A;G;0.0670391023159027;120
100..300;22;46247126;C;A;0.1013329997658729;235
100..300;22;46248280;A;G;0.0772358030080795;160
100..300;22;46256840;A;G;0.09375;210
100..300;22;46258426;A;G;0.1052630022168159;150
100..300;22;46260028;C;T;0.0747331008315086;200
100..300;22;46260051;C;T;0.07462690025568;200
100..300;22;46260349;G;T;0.0841837003827095;260
100..300;22;46260582;G;A;0.1038059964776039;205
100..300;22;46260614;G;A;0.1134020015597343;215
100..300;22;46260710;A;G;0.1335500031709671;210
100..300;22;46260908;A;G;0.0847458019852638;210
100..300;22;46261364;G;A;0.0950819998979568;215
100..300;22;46261901;G;A;0.1180810034275055;195
100..300;22;46268534;G;C;0.070739597082138;195
100..300;22;46377227;C;T;0.0625;210
100..300;22;46721008;A;G;0.120567001402378;100
100..300;22;49884187;C;T;0.0654762014746666;225
100..300;22;49884235;G;A;0.0798897966742515;245
100..300;22;49884790;G;A;0.0862068980932235;245
100..300;22;49884920;G;A;0.0695187002420425;265
100..300;22;49884994;T;C;0.0850514993071556;270
100..300;22;49886488;C;T;0.0647481977939605;200
100..300;22;50001197;A;G;0.071240097284317;245
100..300;22;50030478;G;C;0.1034480035305023;130
100..300;22;50041679;T;C;0.1742160022258758;180
100..300;22;50210868;T;C;0.0911853983998298;225
100..300;22;50218683;T;C;0.0753424987196922;215
100..300;22;50219995;C;T;0.0804598033428192;170
100..300;22;50244017;C;T;0.0741688013076782;275
100..300;22;50258233;T;C;0.0901288017630577;150
100..300;22;50278700;G;T;0.1136360019445419;150
100..300;22;50280822;G;A;0.0820669010281562;215
100..300;22;50283738;C;T;0.0718562975525856;240
100..300;22;50287124;C;T;0.0795454978942871;170
100..300;22;50436464;T;C;0.159291997551918;155
100..300;22;50439767;A;G;0.1826920062303543;265
100..300;22;50447464;C;CCA;0.066371701657772;165
100..300;22;50457029;C;G;0.0747921988368034;240
100..300;22;50483215;A;G;0.1006290018558502;115
100..300;22;50489527;T;C;0.1048389971256256;165
100..300;22;50505699;A;G;0.0917430967092514;140
100..300;22;50522253;T;C;0.0693878009915351;170
100..300;22;50525807;A;G;0.0476190000772476;110
100..300;22;50548858;G;A;0.0621468983590602;100
100..300;22;50570421;G;A;0.0850201994180679;155
100..300;22;50572947;C;G;0.1010830029845237;185
100..300;22;50573504;C;T;0.0818713009357452;115
100..300;22;50573508;G;A;0.0710382983088493;120
100..300;22;50577409;C;T;0.0862068980932235;230
100..300;3;1227996;A;G;0.1027399972081184;100
100..300;3;3098273;C;T;0.1264819949865341;170
100..300;3;4313013;A;G;0.14410500228405;155
100..300;3;4316526;G;A;0.257777988910675;165
100..300;3;4362133;A;T;0.0769231021404266;130
100..300;3;4362134;C;T;0.07462690025568;130
100..300;3;4362153;G;A;0.0678732991218566;145
100..300;3;4700567;G;A;0.2288140058517456;160
100..300;3;7146493;C;T;0.1481480002403259;155
100..300;3;8994326;G;T;0.0562499985098838;110
100..300;3;8999310;A;G;0.0537189990282058;160
100..300;3;9473370;C;T;0.0779220983386039;245
100..300;3;9741397;T;C;0.1071429997682571;150
100..300;3;9878454;C;G;0.15625;185
100..300;3;9892921;C;T;0.0441175997257232;140
100..300;3;9920473;C;T;0.0990099012851715;130
100..300;3;10177824;C;T;0.1272729933261871;150
100..300;3;10385333;C;G;0.1173710003495216;140
100..300;3;10934059;T;C;0.0994763970375061;120
100..300;3;11807400;C;G;0.1330049932003021;145
100..300;3;11839286;C;T;0.1301369965076446;190
100..300;3;11844977;A;G;0.1275510042905807;125
100..300;3;12434058;T;C;0.0801526978611946;175
100..300;3;12501699;A;G;0.1428570002317428;170
100..300;3;12503330;A;G;0.0921501964330673;210
100..300;3;12820087;C;T;0.0932836011052131;175
100..300;3;12820109;A;G;0.0822784975171089;210
100..300;3;14490278;C;A;0.0594595000147819;125
100..300;3;14491627;GA;G;0.082251101732254;175
100..300;3;14493539;G;C;0.1036790013313293;205
100..300;3;14505674;A;G;0.0930233001708984;120
100..300;3;14541920;G;A;0.122807003557682;115
100..300;3;14821133;A;G;0.07255519926548;225
100..300;3;14897964;A;G;0.0984252020716667;165
100..300;3;15039189;A;G;0.0905349999666214;165
100..300;3;16264167;G;C;0.0967741981148719;115
100..300;3;16271057;T;C;0.1239669993519783;165
100..300;3;16286348;G;T;0.0969387963414192;115
100..300;3;16286402;T;C;0.1111110001802444;130
100..300;3;16323447;T;C;0.0616113990545272;135
100..300;3;16604489;A;G;0.1220659986138343;135
100..300;3;16728589;T;C;0.2127660065889358;125
100..300;3;17012007;G;A;0.1722490042448043;145
100..300;3;19905613;C;A;0.2565450072288513;130
100..300;3;19933647;T;C;0.1938779950141906;205
100..300;3;19933668;G;A;0.0620154999196529;190
100..300;3;20012456;G;C;0.1166670024394989;125
100..300;3;23807344;C;A;0.0718391016125679;235
100..300;3;24127490;T;C;0.1325969994068145;125
100..300;3;24165115;C;G;0.140625;170
100..300;3;25528074;T;C;0.1035709977149963;185
100..300;3;27290686;C;T;0.1302520036697387;155
100..300;3;30671634;A;T;0.0764330998063087;105
100..300;3;30801066;C;G;0.13297900557518;125
100..300;3;32260018;T;C;0.123710997402668;140
100..300;3;32260068;G;C;0.1336410045623779;145
100..300;3;32491754;C;T;0.0751174017786979;145
100..300;3;32621039;C;T;0.1272729933261871;190
100..300;3;32621311;A;C;0.0971786975860595;215
100..300;3;32621315;C;T;0.0940439030528068;215
100..300;3;32621427;T;C;0.1265060007572174;240
100..300;3;32621446;C;T;0.1159420013427734;250
100..300;3;32621468;G;A;0.1188409999012947;250
100..300;3;32621548;C;T;0.1061950027942657;235
100..300;3;32621609;C;G;0.0916230008006095;260
100..300;3;32621746;G;A;0.0860655978322029;175
100..300;3;32628865;A;G;0.0672269016504287;150
100..300;3;33097057;A;G;0.1923079937696457;150
100..300;3;33132664;G;T;0.0849421024322509;155
100..300;3;33132676;A;G;0.0819671973586082;150
100..300;3;33153792;A;G;0.0666666999459266;235
100..300;3;33153817;G;A;0.0683761015534401;235
100..300;3;36767628;A;G;0.0982142984867096;165
100..300;3;36993455;A;G;0.056716401129961;235
100..300;3;37054533;C;T;0.0643275007605552;105
100..300;3;38045533;T;C;0.115385003387928;120
100..300;3;38307655;A;ATTTG;0.1136360019445419;210
100..300;3;38316326;T;C;0.0698529034852981;185
100..300;3;38316470;G;C;0.0880281999707222;195
100..300;3;38550915;G;A;0.2093659937381744;265
100..300;3;38581377;A;G;0.0851064026355743;165
100..300;3;38725184;G;A;0.0680850967764854;160
100..300;3;38742538;C;T;0.1111110001802444;130
100..300;3;39184636;T;C;0.0813397020101547;295
100..300;3;39186552;G;T;0.0944624990224838;220
100..300;3;39265765;T;C;0.0684932023286819;205
100..300;3;39332411;G;C;0.0898203998804092;210
100..300;3;39359868;T;C;0.0606060996651649;150
100..300;3;40189892;T;C;0.0900901034474372;240
100..300;3;40233970;T;C;0.1245900020003318;180
100..300;3;40250345;T;C;0.1069770008325576;160
100..300;3;42209837;T;C;0.1030530035495758;180
100..300;3;42210006;C;G;0.1060070022940635;195
100..300;3;42619075;A;G;0.0876289010047912;130
100..300;3;42732983;A;G;0.0645160973072052;190
100..300;3;42739784;T;G;0.1134020015597343;130
100..300;3;42758273;A;G;0.1235430017113685;285
100..300;3;42915240;A;AT;0.0984252020716667;185
100..300;3;43056273;A;G;0.0772532001137733;155
100..300;3;44243092;A;G;0.2023809999227523;130
100..300;3;44843155;A;C;0.1460179984569549;145
100..300;3;44959134;A;G;0.0887096971273422;170
100..300;3;45112216;A;G;0.0807453021407127;230
100..300;3;45796394;C;G;0.0764330998063087;100
100..300;3;46408487;C;A;0.0825083032250404;210
100..300;3;46408579;A;T;0.0859872996807098;210
100..300;3;46439310;G;A;0.1174239963293075;180
100..300;3;46439467;G;C;0.1052630022168159;180
100..300;3;46446446;T;C;0.1333329975605011;160
100..300;3;46539101;T;G;0.0772532001137733;145
100..300;3;46545132;C;T;0.0717300027608871;155
100..300;3;46551497;G;A;0.0738916024565696;135
100..300;3;46579124;C;T;0.0647248998284339;205
100..300;3;46579270;G;T;0.1272190064191818;230
100..300;3;46579311;A;G;0.115726999938488;225
100..300;3;46579725;C;T;0.0555556006729602;120
100..300;3;46671967;G;C;0.1737889945507049;230
100..300;3;46688267;G;C;0.1907220035791397;130
100..300;3;46712486;C;T;0.112745001912117;135
100..300;3;46714447;T;C;0.0992064028978347;165
100..300;3;46717520;G;T;0.0861243978142738;270
100..300;3;46733832;G;A;0.1100919991731643;225
100..300;3;46733893;G;A;0.1116499975323677;145
100..300;3;46734118;G;A;0.0562914013862609;195
100..300;3;46736391;G;C;0.0685357972979545;210
100..300;3;46736395;C;T;0.0681817978620529;205
100..300;3;46846708;C;T;0.0949999988079071;130
100..300;3;46898098;A;G;0.0648854970932006;170
100..300;3;46995266;G;C;0.0711461976170539;185
100..300;3;47002132;A;G;0.1065569967031478;160
100..300;3;47409921;T;C;0.1004780009388923;160
100..300;3;47410628;A;G;0.0765661001205444;285
100..300;3;48372784;T;C;0.0728477016091346;195
100..300;3;48566583;G;C;0.1482889950275421;175
100..300;3;48621034;A;C;0.2252250015735626;150
100..300;3;48621576;T;G;0.0857909023761749;240
100..300;3;48632014;T;C;0.140625;155
100..300;3;48633394;T;G;0.1721850037574768;210
100..300;3;48640578;C;G;0.234043002128601;130
100..300;3;48641538;G;T;0.1140939965844154;100
100..300;3;48643620;T;C;0.2453700006008148;140
100..300;3;48645225;T;C;0.1901410073041916;100
100..300;3;48653883;C;T;0.1946559995412826;185
100..300;3;48662086;T;C;0.178273007273674;265
100..300;3;48688274;T;C;0.196721002459526;125
100..300;3;48695047;C;T;0.1538459956645965;265
100..300;3;49014580;T;TGTC;0.1099480018019676;140
100..300;3;49026677;G;A;0.1762299984693527;170
100..300;3;49030471;C;T;0.1744969934225082;100
100..300;3;49103683;A;G;0.1643449962139129;245
100..300;3;49119040;G;C;0.1641789972782135;170
100..300;3;49175597;C;T;0.1840800046920776;145
100..300;3;49178533;T;C;0.184931993484497;190
100..300;3;49256817;A;C;0.2327039986848831;225
100..300;3;49276545;T;C;0.15310999751091;275
100..300;3;49284594;A;T;0.3166669905185699;125
100..300;3;49324936;T;C;0.2206899970769882;190
100..300;3;49335612;G;A;0.1542550027370453;130
100..300;3;49417897;T;C;0.140401005744934;220
100..300;3;49532767;T;C;0.1671469956636428;240
100..300;3;49651777;A;G;0.1907359957695007;255
100..300;3;49653063;T;C;0.1675529927015304;255
100..300;3;49664550;A;G;0.2093019932508468;145
100..300;3;49676792;C;T;0.1857140064239502;155
100..300;3;49684099;A;G;0.1569149941205978;235
100..300;3;49684365;A;C;0.1818179935216903;170
100..300;3;49712543;A;G;0.1589740067720413;260
100..300;3;50066484;A;G;0.209756001830101;155
100..300;3;51778936;T;C;0.0903009995818138;215
100..300;3;51948499;A;G;0.0476190000772476;120
100..300;3;52380096;T;C;0.0483270995318889;180
100..300;3;52414035;A;G;0.0805369019508361;195
100..300;3;52506757;C;T;0.1865890026092529;225
100..300;3;52513811;A;G;0.058823499828577;155
100..300;3;52514802;T;C;0.0842105001211166;135
100..300;3;52519256;GC;G;0.0854270979762077;155
100..300;3;53229263;G;A;0.2249130010604858;205
100..300;3;53233139;A;G;0.1675129979848861;135
100..300;3;53811209;A;G;0.1221589967608451;230
100..300;3;53823649;T;C;0.1000000014901161;115
100..300;3;54626445;A;G;0.0883281007409095;210
100..300;3;56296340;T;C;0.0871212035417556;180
100..300;3;56617139;G;A;0.0860214978456497;120
100..300;3;56801733;A;G;0.0643087029457092;205
100..300;3;57352120;G;C;0.1197919994592666;120
100..300;3;57392028;T;A;0.0824175998568534;125
100..300;3;57428707;G;A;0.1061450019478797;120
100..300;3;57508411;C;A;0.1274510025978088;135
100..300;3;57559427;C;T;0.117646999657154;120
100..300;3;58096161;C;T;0.1011670008301734;170
100..300;3;58105076;A;G;0.1041669994592666;160
100..300;3;58123435;A;G;0.1087720021605491;200
100..300;3;58126761;T;C;0.1500000059604644;110
100..300;3;58132828;A;G;0.0693069025874137;185
100..300;3;58168600;T;C;0.1039429977536201;185
100..300;3;58193301;C;T;0.1024840027093887;220
100..300;3;58197909;A;G;0.0471975989639759;225
100..300;3;58205539;T;C;0.1358020007610321;105
100..300;3;58530656;A;G;0.1520469933748245;120
100..300;3;58640148;A;C;0.0664653033018112;215
100..300;3;59502614;C;T;0.1563789993524551;160
100..300;3;59752338;T;A;0.1222219988703727;120
100..300;3;59922400;G;A;0.1199999973177909;145
100..300;3;61201523;T;C;0.1026789993047714;145
100..300;3;61989708;C;T;0.1169349998235702;165
100..300;3;63831754;C;G;0.1117319986224174;115
100..300;3;63901773;TTG;T;0.0993376970291137;110
100..300;3;63982224;G;A;0.0938510969281196;215
100..300;3;63996406;A;G;0.120846003293991;220
100..300;3;64023832;C;T;0.0705882012844085;160
100..300;3;64157183;T;C;0.1117020025849342;130
100..300;3;64160083;C;T;0.0943396016955375;105
100..300;3;64602142;A;G;0.0981132015585899;175
100..300;3;65439885;TCTG;T;0.1105120033025741;260
100..300;3;66236632;A;G;0.1124500036239624;175
100..300;3;67498302;A;AAAG;0.1066669970750808;120
100..300;3;68988937;G;A;0.1264369934797287;110
100..300;3;69005190;C;T;0.1100919991731643;145
100..300;3;69033557;G;C;0.0853080973029136;140
100..300;3;69033722;T;G;0.0949366986751556;105
100..300;3;69035010;A;C;0.0598802007734775;115
100..300;3;69077344;C;T;0.2146890014410019;105
100..300;3;69122139;T;C;0.1420769989490509;125
100..300;3;69122345;G;GAGA;0.1120690032839775;160
100..300;3;69221881;A;G;0.0672646015882492;145
100..300;3;71774431;T;C;0.1180810034275055;180
100..300;3;72087154;A;G;0.0740740969777107;175
100..300;3;73384935;G;A;0.1182269975543022;150
100..300;3;74136598;A;T;0.1336629986763;145
100..300;3;74299911;C;T;0.09375;130
100..300;3;78614806;A;G;0.234375;135
100..300;3;88318608;T;C;0.0545454993844032;160
100..300;3;88466201;G;C;0.136363998055458;190
100..300;3;89472452;TC;T;0.1276600062847137;100
100..300;3;89472575;C;T;0.0946502014994621;155
100..300;3;97874536;A;G;0.1169809997081756;190
100..300;3;97959130;A;G;0.1178250014781951;210
100..300;3;98065331;A;C;0.205714002251625;120
100..300;3;98087772;A;G;0.0751444995403289;120
100..300;3;98149578;G;A;0.1483049988746643;140
100..300;3;98498334;A;T;0.1052630022168159;150
100..300;3;98548445;T;C;0.2307689934968948;125
100..300;3;98784932;G;A;0.121018998324871;100
100..300;3;99924332;T;C;0.0891472995281219;180
100..300;3;100167818;A;G;0.1039599999785423;135
100..300;3;100748174;C;T;0.1255059987306594;165
100..300;3;100754661;T;C;0.1553400009870529;140
100..300;3;100839572;C;T;0.1396649926900863;120
100..300;3;100842016;A;G;0.1104969978332519;120
100..300;3;100898836;T;C;0.0938967019319534;145
100..300;3;101366569;A;G;0.2365590035915374;190
100..300;3;101513077;C;T;0.1236750036478042;180
100..300;3;102438521;T;A;0.0725805982947349;160
100..300;3;102438573;G;A;0.0973450988531112;140
100..300;3;105541674;A;G;0.3582890033721924;125
100..300;3;108389078;A;C;0.1043479964137077;150
100..300;3;108398847;A;G;0.0939596965909004;110
100..300;3;108428696;A;C;0.1099660024046897;190
100..300;3;109005136;T;C;0.1538459956645965;105
100..300;3;109308310;T;C;0.1192049980163574;120
100..300;3;111969731;T;C;0.099056601524353;140
100..300;3;112109537;GT;G;0.2203390002250671;125
100..300;3;112109629;G;A;0.183007001876831;105
100..300;3;112827063;G;GT;0.1069959998130798;165
100..300;3;112827459;A;C;0.1140939965844154;205
100..300;3;112991395;C;T;0.0899470970034599;140
100..300;3;113457275;A;G;0.0612903013825416;205
100..300;3;113468801;T;C;0.0407240018248558;140
100..300;3;113493194;A;G;0.152318000793457;105
100..300;3;113503189;A;G;0.1151830032467842;130
100..300;3;113940356;T;C;0.0993376970291137;100
100..300;3;113960742;A;C;0.1100480034947395;135
100..300;3;114232449;G;C;0.1644739955663681;115
100..300;3;114236340;C;A;0.1030640006065368;240
100..300;3;114299594;C;T;0.0931373015046119;135
100..300;3;118902817;A;C;0.0975610017776489;160
100..300;3;119792490;G;T;0.1292130053043365;120
100..300;3;120416036;C;T;0.185366004705429;125
100..300;3;121432965;C;G;0.1255410015583038;160
100..300;3;121467575;A;G;0.1228810027241706;155
100..300;3;121467604;C;T;0.1116499975323677;140
100..300;3;121510113;A;G;0.0938337966799736;245
100..300;3;121533201;G;T;0.0861243978142738;140
100..300;3;121642940;A;G;0.0837989002466201;110
100..300;3;121993958;C;G;0.1797749996185302;180
100..300;3;122284910;T;G;0.0864197984337806;285
100..300;3;122341557;T;C;0.0467289984226226;135
100..300;3;122384273;A;G;0.0443685986101627;185
100..300;3;122540793;C;T;0.1000000014901161;140
100..300;3;122627023;T;C;0.0933332964777946;100
100..300;3;122635190;G;A;0.2655369937419891;125
100..300;3;122635869;T;C;0.325967013835907;120
100..300;3;122660752;G;GAA;0.1586720049381256;195
100..300;3;122660756;A;G;0.1554770022630691;190
100..300;3;122661767;A;C;0.1598359942436218;170
100..300;3;122662041;T;C;0.1762299984693527;180
100..300;3;122662076;C;G;0.2131779938936233;175
100..300;3;122662270;T;C;0.1589149981737136;175
100..300;3;122961294;G;A;0.2627449929714203;170
100..300;3;123161344;C;T;0.1018870025873184;170
100..300;3;123725938;T;A;0.0845070034265518;150
100..300;3;123915199;A;G;0.2390239983797073;140
100..300;3;123947055;G;T;0.2537310123443603;185
100..300;3;124763647;T;TTTGTTGAAC;0.0738636031746864;110
100..300;3;124796649;T;C;0.0825472027063369;275
100..300;3;125084037;G;A;0.2073169946670532;155
100..300;3;125084044;T;C;0.2068970054388046;145
100..300;3;125135792;T;A;0.2178770005702972;120
100..300;3;125916672;G;C;0.0398406013846397;145
100..300;3;125924996;C;T;0.0788177028298378;265
100..300;3;125924997;C;G;0.0804878026247024;265
100..300;3;126131538;G;A;0.0987123996019363;150
100..300;3;126423653;C;T;0.0896861031651496;155
100..300;3;126433051;A;G;0.0954198017716407;180
100..300;3;126441758;T;C;0.0938775986433029;170
100..300;3;126461977;A;G;0.0602836981415748;195
100..300;3;126499324;A;G;0.1300449967384338;145
100..300;3;126572455;A;C;0.1315789967775344;250
100..300;3;126733094;T;G;0.0547945015132427;145
100..300;3;126767242;A;G;0.0909091010689735;235
100..300;3;126989610;C;T;0.1220339983701706;215
100..300;3;127007862;G;A;0.0728745013475418;160
100..300;3;127012030;A;G;0.0670240968465805;255
100..300;3;127014210;T;C;0.0629371032118797;190
100..300;3;127022265;A;G;0.076212503015995;290
100..300;3;127028347;A;G;0.1464969962835312;110
100..300;3;127671514;T;C;0.0509553998708725;210
100..300;3;127680112;A;G;0.0936556011438369;215
100..300;3;128625943;A;G;0.0676923021674156;220
100..300;3;128895290;T;C;0.0783409997820854;150
100..300;3;128895342;C;A;0.0734463036060333;220
100..300;3;128908178;G;A;0.0761421024799346;125
100..300;3;128909090;T;C;0.1171879991889;175
100..300;3;128932693;A;G;0.0722222030162811;125
100..300;3;129032827;A;G;0.0434782989323139;210
100..300;3;130440791;A;G;0.1036589965224266;115
100..300;3;131029889;G;A;0.115385003387928;120
100..300;3;131905253;A;G;0.0753424987196922;100
100..300;3;132243984;A;G;0.1377249956130981;125
100..300;3;132502295;T;C;0.1103900000452995;105
100..300;3;132642752;A;G;0.0796020030975341;125
100..300;3;133623144;C;T;0.0994763970375061;120
100..300;3;133746439;G;A;0.1063830032944679;155
100..300;3;133755484;A;G;0.0858585983514785;135
100..300;3;133775510;T;C;0.0969529002904892;235
100..300;3;133805873;C;G;0.0676691979169845;180
100..300;3;134175917;G;T;0.0769231021404266;145
100..300;3;134222476;T;C;0.14444400370121;120
100..300;3;134350819;A;G;0.1698720008134842;190
100..300;3;134507127;C;T;0.1079809963703155;135
100..300;3;136001698;G;A;0.1751819998025894;185
100..300;3;136001831;C;T;0.114155001938343;155
100..300;3;136003422;G;A;0.1126129999756813;155
100..300;3;136326371;A;G;0.0785714015364646;180
100..300;3;136369196;A;G;0.1409399956464767;100
100..300;3;136854598;G;A;0.1028809994459152;170
100..300;3;136855659;G;A;0.1333329975605011;150
100..300;3;136959543;C;G;0.1137719973921775;105
100..300;3;138024666;T;A;0.1347150057554245;120
100..300;3;138030997;G;A;0.076595701277256;155
100..300;3;138468726;T;C;0.0836013033986091;215
100..300;3;138472390;A;G;0.061728399246931;165
100..300;3;138570379;T;C;0.1097050011157989;155
100..300;3;138611020;A;G;0.0666666999459266;140
100..300;3;138714726;T;C;0.0898875966668129;125
100..300;3;139538761;G;A;0.1593409925699234;130
100..300;3;139539569;A;G;0.100502997636795;255
100..300;3;142404999;T;C;0.1402209997177124;175
100..300;3;142459302;T;C;0.1435900032520294;135
100..300;3;142469495;C;A;0.1182800009846687;120
100..300;3;142558733;T;A;0.1095890030264854;140
100..300;3;142562770;G;A;0.0955056026577949;130
100..300;3;142962407;A;G;0.0925109982490539;170
100..300;3;147390969;G;C;0.1054849997162818;165
100..300;3;148741608;T;C;0.1856060028076172;190
100..300;3;148986000;G;T;0.1235959976911544;225
100..300;3;149009346;A;G;0.0691244006156921;135
100..300;3;149163886;T;C;0.1075949966907501;105
100..300;3;149474889;A;G;0.251937985420227;175
100..300;3;149657086;T;G;0.1146500036120414;105
100..300;3;149741554;G;A;0.2242989987134933;140
100..300;3;149750743;G;T;0.2063490003347396;130
100..300;3;149761514;T;C;0.3435580134391784;105
100..300;3;149767506;C;T;0.226950004696846;210
100..300;3;149770655;G;A;0.0862943977117538;130
100..300;3;152340660;G;A;0.2603310048580169;170
100..300;3;152836568;G;A;0.1565839946269989;200
100..300;3;156714226;G;A;0.1552239954471588;155
100..300;3;156810476;T;C;0.1511940062046051;260
100..300;3;156810612;A;G;0.2116400003433227;260
100..300;3;158602914;A;C;0.1120000034570694;165
100..300;3;158650048;T;C;0.0857143029570579;190
100..300;3;158710853;A;G;0.0842391029000282;245
100..300;3;158802222;T;C;0.0926430970430374;245
100..300;3;160452585;T;C;0.1111110001802444;235
100..300;3;168010266;T;C;0.0794979035854339;160
100..300;3;168024565;G;GTCC;0.0758294016122818;135
100..300;3;168029234;T;C;0.0923694968223571;160
100..300;3;169122674;C;T;0.1273410022258758;180
100..300;3;169822609;C;T;0.0899183005094528;260
100..300;3;169832971;A;G;0.1212119981646537;115
100..300;3;169840237;T;C;0.070175401866436;230
100..300;3;170113480;C;T;0.1408450007438659;135
100..300;3;170481109;T;C;0.1052630022168159;155
100..300;3;170708167;C;G;0.3141359984874725;135
100..300;3;172337311;C;A;0.0837989002466201;115
100..300;3;172603907;T;C;0.0909091010689735;210
100..300;3;172648042;G;T;0.1707320064306259;220
100..300;3;173049032;A;G;0.1656800061464309;115
100..300;3;174279363;A;G;0.1105260029435157;130
100..300;3;175096948;A;G;0.0902255997061729;100
100..300;3;175097130;G;A;0.0902777984738349;105
100..300;3;179250846;T;C;0.0771277025341987;250
100..300;3;179259033;A;G;0.0993589982390403;210
100..300;3;179260290;G;T;0.1038580015301704;220
100..300;3;179260754;A;G;0.0873238965868949;255
100..300;3;179260901;G;A;0.1391299962997436;180
100..300;3;179260930;T;C;0.1392409950494766;165
100..300;3;179464684;A;G;0.0886076018214225;235
100..300;3;180324779;G;A;0.1709399968385696;170
100..300;3;180951420;T;C;0.0784313976764679;170
100..300;3;183180132;G;A;0.1994380056858062;220
100..300;3;183494118;G;A;0.2286819964647293;175
100..300;3;183494238;T;C;0.104712001979351;130
100..300;3;183508326;T;G;0.0688622966408729;220
100..300;3;183762226;A;G;0.1213240027427673;180
100..300;3;184056974;A;C;0.0711610019207;170
100..300;3;184182044;T;C;0.1103900000452995;220
100..300;3;184183493;A;G;0.0787037014961242;140
100..300;3;184278066;A;G;0.0824742019176483;140
100..300;3;184278280;T;C;0.0877863019704818;175
100..300;3;184328682;T;C;0.1890240013599395;215
100..300;3;184355450;A;G;0.0826445966958999;235
100..300;3;184572560;A;G;0.0885713994503021;240
100..300;3;184575822;C;T;0.0874316990375518;125
100..300;3;184575981;C;T;0.2251659929752349;195
100..300;3;184580875;A;G;0.0873015969991684;190
100..300;3;184581280;A;G;0.0888252034783363;240
100..300;3;184581379;C;T;0.1887319982051849;250
100..300;3;184581626;T;C;0.0994763970375061;130
100..300;3;185417596;G;GCTT;0.1012149974703788;135
100..300;3;185418147;C;T;0.0803109034895896;255
100..300;3;186188328;C;T;0.0751634016633033;210
100..300;3;186613180;G;C;0.0497924983501434;165
100..300;3;186620751;C;T;0.1044780015945434;195
100..300;3;186722454;A;G;0.1855199933052063;150
100..300;3;186742138;C;T;0.2382809966802597;190
100..300;3;186854300;C;T;0.0963172987103462;230
100..300;3;187370824;T;C;0.1074379980564117;165
100..300;3;188609319;T;C;0.0925372987985611;230
100..300;3;188866398;A;G;0.1395349949598312;115
100..300;3;189995416;C;T;0.1170729994773864;130
100..300;3;190388453;C;T;0.2060299962759018;140
100..300;3;190645805;A;G;0.1024390012025833;135
100..300;3;191357084;G;C;0.1691540032625198;135
100..300;3;191358113;T;C;0.0949720963835716;120
100..300;3;191375264;C;T;0.1124500036239624;175
100..300;3;191375386;A;T;0.2015810012817382;180
100..300;3;191375521;G;A;0.1747969985008239;160
100..300;3;193276754;G;A;0.135000005364418;130
100..300;3;193362555;T;C;0.0925925970077514;150
100..300;3;193363333;T;G;0.1017699986696243;145
100..300;3;193617202;A;G;0.1078070029616355;175
100..300;3;193657175;C;T;0.1038959994912147;160
100..300;3;193993393;A;G;0.1428570002317428;125
100..300;3;194653103;C;T;0.1236750036478042;195
100..300;3;194653104;A;G;0.1263159960508346;195
100..300;3;194670140;GA;G;0.1456950008869171;100
100..300;3;194687573;T;G;0.0821918025612831;260
100..300;3;195750915;T;C;0.1692309975624084;290
100..300;3;195752355;A;G;0.189189001917839;220
100..300;3;195867280;C;CCT;0.0490797981619834;220
100..300;3;195868079;A;G;0.0695651993155479;230
100..300;3;196661228;C;G;0.0927835032343864;270
100..300;3;196886201;C;A;0.1030530035495758;190
100..300;3;196943223;GAC;G;0.1078839972615242;175
100..300;3;196947878;T;C;0.0942856967449188;250
100..300;3;197015419;C;T;0.1111110001802444;230
100..300;3;197015524;A;G;0.0927418991923332;165
100..300;3;197016259;C;T;0.0988593026995658;180
100..300;3;197019758;C;T;0.0953757017850875;230
100..300;3;197051567;T;C;0.0790959969162941;120
100..300;4;679989;C;T;0.0921986028552055;185
100..300;4;733906;C;A;0.0876132994890213;225
100..300;4;734150;G;C;0.1064810007810592;145
100..300;4;761341;T;C;0.0985916033387184;135
100..300;4;769289;A;G;0.0900473967194557;140
100..300;4;849720;T;C;0.0705393999814987;155
100..300;4;865136;A;G;0.0830325037240982;185
100..300;4;989824;T;C;0.0810810998082161;260
100..300;4;1978619;T;A;0.0833332985639572;145
100..300;4;2174006;G;A;0.0849673002958297;210
100..300;4;2174727;A;G;0.0843373015522956;110
100..300;4;2179353;C;T;0.0714285969734191;135
100..300;4;2193219;T;C;0.0776256024837493;140
100..300;4;2193226;A;G;0.0803570970892906;145
100..300;4;2193282;A;G;0.0805687010288238;140
100..300;4;2193297;G;T;0.1088080033659935;130
100..300;4;2251253;G;T;0.10309299826622;130
100..300;4;2305144;T;C;0.0750000029802322;220
100..300;4;2341622;G;C;0.0921052992343902;155
100..300;4;2458844;T;C;0.1003340035676956;200
100..300;4;3229934;A;G;0.0684932023286819;140
100..300;4;3316686;G;A;0.1079550012946128;265
100..300;4;3317826;T;C;0.0936556011438369;230
100..300;4;3447925;A;G;0.0942761003971099;195
100..300;4;3512968;G;A;0.0920000001788139;170
100..300;4;3520212;A;T;0.1208790019154548;120
100..300;4;3935530;G;C;0.0977011024951934;105
100..300;4;3936394;T;C;0.1133600026369094;155
100..300;4;3953146;T;A;0.0707070976495742;185
100..300;4;3953151;C;T;0.0769231021404266;185
100..300;4;4197356;G;T;0.0589887984097003;240
100..300;4;4197907;T;A;0.2225269973278045;245
100..300;4;4202572;C;T;0.2111109942197799;110
100..300;4;4248182;T;C;0.0769231021404266;100
100..300;4;4302795;C;A;0.1178710013628006;180
100..300;4;4320943;T;C;0.1111110001802444;220
100..300;4;5331277;T;C;0.0966543033719062;180
100..300;4;5748276;G;A;0.1004780009388923;135
100..300;4;5752817;C;T;0.1339710056781768;150
100..300;4;5783715;A;G;0.0811965987086296;155
100..300;4;5836786;G;C;0.0711864009499549;190
100..300;4;5839696;TAAAC;T;0.1117020025849342;140
100..300;4;5965074;C;T;0.104762002825737;135
100..300;4;5994377;C;T;0.108373999595642;130
100..300;4;6291182;T;C;0.1631799936294555;160
100..300;4;6291188;G;A;0.1733870059251785;170
100..300;4;6291969;G;C;0.167163997888565;210
100..300;4;6301295;T;C;0.1805160045623779;245
100..300;4;6302228;A;G;0.1729319989681244;185
100..300;4;6302360;G;A;0.1875;215
100..300;4;6323291;T;A;0.0729167014360427;145
100..300;4;6323359;A;G;0.0961538031697273;250
100..300;4;7434759;A;C;0.1027780026197433;240
100..300;4;7729583;A;G;0.2125599980354309;145
100..300;4;7778855;T;C;0.0750987976789474;160
100..300;4;7800565;A;G;0.0604026988148689;185
100..300;4;7819068;A;G;0.1000000014901161;145
100..300;4;7855503;T;C;0.2205320000648498;175
100..300;4;8019690;G;A;0.0867924988269805;170
100..300;4;8218302;A;G;0.0555556006729602;135
100..300;4;8240772;A;G;0.0962567031383514;265
100..300;4;8581015;T;C;0.0809969007968902;205
100..300;4;8581129;G;T;0.1484590023756027;230
100..300;4;8581585;C;A;0.0594059005379676;120
100..300;4;8604206;G;A;0.0967741981148719;120
100..300;4;9584015;A;C;0.1096490025520324;140
100..300;4;9908299;A;G;0.0821428969502449;190
100..300;4;10445544;G;C;0.0796020030975341;140
100..300;4;10445570;G;T;0.0612245015799999;140
100..300;4;10571786;A;C;0.0726256966590881;110
100..300;4;13599713;A;G;0.1596959978342056;190
100..300;4;13615388;T;C;0.09375;155
100..300;4;15481185;A;G;0.080645203590393;120
100..300;4;15992396;A;G;0.0845070034265518;145
100..300;4;20850621;G;A;0.1472389996051788;105
100..300;4;22388544;T;C;0.0872092992067337;240
100..300;4;23814039;T;C;0.2006369978189468;220
100..300;4;24834997;T;C;0.0829015970230102;130
100..300;4;25407216;A;G;0.0903225988149643;100
100..300;4;25417661;C;T;0.0921052992343902;150
100..300;4;26489489;G;A;0.0833332985639572;115
100..300;4;26489495;T;A;0.0860927030444145;110
100..300;4;26584259;T;C;0.1045750007033348;200
100..300;4;27017771;A;G;0.0922190025448799;235
100..300;4;36150962;T;G;0.1359219998121261;135
100..300;4;36161506;A;G;0.0569947995245456;130
100..300;4;36284155;A;G;0.1017699986696243;160
100..300;4;36308443;A;G;0.1155380010604858;165
100..300;4;36316348;C;T;0.0995260998606681;135
100..300;4;37960565;C;G;0.188060000538826;235
100..300;4;38773268;C;T;0.1255410015583038;155
100..300;4;38773419;G;A;0.1189429983496666;165
100..300;4;38774301;T;G;0.1123600006103515;120
100..300;4;38774486;G;T;0.2374999970197677;110
100..300;4;38774559;A;C;0.1073829978704452;105
100..300;4;38774682;C;T;0.1136360019445419;130
100..300;4;38774870;G;T;0.2110549956560135;150
100..300;4;38775552;T;A;0.0780488029122352;140
100..300;4;38783012;T;G;0.072649598121643;145
100..300;4;38797027;A;C;0.0766870975494384;215
100..300;4;38798089;C;T;0.0829493030905723;165
100..300;4;38798593;G;C;0.0729167014360427;140
100..300;4;38827542;C;A;0.16525399684906;175
100..300;4;38828211;C;T;0.0738916024565696;150
100..300;4;38828391;C;G;0.121018998324871;120
100..300;4;38828729;G;A;0.231111004948616;160
100..300;4;38878328;A;G;0.0750750973820686;225
100..300;4;38878425;C;T;0.1161620020866394;140
100..300;4;39115291;C;T;0.2118639945983886;230
100..300;4;39121077;T;C;0.2000000029802322;145
100..300;4;39300409;C;T;0.1658769994974136;145
100..300;4;39605051;G;A;0.079136699438095;180
100..300;4;40335506;T;C;0.136363998055458;145
100..300;4;40335891;C;T;0.0820896029472351;180
100..300;4;40425973;C;G;0.0836820006370544;160
100..300;4;41013806;A;G;0.0677966028451919;255
100..300;4;41524486;T;C;0.0473373010754585;105
100..300;4;52745501;C;T;0.100610002875328;220
100..300;4;52745534;C;G;0.1163790002465248;160
100..300;4;53145359;G;A;0.1299999952316284;135
100..300;4;53498823;A;G;0.1145830005407333;130
100..300;4;54231424;T;C;0.0783409997820854;150
100..300;4;54240528;C;T;0.0899470970034599;140
100..300;4;54258293;T;C;0.1233770027756691;105
100..300;4;54263911;C;T;0.1204819977283477;165
100..300;4;54267559;G;T;0.0727273002266883;155
100..300;4;54273604;C;T;0.0721002966165542;205
100..300;4;54275333;T;C;0.1333329975605011;130
100..300;4;54275365;T;A;0.1534090042114257;125
100..300;4;54276038;A;G;0.0849673002958297;115
100..300;4;54276943;G;A;0.097297303378582;135
100..300;4;54277119;A;G;0.0808081030845642;135
100..300;4;54277154;T;C;0.080645203590393;140
100..300;4;54277410;A;G;0.0863095000386238;220
100..300;4;54285873;T;C;0.1041669994592666;160
100..300;4;54736599;C;G;0.1105260029435157;135
100..300;4;55351936;A;G;0.082251101732254;165
100..300;4;55605266;G;A;0.0804598033428192;115
100..300;4;55609171;A;G;0.1954890042543411;180
100..300;4;56338611;C;A;0.1150439977645874;240
100..300;4;56345186;C;T;0.0917430967092514;135
100..300;4;56353447;T;C;0.0560748018324375;140
100..300;4;56356368;A;C;0.104602999985218;160
100..300;4;56378148;A;C;0.051282100379467;160
100..300;4;57020984;T;C;0.1140350028872489;145
100..300;4;57032563;G;A;0.078947402536869;105
100..300;4;61934836;A;G;0.2976189851760864;115
100..300;4;62816988;T;A;0.0859375;185
100..300;4;64431422;A;G;0.0919540002942085;120
100..300;4;67914681;G;A;0.1070109978318214;170
100..300;4;67919056;C;T;0.0813954025506973;180
100..300;4;69107234;T;C;0.1674419939517974;135
100..300;4;69214257;G;A;0.1757580041885376;115
100..300;4;69418955;T;A;0.1351349949836731;120
100..300;4;69589530;T;C;0.1070619970560073;280
100..300;4;70249239;T;G;0.1970150023698806;225
100..300;4;70606447;C;T;0.0954198017716407;190
100..300;4;71752617;C;A;0.0917031019926071;145
100..300;4;72567405;G;GA;0.1810339987277984;160
100..300;4;73065426;T;TA;0.1032259985804557;120
100..300;4;73419522;T;C;0.1306820064783096;115
100..300;4;73445127;G;A;0.136363998055458;105
100..300;4;73576632;C;G;0.1162789985537529;120
100..300;4;73869527;G;A;0.0688072964549064;140
100..300;4;75645445;C;T;0.050000000745058;155
100..300;4;75936156;T;C;0.0902526974678039;175
100..300;4;75936235;T;C;0.0769231021404266;125
100..300;4;75936242;G;A;0.0818713009357452;115
100..300;4;76035035;C;T;0.0858585983514785;130
100..300;4;76035136;CAA;C;0.0809248983860015;130
100..300;4;76103983;T;C;0.1111110001802444;115
100..300;4;76132681;C;T;0.1064810007810592;145
100..300;4;76271715;A;G;0.221557006239891;115
100..300;4;76278261;A;C;0.1865440011024475;220
100..300;4;76369408;A;G;0.0909091010689735;100
100..300;4;76384193;G;A;0.1172159984707832;195
100..300;4;76739578;G;C;0.1569769978523254;240
100..300;4;76741156;T;C;0.1313129961490631;125
100..300;4;76754772;A;G;0.0771704018115997;210
100..300;4;78318909;G;A;0.0807017982006073;190
100..300;4;78499715;T;C;0.202796995639801;100
100..300;4;78499716;G;C;0.2094590067863464;100
100..300;4;78516001;T;C;0.2401749938726425;155
100..300;4;78526609;C;T;0.1777780055999755;145
100..300;4;78534560;G;C;0.1749999970197677;130
100..300;4;78534579;T;C;0.2108429968357086;110
100..300;4;79977654;T;C;0.0708333030343055;150
100..300;4;79984837;T;G;0.0874525010585784;175
100..300;4;81448051;A;T;0.0547945015132427;105
100..300;4;82129595;A;G;0.0736842006444931;130
100..300;4;82275383;A;G;0.1081079989671707;175
100..300;4;82660911;T;G;0.1071429997682571;175
100..300;4;82661058;G;C;0.242915004491806;165
100..300;4;83309466;C;T;0.2437500059604644;100
100..300;4;85923682;G;A;0.0700000002980232;130
100..300;4;85994695;C;T;0.1485510021448135;180
100..300;4;85994770;A;G;0.1078720018267631;235
100..300;4;87207192;A;G;0.1061450019478797;125
100..300;4;87482457;A;G;0.0878660976886749;150
100..300;4;87662996;T;C;0.0897098034620285;255
100..300;4;87663008;A;G;0.0880829021334648;255
100..300;4;87892723;C;T;0.1310040056705474;175
100..300;4;87894011;ATTAGG;A;0.0743801966309547;165
100..300;4;87981540;C;T;0.1335739940404892;190
100..300;4;87982701;T;C;0.100271001458168;255
100..300;4;89114398;G;A;0.106452003121376;215
100..300;4;89248774;G;A;0.1058819964528083;240
100..300;4;94276369;T;C;0.1826920062303543;125
100..300;4;95250530;G;A;0.0905349999666214;155
100..300;4;97972325;T;C;0.1117649972438812;110
100..300;4;99207596;C;T;0.1705880016088485;110
100..300;4;99522563;A;G;0.1162080019712448;215
100..300;4;99522625;C;T;0.1037740036845207;210
100..300;4;99522627;G;C;0.1009460017085075;215
100..300;4;99522643;A;G;0.1072660014033317;200
100..300;4;99564087;C;G;0.0669144988059997;180
100..300;4;99564098;A;G;0.070175401866436;190
100..300;4;99582002;A;C;0.0690909028053283;175
100..300;4;99583507;C;T;0.0974358990788459;125
100..300;4;101829919;A;G;0.0882352963089943;160
100..300;4;101830119;T;C;0.0986547023057937;155
100..300;4;101918130;A;G;0.1041669994592666;130
100..300;4;102025190;G;A;0.1939390003681183;115
100..300;4;102025235;A;G;0.1185190007090568;180
100..300;4;102307577;T;C;0.0935961008071899;135
100..300;4;103043372;C;A;0.0901288017630577;150
100..300;4;103140836;G;C;0.2670809924602508;110
100..300;4;103161192;T;C;0.2771080136299133;115
100..300;4;105275794;G;A;0.1219509989023208;170
100..300;4;105938392;C;G;0.12568299472332;120
100..300;4;107631692;A;G;0.134782999753952;155
100..300;4;107654833;A;G;0.1696749925613403;175
100..300;4;108165124;T;C;0.1090229973196983;175
100..300;4;108789485;T;C;0.1054849997162818;170
100..300;4;108942214;T;C;0.1144580021500587;105
100..300;4;110400371;A;G;0.1314290016889572;125
100..300;4;110416592;A;T;0.0833332985639572;280
100..300;4;110945181;C;T;0.0756757035851478;125
100..300;4;112356901;T;C;0.0936454981565475;205
100..300;4;112357355;C;T;0.0809717029333114;180
100..300;4;112357450;T;C;0.1048950031399726;200
100..300;4;112456602;A;G;0.1156250014901161;215
100..300;4;112456796;G;A;0.096296302974224;190
100..300;4;112788137;A;G;0.0888888984918594;160
100..300;4;112788190;T;C;0.0724638029932975;175
100..300;4;116598211;C;T;0.25;110
100..300;4;116598277;C;G;0.1208050027489662;195
100..300;4;116598343;C;T;0.2432429939508438;225
100..300;4;116598397;T;C;0.2073169946670532;230
100..300;4;116598525;T;C;0.1815789937973022;260
100..300;4;116599152;C;T;0.1441649943590164;295
100..300;4;116599386;G;A;0.2198390066623687;265
100..300;4;116599575;C;T;0.1800950020551681;150
100..300;4;118523301;A;G;0.1163790002465248;140
100..300;4;119026830;C;G;0.1096260026097297;265
100..300;4;119338058;G;A;0.0967741981148719;130
100..300;4;119553704;G;A;0.1802330017089843;115
100..300;4;121036404;A;G;0.1092720031738281;210
100..300;4;121037536;C;T;0.1124259978532791;235
100..300;4;121879832;C;T;0.1215469986200332;115
100..300;4;122250504;A;T;0.1510200053453445;160
100..300;4;122743049;A;G;0.1154929995536804;240
100..300;4;122743272;C;G;0.0610931999981403;220
100..300;4;122743291;A;G;0.0656249970197677;220
100..300;4;122743302;T;C;0.0698413029313087;220
100..300;4;122743764;G;A;0.1398960053920745;140
100..300;4;125490999;A;G;0.1294119954109192;190
100..300;4;129003822;A;C;0.2897729873657226;115
100..300;4;129102604;T;A;0.2255640029907226;175
100..300;4;129136560;T;C;0.1428570002317428;110
100..300;4;129136652;A;G;0.1111110001802444;115
100..300;4;137448289;T;A;0.1594199985265731;100
100..300;4;139602701;A;G;0.1111110001802444;110
100..300;4;140373660;C;G;0.0404983982443809;210
100..300;4;140461967;T;A;0.3000000119209289;120
100..300;4;140644420;T;G;0.0585106015205383;120
100..300;4;140644712;G;C;0.0887574031949043;120
100..300;4;142122187;G;A;0.0809248983860015;110
100..300;4;142145901;A;G;0.0921659022569656;145
100..300;4;143425592;T;C;0.0950412973761558;160
100..300;4;145655266;C;G;0.1255230009555816;170
100..300;4;146217015;G;A;0.0669455975294113;160
100..300;4;146217041;T;C;0.0709459036588668;190
100..300;4;146217170;G;A;0.1066669970750808;155
100..300;4;146230258;C;T;0.0810810998082161;205
100..300;4;146230442;G;A;0.0981132015585899;185
100..300;4;150817188;G;A;0.0909091010689735;110
100..300;4;151014529;A;C;0.0662460997700691;205
100..300;4;151175028;C;T;0.1111110001802444;230
100..300;4;151650578;T;G;0.1000000014901161;130
100..300;4;153592475;G;A;0.071823202073574;115
100..300;4;153592570;T;C;0.0825688019394874;135
100..300;4;153593813;C;T;0.1494249999523162;160
100..300;4;153598612;G;A;0.076530598104;125
100..300;4;153703504;C;T;0.2736839950084686;135
100..300;4;153710435;G;C;0.2863439917564392;150
100..300;4;153712582;C;G;0.2121209949254989;125
100..300;4;154320420;A;G;0.1724140048027038;100
100..300;4;154489498;C;T;0.1182800009846687;135
100..300;4;154489515;A;G;0.1142859980463981;125
100..300;4;154489579;C;G;0.0710059031844139;120
100..300;4;154567669;T;C;0.1056599989533424;180
100..300;4;154569680;T;C;0.0986841991543769;210
100..300;4;154570607;A;G;0.0830325037240982;190
100..300;4;154604818;A;G;0.1918600052595138;125
100..300;4;155214524;T;C;0.1953639984130859;205
100..300;4;155214875;T;C;0.136363998055458;190
100..300;4;155353225;C;T;0.2560389935970306;135
100..300;4;155381191;T;A;0.2117650061845779;110
100..300;4;158277840;T;C;0.104602999985218;165
100..300;4;158278190;C;G;0.1228810027241706;170
100..300;4;158278262;T;C;0.1150790005922317;180
100..300;4;158973239;A;G;0.0719178020954132;200
100..300;4;159356124;T;C;0.1779360026121139;190
100..300;4;163514113;C;A;0.0655737966299057;120
100..300;4;163545672;T;C;0.0972763001918792;170
100..300;4;164775888;T;G;0.0983607023954391;120
100..300;4;164957457;A;T;0.0666666999459266;175
100..300;4;165310716;G;A;0.0646551996469497;155
100..300;4;168427253;T;C;0.1490200012922287;170
100..300;4;168448711;T;A;0.1297300010919571;120
100..300;4;168511522;T;C;0.1194539964199066;190
100..300;4;168511690;A;G;0.070175401866436;165
100..300;4;168512175;C;T;0.1216619983315467;230
100..300;4;168512176;A;G;0.1209440007805824;235
100..300;4;168512182;T;C;0.1257490068674087;230
100..300;4;168512293;T;C;0.1220159977674484;250
100..300;4;168742464;G;T;0.2484470009803772;105
100..300;4;170069224;T;C;0.141975000500679;105
100..300;4;176192685;T;C;0.1894270032644271;150
100..300;4;176216837;T;C;0.1216220036149025;100
100..300;4;177440260;C;A;0.0849673002958297;100
100..300;4;182893016;G;A;0.0482456013560295;150
100..300;4;182894535;G;A;0.0456431992352008;150
100..300;4;183282837;T;C;0.1422919929027557;165
100..300;4;183315715;A;G;0.1209300011396408;140
100..300;4;183483535;A;G;0.0441175997257232;175
100..300;4;183483878;C;T;0.0607143007218837;185
100..300;4;183679448;G;A;0.1240599974989891;170
100..300;4;183691400;C;G;0.1103900000452995;105
100..300;4;183697783;C;G;0.103703998029232;170
100..300;4;184010665;A;G;0.0631970018148422;190
100..300;4;184657331;T;C;0.125;110
100..300;4;184678335;A;G;0.1204819977283477;105
100..300;4;184694610;A;C;0.112245000898838;180
100..300;4;184694614;G;T;0.1107269972562789;180
100..300;4;184699597;G;C;0.078947402536869;180
100..300;4;184710184;G;A;0.1437910050153732;100
100..300;4;184716545;G;A;0.0676157027482986;190
100..300;4;184729000;A;G;0.0830449983477592;185
100..300;4;184734038;C;G;0.0961538031697273;100
100..300;4;184764878;T;C;0.1838569939136505;145
100..300;4;185175891;T;C;0.1072319969534874;265
100..300;4;185373044;T;C;0.0388350002467632;140
100..300;4;185378106;G;A;0.0779817029833793;140
100..300;4;185429405;T;C;0.1567569971084594;120
100..300;4;185502501;A;G;0.1241829991340637;105
100..300;4;186076613;A;C;0.0931373015046119;145
100..300;4;186157665;G;C;0.0763157978653907;245
100..300;4;186201150;T;C;0.0824742019176483;125
100..300;4;186201165;G;T;0.0783409997820854;145
100..300;4;186254568;A;T;0.1866669952869415;100
100..300;4;186328740;C;T;0.0774647966027259;190
100..300;4;186596887;C;T;0.0932475998997688;240
100..300;4;186609868;G;A;0.1157409995794296;145
100..300;4;188388394;T;G;0.149067997932434;115
100..300;4;188389405;T;TAG;0.1181820034980773;155
100..300;4;189172080;T;C;0.2246699929237365;150
100..300;4;189941000;G;T;0.1014849990606308;270
100..300;4;189941027;T;C;0.0962440967559814;280
100..300;4;189955040;T;C;0.1139239966869354;105
100..300;5;421311;C;A;0.0962567031383514;110
100..300;5;421340;T;G;0.0931373015046119;125
100..300;5;427929;T;C;0.0719178020954132;200
100..300;5;432790;A;C;0.0931676998734474;225
100..300;5;434607;C;G;0.0864197984337806;275
100..300;5;447664;A;C;0.0878186970949173;230
100..300;5;458036;T;C;0.0969387963414192;120
100..300;5;476238;T;C;0.0636363998055458;220
100..300;5;483449;G;A;0.1027669981122016;170
100..300;5;485144;T;G;0.0799999982118606;150
100..300;5;635594;T;C;0.0874999985098838;120
100..300;5;639116;A;C;0.1315789967775344;150
100..300;5;640590;G;A;0.0706320032477378;175
100..300;5;640613;A;G;0.0977777987718582;155
100..300;5;644437;T;G;0.0885417014360427;130
100..300;5;665165;C;T;0.147826001048088;230
100..300;5;665180;G;A;0.0934342965483665;260
100..300;5;677947;G;A;0.1573600023984909;265
100..300;5;870504;G;A;0.0872727036476135;175
100..300;5;889579;A;C;0.052631601691246;170
100..300;5;908473;G;A;0.1089489981532096;170
100..300;5;908481;G;A;0.1000000014901161;165
100..300;5;914549;C;T;0.0483870990574359;115
100..300;5;1035376;AC;A;0.058823499828577;200
100..300;5;1225498;A;G;0.1590909957885742;170
100..300;5;1225511;A;T;0.1683499962091446;195
100..300;5;1225573;C;T;0.2105260044336319;205
100..300;5;1240642;G;C;0.0615384988486766;125
100..300;5;1320607;T;C;0.1025639995932579;185
100..300;5;3600022;A;G;0.0890052020549774;125
100..300;5;4089088;A;T;0.0691488981246948;125
100..300;5;4089098;T;C;0.0769231021404266;130
100..300;5;5262653;A;G;0.0828728973865509;120
100..300;5;6377180;T;C;0.0812183022499084;135
100..300;5;7706909;A;C;0.1604939997196197;115
100..300;5;7835442;G;C;0.1159999966621398;165
100..300;5;7870860;G;A;0.0883534029126167;155
100..300;5;10973615;A;G;0.1352789998054504;255
100..300;5;13844936;A;G;0.1089740023016929;200
100..300;5;13844998;G;A;0.1282050013542175;130
100..300;5;14768994;A;G;0.058823499828577;190
100..300;5;16701388;T;C;0.0879999995231628;260
100..300;5;16877592;G;C;0.0718562975525856;110
100..300;5;17353928;G;A;0.0995474979281425;150
100..300;5;17353932;C;T;0.095238097012043;160
100..300;5;17374789;G;A;0.0785339996218681;125
100..300;5;17605332;T;C;0.0920716002583503;280
100..300;5;17635014;A;G;0.1143790036439895;230
100..300;5;17670491;A;C;0.070175401866436;110
100..300;5;18049790;T;A;0.0821255967020988;135
100..300;5;33461912;G;A;0.1402440071105957;110
100..300;5;33461929;A;G;0.08695650100708;125
100..300;5;33502854;T;G;0.1404490023851394;130
100..300;5;33502927;T;A;0.0779817029833793;150
100..300;5;33502971;G;C;0.079295203089714;150
100..300;5;33546102;C;T;0.0776256024837493;135
100..300;5;33549282;A;G;0.0772200971841812;175
100..300;5;33649702;A;C;0.1296299993991851;105
100..300;5;33998663;A;C;0.0841121971607208;145
100..300;5;34807823;T;C;0.2202640026807785;150
100..300;5;34811032;G;T;0.2471909970045089;120
100..300;5;34998772;A;C;0.1535090059041977;155
100..300;5;35037010;T;C;0.1244240030646324;135
100..300;5;35641480;C;A;0.1575759947299957;120
100..300;5;35654609;T;C;0.1517239958047866;185
100..300;5;35806968;C;T;0.0927151963114738;110
100..300;5;35876172;G;A;0.08695650100708;215
100..300;5;36142546;G;A;0.1074770018458366;130
100..300;5;36143290;T;C;0.115385003387928;160
100..300;5;37153769;T;G;0.0848708003759384;175
100..300;5;37195926;T;C;0.1266230046749115;195
100..300;5;37210241;C;T;0.1016950011253357;235
100..300;5;39719344;G;A;0.1161620020866394;135
100..300;5;39719451;C;T;0.0994151979684829;125
100..300;5;39719808;A;G;0.1116280034184455;160
100..300;5;40841469;C;CTT;0.0938967019319534;160
100..300;5;40999798;A;T;0.0949999988079071;135
100..300;5;41008678;G;A;0.196721002459526;160
100..300;5;41018350;T;A;0.0840708017349243;150
100..300;5;41048431;T;C;0.1282050013542175;125
100..300;5;41061613;T;C;0.0799999982118606;180
100..300;5;41199857;T;G;0.2724139988422394;190
100..300;5;42699942;G;A;0.2398190051317215;140
100..300;5;42719137;C;A;0.2006469964981079;215
100..300;5;42892701;T;C;0.0513833984732627;180
100..300;5;43232535;G;A;0.1344089955091476;130
100..300;5;43232920;A;G;0.0637584030628204;210
100..300;5;44811105;G;T;0.0939226970076561;115
100..300;5;55114271;A;G;0.0678732991218566;150
100..300;5;55124971;C;A;0.0604651011526584;135
100..300;5;55127247;T;C;0.1040460020303726;110
100..300;5;55226608;G;C;0.0485075004398822;165
100..300;5;55232565;C;G;0.0687500014901161;110
100..300;5;55883148;A;G;0.1029409989714622;185
100..300;5;55910616;A;G;0.0860655978322029;150
100..300;5;56275759;G;A;0.1435189992189407;165
100..300;5;56276075;G;A;0.0991379022598266;160
100..300;5;56276193;T;G;0.0924369990825653;170
100..300;5;56276406;A;C;0.0833332985639572;125
100..300;5;56749254;C;T;0.1559630036354065;135
100..300;5;56883514;A;G;0.0974358990788459;135
100..300;5;57424168;C;G;0.1445090025663375;125
100..300;5;58459024;G;A;0.0411984995007514;180
100..300;5;60744220;G;C;0.0603015013039112;145
100..300;5;60744233;T;A;0.046875;140
100..300;5;60744640;A;G;0.0823528990149498;115
100..300;5;60744809;G;A;0.0971428975462913;120
100..300;5;60945441;A;G;0.0704225003719329;155
100..300;5;64695646;C;G;0.2378380000591278;120
100..300;5;64977191;A;G;0.1049380004405975;105
100..300;5;66596766;T;C;0.0365854017436504;100
100..300;5;67196584;G;C;0.1443299949169159;125
100..300;5;68226894;T;C;0.057507999241352;220
100..300;5;68227023;C;A;0.1440329998731613;170
100..300;5;69069020;G;C;0.1012149974703788;170
100..300;5;69094457;T;C;0.0397351011633873;100
100..300;5;69116221;AT;A;0.0774194002151489;120
100..300;5;69121816;T;C;0.0702479034662246;155
100..300;5;69123227;T;A;0.0785339996218681;135
100..300;5;71504648;T;C;0.0553359985351562;165
100..300;5;71562367;T;C;0.0372340008616447;120
100..300;5;71635139;G;A;0.1973679959774017;105
100..300;5;72196907;T;C;0.1031249985098838;225
100..300;5;72199079;A;G;0.1048690006136894;185
100..300;5;72461439;C;T;0.0887371972203254;195
100..300;5;72461440;T;C;0.0887371972203254;195
100..300;5;72725693;A;T;0.0896551981568336;200
100..300;5;72725707;A;C;0.0903225988149643;215
100..300;5;72726113;C;T;0.1090049967169761;145
100..300;5;73052445;G;A;0.106463998556137;180
100..300;5;73123629;G;C;0.0846681967377662;295
100..300;5;73579082;C;A;0.0638298019766807;120
100..300;5;73776529;C;T;0.1056910008192062;155
100..300;5;73780686;A;C;0.119047999382019;165
100..300;5;73794436;C;T;0.1187210008502006;145
100..300;5;73846471;T;C;0.0817610025405883;110
100..300;5;73849020;G;A;0.2921350002288818;110
100..300;5;73852656;A;G;0.0885417014360427;120
100..300;5;73868006;T;C;0.117646999657154;145
100..300;5;73868140;A;C;0.0629921033978462;160
100..300;5;73909872;G;C;0.0517240986227989;110
100..300;5;74721674;T;C;0.0481927990913391;110
100..300;5;74738420;A;G;0.1027399972081184;105
100..300;5;75379425;C;T;0.0922330021858215;130
100..300;5;76377126;A;G;0.0783409997820854;160
100..300;5;76627460;T;C;0.2235769927501678;165
100..300;5;76631363;T;C;0.1989250034093856;125
100..300;5;76637044;T;C;0.1987580060958862;110
100..300;5;76637140;C;G;0.260354995727539;110
100..300;5;76652825;G;A;0.1658290028572082;125
100..300;5;76732299;T;A;0.0894737020134925;130
100..300;5;77291441;A;G;0.1474930047988891;245
100..300;5;77433171;C;T;0.1076230034232139;150
100..300;5;77784936;A;G;0.1074070036411285;200
100..300;5;77784944;G;A;0.1114979982376098;210
100..300;5;77784965;A;G;0.1161469966173172;250
100..300;5;77785395;A;C;0.0805687010288238;290
100..300;5;77785416;G;T;0.0909091010689735;285
100..300;5;77785519;T;A;0.0805194973945617;275
100..300;5;77786010;T;C;0.1268880069255828;240
100..300;5;78116187;G;A;0.1264369934797287;110
100..300;5;78885654;T;C;0.1309520006179809;230
100..300;5;78885754;C;T;0.0836502015590667;190
100..300;5;79044473;G;T;0.1074379980564117;155
100..300;5;79439026;G;A;0.0919540002942085;120
100..300;5;79732903;G;A;0.2196969985961914;185
100..300;5;79733771;C;T;0.2121209949254989;175
100..300;5;80055912;T;C;0.0761421024799346;135
100..300;5;80079901;C;G;0.1293530017137527;135
100..300;5;80202874;A;G;0.0989011004567146;125
100..300;5;80501414;G;T;0.1582279950380325;120
100..300;5;80519839;C;T;0.1766919940710067;190
100..300;5;81113910;C;T;0.1980679929256439;145
100..300;5;81304800;G;C;0.1345449984073639;180
100..300;5;81335823;T;C;0.1240599974989891;170
100..300;5;82305411;C;T;0.139737993478775;150
100..300;5;86291013;T;C;0.0744680985808372;190
100..300;5;90474182;A;G;0.0742188021540641;175
100..300;5;90674063;G;A;0.1151520013809204;110
100..300;5;90855813;G;C;0.1359219998121261;130
100..300;5;93268242;G;A;0.0985916033387184;205
100..300;5;94386331;A;G;0.0947867035865783;135
100..300;5;95834979;T;C;0.1234040036797523;170
100..300;5;95835015;T;C;0.1266379952430725;165
100..300;5;96393194;G;C;0.1102560013532638;275
100..300;5;96393270;C;G;0.0987342000007629;265
100..300;5;96695865;G;A;0.1234569996595382;110
100..300;5;96743683;T;C;0.0955056026577949;115
100..300;5;96783148;C;G;0.0595237985253334;175
100..300;5;96785820;T;C;0.1528380066156387;155
100..300;5;96786556;G;T;0.1019110009074211;105
100..300;5;96788627;C;T;0.083892598748207;195
100..300;5;96790494;G;A;0.1185190007090568;100
100..300;5;96790605;G;A;0.1242239996790885;105
100..300;5;96795133;C;T;0.0630251988768577;155
100..300;5;98213432;A;G;0.1133000031113624;135
100..300;5;98576447;T;C;0.1814669966697693;180
100..300;5;103032551;C;T;0.1295340061187744;130
100..300;5;103097705;A;G;0.1269840002059936;205
100..300;5;103184699;C;A;0.1145830005407333;120
100..300;5;109337245;T;C;0.095238097012043;145
100..300;5;110948671;C;A;0.2032089978456497;135
100..300;5;111192553;C;T;0.1333329975605011;130
100..300;5;111192719;T;A;0.1573030054569244;120
100..300;5;111192740;G;A;0.1748629957437515;125
100..300;5;113071088;GCCTCGCGCTGTCTT;G;0.0931373015046119;135
100..300;5;113071165;A;G;0.0743034034967422;215
100..300;5;113340327;G;C;0.2339449971914291;145
100..300;5;113434330;G;T;0.1868129968643188;245
100..300;5;116001165;C;T;0.099041499197483;195
100..300;5;119333609;T;C;0.1071429997682571;170
100..300;5;119652736;T;C;0.1024100035429;120
100..300;5;122077513;T;C;0.1013069972395896;205
100..300;5;122152274;A;G;0.0933734998106956;240
100..300;5;126804830;C;T;0.0925266966223716;185
100..300;5;127457282;A;T;0.0874316990375518;120
100..300;5;131647075;G;A;0.1062500029802322;105
100..300;5;132304843;G;A;0.119497001171112;105
100..300;5;132340627;T;C;0.0727273002266883;180
100..300;5;132370257;C;T;0.0895522013306617;160
100..300;5;132385482;G;A;0.0975610017776489;190
100..300;5;132385512;C;T;0.1162789985537529;145
100..300;5;132589791;C;G;0.1497330069541931;125
100..300;5;132823442;T;C;0.0761905014514923;190
100..300;5;132824365;T;C;0.0909091010689735;235
100..300;5;132862408;T;C;0.0976561978459358;170
100..300;5;132896623;A;G;0.0725191012024879;190
100..300;5;133091159;G;GTT;0.1026789993047714;160
100..300;5;134566598;T;C;0.0820512995123863;135
100..300;5;134620978;A;G;0.0851064026355743;150
100..300;5;135029306;T;G;0.1036269962787628;135
100..300;5;135922416;A;G;0.095238097012043;120
100..300;5;135951340;C;T;0.1448280066251754;185
100..300;5;136429234;C;A;0.1388889998197555;135
100..300;5;138164976;A;G;0.1942860037088394;240
100..300;5;138398202;G;A;0.1439390033483505;180
100..300;5;138419119;A;G;0.1063219979405403;230
100..300;5;138424359;A;G;0.1141299977898597;125
100..300;5;138430377;A;G;0.1009460017085075;215
100..300;5;138571127;A;G;0.0818966031074523;150
100..300;5;139035427;A;G;0.0927835032343864;130
100..300;5;139121126;C;T;0.0916441977024078;250
100..300;5;140137463;G;A;0.0880829021334648;115
100..300;5;140228801;G;C;0.1004019975662231;160
100..300;5;140802149;G;A;0.1751819998025894;200
100..300;5;140821835;C;T;0.1671230047941208;255
100..300;5;140862537;A;C;0.0984849035739898;110
100..300;5;140928161;G;C;0.2026579976081848;210
100..300;5;140967127;C;T;0.2265190035104751;130
100..300;5;140967468;T;C;0.1433569937944412;210
100..300;5;141122595;A;G;0.1828909963369369;235
100..300;5;141150948;A;G;0.1785710006952285;245
100..300;5;141183164;A;G;0.1949860006570816;255
100..300;5;141184004;T;C;0.1441719979047775;130
100..300;5;141187690;T;G;0.1453900039196014;190
100..300;5;141187871;G;A;0.1948049962520599;260
100..300;5;141188452;C;T;0.2117960005998611;280
100..300;5;141215771;C;G;0.1034480035305023;295
100..300;5;141241224;G;A;0.1854840070009231;260
100..300;5;141341387;C;T;0.085333302617073;260
100..300;5;141360307;A;G;0.1262460052967071;215
100..300;5;141478678;T;C;0.0791667029261589;165
100..300;5;141639543;A;C;0.0755287036299705;220
100..300;5;141640314;C;G;0.0815216973423957;255
100..300;5;141644569;G;T;0.0708333030343055;170
100..300;5;141655383;T;C;0.0973450988531112;210
100..300;5;141864081;G;A;0.0766962021589279;240
100..300;5;141930259;A;G;0.1146790012717247;140
100..300;5;141955933;T;C;0.0919220000505447;255
100..300;5;142771377;C;T;0.0943396016955375;110
100..300;5;143134121;G;A;0.104762002825737;145
100..300;5;143281925;G;A;0.1428570002317428;115
100..300;5;143333158;TA;T;0.0818182006478309;115
100..300;5;146013801;T;C;0.0948904976248741;180
100..300;5;146062640;C;G;0.0756013989448547;205
100..300;5;146458877;A;G;0.1942449957132339;110
100..300;5;147906491;A;G;0.1910109966993332;120
100..300;5;148100549;C;T;0.0918918997049331;115
100..300;5;148101392;G;A;0.1698109954595565;100
100..300;5;148101867;G;A;0.1048030033707618;140
100..300;5;148118456;A;G;0.058823499828577;115
100..300;5;148120053;T;C;0.1206900030374527;115
100..300;5;148120107;T;C;0.1046509966254234;120
100..300;5;148125553;A;G;0.1039429977536201;185
100..300;5;148131303;C;T;0.1073170006275177;130
100..300;5;148826877;A;G;0.0996441021561622;185
100..300;5;148826910;C;G;0.0934578999876976;215
100..300;5;149230713;A;C;0.1235959976911544;110
100..300;5;149240661;G;T;0.0897435992956161;110
100..300;5;149247940;T;C;0.1278540045022964;155
100..300;5;149944343;G;T;0.1058389991521835;185
100..300;5;150127140;A;G;0.0987123996019363;165
100..300;5;150127273;T;G;0.1181820034980773;160
100..300;5;150128912;T;C;0.117646999657154;145
100..300;5;150128981;G;C;0.1290320008993148;185
100..300;5;150129548;T;C;0.1761900037527084;140
100..300;5;150129707;G;A;0.1822219938039779;165
100..300;5;150137672;A;G;0.1240879967808723;200
100..300;5;150140872;T;C;0.0493273995816707;165
100..300;5;150141407;G;A;0.1199999973177909;160
100..300;5;150141693;C;G;0.1010449975728988;190
100..300;5;150141754;ATG;A;0.1067619994282722;215
100..300;5;150142228;G;A;0.0534759014844894;130
100..300;5;150143064;A;T;0.0816327035427093;140
100..300;5;150144213;C;T;0.0452488996088504;150
100..300;5;150145626;A;G;0.1208330020308494;165
100..300;5;150146169;C;CTAT;0.07462690025568;205
100..300;5;150152269;G;A;0.0804598033428192;120
100..300;5;150153169;G;T;0.125;185
100..300;5;150204634;A;G;0.1793480068445205;125
100..300;5;150222659;G;GAC;0.1174999997019767;280
100..300;5;150396669;T;C;0.1380279958248138;245
100..300;5;150396792;C;G;0.0756013989448547;205
100..300;5;150405095;G;A;0.1070339977741241;210
100..300;5;150446963;T;C;0.2418600022792816;145
100..300;5;150527971;G;T;0.0628743022680282;225
100..300;5;150528040;G;A;0.0967741981148719;205
100..300;5;151027895;C;T;0.1690140068531036;105
100..300;5;151030658;A;C;0.0663264989852905;125
100..300;5;151138797;G;A;0.1502889990806579;110
100..300;5;151138798;A;G;0.1445090025663375;110
100..300;5;151139427;A;G;0.0730768963694572;175
100..300;5;151267327;C;T;0.0888888984918594;210
100..300;5;151296240;T;C;0.0976430997252464;205
100..300;5;151522036;C;G;0.0590717010200023;155
100..300;5;151522069;T;G;0.0645160973072052;130
100..300;5;151525837;T;C;0.0956790000200271;220
100..300;5;151529252;A;G;0.0912052020430564;200
100..300;5;151674666;C;T;0.0730768963694572;170
100..300;5;152376455;T;G;0.318583995103836;145
100..300;5;152392277;C;T;0.1136360019445419;175
100..300;5;152392291;A;G;0.1165409982204437;175
100..300;5;152395503;G;C;0.0853658989071846;160
100..300;5;152404622;A;G;0.0750000029802322;225
100..300;5;154559889;C;A;0.0788381993770599;175
100..300;5;154966699;G;A;0.1116750016808509;140
100..300;5;156344569;C;T;0.1357620060443878;200
100..300;5;156852012;T;C;0.1125829964876174;100
100..300;5;156852464;C;T;0.0967741981148719;100
100..300;5;157518841;A;G;0.0627802982926368;145
100..300;5;157646739;T;G;0.0956790000200271;210
100..300;5;157648838;A;G;0.092465803027153;190
100..300;5;157675177;G;A;0.1133600026369094;160
100..300;5;157731431;A;C;0.0803570970892906;160
100..300;5;157737881;C;T;0.1428570002317428;105
100..300;5;157737954;C;T;0.1310040056705474;150
100..300;5;160349630;T;C;0.1010930016636848;260
100..300;5;160687891;T;C;0.1007189974188804;185
100..300;5;161685998;A;G;0.0900473967194557;140
100..300;5;168247467;A;G;0.1198740005493164;220
100..300;5;168248387;T;C;0.0497238002717494;120
100..300;5;168262291;T;C;0.0863095000386238;245
100..300;5;168486505;A;G;0.0459770001471042;115
100..300;5;168516822;A;G;0.1178449988365173;195
100..300;5;168671230;G;A;0.1090229973196983;190
100..300;5;168685702;A;G;0.0597014985978603;135
100..300;5;168710880;A;G;0.1041669994592666;135
100..300;5;168748319;T;G;0.0688622966408729;220
100..300;5;169689340;A;G;0.1174089983105659;155
100..300;5;169695799;A;C;0.0802138969302177;125
100..300;5;169702418;G;A;0.2173909991979599;160
100..300;5;169883209;C;A;0.1003580018877983;190
100..300;5;172096432;A;G;0.0706714019179344;185
100..300;5;172422467;A;G;0.1317829936742782;180
100..300;5;172897894;T;A;0.1590909957885742;140
100..300;5;172914914;C;T;0.0726256966590881;245
100..300;5;172915026;GT;G;0.0876289010047912;140
100..300;5;173146764;C;T;0.2133329957723617;200
100..300;5;175510190;T;C;0.0983607023954391;160
100..300;5;175512211;T;C;0.0918918997049331;120
100..300;5;175526740;A;G;0.1209679991006851;160
100..300;5;176384092;A;G;0.0586319006979465;215
100..300;5;176568834;A;G;0.1138209998607635;180
100..300;5;176571207;G;T;0.0714285969734191;155
100..300;5;176571245;C;T;0.078853003680706;185
100..300;5;176574188;A;G;0.1084339991211891;110
100..300;5;176590638;A;C;0.0745763033628463;190
100..300;5;176877298;C;T;0.0594595000147819;125
100..300;5;176889454;T;C;0.1246609985828399;255
100..300;5;177089630;A;G;0.1086959987878799;240
100..300;5;177093242;A;G;0.0923912972211837;245
100..300;5;177307647;A;G;0.0821529999375343;240
100..300;5;177403626;A;G;0.0888888984918594;180
100..300;5;177504678;A;G;0.0575539991259574;185
100..300;5;177509645;T;C;0.096000000834465;250
100..300;5;177971517;C;G;0.0904109999537468;250
100..300;5;177971535;A;G;0.0867208987474441;260
100..300;5;177971816;C;T;0.0851064026355743;275
100..300;5;177971860;CA;C;0.1609199941158294;280
100..300;5;178153531;T;C;0.0793650969862937;215
100..300;5;178186295;T;C;0.0810810998082161;260
100..300;5;178187000;C;T;0.0887096971273422;265
100..300;5;178187182;C;T;0.0849056988954544;205
100..300;5;178697572;T;G;0.078125;175
100..300;5;178867058;C;T;0.1844259947538375;155
100..300;5;178883445;T;C;0.2586210072040558;195
100..300;5;178964859;A;G;0.1071429997682571;205
100..300;5;179128044;A;G;0.0714285969734191;195
100..300;5;179135966;A;G;0.089136503636837;230
100..300;5;179207618;T;C;0.160858005285263;235
100..300;5;179207671;T;C;0.0734463036060333;230
100..300;5;179263724;A;G;0.1792449951171875;140
100..300;5;179609356;A;G;0.131068006157875;135
100..300;5;179618141;A;G;0.0815602988004684;195
100..300;5;179644865;G;A;0.0556962005794048;270
100..300;5;179722799;C;T;0.1049380004405975;110
100..300;5;179726796;T;C;0.055214699357748;100
100..300;5;179766322;G;A;0.0732984021306037;255
100..300;5;179768866;A;G;0.0664061978459358;165
100..300;5;179774463;A;G;0.0637755021452903;270
100..300;5;179774846;A;G;0.101851999759674;160
100..300;5;179798324;A;G;0.0917031019926071;165
100..300;5;179833099;C;G;0.0697674006223678;190
100..300;5;179870268;A;G;0.0785339996218681;130
100..300;5;179875921;T;C;0.0648147985339164;145
100..300;5;179980158;C;T;0.0991379022598266;145
100..300;5;180127602;T;C;0.0956175029277801;165
100..300;5;180128407;C;T;0.0572391003370285;195
100..300;5;180553378;G;A;0.0873361974954605;140
100..300;5;180567252;T;C;0.0849673002958297;110
100..300;5;180603322;T;C;0.0519878007471561;215
100..300;5;180618911;A;G;0.0824742019176483;130
100..300;5;180625946;A;G;0.0796177983283996;210
100..300;5;180630231;A;C;0.0632911026477813;215
100..300;5;180630356;G;C;0.0794392973184585;145
100..300;5;180791668;G;A;0.106463998556137;185
100..300;6;2679442;A;G;0.0955414026975631;220
100..300;6;2784337;A;G;0.1376149952411651;145
100..300;6;2836032;A;T;0.0947367995977401;155
100..300;6;2836036;T;A;0.0904522985219955;165
100..300;6;3006573;G;A;0.1169349998235702;170
100..300;6;3273223;G;A;0.0627615004777908;175
100..300;6;3289749;C;T;0.0958904027938842;145
100..300;6;5609271;C;T;0.14444400370121;120
100..300;6;5972531;T;C;0.0535713993012905;110
100..300;6;5972934;A;T;0.1329309940338134;225
100..300;6;6222149;G;T;0.1397850066423416;130
100..300;6;6269065;C;G;0.1762109994888305;155
100..300;6;6318562;A;C;0.0735293999314308;230
100..300;6;7229113;C;T;0.0865672007203102;230
100..300;6;7229386;A;G;0.0944444015622139;245
100..300;6;7295372;G;A;0.1216220036149025;100
100..300;6;7405275;A;G;0.0819671973586082;155
100..300;6;7542020;A;G;0.0616967007517814;255
100..300;6;7555830;T;C;0.1010100021958351;130
100..300;6;7584384;T;C;0.15625;180
100..300;6;7590391;T;C;0.198412999510765;175
100..300;6;7988088;G;A;0.0769231021404266;160
100..300;6;8427904;AAGT;A;0.1857919991016388;120
100..300;6;8435221;C;T;0.040650401264429;170
100..300;6;10398474;A;G;0.0801187008619308;230
100..300;6;10460327;C;T;0.0989582985639572;135
100..300;6;10709399;A;G;0.1016260012984275;165
100..300;6;10894148;A;G;0.0940594002604484;130
100..300;6;13599071;T;C;0.1187739968299865;170
100..300;6;15468645;G;C;0.0560472011566162;215
100..300;6;15615406;A;G;0.2327039986848831;105
100..300;6;16145094;G;A;0.1046509966254234;180
100..300;6;16326380;A;C;0.0774194002151489;110
100..300;6;17531204;C;A;0.0872727036476135;200
100..300;6;17764299;T;C;0.083109900355339;260
100..300;6;17794263;A;G;0.0799999982118606;135
100..300;6;18208184;A;G;0.0801526978611946;170
100..300;6;18258285;A;G;0.090361401438713;110
100..300;6;18364915;G;A;0.0932836011052131;200
100..300;6;18366734;T;C;0.1078429967164993;135
100..300;6;22569960;C;T;0.170647993683815;195
100..300;6;22570016;A;G;0.1640619933605194;170
100..300;6;24415152;A;G;0.0459770001471042;110
100..300;6;24532184;A;G;0.0755556002259254;135
100..300;6;24554534;C;T;0.1061950027942657;150
100..300;6;24809708;T;A;0.1034480035305023;130
100..300;6;24828262;T;C;0.1199999973177909;165
100..300;6;24976409;A;G;0.0564972013235092;120
100..300;6;25023951;G;T;0.1231879964470863;195
100..300;6;25092311;C;A;0.0740740969777107;105
100..300;6;25426540;A;G;0.1551720052957534;110
100..300;6;25726393;T;C;0.0750750973820686;230
100..300;6;25914625;A;G;0.1006489992141723;205
100..300;6;25925759;A;G;0.1131390035152435;180
100..300;6;25983549;T;C;0.091160200536251;255
100..300;6;26017314;C;T;0.0862068980932235;255
100..300;6;26017447;G;A;0.0850514993071556;270
100..300;6;26321887;T;C;0.0731706991791725;170
100..300;6;26321925;G;A;0.0788644030690193;210
100..300;6;26365358;C;T;0.1168219968676567;145
100..300;6;26365367;C;T;0.0728155001997947;135
100..300;6;26370344;T;C;0.0958466008305549;210
100..300;6;26370377;C;T;0.2278479933738708;265
100..300;6;26372893;A;G;0.0940767005085945;185
100..300;6;26372922;T;C;0.0813253000378608;225
100..300;6;26392287;C;G;0.1172159984707832;195
100..300;6;26405607;A;G;0.117646999657154;220
100..300;6;26409662;C;G;0.1185190007090568;185
100..300;6;26409999;A;G;0.0939849987626075;175
100..300;6;26413516;A;C;0.062663197517395;270
100..300;6;26422926;C;T;0.1059599965810775;105
100..300;6;26423089;A;G;0.1235290020704269;225
100..300;6;26426259;A;G;0.1160219982266426;125
100..300;6;26431112;G;A;0.1257140040397644;125
100..300;6;26445981;T;C;0.0813253000378608;225
100..300;6;26463346;T;G;0.0678851008415222;255
100..300;6;26463347;T;G;0.0675325021147728;255
100..300;6;26463432;A;G;0.095238097012043;250
100..300;6;26468098;A;G;0.1125319972634315;280
100..300;6;26504907;T;C;0.1700679957866668;105
100..300;6;26509154;T;C;0.0934066027402877;130
100..300;6;27310241;A;C;0.0845770984888076;150
100..300;6;27312073;C;T;0.097297303378582;255
100..300;6;27452269;C;G;0.1428570002317428;210
100..300;6;27523520;A;G;0.1071429997682571;180
100..300;6;27807896;G;A;0.0971563979983329;295
100..300;6;27807919;C;G;0.0911680981516838;250
100..300;6;27867440;A;G;0.0650406032800674;175
100..300;6;27867494;C;T;0.0780488029122352;150
100..300;6;27911422;A;C;0.0935828983783721;255
100..300;6;27912204;G;A;0.0823528990149498;175
100..300;6;28129415;A;G;0.1155780032277107;130
100..300;6;28153120;A;G;0.0794223994016647;185
100..300;6;28251883;A;G;0.1147539988160133;175
100..300;6;28272137;A;G;0.0720930024981498;290
100..300;6;28301047;G;A;0.0987654030323028;175
100..300;6;28329536;A;T;0.0866511017084121;285
100..300;6;28398374;G;A;0.0971660017967224;170
100..300;6;28506441;G;C;0.0931676998734474;105
100..300;6;28515705;C;A;0.0943953022360801;225
100..300;6;28732312;C;T;0.0504201985895633;160
100..300;6;28732723;T;C;0.1268289983272552;150
100..300;6;28861860;C;G;0.0561223998665809;135
100..300;6;29044290;T;C;0.1212119981646537;175
100..300;6;29044339;A;G;0.1084339991211891;170
100..300;6;29374998;A;G;0.0947867035865783;290
100..300;6;29553668;T;C;0.0833332985639572;130
100..300;6;29607226;A;G;0.1139710023999214;185
100..300;6;29608616;G;A;0.1146129965782165;235
100..300;6;29613264;G;A;0.0673077031970024;140
100..300;6;29613333;G;A;0.0787670984864234;195
100..300;6;29613336;G;A;0.0753424987196922;200
100..300;6;29723936;C;A;0.0616622008383274;275
100..300;6;29726793;G;A;0.1208050027489662;210
100..300;6;29744398;G;C;0.0446096993982791;180
100..300;6;29750767;T;C;0.1104649975895881;110
100..300;6;29750801;G;C;0.0595744997262954;150
100..300;6;29750974;CA;C;0.1131220012903213;155
100..300;6;29751013;A;G;0.1279619932174682;140
100..300;6;29779092;C;T;0.0934958979487419;155
100..300;6;29792219;C;T;0.088495597243309;230
100..300;6;29792252;C;G;0.0877598002552986;295
100..300;6;29792900;G;A;0.1036589965224266;115
100..300;6;29793042;C;A;0.1035500019788742;215
100..300;6;29801286;A;T;0.1615850031375885;215
100..300;6;29801503;T;C;0.0989760980010032;195
100..300;6;29801555;A;G;0.1160219982266426;140
100..300;6;29801720;C;A;0.1237619966268539;130
100..300;6;29801730;T;A;0.1204190030694007;125
100..300;6;29803644;A;G;0.095238097012043;150
100..300;6;29803844;G;C;0.1111110001802444;155
100..300;6;29803877;G;A;0.1333329975605011;140
100..300;6;29827859;A;G;0.1188120022416114;255
100..300;6;29827880;A;G;0.1264639943838119;275
100..300;6;29827991;C;T;0.0830325037240982;185
100..300;6;29828032;T;C;0.0377358011901378;185
100..300;6;29828326;C;T;0.1701389998197555;210
100..300;6;29828338;C;A;0.1762299984693527;190
100..300;6;29828349;AC;A;0.1909549981355667;170
100..300;6;29828375;C;G;0.1707320064306259;145
100..300;6;29828529;A;G;0.1801470071077346;195
100..300;6;29828550;T;C;0.0968585982918739;260
100..300;6;29829919;G;A;0.2182250022888183;265
100..300;6;29830363;G;A;0.1955990046262741;265
100..300;6;29888163;A;G;0.0874999985098838;275
100..300;6;29888168;G;A;0.0894737020134925;260
100..300;6;29890476;A;G;0.1013510003685951;115
100..300;6;29907831;C;G;0.0758294016122818;140
100..300;6;29926434;T;C;0.0948717966675758;260
100..300;6;29926612;C;A;0.1033520027995109;290
100..300;6;29926615;T;G;0.1016950011253357;290
100..300;6;29926823;T;G;0.1004780009388923;280
100..300;6;29926826;G;A;0.08695650100708;275
100..300;6;29926859;CA;C;0.1102939993143081;210
100..300;6;29927189;T;C;0.0818504989147186;200
100..300;6;29927228;T;C;0.0751174017786979;290
100..300;6;29928328;A;G;0.1095409989356994;205
100..300;6;29928331;T;A;0.1119399964809417;200
100..300;6;29928335;T;C;0.1058819964528083;190
100..300;6;29928348;A;G;0.1428570002317428;180
100..300;6;29928480;T;C;0.1117170006036758;245
100..300;6;29928514;C;T;0.1151830032467842;255
100..300;6;29929240;A;C;0.1282050013542175;100
100..300;6;29934088;C;G;0.105504997074604;165
100..300;6;29943024;A;C;0.12568299472332;240
100..300;6;29944633;A;G;0.0964467003941536;230
100..300;6;29972201;A;C;0.1369049996137619;120
100..300;6;30007270;T;G;0.1061450019478797;145
100..300;6;30009368;C;G;0.0958333015441894;170
100..300;6;30032743;A;C;0.1149429976940155;130
100..300;6;30032910;C;T;0.1116499975323677;140
100..300;6;30073259;A;G;0.0740740969777107;215
100..300;6;30103553;T;C;0.0883055031299591;285
100..300;6;30198489;T;C;0.1150230020284652;275
100..300;6;30199109;T;C;0.1062799990177154;285
100..300;6;30259648;G;C;0.0765431970357894;280
100..300;6;30259750;T;C;0.0804878026247024;295
100..300;6;30261490;C;G;0.0891088992357254;245
100..300;6;30643573;A;C;0.0660592019557952;280
100..300;6;30741178;T;C;0.0984615013003349;230
100..300;6;30891080;T;C;0.1200919970870018;270
100..300;6;30897052;C;T;0.2188369929790496;235
100..300;6;30909425;C;T;0.0947367995977401;180
100..300;6;30909983;C;A;0.0992366001009941;260
100..300;6;30911142;C;T;0.0822784975171089;215
100..300;6;30920195;T;C;0.0467033013701438;250
100..300;6;30921612;C;T;0.1079809963703155;280
100..300;6;30925350;A;G;0.0754190012812614;230
100..300;6;30926164;A;G;0.1173589974641799;275
100..300;6;30931747;C;T;0.1397850066423416;250
100..300;6;30931794;T;C;0.0929576978087425;235
100..300;6;30953180;A;G;0.132530003786087;135
100..300;6;31025536;T;C;0.0714285969734191;185
100..300;6;31025663;A;G;0.126581996679306;280
100..300;6;31054392;G;A;0.0788177028298378;145
100..300;6;31055726;C;G;0.1032259985804557;105
100..300;6;31056063;G;A;0.0890052020549774;135
100..300;6;31056824;A;C;0.1111110001802444;220
100..300;6;31059616;C;A;0.1179490014910698;135
100..300;6;31059731;A;G;0.0602409988641738;110
100..300;6;31059739;A;G;0.0683230012655258;105
100..300;6;31111663;T;C;0.097799502313137;295
100..300;6;31142614;C;G;0.1121790036559104;195
100..300;6;31145306;A;G;0.0992647036910057;205
100..300;6;31148433;A;G;0.0786516964435577;245
100..300;6;31148469;A;G;0.1635510027408599;275
100..300;6;31275763;A;G;0.1208050027489662;105
100..300;6;31275827;A;G;0.1207730025053024;155
100..300;6;31276069;T;G;0.1549299955368042;150
100..300;6;31276082;T;C;0.2648400068283081;150
100..300;6;31276085;T;G;0.1205359995365142;155
100..300;6;31276107;A;G;0.2429910004138946;150
100..300;6;31276251;A;C;0.1005920022726059;120
100..300;6;31277012;T;A;0.1118419989943504;105
100..300;6;31277303;A;G;0.2020729929208755;145
100..300;6;31277437;C;T;0.169742003083229;190
100..300;6;31278019;T;C;0.1374049931764602;100
100..300;6;31278044;G;A;0.1214289963245391;105
100..300;6;31278547;C;A;0.1428570002317428;155
100..300;6;31280392;T;C;0.1016260012984275;165
100..300;6;31280485;A;G;0.070175401866436;185
100..300;6;31280791;A;G;0.0670553967356681;235
100..300;6;31280866;A;G;0.0900620967149734;235
100..300;6;31281109;T;C;0.0978593006730079;225
100..300;6;31281216;C;CT;0.0971786975860595;230
100..300;6;31281379;T;C;0.1146949976682663;135
100..300;6;31366645;C;T;0.0739300027489662;190
100..300;6;31411200;A;G;0.1171879991889;270
100..300;6;31411282;T;A;0.1163519993424415;215
100..300;6;31411332;A;G;0.0912697985768318;180
100..300;6;31412314;CT;C;0.1069519966840744;285
100..300;6;31464036;G;A;0.0765765979886055;145
100..300;6;31506180;G;C;0.1065090000629425;225
100..300;6;31530467;GC;G;0.0689655020833015;235
100..300;6;31539285;C;G;0.1231340020895004;175
100..300;6;31546470;G;A;0.0888888984918594;215
100..300;6;31582436;G;A;0.106452003121376;220
100..300;6;31635993;G;A;0.0902777984738349;285
100..300;6;31639124;CAAAG;C;0.0874999985098838;220
100..300;6;31760120;T;C;0.0762462988495826;230
100..300;6;31761582;G;A;0.0794045031070709;270
100..300;6;31762197;A;G;0.0460123009979724;215
100..300;6;31883457;G;A;0.0795454978942871;230
100..300;6;32192179;C;T;0.086046501994133;290
100..300;6;32223843;T;C;0.1111110001802444;180
100..300;6;32325478;C;G;0.216495007276535;205
100..300;6;32332045;A;G;0.117646999657154;110
100..300;6;32335915;A;T;0.0736543983221054;235
100..300;6;32393965;C;CT;0.0670391023159027;125
100..300;6;32394032;C;T;0.056768599897623;150
100..300;6;32394044;T;C;0.1262139976024627;135
100..300;6;32394892;G;T;0.1051400005817413;295
100..300;6;32394925;C;T;0.0897435992956161;275
100..300;6;32394926;T;G;0.0923077017068862;275
100..300;6;32394964;T;C;0.1063219979405403;240
100..300;6;32394968;A;G;0.1081869974732399;235
100..300;6;32442433;C;T;0.0784313976764679;110
100..300;6;32442438;C;T;0.0892857015132904;120
100..300;6;32660224;C;T;0.2446810007095337;135
100..300;6;32661960;T;C;0.2364860028028488;175
100..300;6;32662091;G;A;0.3064520061016083;215
100..300;6;32741427;C;G;0.0738916024565696;215
100..300;6;32746090;T;C;0.1216809973120689;290
100..300;6;32814610;A;G;0.1074170023202896;265
100..300;6;32815309;G;A;0.1511249989271164;225
100..300;6;32816843;T;C;0.0941703990101814;145
100..300;6;32830099;G;A;0.125;250
100..300;6;32837529;T;C;0.1130430027842521;235
100..300;6;32847125;T;C;0.0843750014901161;205
100..300;6;32847198;C;T;0.1016950011253357;160
100..300;6;32848666;T;C;0.0707316994667053;275
100..300;6;32853022;A;C;0.0801282003521919;225
100..300;6;32938939;C;T;0.0845770984888076;270
100..300;6;32949634;T;C;0.061881199479103;285
100..300;6;32969266;A;G;0.0494505986571311;125
100..300;6;32969271;A;C;0.0502793006598949;125
100..300;6;32970297;T;G;0.0826445966958999;165
100..300;6;32974446;GT;G;0.0874525010585784;200
100..300;6;32977848;T;C;0.0794702023267746;200
100..300;6;33007157;A;G;0.0823528990149498;230
100..300;6;33007604;G;A;0.1954669952392578;245
100..300;6;33008092;A;G;0.1054690033197403;170
100..300;6;33068658;G;T;0.0810810998082161;230
100..300;6;33069303;A;G;0.108033001422882;255
100..300;6;33069305;G;A;0.1028570011258125;250
100..300;6;33069745;C;T;0.0738006979227066;185
100..300;6;33069780;T;C;0.0641508996486663;175
100..300;6;33069802;T;A;0.0541667006909847;160
100..300;6;33069803;G;T;0.0576132014393806;160
100..300;6;33069849;G;C;0.0643564015626907;140
100..300;6;33069898;A;C;0.0563380010426044;100
100..300;6;33076153;G;A;0.120567001402378;190
100..300;6;33079655;C;A;0.1327009946107864;140
100..300;6;33079689;C;T;0.1422020047903061;140
100..300;6;33084959;A;G;0.0214476995170116;275
100..300;6;33084966;C;T;0.0629540011286735;290
100..300;6;33085249;G;C;0.1258279979228973;205
100..300;6;33085905;A;G;0.0909091010689735;205
100..300;6;33086205;C;G;0.0811455994844436;270
100..300;6;33092287;A;G;0.0923077017068862;120
100..300;6;33103823;A;C;0.0950819998979568;210
100..300;6;33103931;A;G;0.1015869975090026;215
100..300;6;33103977;A;C;0.0873785987496376;205
100..300;6;33104000;G;A;0.0790513977408409;165
100..300;6;33106125;C;A;0.1542550027370453;120
100..300;6;33128113;T;A;0.0747331008315086;205
100..300;6;33170900;A;G;0.0879765003919601;230
100..300;6;33171551;T;C;0.1288059949874878;285
100..300;6;33185058;T;A;0.0819671973586082;200
100..300;6;33202118;G;C;0.0827068015933036;275
100..300;6;33669130;T;C;0.1684779971837997;120
100..300;6;33670403;T;C;0.1850830018520355;235
100..300;6;33673602;C;T;0.1538459956645965;140
100..300;6;33735453;A;G;0.0801393985748291;185
100..300;6;35078666;C;G;0.1111110001802444;160
100..300;6;35120604;G;C;0.1178859993815422;160
100..300;6;35122320;C;T;0.0750000029802322;140
100..300;6;35835415;A;C;0.1174380034208297;185
100..300;6;36217904;C;G;0.1441439986228943;145
100..300;6;36327087;G;A;0.0976743996143341;135
100..300;6;36373517;T;C;0.0833332985639572;170
100..300;6;36673769;A;C;0.0481927990913391;170
100..300;6;36677811;C;A;0.172775000333786;130
100..300;6;36677919;G;A;0.2024289965629577;150
100..300;6;36684562;G;C;0.168831005692482;110
100..300;6;36715518;A;G;0.0701107010245323;185
100..300;6;36822164;CG;C;0.11353699862957;170
100..300;6;36856623;T;C;0.1264369934797287;170
100..300;6;36954908;C;A;0.1054550036787986;195
100..300;6;36963386;G;A;0.0919540002942085;190
100..300;6;37011058;G;A;0.1017699986696243;145
100..300;6;37381257;A;G;0.0809717029333114;165
100..300;6;38984222;T;C;0.1120330020785331;150
100..300;6;39065817;A;G;0.0681817978620529;120
100..300;6;39311018;C;G;0.1275169998407364;105
100..300;6;39861039;A;G;0.0862471014261245;280
100..300;6;41198102;C;T;0.1355929970741272;110
100..300;6;41786805;T;G;0.0824742019176483;195
100..300;6;42104954;T;G;0.0868346989154815;230
100..300;6;42857169;A;G;0.106795996427536;200
100..300;6;43143604;C;G;0.0796020030975341;140
100..300;6;43305866;G;A;0.1769910007715225;150
100..300;6;43445127;C;T;0.0942407995462417;130
100..300;6;43450953;A;G;0.1045129969716072;280
100..300;6;43450995;A;G;0.117646999657154;280
100..300;6;43528924;C;A;0.0878048986196518;135
100..300;6;44113834;A;G;0.0751444995403289;120
100..300;6;44180084;G;A;0.1022220030426979;150
100..300;6;44250173;G;A;0.1324789971113205;170
100..300;6;44343117;A;G;0.103202998638153;175
100..300;6;46161608;A;G;0.1264819949865341;185
100..300;6;46167752;C;T;0.090378999710083;240
100..300;6;46168247;T;G;0.080851100385189;150
100..300;6;46652503;T;C;0.1215810030698776;225
100..300;6;46711566;G;A;0.1011670008301734;165
100..300;6;46835365;G;A;0.0740740969777107;240
100..300;6;49728760;T;G;0.2114289999008178;110
100..300;6;50823879;G;A;0.1089740023016929;125
100..300;6;51721973;A;G;0.2070710062980651;130
100..300;6;51748379;T;C;0.2568489909172058;205
100..300;6;51856040;C;T;0.0961538031697273;130
100..300;6;51856074;G;A;0.1283780038356781;105
100..300;6;52479101;C;T;0.1158799976110458;150
100..300;6;52984544;G;A;0.0995851010084152;160
100..300;6;53652237;A;G;0.0917873978614807;135
100..300;6;54321349;C;T;0.2488040030002594;130
100..300;6;54485378;A;G;0.0787037014961242;155
100..300;6;54625188;A;G;0.1489360034465789;100
100..300;6;56432770;A;G;0.0793650969862937;225
100..300;6;56508738;T;C;0.1052630022168159;150
100..300;6;56598612;C;T;0.128712996840477;130
100..300;6;56605753;A;T;0.0935252010822296;100
100..300;6;56605892;A;G;0.1516849994659423;125
100..300;6;56606604;A;G;0.1715690046548843;135
100..300;6;56606852;T;C;0.136584997177124;150
100..300;6;56607197;T;C;0.1666669994592666;160
100..300;6;56618003;G;C;0.1029409989714622;145
100..300;6;56619960;T;C;0.1409839987754821;215
100..300;6;63788162;A;T;0.0859375;170
100..300;6;63984461;T;C;0.1105770021677017;135
100..300;6;64912570;G;A;0.2783020138740539;140
100..300;6;65295995;T;C;0.1311479955911636;115
100..300;6;65495052;A;G;0.1136360019445419;170
100..300;6;66094179;G;C;0.1360760033130645;230
100..300;6;70180332;A;G;0.1119399964809417;185
100..300;6;70234554;C;T;0.1157409995794296;140
100..300;6;70272091;G;A;0.1683669984340667;130
100..300;6;70859387;C;T;0.2712549865245819;160
100..300;6;71301876;G;GAGA;0.0969899967312812;200
100..300;6;71584899;C;G;0.0830039978027343;180
100..300;6;72987585;A;G;0.1220659986138343;150
100..300;6;73292207;G;A;0.1242040023207664;215
100..300;6;73309615;A;G;0.0638298019766807;185
100..300;6;73309653;C;T;0.0805860981345176;180
100..300;6;73638419;C;T;0.1085970029234886;150
100..300;6;73766936;GT;G;0.0963302999734878;150
100..300;6;73787286;G;A;0.1404110044240951;190
100..300;6;73787429;A;G;0.0948275998234748;155
100..300;6;75314644;T;C;0.1231879964470863;200
100..300;6;75666836;A;G;0.1696429997682571;145
100..300;6;75889187;G;A;0.0837989002466201;110
100..300;6;75931086;A;G;0.1055279970169067;130
100..300;6;78903083;A;G;0.0722222030162811;120
100..300;6;78947674;A;G;0.1030300036072731;110
100..300;6;78969860;G;A;0.125786006450653;105
100..300;6;81751803;G;A;0.0516128987073898;220
100..300;6;81757390;C;T;0.0735293999314308;130
100..300;6;82223592;T;C;0.089361697435379;150
100..300;6;84430460;C;A;0.1741939932107925;115
100..300;6;84430595;A;C;0.0795847997069358;190
100..300;6;85288182;A;G;0.1086959987878799;125
100..300;6;85490559;A;T;0.0809523984789848;135
100..300;6;85735754;C;T;0.115556001663208;155
100..300;6;87514446;C;T;0.0582011006772518;125
100..300;6;87677985;C;A;0.1129940003156662;120
100..300;6;88143916;T;C;0.0947367995977401;200
100..300;6;89329951;C;G;0.1858740001916885;180
100..300;6;89613905;C;T;0.0802138969302177;120
100..300;6;89630557;A;G;0.1305840015411377;195
100..300;6;89630727;T;C;0.099397599697113;230
100..300;6;89658661;A;G;0.1040889993309974;185
100..300;6;89662855;C;A;0.0855456963181495;225
100..300;6;89680724;A;C;0.1240599974989891;180
100..300;6;89687413;C;G;0.0530973002314567;150
100..300;6;89692763;A;G;0.0931034013628959;200
100..300;6;89698870;G;A;0.1695909947156906;105
100..300;6;89789783;A;G;0.0849673002958297;105
100..300;6;89819624;T;C;0.071823202073574;125
100..300;6;89830289;A;C;0.0862744972109794;180
100..300;6;89932639;A;G;0.0803857967257499;225
100..300;6;89932774;A;G;0.0795107036828994;230
100..300;6;89950600;C;T;0.1262889951467514;270
100..300;6;96648521;T;C;0.1011900007724762;115
100..300;6;98179534;A;C;0.1184210032224655;150
100..300;6;98835296;ACAG;A;0.0821529999375343;235
100..300;6;98926524;A;G;0.1489360034465789;165
100..300;6;99371503;C;T;0.2142859995365142;170
100..300;6;99377472;C;T;0.0706522017717361;120
100..300;6;99446210;G;C;0.1167659983038902;235
100..300;6;99867151;G;A;0.2638039886951446;110
100..300;6;100516271;C;G;0.1324789971113205;155
100..300;6;100718219;A;G;0.1022730022668838;115
100..300;6;105402837;G;A;0.157258003950119;145
100..300;6;106519310;C;A;0.0947711989283561;210
100..300;6;107070009;T;C;0.0890208035707473;225
100..300;6;107721012;T;C;0.0759494006633758;120
100..300;6;107893490;T;C;0.0718953981995582;105
100..300;6;108785847;G;A;0.1046930029988288;195
100..300;6;108785883;T;C;0.1050959974527359;215
100..300;6;108786207;G;C;0.0856031030416488;180
100..300;6;109196503;A;G;0.1603379994630813;155
100..300;6;109198408;A;G;0.2012580037117004;105
100..300;6;109198420;T;C;0.2037039995193481;105
100..300;6;109199592;G;C;0.0788381993770599;160
100..300;6;109227101;T;C;0.1150000020861625;130
100..300;6;109227510;T;C;0.097826100885868;115
100..300;6;109264859;T;C;0.2387389987707138;150
100..300;6;109286353;A;G;0.2488040030002594;135
100..300;6;110425059;T;C;0.0890052020549774;135
100..300;6;110438805;G;A;0.1294959932565689;175
100..300;6;111266001;G;A;0.088560901582241;195
100..300;6;112061110;T;G;0.0788644030690193;215
100..300;6;112087407;C;T;0.1184670031070709;190
100..300;6;112114061;G;T;0.0787879005074501;110
100..300;6;112114070;C;A;0.076470598578453;110
100..300;6;112114709;T;A;0.0967741981148719;110
100..300;6;112356173;A;C;0.1405619978904724;170
100..300;6;116278502;C;T;0.1530610024929046;130
100..300;6;116399324;T;C;0.0486111007630825;205
100..300;6;116765215;A;C;0.0990711972117424;210
100..300;6;116792490;C;T;0.1077589988708496;155
100..300;6;116792862;A;G;0.1041669994592666;175
100..300;6;116793060;A;T;0.1230159997940063;180
100..300;6;117387808;T;C;0.1062500029802322;105
100..300;6;117404285;G;T;0.1557790040969848;135
100..300;6;117409656;A;G;0.097222201526165;130
100..300;6;117431994;T;C;0.1290320008993148;155
100..300;6;117548123;T;G;0.0853080973029136;140
100..300;6;117548261;A;G;0.0820045992732048;290
100..300;6;118502812;G;A;0.078313298523426;105
100..300;6;118566140;C;T;0.1312499940395355;235
100..300;6;118894542;A;G;0.1064810007810592;135
100..300;6;118923859;T;C;0.1000000014901161;140
100..300;6;119348712;T;C;0.0874999985098838;115
100..300;6;125252048;G;A;0.0981132015585899;170
100..300;6;125957084;C;G;0.1540790051221847;210
100..300;6;126258237;T;C;0.1296930015087127;200
100..300;6;126258242;A;G;0.125;190
100..300;6;128929678;CT;C;0.1058389991521835;205
100..300;6;129486569;A;G;0.2205320000648498;175
100..300;6;130440659;T;C;0.0681817978620529;195
100..300;6;130956280;C;G;0.0600522011518478;260
100..300;6;131674173;G;A;0.1400000005960464;110
100..300;6;131851228;C;A;0.0778687968850135;150
100..300;6;132315681;G;C;0.1792449951171875;145
100..300;6;132570617;G;A;0.1020940020680427;275
100..300;6;132997785;A;G;0.1312499940395355;115
100..300;6;134262022;C;G;0.0973782986402511;185
100..300;6;134966395;G;A;0.115385003387928;140
100..300;6;135037429;G;T;0.1172839999198913;115
100..300;6;138908735;T;C;0.1169809997081756;165
100..300;6;139247906;C;T;0.0760456025600433;165
100..300;6;143501975;A;G;0.0841121971607208;135
100..300;6;143502020;C;T;0.1129029989242553;155
100..300;6;143503967;T;G;0.1085710003972053;110
100..300;6;143760472;T;C;0.1422760039567947;170
100..300;6;147314249;G;C;0.2662340104579925;100
100..300;6;147314277;G;A;0.2833330035209656;125
100..300;6;147359223;G;A;0.2511419951915741;145
100..300;6;147508937;T;C;0.0958904027938842;145
100..300;6;148544121;G;A;0.1829569935798645;285
100..300;6;149836209;A;G;0.0805969983339309;225
100..300;6;150043291;C;G;0.1201919987797737;150
100..300;6;150064594;G;T;0.1525419950485229;160
100..300;6;150831121;G;A;0.0836502015590667;180
100..300;6;151573432;A;G;0.0683453008532524;195
100..300;6;152098960;A;G;0.0674156993627548;115
100..300;6;152132156;A;G;0.0837438032031059;135
100..300;6;152143704;G;A;0.1081079989671707;175
100..300;6;152208125;A;G;0.0726256966590881;235
100..300;6;152451129;G;A;0.0889680013060569;190
100..300;6;152463486;C;T;0.0858896002173423;110
100..300;6;152994560;T;C;0.1491229981184005;130
100..300;6;153043965;C;A;0.0934066027402877;115
100..300;6;153091341;T;C;0.0914634019136428;105
100..300;6;153091342;G;A;0.0931676998734474;105
100..300;6;154039373;T;G;0.1192980036139488;210
100..300;6;154442267;A;G;0.0836652964353561;175
100..300;6;157186564;C;G;0.132530003786087;105
100..300;6;157299382;G;C;0.1075270026922226;125
100..300;6;158237433;A;T;0.1010100021958351;210
100..300;6;158237830;G;T;0.095238097012043;125
100..300;6;158242200;G;GA;0.0888030976057052;190
100..300;6;158621570;G;C;0.1012659966945648;105
100..300;6;158644726;G;C;0.0275590997189283;145
100..300;6;158725899;C;T;0.0902777984738349;100
100..300;6;158763430;G;A;0.1428570002317428;210
100..300;6;158764531;A;T;0.1836069971323013;205
100..300;6;158767096;G;A;0.2201829999685287;150
100..300;6;158769768;G;C;0.0639268979430198;145
100..300;6;158770756;T;C;0.1336629986763;135
100..300;6;158784636;A;G;0.2140669971704483;210
100..300;6;158841921;C;T;0.0909091010689735;175
100..300;6;159232998;A;G;0.0982659012079238;255
100..300;6;159692840;G;A;0.0507812015712261;175
100..300;6;159713959;T;C;0.1032449975609779;225
100..300;6;159775311;G;A;0.1403509974479675;120
100..300;6;159777363;A;G;0.1151079982519149;180
100..300;6;159778655;C;T;0.0900000035762786;135
100..300;6;159790604;A;G;0.0927835032343864;255
100..300;6;159790613;G;GGTT;0.0793650969862937;250
100..300;6;159907588;T;C;0.1390130072832107;155
100..300;6;160043257;A;G;0.0917430967092514;150
100..300;6;160084175;G;A;0.0611354000866413;155
100..300;6;160096449;T;C;0.0753967985510826;165
100..300;6;160103741;A;T;0.050000000745058;125
100..300;6;160122091;C;T;0.1005150005221366;270
100..300;6;160136537;T;C;0.0973450988531112;155
100..300;6;160139813;G;A;0.0529800988733768;215
100..300;6;160139848;C;CATG;0.051162801682949;165
100..300;6;160155979;A;G;0.067010298371315;125
100..300;6;160585045;T;C;0.1578949987888336;110
100..300;6;160706469;G;A;0.099195696413517;250
100..300;6;160711114;T;C;0.2019229978322982;130
100..300;6;160718825;G;A;0.2198279947042465;155
100..300;6;160722576;C;T;0.1913879960775375;140
100..300;6;160731208;A;G;0.1758240014314651;130
100..300;6;160739051;A;G;0.1947370022535324;130
100..300;6;161136630;A;G;0.1497330069541931;120
100..300;6;161749007;T;C;0.1111110001802444;165
100..300;6;162568468;A;G;0.0615941993892192;180
100..300;6;162568950;G;C;0.103703998029232;100
100..300;6;162569040;G;A;0.0858896002173423;110
100..300;6;162569113;A;G;0.1000000014901161;100
100..300;6;162569527;T;C;0.0634327977895736;180
100..300;6;163096003;A;T;0.0928269997239112;155
100..300;6;163415344;T;C;0.0568181984126567;110
100..300;6;165299438;A;G;0.0921052992343902;145
100..300;6;165300472;C;A;0.0612245015799999;125
100..300;6;165301971;C;G;0.1193180009722709;260
100..300;6;165302184;G;A;0.1125399991869926;220
100..300;6;165894602;T;A;0.1011900007724762;110
100..300;6;165894603;C;T;0.1011900007724762;110
100..300;6;166326158;C;T;0.1404259949922561;155
100..300;6;166448745;C;T;0.0604982003569603;175
100..300;6;166459522;T;C;0.1263159960508346;185
100..300;6;167136287;C;T;0.0996309965848922;205
100..300;6;167297930;G;A;0.064935103058815;100
100..300;6;167305948;A;G;0.1901140064001083;170
100..300;6;168063722;T;C;0.0464134998619556;155
100..300;6;168288977;A;G;0.1017370000481605;280
100..300;6;168608142;T;TC;0.1011670008301734;170
100..300;6;168667230;T;G;0.0895522013306617;135
100..300;6;169232210;A;AG;0.0923077017068862;145
100..300;6;169248672;A;G;0.0769231021404266;285
100..300;6;169762419;C;A;0.2010580003261566;125
100..300;6;170017397;C;T;0.0734694004058837;165
100..300;6;170553212;C;G;0.1180329993367195;200
100..300;6;170569705;C;T;0.2159090042114257;165
100..300;6;170583012;C;T;0.2193550020456314;105
100..300;7;256773;A;G;0.2046779990196228;115
100..300;7;860398;A;G;0.1847829967737198;125
100..300;7;886080;A;G;0.1969230026006698;205
100..300;7;892323;A;G;0.0855856016278266;140
100..300;7;988812;T;C;0.0716611966490745;210
100..300;7;1057638;T;C;0.1147060021758079;235
100..300;7;1093084;A;G;0.0772532001137733;155
100..300;7;1898365;A;G;0.0706320032477378;185
100..300;7;2069347;C;G;0.1034480035305023;175
100..300;7;2475153;T;C;0.0969163030385971;155
100..300;7;2647127;C;G;0.0295857992023229;105
100..300;7;2712425;T;C;0.0632911026477813;215
100..300;7;2930046;A;G;0.0726644024252891;185
100..300;7;2937133;A;G;0.0606935992836952;220
100..300;7;3987312;G;C;0.0876493975520134;160
100..300;7;4077033;A;G;0.0995260998606681;140
100..300;7;4270733;T;C;0.0753137990832328;160
100..300;7;4762404;G;A;0.0651341006159782;180
100..300;7;4805681;G;T;0.1069179996848106;200
100..300;7;4834789;C;G;0.0747663974761962;140
100..300;7;4836426;T;C;0.0564103014767169;235
100..300;7;4860710;A;G;0.1083329990506172;250
100..300;7;4993791;C;T;0.1027029976248741;120
100..300;7;4996797;A;C;0.1215279996395111;190
100..300;7;5064644;A;G;0.1212119981646537;160
100..300;7;5064728;A;G;0.1330049932003021;150
100..300;7;5072923;C;A;0.1000000014901161;145
100..300;7;5228093;G;A;0.0630251988768577;155
100..300;7;5228218;G;C;0.0754716992378234;135
100..300;7;5302782;C;T;0.1574070006608963;135
100..300;7;5352071;G;C;0.1461189985275268;140
100..300;7;5357084;C;T;0.1305560022592544;245
100..300;7;5527965;T;C;0.0582822002470493;250
100..300;7;5528735;G;A;0.1187049970030784;200
100..300;7;6026830;C;T;0.0482315011322498;205
100..300;7;6031484;G;A;0.1272729933261871;215
100..300;7;6153890;C;G;0.0511945001780986;185
100..300;7;6154121;A;G;0.0618182010948658;175
100..300;7;6154752;T;C;0.1145830005407333;175
100..300;7;6402039;C;T;0.1081079989671707;105
100..300;7;6924696;T;C;0.0617646984755992;225
100..300;7;7373518;C;T;0.0871080011129379;200
100..300;7;12389115;A;G;0.1568630039691925;110
100..300;7;12423483;T;C;0.1533329933881759;100
100..300;7;12471686;A;G;0.1293099969625473;160
100..300;7;12472298;G;T;0.0830188989639282;195
100..300;7;16464307;G;C;0.0368421003222465;120
100..300;7;16544845;G;A;0.1084339991211891;110
100..300;7;16783492;G;T;0.1304350048303604;105
100..300;7;16864444;C;T;0.1172410026192665;205
100..300;7;16864813;C;T;0.1310340017080307;215
100..300;7;16865874;A;G;0.0887574031949043;120
100..300;7;16873833;G;A;0.0898875966668129;105
100..300;7;17339486;A;G;0.0818182006478309;160
100..300;7;19145123;CTCT;C;0.0871670991182327;290
100..300;7;20723023;T;G;0.0903955027461052;125
100..300;7;21221365;A;C;0.0887371972203254;190
100..300;7;21543299;T;C;0.0833332985639572;235
100..300;7;21725834;T;C;0.1863349974155426;115
100..300;7;21892426;T;C;0.1862750053405761;135
100..300;7;21916787;A;G;0.0811965987086296;155
100..300;7;22438588;T;G;0.2727270126342773;170
100..300;7;23273552;C;T;0.0871080011129379;185
100..300;7;23689297;A;G;0.1072959974408149;150
100..300;7;23689312;C;T;0.1042469963431358;165
100..300;7;23698272;G;A;0.0924369990825653;150
100..300;7;24717332;T;C;0.1011559963226318;220
100..300;7;24871738;G;T;0.1283019930124282;170
100..300;7;25168355;C;T;0.1156250014901161;215
100..300;7;25168375;A;G;0.1100630015134811;210
100..300;7;25226781;A;G;0.108303003013134;190
100..300;7;28279388;A;T;0.096866101026535;250
100..300;7;28279615;C;A;0.108373999595642;145
100..300;7;29883956;C;T;0.0829875990748405;150
100..300;7;29884605;C;T;0.0944444015622139;115
100..300;7;30755715;G;A;0.1102359965443611;265
100..300;7;30922175;A;G;0.0835509002208709;250
100..300;7;31642839;T;C;0.1030300036072731;225
100..300;7;31643796;A;G;0.0714285969734191;200
100..300;7;31692475;G;C;0.1231340020895004;175
100..300;7;31707223;T;C;0.115385003387928;150
100..300;7;32169847;T;C;0.107692003250122;215
100..300;7;32559018;A;T;0.08695650100708;170
100..300;7;32559044;T;C;0.0650406032800674;170
100..300;7;32583865;G;C;0.0990990996360778;225
100..300;7;32869570;A;G;0.1293530017137527;155
100..300;7;32988571;A;G;0.1166080012917518;165
100..300;7;34750392;T;C;0.1467580050230026;200
100..300;7;34750737;A;G;0.1024100035429;120
100..300;7;34751230;C;G;0.0840580016374588;235
100..300;7;34751340;C;T;0.0949153006076812;215
100..300;7;34751589;A;G;0.1100319996476173;215
100..300;7;34751723;A;G;0.1481480002403259;220
100..300;7;34778501;T;A;0.1269840002059936;120
100..300;7;34811781;G;C;0.1298079937696457;130
100..300;7;35147875;T;C;0.1057690009474754;130
100..300;7;36399100;G;C;0.0594059005379676;135
100..300;7;36406512;G;A;0.0863308981060981;180
100..300;7;36415868;C;T;0.0921052992343902;105
100..300;7;36855737;T;C;0.1304350048303604;105
100..300;7;37741197;A;C;0.1145040020346641;175
100..300;7;37876853;G;A;0.1413609981536865;125
100..300;7;38291680;AAAGTGG;A;0.14444400370121;130
100..300;7;38317248;T;C;0.145455002784729;160
100..300;7;38391829;G;A;0.0859107002615928;205
100..300;7;38391835;T;C;0.0782312974333763;205
100..300;7;38391880;A;C;0.0737179964780807;205
100..300;7;40274566;A;G;0.0563910007476806;170
100..300;7;41965989;A;G;0.1058819964528083;170
100..300;7;41965990;A;C;0.1075699999928474;165
100..300;7;43248885;G;A;0.2163269966840744;155
100..300;7;43479738;C;T;0.071823202073574;125
100..300;7;43866914;G;A;0.0722543001174926;225
100..300;7;43926562;A;C;0.0385964997112751;175
100..300;7;43965914;A;G;0.1612900048494339;150
100..300;7;44060774;T;C;0.2217389941215515;145
100..300;7;44108954;G;A;0.2138729989528656;115
100..300;7;44112925;AG;A;0.1946559995412826;195
100..300;7;44139027;G;A;0.1754390001296997;155
100..300;7;44220107;A;G;0.0691642984747886;240
100..300;7;44220272;T;C;0.0777027010917663;205
100..300;7;44969726;A;G;0.137363001704216;125
100..300;7;45085867;C;G;0.0901961028575897;180
100..300;7;45086066;A;G;0.0739644989371299;205
100..300;7;45101315;T;C;0.1897439956665039;130
100..300;7;45186189;A;C;0.0664820000529289;230
100..300;7;45186223;A;G;0.0754716992378234;240
100..300;7;45662163;T;C;0.0681817978620529;175
100..300;7;45664372;A;G;0.08695650100708;180
100..300;7;45866173;A;G;0.0786516964435577;245
100..300;7;45872996;T;C;0.1861699968576431;120
100..300;7;47873982;A;G;0.1139710023999214;180
100..300;7;47874017;A;G;0.1255809962749481;140
100..300;7;47876079;G;A;0.1349689960479736;105
100..300;7;47994330;T;C;0.0945122018456459;220
100..300;7;48389118;T;A;0.0808081030845642;135
100..300;7;48466969;G;A;0.1127170026302337;225
100..300;7;48467045;G;A;0.1178859993815422;160
100..300;7;48483172;AT;A;0.1234569996595382;110
100..300;7;48594699;A;C;0.0722891986370086;110
100..300;7;50134181;G;A;0.1516849994659423;120
100..300;7;50136085;T;C;0.1377550065517425;130
100..300;7;50141376;T;C;0.0950225964188575;140
100..300;7;50528202;C;T;0.1131220012903213;140
100..300;7;51600444;A;G;0.2043800055980682;185
100..300;7;51600494;A;G;0.2078849971294403;190
100..300;7;51600578;T;C;0.2406419962644577;125
100..300;7;53035861;G;C;0.1909810006618499;265
100..300;7;53035878;A;G;0.1840659976005554;255
100..300;7;53188370;T;C;0.0877742990851402;215
100..300;7;53188825;C;T;0.1141730025410652;175
100..300;7;54419901;T;C;0.1291870027780532;145
100..300;7;54553999;A;G;0.0472441017627716;165
100..300;7;55201256;G;A;0.0905172005295753;160
100..300;7;55259906;G;A;0.0714285969734191;115
100..300;7;55638582;C;T;0.0992908030748367;100
100..300;7;55645624;C;A;0.1216220036149025;160
100..300;7;55732178;G;C;0.0841121971607208;295
100..300;7;55798604;A;G;0.1082800030708313;105
100..300;7;55939883;T;C;0.0543477982282638;245
100..300;7;56068501;T;C;0.0927835032343864;130
100..300;7;56081669;T;C;0.0705521032214164;220
100..300;7;56081717;A;G;0.082822099328041;215
100..300;7;56228709;G;A;0.1721850037574768;105
100..300;7;56228860;T;G;0.0904977023601532;160
100..300;7;56228905;G;A;0.0778687968850135;170
100..300;7;56229035;G;A;0.1298249959945678;195
100..300;7;56229053;C;T;0.1263159960508346;185
100..300;7;56229231;T;C;0.0743801966309547;180
100..300;7;56229291;T;C;0.1023619994521141;185
100..300;7;56229509;G;C;0.070175401866436;155
100..300;7;56229694;T;C;0.0950819998979568;205
100..300;7;56229753;T;C;0.0909091010689735;200
100..300;7;57425167;A;G;0.122137002646923;170
100..300;7;63113858;G;T;0.1673469990491867;175
100..300;7;63114111;G;A;0.0904254987835884;125
100..300;7;63114151;T;C;0.1111110001802444;105
100..300;7;63114155;G;A;0.1077840030193328;105
100..300;7;63770442;T;C;0.1445090025663375;115
100..300;7;63893284;T;C;0.1947569996118545;190
100..300;7;63910319;C;T;0.1584160029888153;140
100..300;7;64220023;T;C;0.1536590009927749;295
100..300;7;64266267;C;T;0.2645910084247589;185
100..300;7;64266300;A;T;0.25;190
100..300;7;64706424;T;G;0.1981129944324493;140
100..300;7;64864229;T;C;0.2006269991397857;215
100..300;7;64992360;A;G;0.1873019933700561;225
100..300;7;65335519;T;C;0.1595740020275116;125
100..300;7;65964372;A;G;0.1818179935216903;165
100..300;7;66423483;C;T;0.2080000042915344;175
100..300;7;66423583;A;C;0.191780999302864;205
100..300;7;66824053;T;C;0.2247190028429031;180
100..300;7;67183212;A;G;0.1700000017881393;115
100..300;7;67195255;G;A;0.1023619994521141;150
100..300;7;67195260;C;T;0.0975610017776489;145
100..300;7;73596424;T;C;0.0712165981531143;210
100..300;7;73865031;T;C;0.0949720963835716;140
100..300;7;74249121;A;G;0.0639268979430198;140
100..300;7;75441099;A;T;0.125;160
100..300;7;75558268;A;G;0.0717948973178863;135
100..300;7;75922934;A;G;0.078125;140
100..300;7;75985969;A;G;0.1002790033817291;235
100..300;7;76000956;C;T;0.1400000005960464;165
100..300;7;76030497;C;T;0.0620438009500503;175
100..300;7;77256452;G;A;0.1179039999842643;145
100..300;7;77571075;T;A;0.1533329933881759;100
100..300;7;77635823;A;G;0.0674156993627548;115
100..300;7;77794257;A;G;0.2065570056438446;215
100..300;7;80096835;T;G;0.0985916033387184;150
100..300;7;80798179;A;C;0.1057690009474754;125
100..300;7;82038152;T;C;0.0909091010689735;125
100..300;7;82915671;G;A;0.1076389998197555;195
100..300;7;83319278;C;T;0.0864197984337806;105
100..300;7;87182209;G;T;0.1171879991889;180
100..300;7;87450090;A;T;0.0696202963590622;110
100..300;7;87462869;A;G;0.1265310049057006;160
100..300;7;87509329;G;A;0.1180120036005973;200
100..300;7;87521774;C;T;0.2770560085773468;165
100..300;7;87522208;G;C;0.0886076018214225;225
100..300;7;87522342;T;C;0.0965908989310264;130
100..300;7;87550285;G;A;0.1939660012722015;155
100..300;7;87935182;G;C;0.1449999958276748;135
100..300;7;88282672;A;C;0.0829015970230102;140
100..300;7;88639665;G;A;0.2242420017719268;110
100..300;7;88794175;G;T;0.1421049982309341;130
100..300;7;89335845;G;T;0.1477829962968826;140
100..300;7;90227330;T;C;0.095238097012043;115
100..300;7;90372182;C;G;0.0607734993100166;115
100..300;7;90385094;A;G;0.1062799990177154;140
100..300;7;90709536;T;C;0.101851999759674;145
100..300;7;92164994;A;G;0.1336899995803833;130
100..300;7;93105138;G;A;0.1000000014901161;100
100..300;7;93341535;T;C;0.0996564030647277;180
100..300;7;94413962;G;A;0.1267610043287277;145
100..300;7;94427037;T;C;0.0632911026477813;110
100..300;7;94665370;A;C;0.1449999958276748;275
100..300;7;95316772;T;A;0.2394959926605224;155
100..300;7;95372243;T;C;0.1060609966516494;130
100..300;7;95394734;G;A;0.1081079989671707;100
100..300;7;98244682;A;G;0.0543932989239692;155
100..300;7;98293539;T;C;0.0543131008744239;205
100..300;7;98304289;T;C;0.1366669982671737;190
100..300;7;99876804;G;A;0.117977999150753;245
100..300;7;99903276;C;T;0.1442310065031051;135
100..300;7;99903288;G;A;0.136584997177124;135
100..300;7;100097308;T;C;0.0802676007151603;195
100..300;7;100600019;A;G;0.132652997970581;135
100..300;7;100822533;G;A;0.0888888984918594;245
100..300;7;100867997;T;C;0.0876493975520134;175
100..300;7;100889133;C;G;0.073047898709774;270
100..300;7;101051857;A;G;0.0835821032524108;225
100..300;7;101089040;T;C;0.0753967985510826;180
100..300;7;101128436;A;G;0.1157020032405853;230
100..300;7;101163167;G;C;0.0489129982888698;105
100..300;7;101196120;A;G;0.1241049990057945;290
100..300;7;101204117;A;G;0.1377779990434646;155
100..300;7;102111780;G;A;0.070175401866436;150
100..300;7;102822189;C;T;0.1278029978275299;290
100..300;7;102973690;A;C;0.1162789985537529;285
100..300;7;104667897;T;A;0.1012659966945648;240
100..300;7;104667904;G;T;0.1111110001802444;255
100..300;7;104668963;G;A;0.1945289969444275;225
100..300;7;105536594;T;A;0.0769231021404266;110
100..300;7;105551610;C;T;0.09565220028162;155
100..300;7;105582834;G;C;0.0925925970077514;200
100..300;7;105974960;A;G;0.0972644016146659;215
100..300;7;105974980;C;G;0.0939394012093544;215
100..300;7;106018005;A;G;0.0876623019576072;215
100..300;7;106018014;G;C;0.0888888984918594;215
100..300;7;106022244;C;T;0.1692309975624084;170
100..300;7;107045003;T;G;0.0902255997061729;150
100..300;7;107782809;T;C;0.0841583982110023;140
100..300;7;108994352;C;G;0.1357470005750656;150
100..300;7;112457066;T;C;0.1036269962787628;135
100..300;7;112784595;A;G;0.1025639995932579;155
100..300;7;114656490;C;A;0.117977999150753;110
100..300;7;116500454;C;CG;0.1021670028567314;235
100..300;7;116506020;G;C;0.0708661004900932;165
100..300;7;116757518;G;A;0.1091950014233589;120
100..300;7;116776273;T;C;0.0815216973423957;125
100..300;7;122393325;G;A;0.1266669929027557;115
100..300;7;123169180;C;T;0.1386139988899231;130
100..300;7;123511965;T;C;0.2068970054388046;110
100..300;7;123511981;C;T;0.209876999258995;120
100..300;7;123616373;T;C;0.1603769958019256;140
100..300;7;123953710;C;T;0.2074470072984695;125
100..300;7;124858948;C;A;0.0838323011994361;110
100..300;7;124858949;A;T;0.0838323011994361;110
100..300;7;125033770;T;C;0.0788381993770599;165
100..300;7;127582103;A;G;0.0844594985246658;200
100..300;7;127582467;A;G;0.1073620021343231;230
100..300;7;127584139;G;A;0.1111110001802444;110
100..300;7;127584232;G;A;0.0909091010689735;215
100..300;7;128313185;A;G;0.0970873981714248;190
100..300;7;128498131;A;G;0.1115880012512207;145
100..300;7;128675737;G;C;0.1855670064687729;200
100..300;7;128675828;A;C;0.2057610005140304;165
100..300;7;128677604;T;C;0.1349209994077682;180
100..300;7;128677828;C;T;0.1593409925699234;130
100..300;7;128682980;G;A;0.1759999990463256;170
100..300;7;128775760;A;G;0.0917873978614807;145
100..300;7;129001172;C;G;0.0886524990200996;180
100..300;7;129460332;G;T;0.094117596745491;160
100..300;7;129774728;A;G;0.0520832985639572;125
100..300;7;130185375;C;T;0.1212119981646537;135
100..300;7;130202099;GA;G;0.1517239958047866;115
100..300;7;130215997;T;C;0.0539567992091178;185
100..300;7;130381647;C;G;0.0949999988079071;130
100..300;7;130440971;G;T;0.0914826020598411;195
100..300;7;130989722;A;G;0.137254998087883;165
100..300;7;132179832;C;T;0.0520832985639572;200
100..300;7;133169748;G;C;0.1217949986457824;230
100..300;7;134296475;A;G;0.2210530042648315;120
100..300;7;134304791;G;A;0.1879190057516098;105
100..300;7;134993502;A;T;0.1538459956645965;135
100..300;7;135594567;C;A;0.2765960097312927;130
100..300;7;135643362;T;C;0.1655630022287368;100
100..300;7;135662560;TCGCCCTCCC;T;0.0666666999459266;100
100..300;7;135708128;C;T;0.2458329945802688;165
100..300;7;135721428;G;A;0.1083329990506172;160
100..300;7;135929992;C;T;0.1435409933328628;140
100..300;7;138441295;T;A;0.0655737966299057;175
100..300;7;138580565;G;A;0.1167510002851486;120
100..300;7;138621037;C;T;0.0820512995123863;130
100..300;7;138621061;C;T;0.089361697435379;155
100..300;7;138679022;G;A;0.0758929029107093;145
100..300;7;139028969;C;G;0.0872483029961586;100
100..300;7;139047711;A;G;0.1282050013542175;200
100..300;7;139047751;A;G;0.1015039980411529;170
100..300;7;139055291;C;G;0.0531401000916957;125
100..300;7;139341406;G;T;0.1011670008301734;165
100..300;7;139417744;G;A;0.0714285969734191;135
100..300;7;139454125;G;T;0.0957446992397308;185
100..300;7;139454204;G;C;0.0857143029570579;145
100..300;7;140567204;T;C;0.0716845989227294;185
100..300;7;141664912;A;G;0.1484590023756027;240
100..300;7;141665328;C;T;0.2000000029802322;160
100..300;7;141764965;T;C;0.1029409989714622;195
100..300;7;141778508;C;T;0.1390729993581771;100
100..300;7;141778774;C;G;0.0674156993627548;190
100..300;7;141779000;A;G;0.1161829978227615;175
100..300;7;141790438;T;G;0.1085710003972053;250
100..300;7;141837935;G;T;0.1081790030002594;260
100..300;7;141972804;C;T;0.1287550032138824;160
100..300;7;141973545;G;C;0.078853003680706;185
100..300;7;142052413;A;C;0.0935672968626022;215
100..300;7;142255308;T;C;0.0731706991791725;140
100..300;7;142384603;T;G;0.1872909963130951;210
100..300;7;142384737;C;A;0.2134290039539337;280
100..300;7;142384802;G;A;0.1950619965791702;255
100..300;7;142384825;T;C;0.1940300017595291;220
100..300;7;142400325;T;G;0.0858585983514785;145
100..300;7;142535861;A;G;0.0909091010689735;105
100..300;7;142544396;G;A;0.1511110067367553;155
100..300;7;142544491;C;T;0.1497980058193206;160
100..300;7;142544533;A;G;0.1173909977078437;155
100..300;7;142555135;G;T;0.1105989962816238;145
100..300;7;142563803;A;G;0.1349209994077682;175
100..300;7;142563940;T;C;0.2913039922714233;175
100..300;7;142564042;T;C;0.1000000014901161;185
100..300;7;142581165;G;C;0.1188120022416114;150
100..300;7;142588240;A;G;0.1189429983496666;145
100..300;7;142593062;T;C;0.1085710003972053;120
100..300;7;142615809;G;C;0.1981980055570602;135
100..300;7;142619093;T;C;0.2270530015230178;135
100..300;7;142627134;T;A;0.1943130046129226;140
100..300;7;142863715;G;T;0.083892598748207;205
100..300;7;143388917;T;C;0.1267610043287277;190
100..300;7;143391438;T;C;0.0731706991791725;110
100..300;7;144647371;T;C;0.1000000014901161;140
100..300;7;144667736;T;C;0.1030040010809898;150
100..300;7;144667784;CT;C;0.0912052020430564;200
100..300;7;144667825;T;G;0.0877742990851402;205
100..300;7;147486051;G;A;0.1306529939174652;130
100..300;7;148229642;G;A;0.1269840002059936;125
100..300;7;148614023;GT;G;0.1257140040397644;125
100..300;7;148783898;T;C;0.0945945978164672;210
100..300;7;148790303;C;T;0.0941703990101814;140
100..300;7;148809304;C;A;0.1185569986701011;130
100..300;7;149239787;T;G;0.1068380028009414;140
100..300;7;149282232;T;C;0.0969899967312812;195
100..300;7;149455966;C;G;0.1085859984159469;275
100..300;7;149723729;CT;C;0.0913705974817276;135
100..300;7;149788469;T;C;0.0788381993770599;170
100..300;7;149812331;T;C;0.0857143029570579;165
100..300;7;149814814;T;C;0.116466000676155;180
100..300;7;149815989;C;G;0.0830449983477592;185
100..300;7;149819701;A;G;0.0790959969162941;125
100..300;7;149820889;T;G;0.1026789993047714;165
100..300;7;149821680;G;T;0.0906039997935295;205
100..300;7;149826495;T;C;0.0929367989301681;170
100..300;7;149827824;A;G;0.082840196788311;115
100..300;7;150692505;C;T;0.1221119984984397;215
100..300;7;150692768;G;A;0.1504700034856796;215
100..300;7;150742412;T;C;0.0956071987748146;275
100..300;7;150742955;T;C;0.0965147018432617;245
100..300;7;150747145;C;T;0.0892018973827362;135
100..300;7;150858914;C;T;0.0756578966975212;200
100..300;7;150947340;A;C;0.0892018973827362;135
100..300;7;151023221;T;G;0.0632183998823165;120
100..300;7;151055521;G;T;0.1115240007638931;185
100..300;7;151064227;A;G;0.076738603413105;275
100..300;7;151066568;A;T;0.1067709997296333;255
100..300;7;151215664;T;G;0.0719697028398513;170
100..300;7;151215700;C;T;0.0611354000866413;140
100..300;7;151223805;A;G;0.1057690009474754;210
100..300;7;151235481;T;C;0.0900693014264106;290
100..300;7;151238344;C;G;0.0799999982118606;235
100..300;7;151733623;A;G;0.067010298371315;130
100..300;7;151987171;G;A;0.0857143029570579;120
100..300;7;152113391;G;A;0.0733591020107269;170
100..300;7;152176768;T;C;0.0811593979597091;240
100..300;7;152445959;A;G;0.0783699005842208;215
100..300;7;155070881;C;G;0.1418440043926239;105
100..300;7;155509086;G;A;0.079645998775959;230
100..300;7;155737669;G;A;0.0710059031844139;110
100..300;7;155738260;C;T;0.0813008025288581;270
100..300;7;155738386;G;A;0.0923077017068862;180
100..300;7;155741959;G;C;0.0895522013306617;180
100..300;7;156675683;C;G;0.0631067976355552;150
100..300;7;156675684;A;C;0.0619047991931438;150
100..300;7;156676439;G;C;0.1447370052337646;250
100..300;7;156676485;T;C;0.179419994354248;255
100..300;7;156676496;G;A;0.1679790019989013;255
100..300;7;156762136;C;T;0.1085710003972053;120
100..300;7;157181660;A;G;0.0867052003741264;120
100..300;7;158133657;G;T;0.1125829964876174;110
100..300;7;158664766;G;A;0.0709220021963119;100
100..300;7;159034635;A;G;0.0803212970495224;160
100..300;8;492389;A;G;0.1145830005407333;135
100..300;8;715858;T;C;0.0720338970422744;155
100..300;8;1548622;G;A;0.0954357013106346;155
100..300;8;1869201;A;G;0.0823528990149498;230
100..300;8;1909382;C;T;0.1034480035305023;280
100..300;8;2100860;A;G;0.0675676017999649;150
100..300;8;2106405;C;G;0.0881356000900268;210
100..300;8;3214526;A;G;0.1013820022344589;150
100..300;8;3214585;C;G;0.109375;165
100..300;8;3493625;A;G;0.1224490031599998;125
100..300;8;3493673;A;C;0.1048389971256256;160
100..300;8;3632234;C;G;0.099567100405693;150
100..300;8;6513782;G;A;0.0686694979667663;155
100..300;8;6521263;A;C;0.0705882012844085;165
100..300;8;6823734;C;A;0.125;130
100..300;8;6936877;A;G;0.0833332985639572;190
100..300;8;6936878;G;C;0.0811808034777641;185
100..300;8;8378000;C;G;0.1111110001802444;205
100..300;8;8702641;A;G;0.0474307984113693;155
100..300;8;8892219;C;G;0.1098039969801902;185
100..300;8;9011689;G;T;0.1159420013427734;100
100..300;8;10482989;T;TC;0.2352939993143081;165
100..300;8;10532942;T;C;0.2144850045442581;235
100..300;8;10613063;T;C;0.1029020026326179;260
100..300;8;11549084;C;T;0.157377004623413;195
100..300;8;11757066;G;A;0.1940699964761734;250
100..300;8;12728755;C;A;0.2676770091056824;135
100..300;8;13021334;A;C;0.115226000547409;180
100..300;8;13031234;G;A;0.0968523025512695;280
100..300;8;13092806;T;G;0.0737326964735984;145
100..300;8;13094784;T;C;0.061403501778841;160
100..300;8;17538871;A;G;0.2043479979038238;145
100..300;8;17538906;C;G;0.2045450061559677;145
100..300;8;17562030;A;G;0.0877863019704818;170
100..300;8;17642610;T;C;0.0874316990375518;130
100..300;8;17642714;C;T;0.0958549007773399;245
100..300;8;17645922;C;G;0.0810810998082161;150
100..300;8;17655905;A;G;0.0687284991145134;190
100..300;8;17684490;C;T;0.106795996427536;205
100..300;8;17723664;T;C;0.088495597243309;150
100..300;8;18061477;G;A;0.071823202073574;125
100..300;8;18073263;T;C;0.0446926988661289;120
100..300;8;18400344;C;T;0.1221119984984397;220
100..300;8;18400484;T;C;0.0875575989484787;160
100..300;8;18871818;A;C;0.0786885023117065;200
100..300;8;19059480;C;A;0.2422360032796859;100
100..300;8;19319592;G;A;0.095238097012043;180
100..300;8;20179316;G;C;0.1148149967193603;180
100..300;8;21990344;C;G;0.1084339991211891;165
100..300;8;22247989;C;T;0.0669144988059997;180
100..300;8;22287558;T;C;0.0360824987292289;130
100..300;8;22566731;C;T;0.1013069972395896;205
100..300;8;22571195;G;A;0.0676157027482986;185
100..300;8;22571238;G;C;0.0734463036060333;130
100..300;8;22669046;A;G;0.0793102979660034;185
100..300;8;22713394;G;GT;0.0544871985912323;220
100..300;8;22713422;C;T;0.0704960972070694;245
100..300;8;22713505;G;A;0.0853658989071846;215
100..300;8;22727205;C;T;0.0915751010179519;185
100..300;8;23103360;C;G;0.0752687975764274;125
100..300;8;23144577;T;C;0.0975610017776489;185
100..300;8;23201811;G;C;0.1016260012984275;155
100..300;8;23202743;C;T;0.08695650100708;190
100..300;8;23288582;G;A;0.0656249970197677;210
100..300;8;23291465;T;G;0.0689655020833015;210
100..300;8;23303265;G;C;0.0914634019136428;110
100..300;8;23341219;A;C;0.1094530001282692;145
100..300;8;23368046;A;G;0.0733944997191429;160
100..300;8;23434322;C;T;0.0833332985639572;155
100..300;8;23806140;A;C;0.1884820014238357;125
100..300;8;24956691;T;G;0.1594830006361007;170
100..300;8;24956889;C;T;0.1789470016956329;140
100..300;8;25302369;A;G;0.0936330035328865;175
100..300;8;25364649;G;A;0.0963855013251304;110
100..300;8;25372652;T;C;0.0348258987069129;125
100..300;8;25400926;T;C;0.0955056026577949;115
100..300;8;25423284;G;C;0.0985916033387184;140
100..300;8;25436342;T;C;0.0653266012668609;125
100..300;8;25460308;T;A;0.1388889998197555;245
100..300;8;26379462;T;C;0.0849673002958297;115
100..300;8;26508200;T;C;0.0785498023033142;235
100..300;8;26770511;G;A;0.1047300025820732;210
100..300;8;26779389;A;T;0.1049560010433197;220
100..300;8;26779401;C;T;0.104762002825737;205
100..300;8;26779408;C;T;0.1006940007209777;185
100..300;8;26859125;C;T;0.0575915984809398;125
100..300;8;27236882;T;C;0.0909091010689735;135
100..300;8;27397611;C;T;0.1274510025978088;135
100..300;8;27397629;A;G;0.1191489994525909;155
100..300;8;27397746;G;A;0.0972763001918792;165
100..300;8;27397808;T;C;0.1013510003685951;110
100..300;8;27451068;C;A;0.1169349998235702;165
100..300;8;27467305;C;T;0.0916031002998352;170
100..300;8;27469321;A;AGG;0.0900620967149734;210
100..300;8;27500988;G;A;0.0759494006633758;150
100..300;8;27516406;C;T;0.1825100034475326;170
100..300;8;27536849;T;C;0.0957446992397308;125
100..300;8;27538691;A;G;0.0415094010531902;175
100..300;8;27904718;C;T;0.1484100073575973;195
100..300;8;27909654;A;G;0.1101320013403892;150
100..300;8;28041063;C;T;0.076595701277256;165
100..300;8;30237431;G;A;0.1105529963970184;135
100..300;8;30237736;C;G;0.0879120975732803;140
100..300;8;30240679;T;C;0.0982659012079238;120
100..300;8;30843082;C;T;0.3357659876346588;100
100..300;8;31064419;A;G;0.1746030002832412;130
100..300;8;31220751;T;G;0.0955881997942924;200
100..300;8;33499309;A;T;0.0892857015132904;145
100..300;8;33499311;A;T;0.0933332964777946;145
100..300;8;37095400;G;A;0.1302679926156997;180
100..300;8;38238144;T;C;0.112805001437664;220
100..300;8;38415024;G;C;0.0955630987882614;200
100..300;8;38415064;A;C;0.0772200971841812;170
100..300;8;38424140;A;G;0.1217390000820159;160
100..300;8;38425690;A;C;0.0562770999968051;155
100..300;8;38426493;T;C;0.1013820022344589;155
100..300;8;38429293;G;C;0.0837004035711288;155
100..300;8;38430037;T;C;0.0967741981148719;220
100..300;8;38431048;G;C;0.0818182006478309;155
100..300;8;38434629;C;A;0.1079809963703155;145
100..300;8;38435945;A;G;0.1238100007176399;140
100..300;8;38435959;C;T;0.1100919991731643;145
100..300;8;38438225;C;T;0.1278200000524521;100
100..300;8;38441129;T;C;0.0964467003941536;135
100..300;8;38441901;A;G;0.1338910013437271;175
100..300;8;38442106;C;T;0.1084910035133361;155
100..300;8;38442197;C;G;0.1034480035305023;120
100..300;8;38443212;A;T;0.1096770018339157;115
100..300;8;38453392;G;T;0.0895522013306617;145
100..300;8;38467098;A;G;0.0959409996867179;175
100..300;8;38467613;A;G;0.051282100379467;130
100..300;8;38838478;C;T;0.1728399991989135;105
100..300;8;40013616;T;C;0.1191489994525909;150
100..300;8;40015534;A;G;0.0765765979886055;150
100..300;8;41661785;A;G;0.0955414026975631;110
100..300;8;41668396;T;C;0.1759999990463256;255
100..300;8;41690230;A;G;0.0731706991791725;195
100..300;8;41690485;C;T;0.137363001704216;135
100..300;8;41725776;T;C;0.0471698008477687;220
100..300;8;42316862;A;G;0.0771604999899864;210
100..300;8;42401781;G;A;0.0812499970197677;110
100..300;8;47939665;T;C;0.0837989002466201;115
100..300;8;52142923;T;C;0.0686274990439415;135
100..300;8;54522901;G;C;0.0989011004567146;130
100..300;8;54626835;T;A;0.1840489953756332;110
100..300;8;54629980;A;G;0.2248519957065582;115
100..300;8;55449662;T;A;0.125;205
100..300;8;55450876;T;C;0.0763052031397819;175
100..300;8;55452088;A;G;0.1062989979982376;180
100..300;8;55453888;G;A;0.1085710003972053;120
100..300;8;56073255;C;T;0.1321589946746826;150
100..300;8;56074178;G;A;0.0745763033628463;215
100..300;8;56102193;A;G;0.1078429967164993;135
100..300;8;56113670;A;C;0.094674602150917;150
100..300;8;56166374;T;G;0.1388889998197555;125
100..300;8;58496934;A;G;0.0879120975732803;200
100..300;8;58603197;A;G;0.2012580037117004;110
100..300;8;60938530;T;C;0.1049560010433197;240
100..300;8;60938907;C;T;0.1201549991965293;170
100..300;8;61576775;T;C;0.1066669970750808;150
100..300;8;63409165;T;C;0.09565220028162;160
100..300;8;65378067;C;T;0.0821529999375343;240
100..300;8;65779776;T;C;0.1684210002422332;115
100..300;8;67422547;A;G;0.0585585981607437;150
100..300;8;69832577;A;G;0.063186801970005;240
100..300;8;69987450;T;G;0.0582191981375217;200
100..300;8;69987529;A;G;0.0753967985510826;175
100..300;8;70734040;T;A;0.1077840030193328;120
100..300;8;72069083;A;G;0.1358020007610321;210
100..300;8;72071806;G;C;0.0909091010689735;145
100..300;8;72075403;A;G;0.1140070036053657;195
100..300;8;72937968;A;G;0.1245549991726875;195
100..300;8;73422712;A;AAAAC;0.0928962007164955;125
100..300;8;79571320;C;T;0.1088080033659935;140
100..300;8;80064579;A;C;0.1583710014820099;150
100..300;8;81444877;C;T;0.1336629986763;135
100..300;8;86048614;C;T;0.0874999985098838;225
100..300;8;86575970;C;T;0.0932475998997688;220
100..300;8;86576020;C;T;0.0896551981568336;205
100..300;8;86657515;A;G;0.0833332985639572;175
100..300;8;86659053;G;C;0.0877192988991737;155
100..300;8;86739642;C;A;0.0519481003284454;100
100..300;8;94146031;A;G;0.1111110001802444;175
100..300;8;94174086;A;G;0.1124999970197677;120
100..300;8;94643368;C;T;0.1068700030446052;165
100..300;8;94668001;T;C;0.2064059972763061;200
100..300;8;96331098;A;ATCTTGT;0.1421319991350174;140
100..300;8;97691089;G;A;0.0790513977408409;165
100..300;8;97865331;A;T;0.1270489990711212;160
100..300;8;97865337;A;T;0.1422760039567947;165
100..300;8;97931317;G;A;0.0905923023819923;200
100..300;8;97994508;T;C;0.0833332985639572;145
100..300;8;97994520;T;C;0.0883720964193344;140
100..300;8;98102916;G;A;0.1447370052337646;110
100..300;8;98883712;A;G;0.1078170016407966;240
100..300;8;99832530;C;T;0.125;215
100..300;8;100140796;A;G;0.1601559966802597;175
100..300;8;100240956;A;G;0.1988950073719024;125
100..300;8;101689366;A;G;0.1043260022997856;270
100..300;8;101872131;C;T;0.1207730025053024;150
100..300;8;104223730;A;G;0.0679244995117187;170
100..300;8;105802428;C;G;0.1081079989671707;200
100..300;8;106770107;A;G;0.0963454991579055;210
100..300;8;106770167;A;G;0.0924369990825653;160
100..300;8;107958139;G;A;0.1338289976119995;170
100..300;8;109400290;A;G;0.1243520006537437;130
100..300;8;109425155;G;A;0.115385003387928;155
100..300;8;109436406;G;A;0.1073170006275177;135
100..300;8;109443092;A;C;0.0872092992067337;105
100..300;8;109444782;G;A;0.0927835032343864;190
100..300;8;109448259;T;G;0.0926517993211746;200
100..300;8;109452831;C;G;0.0958904027938842;140
100..300;8;109464764;G;A;0.1287879943847656;190
100..300;8;109464837;T;C;0.1119130030274391;200
100..300;8;109477391;T;A;0.1012659966945648;110
100..300;8;109479611;G;C;0.12568299472332;125
100..300;8;112265476;A;T;0.16525399684906;150
100..300;8;116771675;C;A;0.1033060029149055;160
100..300;8;116771736;T;C;0.1102039963006973;170
100..300;8;118379627;A;G;0.1185770034790039;175
100..300;8;119416784;A;G;0.076470598578453;120
100..300;8;119557637;G;T;0.1091699972748756;145
100..300;8;122953919;C;G;0.0874636024236679;240
100..300;8;123126651;A;G;0.0778210014104843;170
100..300;8;123128394;C;T;0.0679612010717392;195
100..300;8;123688953;G;C;0.0727273002266883;110
100..300;8;124023548;C;G;0.0857143029570579;205
100..300;8;124049654;A;G;0.2024919986724853;220
100..300;8;124451009;C;T;0.0647772997617721;160
100..300;8;124486306;T;C;0.1350210011005401;165
100..300;8;124487122;A;G;0.1274510025978088;155
100..300;8;124504361;C;G;0.1000000014901161;130
100..300;8;124515894;A;G;0.0535713993012905;155
100..300;8;124567732;T;C;0.1626300066709518;200
100..300;8;124567749;T;C;0.1654680073261261;195
100..300;8;125433302;A;C;0.0773195996880531;130
100..300;8;127735707;T;G;0.0837004035711288;165
100..300;8;128187320;A;G;0.090361401438713;110
100..300;8;129728957;C;G;0.0483870990574359;160
100..300;8;131970577;G;A;0.2213740050792694;170
100..300;8;132095758;G;A;0.1581400036811828;135
100..300;8;132098934;A;G;0.1168830022215843;100
100..300;8;132969501;A;G;0.0875575989484787;140
100..300;8;132969515;C;T;0.0985916033387184;135
100..300;8;133047816;C;T;0.0529411993920803;115
100..300;8;133220781;A;G;0.102632001042366;250
100..300;8;133464770;C;G;0.1222219988703727;125
100..300;8;133475764;A;G;0.0905660018324852;180
100..300;8;134509727;A;G;0.0981307998299598;135
100..300;8;138594184;T;A;0.0847458019852638;115
100..300;8;138619446;T;C;0.1283019930124282;170
100..300;8;138630731;C;T;0.2773439884185791;175
100..300;8;138679683;A;G;0.095238097012043;150
100..300;8;138826728;T;C;0.1373389959335327;150
100..300;8;139618747;G;A;0.1883289963006973;245
100..300;8;140523729;T;C;0.0963302999734878;140
100..300;8;140879490;A;G;0.0912697985768318;160
100..300;8;141136609;C;T;0.1946669965982437;255
100..300;8;141160785;T;C;0.2181819975376129;135
100..300;8;141166408;C;T;0.1823199987411499;130
100..300;8;141447939;T;C;0.0818966031074523;155
100..300;8;141449759;A;G;0.0509553998708725;105
100..300;8;142345817;G;C;0.0763889029622078;275
100..300;8;142354673;G;A;0.0818182006478309;215
100..300;8;142481726;G;C;0.0833332985639572;130
100..300;8;142587893;G;A;0.0877863019704818;165
100..300;8;142661023;C;T;0.1216930001974105;140
100..300;8;142682072;C;T;0.102803997695446;220
100..300;8;142682129;A;C;0.0816327035427093;165
100..300;8;142874500;G;C;0.0887096971273422;255
100..300;8;142914327;T;C;0.0874999985098838;255
100..300;8;143249912;C;T;0.2098360061645507;215
100..300;8;143570223;CCCCTCCTCA;C;0.1048950031399726;220
100..300;8;143606976;T;C;0.0921408981084823;235
100..300;8;143707803;A;C;0.0614334009587764;185
100..300;8;143719133;A;G;0.1087609976530075;220
100..300;8;143719423;A;C;0.0808624997735023;235
100..300;8;143720565;C;A;0.0721153989434242;140
100..300;8;143720566;C;G;0.0721153989434242;140
100..300;8;143722129;C;T;0.08695650100708;290
100..300;8;143729108;A;G;0.0862943977117538;275
100..300;8;143741778;T;A;0.107914000749588;190
100..300;8;143742309;C;G;0.0991735979914665;170
100..300;8;143743102;G;A;0.0995260998606681;150
100..300;8;143743120;C;T;0.0970463976264;160
100..300;8;143744352;G;A;0.0854092985391616;190
100..300;8;143745035;CTT;C;0.1353709995746612;165
100..300;8;143745107;T;C;0.0859728977084159;150
100..300;8;143745309;G;A;0.0792078971862793;135
100..300;8;143790241;G;C;0.072649598121643;165
100..300;8;143813383;A;G;0.0714285969734191;295
100..300;8;143927099;A;G;0.0639534965157508;120
100..300;8;144099354;G;C;0.0600962005555629;270
100..300;8;144108718;G;A;0.0714285969734191;100
100..300;8;144263216;T;C;0.0758621022105217;280
100..300;8;144263768;AGGC;A;0.0728155001997947;295
100..300;8;144318103;T;G;0.102472998201847;190
100..300;8;144318358;A;G;0.1302330046892166;145
100..300;8;144354636;A;G;0.0564103014767169;125
100..300;8;144379425;A;C;0.0866141989827156;165
100..300;8;144393647;C;G;0.0540541000664234;170
100..300;8;144396341;A;G;0.1091699972748756;155
100..300;8;144397883;T;C;0.0783582031726837;200
100..300;8;144414342;C;T;0.2077559977769851;235
100..300;8;144415027;A;G;0.0873785987496376;215
100..300;8;144468517;T;G;0.0862943977117538;150
100..300;8;144547957;T;TCTG;0.0613208003342151;150
100..300;8;144774231;C;CTTT;0.1055900007486343;130
100..300;8;144804257;T;C;0.0612245015799999;135
100..300;9;312124;C;T;0.1004019975662231;160
100..300;9;370244;G;A;0.0991379022598266;160
100..300;9;377111;C;G;0.0897435992956161;155
100..300;9;390512;T;C;0.2026430070400238;145
100..300;9;396835;C;T;0.0662823989987373;230
100..300;9;730054;G;A;0.117646999657154;110
100..300;9;738434;T;C;0.0827815011143684;195
100..300;9;740901;T;C;0.0957095995545387;200
100..300;9;841825;T;C;0.0529411993920803;110
100..300;9;846952;C;G;0.125;120
100..300;9;990840;T;C;0.0858085975050926;215
100..300;9;1056398;G;C;0.0643275007605552;240
100..300;9;1056732;A;G;0.0884146019816398;235
100..300;9;1056959;C;G;0.0957446992397308;200
100..300;9;2029199;A;G;0.2170210033655166;160
100..300;9;2096774;A;G;0.1612900048494339;100
100..300;9;2876417;G;C;0.2469639927148819;170
100..300;9;4117933;G;C;0.0734966993331909;290
100..300;9;4574022;C;A;0.2000000029802322;115
100..300;9;4576680;C;T;0.109375;215
100..300;9;4576774;A;G;0.1022730022668838;125
100..300;9;4663252;C;A;0.0826445966958999;175
100..300;9;5921881;A;G;0.1339869946241378;200
100..300;9;6012734;C;A;0.25;160
100..300;9;6639196;C;A;0.0962098985910415;235
100..300;9;6639239;T;C;0.0862943977117538;275
100..300;9;6639496;T;A;0.1000000014901161;190
100..300;9;6748784;A;C;0.1666669994592666;155
100..300;9;6986464;C;G;0.0761905014514923;145
100..300;9;7103816;T;C;0.167832002043724;185
100..300;9;14116328;G;C;0.12568299472332;120
100..300;9;14720359;T;C;0.0574163012206554;140
100..300;9;14722479;C;G;0.107463002204895;225
100..300;9;14722618;A;G;0.148837000131607;145
100..300;9;14747414;G;A;0.1666669994592666;120
100..300;9;14770660;T;G;0.0857143029570579;165
100..300;9;14775861;A;G;0.2571429908275604;175
100..300;9;14776142;T;C;0.1260740011930465;235
100..300;9;14801689;C;T;0.1203320026397705;165
100..300;9;14816831;C;G;0.1111110001802444;155
100..300;9;14824801;A;G;0.1073829978704452;105
100..300;9;14859298;A;G;0.086378701031208;205
100..300;9;14859358;C;T;0.1152419969439506;185
100..300;9;15055132;T;G;0.1240599974989891;190
100..300;9;15055609;A;G;0.1149140000343322;295
100..300;9;15055923;G;C;0.0891719982028007;230
100..300;9;15479637;C;T;0.0735293999314308;120
100..300;9;15784633;G;A;0.1585370004177093;155
100..300;9;16206762;G;T;0.067010298371315;125
100..300;9;18775812;A;C;0.1994750052690506;240
100..300;9;18777198;C;A;0.1483519971370697;245
100..300;9;18777370;C;T;0.1739130020141601;190
100..300;9;18777424;A;G;0.1853149980306625;195
100..300;9;18928041;G;A;0.0561797991394996;125
100..300;9;18995152;A;C;0.2437810003757476;135
100..300;9;19076675;C;G;0.1629959940910339;140
100..300;9;19379369;A;G;0.1126760020852088;150
100..300;9;20776744;C;A;0.1171550005674362;150
100..300;9;20944630;A;G;0.179190993309021;115
100..300;9;21077717;A;G;0.3070540130138397;160
100..300;9;21481557;G;T;0.0537189990282058;170
100..300;9;21816759;A;G;0.0833332985639572;140
100..300;9;24545515;A;G;0.2547169923782348;220
100..300;9;25677700;C;A;0.0549999997019767;130
100..300;9;25677935;C;T;0.0754716992378234;135
100..300;9;26978172;G;A;0.1935479938983917;135
100..300;9;27205023;A;G;0.107914000749588;180
100..300;9;27455137;A;G;0.0409356988966465;115
100..300;9;32425912;G;A;0.0676691979169845;170
100..300;9;32459452;G;T;0.1009169965982437;140
100..300;9;32480253;T;A;0.1018870025873184;170
100..300;9;32500834;T;C;0.0905797034502029;185
100..300;9;32551711;G;A;0.0763358995318412;185
100..300;9;33354072;T;TTTTTA;0.2051279991865158;130
100..300;9;33463453;G;GAGA;0.0855856016278266;155
100..300;9;33469193;T;C;0.1217949986457824;220
100..300;9;33568689;A;T;0.1476189941167831;140
100..300;9;33568791;G;T;0.1036039963364601;145
100..300;9;33613837;G;A;0.1286309957504272;150
100..300;9;33618360;G;A;0.0754716992378234;185
100..300;9;33618462;T;A;0.0641025975346565;155
100..300;9;33618499;A;G;0.0639534965157508;120
100..300;9;33675631;C;A;0.1160710006952285;225
100..300;9;33676096;G;C;0.1054219976067543;225
100..300;9;34089397;C;T;0.1320749968290329;115
100..300;9;34107506;T;C;0.0737705007195472;160
100..300;9;34318742;C;G;0.07082150131464;240
100..300;9;34723747;A;C;0.0724638029932975;200
100..300;9;34724244;A;C;0.0884521007537841;265
100..300;9;34725050;T;C;0.0994317978620529;210
100..300;9;35107768;A;C;0.159291997551918;155
100..300;9;35555461;A;G;0.0868346989154815;260
100..300;9;35618526;A;G;0.1010830029845237;195
100..300;9;35713184;T;C;0.1542059928178787;145
100..300;9;35720798;T;C;0.0769231021404266;120
100..300;9;35749848;C;G;0.1020409986376762;195
100..300;9;35792426;C;T;0.060377400368452;190
100..300;9;35826041;C;T;0.0776941999793052;265
100..300;9;35826061;C;T;0.0799999982118606;245
100..300;9;35910791;A;T;0.1124690026044845;275
100..300;9;36002939;G;C;0.0745097994804382;165
100..300;9;36013202;A;G;0.2067040055990219;120
100..300;9;36021855;G;A;0.1621620059013366;115
100..300;9;36928299;A;C;0.0628570988774299;115
100..300;9;37441316;G;A;0.1144279986619949;150
100..300;9;37489381;T;C;0.0663506984710693;145
100..300;9;37637220;T;A;0.0688622966408729;230
100..300;9;37735683;A;G;0.1060070022940635;190
100..300;9;37782114;T;C;0.0981307998299598;140
100..300;9;37948727;C;T;0.1132809966802597;175
100..300;9;37974746;C;T;0.17289699614048;280
100..300;9;38615701;T;C;0.062663197517395;240
100..300;9;68934931;A;G;0.0655021965503692;150
100..300;9;69151677;A;C;0.0963855013251304;105
100..300;9;69248059;T;C;0.1003720015287399;175
100..300;9;69248071;A;G;0.0827585980296135;190
100..300;9;69387995;TGTTATA;T;0.0917873978614807;140
100..300;9;69432683;A;G;0.0865672007203102;230
100..300;9;70535957;G;T;0.062745101749897;180
100..300;9;70536002;T;C;0.0654205977916717;225
100..300;9;71745180;T;C;0.0919540002942085;180
100..300;9;71745293;C;G;0.0844594985246658;205
100..300;9;72541141;T;C;0.0904977023601532;145
100..300;9;73475764;G;T;0.0638978034257888;210
100..300;9;74800368;C;A;0.2765960097312927;190
100..300;9;74802056;T;C;0.1000000014901161;215
100..300;9;74821725;A;G;0.2222220003604889;150
100..300;9;74827700;T;C;0.1751410067081451;125
100..300;9;75137594;T;C;0.1115880012512207;155
100..300;9;75891229;A;G;0.1395349949598312;185
100..300;9;75891271;C;T;0.1400559991598129;215
100..300;9;76296878;CA;C;0.0974026024341583;120
100..300;9;76354143;A;C;0.0889488011598587;245
100..300;9;76358515;A;G;0.1304350048303604;115
100..300;9;76692003;A;G;0.25;105
100..300;9;76704005;G;A;0.2096769958734512;215
100..300;9;76706955;T;C;0.2043009996414184;200
100..300;9;76707152;T;G;0.2137929946184158;200
100..300;9;76709219;ATGACTGTTGCAG;A;0.2000000029802322;225
100..300;9;76709263;A;G;0.2045450061559677;220
100..300;9;76709825;C;T;0.236162006855011;180
100..300;9;76710642;C;G;0.2545450031757355;225
100..300;9;77315426;G;C;0.1675979942083358;120
100..300;9;77339629;C;T;0.2236019968986511;115
100..300;9;77369316;C;T;0.1868689954280853;125
100..300;9;78178337;A;G;0.1050850003957748;195
100..300;9;78178340;A;C;0.0878378003835678;195
100..300;9;78179338;C;G;0.0846154019236564;180
100..300;9;81585614;C;T;0.0921408981084823;235
100..300;9;81917782;G;T;0.0942407995462417;280
100..300;9;81994247;C;G;0.1089389994740486;250
100..300;9;83012493;A;G;0.09375;110
100..300;9;84676160;C;T;0.122807003557682;115
100..300;9;84677413;T;C;0.0778442993760109;125
100..300;9;84678866;A;T;0.1273889988660812;105
100..300;9;84679559;A;G;0.1016950011253357;125
100..300;9;84680237;A;G;0.1201919987797737;140
100..300;9;84682066;T;C;0.0849673002958297;110
100..300;9;84682279;T;C;0.1118009984493255;105
100..300;9;84682446;A;G;0.078313298523426;110
100..300;9;84688251;C;G;0.1448599994182586;145
100..300;9;84688441;G;C;0.1327430009841919;150
100..300;9;84689350;T;A;0.1057690009474754;145
100..300;9;84697596;T;C;0.1100480034947395;150
100..300;9;85167296;C;T;0.1707320064306259;110
100..300;9;86079264;T;G;0.1238100007176399;135
100..300;9;87084278;G;C;0.0887096971273422;165
100..300;9;87084875;C;G;0.1116280034184455;160
100..300;9;87728590;A;G;0.0995474979281425;165
100..300;9;87885490;C;A;0.1852860003709793;255
100..300;9;87886533;A;C;0.1563419997692108;250
100..300;9;87887543;A;T;0.2025319933891296;230
100..300;9;87887904;C;T;0.1906159967184066;235
100..300;9;87888092;G;A;0.1689749956130981;250
100..300;9;87888536;A;G;0.2063879966735839;285
100..300;9;88325143;A;G;0.0355871990323066;190
100..300;9;89038062;A;G;0.0892388001084327;265
100..300;9;89339933;G;C;0.1208790019154548;120
100..300;9;89388764;T;C;0.221557006239891;225
100..300;9;89450455;C;T;0.1208050027489662;215
100..300;9;90751960;A;G;0.0578946992754936;130
100..300;9;90887733;A;T;0.1182269975543022;135
100..300;9;92172327;G;C;0.1116750016808509;125
100..300;9;92172343;T;C;0.1224490031599998;125
100..300;9;92173160;T;C;0.1146500036120414;105
100..300;9;92305764;T;C;0.0909091010689735;110
100..300;9;92512056;G;A;0.0683230012655258;100
100..300;9;92517703;A;C;0.0883392021059989;195
100..300;9;92522700;G;T;0.1553030014038086;175
100..300;9;92613166;A;G;0.071823202073574;125
100..300;9;92658701;G;A;0.0799999982118606;115
100..300;9;92836800;T;C;0.1116280034184455;150
100..300;9;92837543;A;G;0.073113203048706;285
100..300;9;92837566;T;C;0.0782828032970428;270
100..300;9;94288238;C;G;0.0609318986535072;200
100..300;9;94288388;A;G;0.0750000029802322;165
100..300;9;94293045;A;G;0.1059190034866333;215
100..300;9;94301346;C;G;0.1107489988207817;220
100..300;9;94459181;A;G;0.1206350028514862;205
100..300;9;94931697;G;C;0.0794392973184585;135
100..300;9;97068444;G;C;0.1935479938983917;100
100..300;9;97428498;G;A;0.2314410060644149;145
100..300;9;97432124;C;T;0.2421520054340362;145
100..300;9;97625837;T;G;0.1521739959716797;125
100..300;9;97922437;C;A;0.1019110009074211;205
100..300;9;97922475;G;A;0.0938510969281196;205
100..300;9;97927411;G;A;0.1129029989242553;110
100..300;9;98060802;C;T;0.0614753998816013;170
100..300;9;98060853;C;G;0.0508475005626678;240
100..300;9;98092483;G;C;0.0685484036803245;155
100..300;9;98229148;A;C;0.0838709995150566;110
100..300;9;98293840;C;T;0.1137930005788803;195
100..300;9;98299357;G;C;0.0597014985978603;130
100..300;9;98306298;A;G;0.1326860040426254;210
100..300;9;98496521;A;G;0.1860470026731491;140
100..300;9;98578034;C;T;0.0668895989656448;200
100..300;9;99015983;T;G;0.1114460006356239;225
100..300;9;99035048;T;C;0.0803570970892906;215
100..300;9;99222654;G;C;0.094861701130867;170
100..300;9;99306630;T;C;0.2941179871559143;105
100..300;9;99833403;T;C;0.2374999970197677;150
100..300;9;100292669;C;T;0.0435966998338699;245
100..300;9;100585926;T;A;0.0915032997727394;215
100..300;9;101371346;T;C;0.0896551981568336;195
100..300;9;101476448;A;T;0.0931174010038375;185
100..300;9;101562263;A;G;0.1055900007486343;110
100..300;9;101623429;T;C;0.0754716992378234;110
100..300;9;101686816;T;C;0.1440329998731613;170
100..300;9;104856017;A;G;0.0576923005282878;180
100..300;9;104858586;T;C;0.0914634019136428;215
100..300;9;104861748;T;C;0.0524781011044979;230
100..300;9;106925122;G;A;0.1111110001802444;225
100..300;9;106927471;T;C;0.0964187011122703;250
100..300;9;106927578;C;T;0.078125;235
100..300;9;106929395;G;A;0.1092439964413642;245
100..300;9;107010864;T;A;0.1173909977078437;155
100..300;9;107541527;T;TAA;0.0890052020549774;125
100..300;9;108123199;T;C;0.1013220027089119;145
100..300;9;108863349;G;C;0.0885246023535728;210
100..300;9;109194319;A;G;0.1022730022668838;295
100..300;9;110404417;A;T;0.0849056988954544;200
100..300;9;110407350;C;T;0.1107140034437179;205
100..300;9;110407351;A;G;0.1080140024423599;205
100..300;9;110434453;C;A;0.1336030066013336;165
100..300;9;110445970;G;T;0.0901961028575897;165
100..300;9;110875574;A;G;0.1020409986376762;235
100..300;9;111328121;A;G;0.1381579935550689;215
100..300;9;111597344;A;C;0.2382979989051818;155
100..300;9;111609213;T;C;0.1086260005831718;215
100..300;9;111609310;A;G;0.0960452035069465;245
100..300;9;111609344;C;A;0.0928793027997016;220
100..300;9;111692264;C;T;0.2173909991979599;110
100..300;9;112041893;A;G;0.1387760043144226;155
100..300;9;112150337;C;A;0.0503875985741615;170
100..300;9;112998281;T;C;0.1521739959716797;125
100..300;9;113360674;G;A;0.1950349956750869;185
100..300;9;113373918;T;C;0.0436241999268531;215
100..300;9;114002003;T;C;0.1838569939136505;145
100..300;9;114008496;T;C;0.1755730062723159;180
100..300;9;114008505;A;G;0.1666669994592666;175
100..300;9;114240237;T;C;0.1556420028209686;175
100..300;9;114270742;C;T;0.1054550036787986;180
100..300;9;114302125;G;C;0.0658435970544815;155
100..300;9;114403926;T;G;0.2165240049362182;240
100..300;9;114403966;G;A;0.1884700059890747;295
100..300;9;114407961;C;G;0.1459230035543441;150
100..300;9;114424432;T;C;0.1906010061502456;255
100..300;9;115035318;C;T;0.1215690001845359;165
100..300;9;115042265;C;T;0.1125539988279342;160
100..300;9;115084291;T;C;0.1100319996476173;215
100..300;9;116344602;A;C;0.2025859951972961;155
100..300;9;120798555;T;C;0.1578949987888336;130
100..300;9;120799578;A;C;0.0691642984747886;235
100..300;9;121006922;T;C;0.1165919974446296;150
100..300;9;121017727;A;G;0.0625;165
100..300;9;121098411;T;C;0.104712001979351;125
100..300;9;121123999;G;A;0.0934958979487419;160
100..300;9;121146233;G;A;0.0851064026355743;150
100..300;9;121479091;G;T;0.0904977023601532;150
100..300;9;121479325;C;G;0.0776256024837493;145
100..300;9;121989111;A;G;0.0340908989310264;120
100..300;9;122092932;T;C;0.0391061007976532;100
100..300;9;122381513;A;C;0.096296302974224;185
100..300;9;122381760;C;CA;0.0974576026201248;165
100..300;9;122477222;T;G;0.0638978034257888;215
100..300;9;122628848;T;C;0.1327009946107864;290
100..300;9;122629398;C;T;0.1861860007047653;240
100..300;9;122838747;T;A;0.0820311978459358;170
100..300;9;123035214;T;C;0.1013989970088005;195
100..300;9;123365932;C;T;0.0357142984867095;175
100..300;9;123365974;C;G;0.0241691991686821;195
100..300;9;123367625;T;C;0.0458716005086898;135
100..300;9;123368882;A;G;0.1194029971957206;125
100..300;9;123372263;A;G;0.1704040020704269;290
100..300;9;124021154;C;G;0.1993670016527176;210
100..300;9;124212525;G;C;0.0612245015799999;130
100..300;9;124321446;T;C;0.049261100590229;135
100..300;9;124414882;G;A;0.0823969990015029;180
100..300;9;124467839;T;C;0.236966997385025;135
100..300;9;124468612;A;G;0.2030649930238723;165
100..300;9;124469495;G;C;0.1401270031929016;205
100..300;9;124493169;A;G;0.2307689934968948;145
100..300;9;124995031;T;C;0.2079209983348846;135
100..300;9;125150878;T;C;0.206277996301651;165
100..300;9;125207551;T;C;0.1787710040807724;120
100..300;9;125213375;T;C;0.1612900048494339;125
100..300;9;126662440;G;A;0.2129279971122741;170
100..300;9;126690950;G;A;0.0918032974004745;200
100..300;9;126693308;C;G;0.0596490986645221;195
100..300;9;126989960;T;C;0.1502590030431747;125
100..300;9;127174741;A;G;0.0812183022499084;130
100..300;9;127712732;C;T;0.2058819979429245;270
100..300;9;127713163;C;A;0.1563789993524551;165
100..300;9;127715489;A;G;0.0474859997630119;260
100..300;9;127723339;A;G;0.2205879986286163;140
100..300;9;127727279;G;A;0.1140070036053657;205
100..300;9;127731234;G;A;0.1683170050382614;220
100..300;9;127733354;G;C;0.1450379937887191;290
100..300;9;127741791;A;G;0.0985400974750518;190
100..300;9;127745109;C;G;0.09375;200
100..300;9;127824409;A;G;0.0803857967257499;210
100..300;9;127843106;T;C;0.08695650100708;185
100..300;9;128176382;T;C;0.095238097012043;150
100..300;9;128222476;T;C;0.1603769958019256;210
100..300;9;128533596;A;G;0.0658307000994682;220
100..300;9;128713304;C;G;0.0739549994468689;205
100..300;9;128753268;T;G;0.1687120050191879;215
100..300;9;129059206;A;G;0.1156070008873939;215
100..300;9;129084678;C;T;0.1308410018682479;200
100..300;9;129638201;A;G;0.1043689996004104;280
100..300;9;129814233;T;G;0.0465116016566753;125
100..300;9;129829230;G;A;0.0681817978620529;200
100..300;9;129834742;T;C;0.0912697985768318;165
100..300;9;129834783;C;A;0.0942407995462417;120
100..300;9;129875433;A;G;0.1040000021457672;250
100..300;9;129878447;G;T;0.1354169994592666;125
100..300;9;130286222;A;G;0.1504420042037964;140
100..300;9;130338307;C;T;0.0804598033428192;290
100..300;9;130338375;G;A;0.0702178999781608;265
100..300;9;130360514;A;C;0.0938967019319534;130
100..300;9;130360540;T;C;0.0837209001183509;135
100..300;9;130369761;T;C;0.0664739981293678;225
100..300;9;130430524;A;G;0.1946109980344772;225
100..300;9;130678606;T;C;0.0653595030307769;200
100..300;9;130885614;G;A;0.0748898983001709;150
100..300;9;130893782;A;G;0.0808081030845642;200
100..300;9;130904061;G;A;0.1219509989023208;140
100..300;9;130911838;G;A;0.0562129989266395;225
100..300;9;131026432;A;C;0.0664739981293678;235
100..300;9;131026433;G;C;0.0660919994115829;235
100..300;9;131038934;T;C;0.0915492996573448;190
100..300;9;131075843;T;C;0.0615941993892192;180
100..300;9;131289981;C;G;0.0813954025506973;130
100..300;9;131446568;A;G;0.0754716992378234;185
100..300;9;131482721;G;A;0.0996309965848922;195
100..300;9;131512152;A;G;0.1312499940395355;100
100..300;9;132198490;T;C;0.0610931999981403;220
100..300;9;132226867;T;C;0.1538459956645965;180
100..300;9;132398131;T;C;0.0530303008854389;100
100..300;9;132401620;T;C;0.0785498023033142;235
100..300;9;132679179;A;G;0.1182430014014244;210
100..300;9;133162355;A;G;0.08695650100708;160
100..300;9;133475078;G;T;0.1857140064239502;185
100..300;9;133547174;T;C;0.0695651993155479;155
100..300;9;133734024;T;C;0.0928571000695228;190
100..300;9;133779957;C;G;0.0857143029570579;200
100..300;9;134026248;T;G;0.1271190047264099;165
100..300;9;134027401;T;C;0.054644800722599;125
100..300;9;134028745;A;C;0.0775509998202323;155
100..300;9;134031496;GA;G;0.0899470970034599;140
100..300;9;134880818;G;A;0.1428570002317428;115
100..300;9;134887180;T;C;0.1066669970750808;150
100..300;9;134909570;C;T;0.1844159960746765;265
100..300;9;134909954;C;T;0.1886119991540908;195
100..300;9;134912514;G;A;0.1879429966211319;190
100..300;9;135547960;T;C;0.125;195
100..300;9;135547963;C;T;0.1254359930753708;190
100..300;9;135548708;C;G;0.186158001422882;245
100..300;9;135548716;T;C;0.1866029947996139;245
100..300;9;135549839;GC;G;0.1312340050935745;145
100..300;9;135549914;A;C;0.1406929939985275;190
100..300;9;135624083;T;G;0.0882352963089943;160
100..300;9;135624145;G;A;0.0746887996792793;170
100..300;9;135624282;T;C;0.0873493999242782;230
100..300;9;135624500;C;CA;0.0809858962893486;210
100..300;9;135765207;G;T;0.2343100011348724;150
100..300;9;135792138;G;A;0.0426829010248184;110
100..300;9;135811630;C;G;0.0886076018214225;115
100..300;9;135850231;G;C;0.0923912972211837;135
100..300;9;135945095;G;GCCT;0.1313869953155517;200
100..300;9;136011699;A;G;0.1029409989714622;115
100..300;9;136290477;G;A;0.1231879964470863;100
100..300;9;136291438;T;C;0.0853658989071846;230
100..300;9;136340958;T;C;0.1146129965782165;235
100..300;9;136376449;A;G;0.070270299911499;110
100..300;9;136377593;A;C;0.09375;175
100..300;9;136438951;A;C;0.052631601691246;230
100..300;9;136502238;T;C;0.0583333000540733;105
100..300;9;136505847;A;C;0.09375;190
100..300;9;136513480;G;A;0.0822784975171089;195
100..300;9;136515725;C;T;0.1034480035305023;130
100..300;9;136517745;A;G;0.0681817978620529;155
100..300;9;136670022;G;C;0.043010801076889;125
100..300;9;136723174;A;G;0.0835912972688674;235
100..300;9;136763898;T;C;0.1142859980463981;230
100..300;9;136946144;A;G;0.0961538031697273;150
100..300;9;136969389;T;C;0.0894737020134925;130
100..300;9;136969457;T;C;0.0752687975764274;125
100..300;9;136969986;C;G;0.076470598578453;115
100..300;9;136984718;A;G;0.1000000014901161;195
100..300;9;137020441;T;C;0.0856423005461692;255
100..300;9;137022427;T;C;0.0798610970377922;185
100..300;9;137032730;A;G;0.0958084017038345;110
100..300;9;137048977;A;G;0.0892857015132904;100
100..300;9;137156786;G;A;0.0841583982110023;150
100..300;9;137156924;A;G;0.0615941993892192;185
100..300;9;137188094;T;G;0.0840336009860038;240
100..300;9;137199451;A;G;0.0932203009724617;250
100..300;9;137216103;A;G;0.070093497633934;145
100..300;9;137252821;T;C;0.0687023028731346;270
100..300;9;137272145;A;G;0.0575915984809398;250
100..300;9;137349095;T;C;0.1204819977283477;115
100..300;9;137351340;T;C;0.0597014985978603;220
100..300;9;137426340;C;G;0.0882352963089943;130
100..300;9;137433625;T;C;0.1123600006103515;145
100..300;9;137463396;C;G;0.0740740969777107;125
100..300;9;137614623;C;A;0.0735293999314308;145
100..300;9;137971537;T;A;0.100671000778675;205
100..300;9;137986862;C;A;0.0849421024322509;165
100..300;9;138017218;T;C;0.0956937968730926;135
100..300;9;138120899;G;A;0.097972996532917;185
≥300;1;2512975;A;G;0.0968991965055465;335
≥300;1;2562891;A;G;0.1072959974408149;310
≥300;1;3022005;T;C;0.0799086987972259;305
≥300;1;3022133;G;T;0.1242109984159469;330
≥300;1;6149303;C;T;0.1907889991998672;300
≥300;1;8335500;T;G;0.0675676017999649;305
≥300;1;9264154;T;C;0.0825892984867096;310
≥300;1;13416600;T;C;0.0782442986965179;.
≥300;1;15807492;C;T;0.0831556022167205;310
≥300;1;18700745;G;A;0.0711382031440734;325
≥300;1;22600748;A;G;0.0709676966071128;305
≥300;1;24066110;A;G;0.0927022024989128;340
≥300;1;26343910;A;G;0.0917430967092514;305
≥300;1;26952062;A;G;0.0820045992732048;300
≥300;1;27882794;G;A;0.1613640040159225;315
≥300;1;27882851;C;T;0.1677999943494796;310
≥300;1;27882855;G;A;0.1651380062103271;310
≥300;1;45331833;G;C;0.1090530008077621;330
≥300;1;54225281;C;T;0.0958333015441894;330
≥300;1;152664367;T;A;0.1026619970798492;.
≥300;1;152709204;CAGCTCTGGGGGCTGCTGT;C;0.2004610002040863;320
≥300;1;153032372;C;T;0.0643016025424003;310
≥300;1;153032377;T;C;0.0619658008217811;320
≥300;1;156913423;A;C;0.1127659976482391;310
≥300;1;161506414;T;C;0.0799179971218109;320
≥300;1;161506415;G;A;0.0804124027490615;320
≥300;1;167126528;A;G;0.0963302999734878;315
≥300;1;167126644;A;G;0.0547666996717453;345
≥300;1;175123571;T;C;0.0812273994088172;.
≥300;1;220884304;T;C;0.0699028968811035;345
≥300;1;220884320;A;G;0.0666666999459266;.
≥300;1;223864490;C;G;0.1733970046043396;305
≥300;1;228219559;A;G;0.0763052031397819;335
≥300;1;228224526;C;T;0.0743981972336769;300
≥300;1;228224527;A;G;0.0699153020977974;310
≥300;1;228224607;A;G;0.0582877993583679;.
≥300;1;228264315;C;G;0.0799288973212242;.
≥300;1;245685698;T;C;0.1002179980278015;320
≥300;1;245686142;T;C;0.0849910005927085;.
≥300;1;245687204;C;G;0.1187120005488395;.
≥300;1;245687211;G;C;0.1175300031900405;.
≥300;10;5525403;A;G;0.0639268979430198;305
≥300;10;27246671;C;T;0.1179039999842643;305
≥300;10;27250160;T;C;0.1280490010976791;.
≥300;10;27251532;T;C;0.1051499992609024;320
≥300;10;44293378;T;C;0.0530973002314567;300
≥300;10;44971756;C;T;0.1082800030708313;310
≥300;10;77806874;A;G;0.0726872012019157;300
≥300;10;84214480;C;T;0.0844793990254402;340
≥300;10;95356462;T;C;0.0781608968973159;300
≥300;10;103602347;A;G;0.06944440305233;305
≥300;10;128108716;T;C;0.1179039999842643;315
≥300;10;130107832;T;C;0.0889370962977409;325
≥300;11;624674;T;C;0.0981210991740226;325
≥300;11;823729;T;C;0.0862831994891166;325
≥300;11;823809;G;C;0.0589171983301639;.
≥300;11;1241791;T;G;0.067460298538208;335
≥300;11;1242546;T;C;0.0847999975085258;.
≥300;11;3413899;G;A;0.1070709973573684;330
≥300;11;3413910;A;G;0.0923694968223571;330
≥300;11;7928477;G;A;0.1081079989671707;310
≥300;11;7960547;A;G;0.0754716992378234;305
≥300;11;8911517;A;G;0.0691144987940788;305
≥300;11;18137908;C;T;0.101292997598648;320
≥300;11;18173801;T;C;0.0955556035041809;315
≥300;11;68262705;A;C;0.0718685984611511;335
≥300;11;69296043;A;G;0.0715989992022514;310
≥300;11;69296261;C;G;0.0777537971735;310
≥300;11;69303648;T;C;0.0699028968811035;340
≥300;11;71435791;T;C;0.1098129972815513;300
≥300;11;71794762;T;C;0.0914893969893455;305
≥300;11;75587752;G;A;0.0916334986686706;.
≥300;11;113412755;G;A;0.1135530024766922;.
≥300;11;117381773;C;T;0.1695650070905685;305
≥300;11;118898895;T;C;0.0907216966152191;320
≥300;12;52434002;T;C;0.0968991965055465;.
≥300;12;52795912;G;C;0.0701031014323234;340
≥300;12;122133746;T;C;0.0766045972704887;335
≥300;12;122995487;A;G;0.0503018014132976;345
≥300;12;132062617;A;G;0.1062870025634765;.
≥300;13;19177089;C;T;0.0750000029802322;.
≥300;13;19177517;T;G;0.0848624035716056;305
≥300;13;19179435;G;A;0.0760233998298645;310
≥300;13;19382653;G;A;0.0858896002173423;330
≥300;13;52029105;G;A;0.1221719980239868;320
≥300;13;52643135;G;A;0.0817610025405883;330
≥300;13;75240208;A;C;0.144554004073143;345
≥300;14;19796655;G;T;0.0389610007405281;.
≥300;14;74357299;T;C;0.0816327035427093;305
≥300;14;92652323;T;C;0.0776892006397247;.
≥300;14;94290413;C;T;0.0947775989770889;.
≥300;14;94290457;C;T;0.187266007065773;.
≥300;14;94366459;A;G;0.170305997133255;305
≥300;14;94382814;A;G;0.0928073972463607;305
≥300;14;100734308;C;T;0.0938166007399559;315
≥300;15;28141480;T;C;0.08695650100708;305
≥300;15;34752856;A;G;0.0906921029090881;300
≥300;15;43525854;A;G;0.0608108006417751;325
≥300;15;43525881;A;G;0.1024499982595443;320
≥300;15;43989823;A;G;0.1184210032224655;315
≥300;15;74361805;C;T;0.0979954972863197;315
≥300;16;19714953;T;C;0.0930233001708984;300
≥300;16;56626904;A;G;0.1375660002231598;.
≥300;16;56626929;T;C;0.1264369934797287;.
≥300;16;87644643;A;G;0.0641592964529991;320
≥300;17;2299649;C;T;0.0934782996773719;315
≥300;17;3092700;C;T;0.1106090024113655;300
≥300;17;7513280;A;G;0.1828739941120147;.
≥300;17;9821962;T;C;0.0775680989027023;325
≥300;17;28534859;T;C;0.0940695032477378;325
≥300;17;36498436;A;G;0.0704846009612083;305
≥300;17;36537477;G;A;0.0725995004177093;315
≥300;17;36602169;C;G;0.097222201526165;.
≥300;17;38330121;C;T;0.090753398835659;.
≥300;17;38330919;A;G;0.0717130973935127;.
≥300;17;38738586;A;G;0.1690479964017868;300
≥300;17;40799709;A;G;0.1602869927883148;300
≥300;17;40966761;A;G;0.1034480035305023;315
≥300;17;40978955;G;A;0.0911063030362129;325
≥300;17;40984020;G;A;0.1056180000305175;310
≥300;17;40994032;G;A;0.1124569997191429;.
≥300;17;40999815;G;A;0.0896686017513275;345
≥300;17;40999832;C;T;0.0919037014245987;305
≥300;17;41424307;A;T;0.0920353978872299;.
≥300;17;41424310;C;T;0.0878735035657882;.
≥300;17;41424408;C;T;0.0981132015585899;.
≥300;17;41487088;G;T;0.0897637978196144;.
≥300;17;45990016;C;T;0.09808100014925;305
≥300;17;46032108;A;G;0.0973782986402511;340
≥300;17;48058771;C;G;0.0656109005212783;300
≥300;17;50166023;A;G;0.055248599499464;.
≥300;17;58599007;C;T;0.1264110058546066;305
≥300;17;63910342;T;C;0.1211400032043457;300
≥300;17;76292181;C;T;0.0959096997976303;.
≥300;17;76292483;C;CTGA;0.1041989997029304;.
≥300;17;81547352;T;C;0.1062910035252571;315
≥300;17;81665333;T;C;0.0636942982673645;315
≥300;17;82019339;A;G;0.0916844010353088;320
≥300;17;82830589;C;T;0.1704040020704269;305
≥300;17;82830616;G;A;0.1670189946889877;310
≥300;18;14542649;A;C;0.1026159971952438;315
≥300;18;14543099;T;C;0.0996731966733932;.
≥300;18;22415790;C;T;0.1987179964780807;340
≥300;18;26862428;A;C;0.1650719940662384;300
≥300;18;57436280;T;C;0.0764790996909141;.
≥300;18;78994444;T;C;0.0631067976355552;.
≥300;18;78994549;C;T;0.0656566023826599;.
≥300;18;79337360;T;A;0.1020409986376762;315
≥300;19;685833;T;G;0.0851064026355743;315
≥300;19;3831711;T;C;0.0887446030974388;310
≥300;19;6040124;T;C;0.0967032983899116;300
≥300;19;9126759;G;A;0.1157210022211074;315
≥300;19;11614598;A;G;0.1149189993739128;340
≥300;19;13286746;T;C;0.0571895018219947;.
≥300;19;15615749;T;G;0.0756971985101699;325
≥300;19;17656091;T;C;0.103593997657299;325
≥300;19;34958169;A;G;0.1108599975705146;310
≥300;19;41709825;C;T;0.1087419986724853;310
≥300;19;41709853;G;A;0.1236200034618377;300
≥300;19;41709863;C;T;0.1180400028824806;300
≥300;19;42868234;C;T;0.1150939986109733;340
≥300;19;42935542;A;G;0.1885399967432022;.
≥300;19;43614036;C;A;0.0960187017917633;305
≥300;19;45678134;C;G;0.0847458019852638;315
≥300;19;47544564;T;C;0.0995370000600814;300
≥300;19;51367941;A;G;0.1260679960250854;315
≥300;19;51498142;A;G;0.1255140006542205;305
≥300;19;52841923;T;C;0.1169719994068145;305
≥300;19;53351144;C;G;0.1125829964876174;315
≥300;19;53490807;G;A;0.0997731983661651;320
≥300;19;54041932;T;C;0.0909091010689735;330
≥300;19;54042277;C;T;0.0842825025320053;305
≥300;19;54108253;G;C;0.1163899973034858;300
≥300;19;54174203;A;G;0.0665609985589981;.
≥300;19;54222142;G;A;0.078091099858284;.
≥300;19;54278849;C;G;0.1663870066404342;.
≥300;19;54278855;G;A;0.167480006814003;.
≥300;19;54278869;A;G;0.1809519976377487;.
≥300;19;54279838;T;C;0.1851850003004074;.
≥300;19;54338192;T;C;0.1766670048236847;.
≥300;19;54338210;G;T;0.181660994887352;.
≥300;19;54666711;G;A;0.0780951976776123;.
≥300;19;54885488;A;G;0.1476379930973053;.
≥300;19;54939094;A;C;0.0958466008305549;.
≥300;19;55056716;T;C;0.0677966028451919;.
≥300;19;55056717;T;G;0.0676691979169845;.
≥300;19;55203941;T;C;0.1012659966945648;310
≥300;19;55203951;G;C;0.1000000014901161;315
≥300;19;55203974;T;C;0.1019959971308708;305
≥300;19;55228237;T;C;0.1039500012993812;320
≥300;19;57507250;G;A;0.082840196788311;345
≥300;19;58067210;T;C;0.1995519995689392;305
≥300;2;73700951;A;C;0.0982142984867096;330
≥300;2;131626766;T;C;0.0977443978190422;.
≥300;2;131626808;A;G;0.0970148965716362;.
≥300;2;131627015;G;C;0.1016689985990524;.
≥300;2;167713948;C;T;0.216157004237175;320
≥300;2;176100176;A;G;0.101292997598648;310
≥300;2;218135587;T;C;0.1238100007176399;300
≥300;2;227387917;A;G;0.1006390005350112;.
≥300;2;238132265;T;C;0.085903100669384;300
≥300;2;241851121;G;A;0.087527297437191;310
≥300;20;1635491;A;G;0.1292639970779419;.
≥300;20;2483707;G;A;0.0748988017439842;330
≥300;20;31845336;A;G;0.0510805994272232;.
≥300;20;49905793;A;G;0.09375;300
≥300;20;49906048;A;G;0.078125;305
≥300;20;61936802;T;C;0.0956175029277801;325
≥300;20;63203343;A;G;0.0746605992317199;305
≥300;21;44550929;A;G;0.1945479959249496;.
≥300;21;44601566;T;C;0.0993463993072509;.
≥300;21;44601579;A;G;0.096400998532772;.
≥300;21;44601692;A;G;0.1233640015125274;.
≥300;21;44647267;T;C;0.0856778025627136;.
≥300;21;44813921;A;C;0.0972850993275642;300
≥300;22;17818927;C;T;0.0583333000540733;330
≥300;22;19132032;T;C;0.0797545984387397;325
≥300;22;35726677;A;C;0.101292997598648;320
≥300;22;37206982;A;G;0.0630630999803543;305
≥300;3;4983086;C;T;0.0906976982951164;310
≥300;3;39186173;A;G;0.1040339991450309;310
≥300;3;48660221;G;C;0.1962170004844665;300
≥300;3;63995959;T;C;0.1059599965810775;315
≥300;4;2829656;G;T;0.1129359975457191;330
≥300;4;6301627;A;G;0.2036200016736984;305
≥300;4;52744105;T;C;0.081318698823452;315
≥300;4;56531030;G;C;0.1019229963421821;.
≥300;4;153658827;A;G;0.0881671011447906;300
≥300;4;153659136;G;A;0.1008969992399215;300
≥300;4;165278193;T;C;0.0841121971607208;.
≥300;5;1036785;T;C;0.1762299984693527;330
≥300;5;1036847;A;C;0.1028190031647682;.
≥300;5;1036869;T;C;0.0967212989926338;.
≥300;5;1443084;A;G;0.0543070994317531;.
≥300;5;1466804;A;G;0.0732673034071922;330
≥300;5;17605218;T;C;0.0761246010661125;.
≥300;5;25910457;G;A;0.0833332985639572;310
≥300;5;69420283;A;T;0.1159420013427734;300
≥300;5;73123790;A;C;0.0933063030242919;330
≥300;5;77785660;A;C;0.0914179012179374;.
≥300;5;77785855;T;C;0.0841486975550651;.
≥300;5;140787878;T;C;0.1605720072984695;.
≥300;5;140788485;G;A;0.1780599951744079;.
≥300;5;140788566;T;G;0.158171996474266;.
≥300;5;140795037;A;G;0.1615040004253387;325
≥300;5;140795280;C;G;0.198630005121231;.
≥300;5;140802307;C;T;0.1744470000267028;300
≥300;5;140802516;T;G;0.1777780055999755;.
≥300;5;140803473;A;G;0.1698109954595565;345
≥300;5;140807352;T;G;0.0777778029441833;.
≥300;5;140807517;G;A;0.1293260008096695;.
≥300;5;140807737;T;C;0.1487070024013519;320
≥300;5;140808798;G;T;0.1442950069904327;.
≥300;5;140808816;G;A;0.1416800022125244;.
≥300;5;140823847;T;C;0.195945993065834;.
≥300;5;140829882;G;T;0.1521040052175521;.
≥300;5;140836141;G;C;0.0619621016085147;.
≥300;5;140841554;A;G;0.1862889975309372;.
≥300;5;140842572;C;A;0.1137119978666305;.
≥300;5;140843056;G;A;0.1489360034465789;.
≥300;5;141096396;A;G;0.1602319926023483;305
≥300;5;141174900;T;G;0.0815548971295356;.
≥300;5;141175025;C;T;0.1044280007481575;.
≥300;5;141184688;T;C;0.1432749927043914;.
≥300;5;141201937;T;G;0.1704040020704269;.
≥300;5;141330894;C;T;0.0993914976716041;335
≥300;5;141344268;T;C;0.0920000001788139;340
≥300;5;141395122;C;T;0.0981734991073608;300
≥300;5;141869398;G;T;0.0878859981894493;300
≥300;6;26033413;A;G;0.0680850967764854;325
≥300;6;26199675;T;C;0.0783476009964943;.
≥300;6;26370429;G;A;0.1066669970750808;305
≥300;6;26370431;T;C;0.104212999343872;305
≥300;6;26370479;C;T;0.2372509986162185;305
≥300;6;26370520;A;G;0.1481480002403259;305
≥300;6;26468432;A;G;0.0870444998145103;325
≥300;6;26597105;G;A;0.1201720014214515;305
≥300;6;27865396;G;A;0.0825515985488891;.
≥300;6;27871968;C;T;0.0618336983025074;325
≥300;6;27890643;G;A;0.0661289989948272;.
≥300;6;28923399;C;T;0.0333333015441894;340
≥300;6;29101239;A;G;0.1263539940118789;.
≥300;6;29101487;C;T;0.1108700037002563;310
≥300;6;29101522;T;C;0.1038959994912147;310
≥300;6;29556180;G;A;0.1230470016598701;345
≥300;6;29723526;A;G;0.0745455026626586;.
≥300;6;29726903;C;A;0.1353709995746612;320
≥300;6;29726904;T;A;0.1326089948415756;320
≥300;6;29745652;T;C;0.1327970027923584;335
≥300;6;29745688;C;T;0.1875;305
≥300;6;29792334;C;G;0.0836910009384155;320
≥300;6;29792411;A;G;0.0858585983514785;300
≥300;6;29792575;C;CGCGGGCGCCGTGGATGGAGCA;0.0550622008740901;.
≥300;6;29828216;A;G;0.1654140055179596;.
≥300;6;29828592;T;A;0.0701107010245323;.
≥300;6;29829862;T;C;0.0987903028726577;320
≥300;6;29887956;T;C;0.0592417009174823;300
≥300;6;29888526;T;C;0.0757315009832382;.
≥300;6;29888662;G;T;0.1527969986200332;.
≥300;6;29888668;T;C;0.142658993601799;.
≥300;6;29926473;A;T;0.0582328997552394;330
≥300;6;29926492;C;T;0.0614525005221366;.
≥300;6;29926746;A;G;0.0756302997469902;325
≥300;6;29926790;A;G;0.07462690025568;315
≥300;6;29926807;A;C;0.109375;300
≥300;6;29927255;C;G;0.0750506967306137;335
≥300;6;29927262;C;A;0.0932539999485015;340
≥300;6;29927322;A;C;0.0571895018219947;.
≥300;6;29928224;A;C;0.095238097012043;.
≥300;6;29942547;C;G;0.1277260035276413;345
≥300;6;29942781;A;T;0.0566801987588405;.
≥300;6;29942785;C;A;0.0629921033978462;.
≥300;6;29943309;C;T;0.0322581008076667;.
≥300;6;29957504;G;C;0.0843136981129646;.
≥300;6;29972425;A;G;0.1097310036420822;310
≥300;6;30110498;T;C;0.1029959991574287;.
≥300;6;30110553;T;C;0.1021670028567314;.
≥300;6;30112497;A;G;0.0844037011265754;.
≥300;6;30112719;A;G;0.0922786965966224;.
≥300;6;30547266;C;T;0.102803997695446;305
≥300;6;30685004;T;C;0.0611702017486095;.
≥300;6;30703873;G;A;0.0615941993892192;.
≥300;6;30889295;C;G;0.0689103007316589;.
≥300;6;30894646;T;C;0.067594401538372;335
≥300;6;30897427;C;A;0.0686694979667663;305
≥300;6;30923211;A;G;0.0805784985423088;330
≥300;6;30951614;A;G;0.0979228019714355;.
≥300;6;30952347;A;G;0.0966387018561363;340
≥300;6;30987096;A;G;0.0658435970544815;.
≥300;6;30987636;C;G;0.0949494987726211;330
≥300;6;31056453;G;C;0.1021130010485649;.
≥300;6;31056724;T;C;0.1073449999094009;340
≥300;6;31111867;A;G;0.0723270028829574;.
≥300;6;31112239;G;C;0.1049619987607002;.
≥300;6;31116393;C;A;0.0847458019852638;.
≥300;6;31116862;T;C;0.0864780023694038;.
≥300;6;31144960;A;C;0.0881057009100914;305
≥300;6;31154705;A;G;0.0879309996962547;.
≥300;6;31154723;A;G;0.0905660018324852;.
≥300;6;31161533;T;C;0.065737098455429;340
≥300;6;31170330;A;G;0.0691927969455719;.
≥300;6;31271672;G;C;0.2962960004806518;.
≥300;6;31410610;C;T;0.0903521999716758;.
≥300;6;31410611;A;G;0.0890937000513076;.
≥300;6;31410648;G;A;0.1007089987397193;.
≥300;6;31410709;C;T;0.0899550020694732;.
≥300;6;31410733;A;G;0.0892018973827362;.
≥300;6;31411996;T;C;0.0678898990154266;345
≥300;6;31412154;A;G;0.0947204977273941;.
≥300;6;31558196;A;G;0.0960960984230041;.
≥300;6;31572916;C;G;0.0533048994839191;305
≥300;6;31630712;G;A;0.067125603556633;.
≥300;6;31635190;A;G;0.0691056996583938;330
≥300;6;31636814;T;C;0.0939129963517189;.
≥300;6;31664357;A;C;0.0879765003919601;.
≥300;6;31765689;C;T;0.0652173981070518;345
≥300;6;31766568;T;G;0.09808100014925;335
≥300;6;31972121;T;C;0.0750000029802322;.
≥300;6;32058086;T;C;0.1200869977474212;320
≥300;6;32061428;A;G;0.070957101881504;.
≥300;6;32096949;C;T;0.0806142017245292;.
≥300;6;32154695;A;C;0.0648918002843856;.
≥300;6;32157868;T;C;0.1298169940710067;325
≥300;6;32166733;A;G;0.0634249001741409;320
≥300;6;32179919;A;G;0.0818030014634132;.
≥300;6;32180254;G;A;0.0783409997820854;300
≥300;6;32184157;G;A;0.1086520031094551;335
≥300;6;32200994;T;G;0.0666666999459266;335
≥300;6;32202470;T;C;0.0896056964993476;.
≥300;6;32293475;G;T;0.1259399950504303;.
≥300;6;32293730;C;T;0.2662470042705536;340
≥300;6;32394862;A;G;0.098924696445465;310
≥300;6;32843868;G;A;0.0743981972336769;300
≥300;6;32850459;A;G;0.1022299975156784;.
≥300;6;32850997;C;T;0.094861701130867;.
≥300;6;32852191;A;G;0.0903083980083465;300
≥300;6;32853214;G;A;0.0491551011800766;.
≥300;6;32938809;T;C;0.1172410026192665;.
≥300;6;32938875;A;T;0.0929367989301681;.
≥300;6;32949721;G;C;0.0693949982523918;.
≥300;6;33007480;T;C;0.0917430967092514;.
≥300;6;33068728;C;G;0.0916844010353088;315
≥300;6;33069076;C;A;0.1016329973936081;.
≥300;6;33069173;T;C;0.0753531977534294;.
≥300;6;33069174;G;A;0.0170648004859685;.
≥300;6;33069182;A;G;0.0191971994936466;.
≥300;6;33069194;T;C;0.0779661014676094;.
≥300;6;33069222;C;T;0.0909091010689735;.
≥300;6;33080829;C;G;0.0843949019908905;.
≥300;6;33080851;C;A;0.1015869975090026;.
≥300;6;33080884;G;A;0.1003459990024566;.
≥300;6;33080886;A;G;0.1012220010161399;.
≥300;6;33084991;C;T;0.0767635032534599;340
≥300;6;33085026;A;G;0.0795454978942871;.
≥300;6;33085173;C;T;0.09375;.
≥300;6;33085181;T;C;0.0990990996360778;.
≥300;6;33085209;C;T;0.1069959998130798;310
≥300;6;43175858;T;C;0.0438930988311767;335
≥300;6;128067654;T;G;0.0907080024480819;300
≥300;6;150021096;A;G;0.0610859990119934;300
≥300;6;168287601;G;T;0.0741482973098754;.
≥300;7;1936796;T;C;0.0486381016671657;325
≥300;7;5036682;CCTACCCCAGGGGCTGGGAT;C;0.1446149945259094;305
≥300;7;5394476;A;G;0.0797414034605026;310
≥300;7;23586070;G;A;0.079457402229309;.
≥300;7;39339726;T;C;0.0831947028636932;.
≥300;7;42172590;C;T;0.1706780046224594;305
≥300;7;74056384;A;G;0.1106939986348152;345
≥300;7;127582264;C;T;0.0925507992506027;300
≥300;7;131511158;G;T;0.0799999982118606;310
≥300;8;1565843;A;C;0.1033869981765747;.
≥300;8;1668474;A;G;0.0772200971841812;.
≥300;8;142542011;A;C;0.067538097500801;305
≥300;8;143538076;G;A;0.0968467965722084;300
≥300;8;143560645;T;C;0.0788381993770599;305
≥300;8;143562235;A;G;0.1070619970560073;300
≥300;8;143792787;A;G;0.0884085968136787;330
≥300;8;143804639;T;C;0.1142859980463981;310
≥300;9;7799606;A;C;0.0867158994078636;.
≥300;9;7799653;T;G;0.0905587971210479;340
≥300;9;81992843;A;T;0.198293998837471;335
≥300;9;82059881;G;A;0.1885470002889633;.
≥300;9;122628962;A;G;0.1000000014901161;315
≥300;9;128166354;T;C;0.0743099972605705;315
≥300;9;134041883;A;G;0.0911063030362129;315
≥300;9;134909468;G;A;0.1902649998664856;315
≥300;9;136523808;G;A;0.081140398979187;300
