coverage;chromosome;position;alt_allele;ref_allele;vaf;Coverage
10..30;6;32662159;T;C;0.1532260030508041;25
10..30;6;32662186;T;C;0.14444400370121;10
50..100;1;6634514;A;G;0.054263599216938;95
50..100;1;12097231;C;T;0.0687023028731346;85
50..100;1;15324566;G;A;0.0445859991014003;95
50..100;1;20526702;A;C;0.0298507008701562;95
50..100;1;56744022;C;T;0.0480000004172325;85
50..100;1;61914626;A;G;0.0268456004559993;95
50..100;1;62038496;T;G;0.0489509999752044;90
50..100;1;66976592;T;C;0.0300751999020576;90
50..100;1;74706968;C;T;0.0504201985895633;75
50..100;1;78119402;C;T;0.0296295993030071;90
50..100;1;78629896;C;T;0.0606060996651649;65
50..100;1;97515865;T;C;0.03125;80
50..100;1;107441476;G;A;0.0465116016566753;80
50..100;1;111184247;A;G;0.0891719982028007;95
50..100;1;114433602;C;A;0.0476190000772476;90
50..100;1;119445889;A;G;0.0409835986793041;95
50..100;1;119853675;T;C;0.0296295993030071;95
50..100;1;156925033;T;C;0.0287769995629787;95
50..100;1;170866621;A;G;0.052631601691246;95
50..100;1;185271342;G;A;0.0486111007630825;95
50..100;1;186144720;C;G;0.0289855003356933;95
50..100;1;196685194;C;A;0.0802920013666153;90
50..100;1;196713817;A;G;0.0530303008854389;80
50..100;1;197428956;G;A;0.03125;85
50..100;1;204151824;T;G;0.0342466011643409;85
50..100;1;215580012;G;T;0.0463575981557369;95
50..100;1;216046439;G;A;0.0441175997257232;90
50..100;1;232402488;G;T;0.0593219995498657;80
50..100;1;237456749;C;T;0.0610686987638473;85
50..100;1;241548834;T;C;0.0579710006713867;95
50..100;10;5915389;T;C;0.0393701009452343;80
50..100;10;7348338;G;A;0.0522876009345054;90
50..100;10;17323170;G;A;0.0408162996172905;90
50..100;10;20831187;G;A;0.0344827994704246;95
50..100;10;27134815;C;T;0.0714285969734191;85
50..100;10;28120685;G;C;0.0460526011884212;95
50..100;10;58517789;C;A;0.0507245995104312;95
50..100;10;63168063;G;C;0.0503596998751163;85
50..100;10;68674752;G;C;0.0423729009926319;80
50..100;10;68749117;C;T;0.0287769995629787;95
50..100;10;92935798;A;G;0.0335570015013217;90
50..100;10;94355078;A;G;0.0427349992096424;75
50..100;10;95038992;C;T;0.0328947007656097;95
50..100;10;103139440;G;C;0.0333333015441894;80
50..100;10;110810372;C;G;0.0704225003719329;95
50..100;10;113884281;A;G;0.0892857015132904;65
50..100;10;114045297;C;G;0.0583942010998725;85
50..100;10;133554985;AGCTGAGACGG;A;0.0487805008888244;90
50..100;11;1104729;A;G;0.0402684994041919;95
50..100;11;2610380;T;C;0.0352112986147403;95
50..100;11;2631427;G;T;0.0563380010426044;95
50..100;11;4475686;T;C;0.0677966028451919;80
50..100;11;5698558;G;A;0.0344827994704246;75
50..100;11;23101058;C;T;0.0349650010466575;90
50..100;11;24738309;A;G;0.0393701009452343;85
50..100;11;26565254;A;G;0.0958904027938842;95
50..100;11;57018744;T;C;0.0357142984867095;95
50..100;11;58291949;G;A;0.0380951985716819;75
50..100;11;58358147;C;T;0.0422535017132759;95
50..100;11;63243732;C;A;0.0413792990148067;95
50..100;11;74138957;C;G;0.03125;90
50..100;11;82824921;T;C;0.0808824002742767;95
50..100;11;82853252;G;T;0.057142898440361;85
50..100;11;93396318;G;A;0.0653595030307769;95
50..100;11;93408414;A;C;0.0381679013371467;85
50..100;11;95795550;T;C;0.0283688008785247;90
50..100;11;126021267;G;A;0.0364963002502918;95
50..100;11;130032863;C;T;0.0362319014966487;90
50..100;11;131661121;G;T;0.0610686987638473;85
50..100;12;21178615;C;T;0.058823499828577;95
50..100;12;30719244;A;G;0.0599999986588954;95
50..100;12;30726042;C;G;0.0336133986711502;75
50..100;12;52250628;G;A;0.0314465016126632;90
50..100;12;58244544;T;C;0.0333333015441894;80
50..100;12;58244565;T;C;0.0305343996733427;85
50..100;12;61880246;T;C;0.0423729009926319;90
50..100;12;69796628;C;A;0.0285714007914066;85
50..100;12;76600031;G;A;0.0352112986147403;90
50..100;12;95512827;A;C;0.0463575981557369;95
50..100;12;95867108;C;T;0.0731706991791725;55
50..100;12;100579381;C;T;0.0534350983798503;90
50..100;12;102101071;C;T;0.0375000014901161;95
50..100;12;109199383;C;G;0.052631601691246;90
50..100;12;122263552;G;A;0.0341879986226558;85
50..100;13;21530702;T;G;0.0462962985038757;80
50..100;13;24709356;T;C;0.0340135991573333;85
50..100;13;27017670;G;A;0.0681817978620529;85
50..100;13;41604196;C;A;0.0666666999459266;80
50..100;13;42129546;C;T;0.1061950027942657;70
50..100;13;49567140;T;C;0.0625;80
50..100;13;67902265;C;T;0.0652173981070518;95
50..100;13;72795504;G;A;0.0303029995411634;85
50..100;13;89361962;A;T;0.0289855003356933;95
50..100;13;98888141;G;A;0.0495867989957332;80
50..100;13;106663811;C;T;0.033057801425457;80
50..100;14;22455296;T;C;0.0422535017132759;90
50..100;14;32637966;G;A;0.0333333015441894;95
50..100;14;35761018;G;T;0.0684932023286819;95
50..100;14;90278328;A;G;0.0333333015441894;75
50..100;14;91215544;A;G;0.0268456004559993;95
50..100;14;92142990;C;T;0.0294118002057075;95
50..100;15;23121326;T;A;0.0450449995696544;70
50..100;15;33601568;T;C;0.0629371032118797;95
50..100;15;39254327;C;G;0.0428570993244648;90
50..100;15;50402109;G;A;0.040650401264429;80
50..100;15;63642950;G;A;0.055172398686409;95
50..100;15;68361714;A;G;0.0341879986226558;75
50..100;15;72230997;T;C;0.0413792990148067;95
50..100;15;79896865;G;C;0.0268456004559993;80
50..100;15;94384008;C;T;0.0320512987673282;95
50..100;16;11765485;G;A;0.0349650010466575;90
50..100;16;31547360;A;G;0.0583942010998725;95
50..100;16;54933184;A;C;0.0642857030034065;85
50..100;16;79585938;A;G;0.0657894983887672;95
50..100;16;83180875;A;C;0.0616438016295433;95
50..100;17;44250482;A;G;0.0410959012806415;95
50..100;17;50397140;A;G;0.0409835986793041;95
50..100;17;57045591;A;G;0.0416667014360427;90
50..100;17;67114320;G;A;0.0628931000828743;95
50..100;17;69253781;C;T;0.0378788001835346;90
50..100;17;78399553;T;C;0.0381679013371467;90
50..100;18;52923870;G;T;0.0338983014225959;70
50..100;18;63954571;C;G;0.0320000015199184;80
50..100;18;74081919;GT;G;0.0724638029932975;95
50..100;18;74248438;G;C;0.0347825996577739;75
50..100;19;1495278;T;C;0.1304350048303604;95
50..100;19;14917370;G;A;0.0454544983804225;90
50..100;19;19537537;C;G;0.0431034006178379;65
50..100;19;22596349;A;C;0.0442477986216545;75
50..100;2;20858504;A;G;0.0655737966299057;80
50..100;2;21028042;A;G;0.0640000030398368;90
50..100;2;43844604;G;A;0.0266667008399963;95
50..100;2;48916128;A;G;0.0298507008701562;90
50..100;2;53904017;T;C;0.041958000510931;95
50..100;2;61420766;G;A;0.0336133986711502;75
50..100;2;86492028;C;A;0.070175401866436;75
50..100;2;98228211;G;C;0.0616438016295433;95
50..100;2;98656339;A;G;0.0743243023753166;95
50..100;2;106122379;G;A;0.0335570015013217;90
50..100;2;108791752;A;G;0.0533333010971546;95
50..100;2;127738071;A;G;0.0547945015132427;90
50..100;2;127840887;T;C;0.0403226017951965;95
50..100;2;171375293;G;C;0.0514706000685691;95
50..100;2;171744206;A;C;0.0645160973072052;80
50..100;2;178689578;T;C;0.058823499828577;80
50..100;2;181549631;C;T;0.0393701009452343;75
50..100;2;185800236;A;C;0.1180559992790222;90
50..100;2;195957280;G;A;0.0367646999657154;95
50..100;2;200572325;G;A;0.0707964971661567;80
50..100;2;230245867;T;C;0.0555556006729602;90
50..100;20;1240394;C;T;0.0367646999657154;90
50..100;20;2562023;T;C;0.0857143029570579;95
50..100;20;21197259;A;G;0.0422535017132759;90
50..100;20;48632270;T;C;0.0593219995498657;90
50..100;21;14546256;C;G;0.0352112986147403;90
50..100;21;20425096;C;G;0.0719423964619636;95
50..100;21;26651051;C;T;0.0340135991573333;95
50..100;21;31060653;T;A;0.0598291009664535;85
50..100;21;40055840;G;A;0.0444444008171558;90
50..100;21;46346736;A;G;0.0827068015933036;95
50..100;22;23189844;T;C;0.0592592991888523;95
50..100;22;24749504;G;A;0.1451610028743744;90
50..100;3;69077344;C;T;0.064935103058815;95
50..100;3;98782284;G;A;0.079136699438095;90
50..100;3;102462287;G;A;0.0300751999020576;85
50..100;3;105541674;A;G;0.1517239958047866;85
50..100;3;112109537;GT;G;0.0536913014948368;95
50..100;3;112109629;G;A;0.0518518984317779;85
50..100;3;113940356;T;C;0.0422535017132759;95
50..100;3;121781852;T;C;0.0403226017951965;75
50..100;3;127028347;A;G;0.0364963002502918;90
50..100;3;136369196;A;G;0.0300751999020576;85
50..100;3;136959543;C;G;0.0482758991420269;95
50..100;3;142359917;T;C;0.0413792990148067;90
50..100;3;173049032;A;G;0.0408162996172905;90
50..100;4;20490794;T;G;0.0277778003364801;90
50..100;4;25407216;A;G;0.0316455997526645;95
50..100;4;41644634;C;G;0.0338983014225959;80
50..100;4;48539956;G;A;0.054263599216938;75
50..100;4;57032563;G;A;0.0534350983798503;90
50..100;4;61934836;A;G;0.0729926973581314;90
50..100;4;61935010;C;T;0.0566038005053997;70
50..100;4;69214257;G;A;0.0687023028731346;90
50..100;4;73445127;G;A;0.0540541000664234;90
50..100;4;75782851;C;T;0.0266667008399963;95
50..100;4;76035035;C;T;0.0354610010981559;95
50..100;4;78499710;C;T;0.0677966028451919;80
50..100;4;78499715;T;C;0.067164197564125;90
50..100;4;78499716;G;C;0.0642857030034065;95
50..100;4;78534579;T;C;0.0437499992549419;95
50..100;4;86025531;A;T;0.0780142024159431;85
50..100;4;97972286;G;A;0.0403226017951965;75
50..100;4;98416730;T;C;0.0514706000685691;90
50..100;4;119553704;G;A;0.0620689988136291;95
50..100;4;129204151;C;T;0.0375940017402172;85
50..100;4;150817188;G;A;0.0328947007656097;95
50..100;4;154320420;A;G;0.0514706000685691;90
50..100;4;155722024;A;T;0.0287769995629787;95
50..100;4;155785260;T;C;0.0322581008076667;85
50..100;4;155785330;A;G;0.0797101035714149;85
50..100;4;168448711;T;A;0.0451612994074821;95
50..100;4;168742464;G;T;0.0318471007049083;95
50..100;4;176192613;C;A;0.0422535017132759;95
50..100;4;186599883;A;C;0.0409835986793041;90
50..100;5;35806968;C;T;0.058823499828577;90
50..100;5;73849020;G;A;0.0437499992549419;95
50..100;5;90674063;G;A;0.0444444008171558;95
50..100;5;96790494;G;A;0.0307691991329193;95
50..100;5;96790605;G;A;0.0367646999657154;85
50..100;5;103009842;C;A;0.0564516000449657;80
50..100;5;110640887;A;G;0.046875;75
50..100;5;110948089;A;T;0.0384614989161491;90
50..100;5;119525243;C;T;0.0787402018904686;80
50..100;5;132304843;G;A;0.0599999986588954;95
50..100;5;148100464;A;G;0.0393701009452343;80
50..100;5;151027895;C;T;0.0875912010669708;95
50..100;5;156852464;C;T;0.0352112986147403;95
50..100;6;576902;C;T;0.0434782989323139;75
50..100;6;25092311;C;A;0.0723683983087539;95
50..100;6;25435530;G;A;0.0662252008914947;95
50..100;6;27457865;C;G;0.0378788001835346;80
50..100;6;28392882;C;G;0.0461537986993789;90
50..100;6;29929240;A;C;0.050000000745058;75
50..100;6;31277012;T;A;0.0483870990574359;85
50..100;6;32288641;C;T;0.0709676966071128;95
50..100;6;32349858;A;G;0.1041669994592666;95
50..100;6;33106012;C;T;0.0902777984738349;95
50..100;6;33106125;C;A;0.0357142984867095;95
50..100;6;38803320;C;T;0.0409835986793041;80
50..100;6;43433367;A;G;0.0340135991573333;95
50..100;6;54625188;A;G;0.0487805008888244;85
50..100;6;54625192;G;A;0.0409835986793041;85
50..100;6;56562133;T;C;0.0420168004930019;75
50..100;6;70272091;G;A;0.0457516014575958;95
50..100;6;75715572;G;A;0.0973450988531112;75
50..100;6;75915024;T;C;0.0322581008076667;90
50..100;6;84430460;C;A;0.0375940017402172;95
50..100;6;87472986;C;G;0.0780142024159431;85
50..100;6;87511385;C;T;0.0480769015848636;65
50..100;6;109227634;G;A;0.034722201526165;95
50..100;6;124936991;T;C;0.0616438016295433;90
50..100;6;129313110;A;G;0.0447761006653308;90
50..100;6;138920195;G;A;0.0438596010208129;70
50..100;6;152456684;A;G;0.0300751999020576;85
50..100;6;152488392;T;A;0.0399999991059303;80
50..100;6;158725899;C;T;0.0307691991329193;95
50..100;6;160032946;G;A;0.0517240986227989;80
50..100;7;36452603;T;C;0.0465116016566753;80
50..100;7;36855737;T;C;0.0279719997197389;95
50..100;7;45157834;A;G;0.0296295993030071;70
50..100;7;63114111;G;A;0.07462690025568;90
50..100;7;63114151;T;C;0.0454544983804225;85
50..100;7;63138930;T;C;0.0740740969777107;90
50..100;7;88639665;G;A;0.0496454015374183;95
50..100;7;90232643;A;G;0.0421052984893322;60
50..100;7;93105138;G;A;0.0384614989161491;90
50..100;7;135207209;A;G;0.0328947007656097;90
50..100;7;137444084;C;T;0.0504201985895633;75
50..100;7;142602301;G;A;0.0666666999459266;90
50..100;7;158664766;G;A;0.0291971005499362;95
50..100;8;12743211;A;T;0.0540541000664234;90
50..100;8;24952123;G;C;0.0909091010689735;80
50..100;8;26379462;T;C;0.0592592991888523;95
50..100;8;27651636;A;G;0.0799999982118606;95
50..100;8;38838478;C;T;0.1060609966516494;85
50..100;8;39606304;C;T;0.0373134016990661;85
50..100;8;58603197;A;G;0.0390625;80
50..100;8;62747076;A;G;0.0420168004930019;75
50..100;8;97644738;T;G;0.03125;90
50..100;8;140522588;C;T;0.0420168004930019;85
50..100;8;141449759;A;G;0.0342466011643409;95
50..100;8;143727098;T;C;0.0387097001075744;90
50..100;9;730054;G;A;0.0441175997257232;95
50..100;9;4574022;C;A;0.0375940017402172;90
50..100;9;4662369;C;A;0.0384614989161491;95
50..100;9;72223107;C;T;0.0620154999196529;85
50..100;9;84682279;T;C;0.0370370000600814;80
50..100;9;101562263;A;G;0.0451612994074821;95
50..100;9;136969889;G;A;0.0390625;80
100..300;1;1014228;A;G;0.0235987994819879;230
100..300;1;1487901;A;G;0.018691599369049;210
100..300;1;2405838;T;C;0.0238095000386238;160
100..300;1;2408634;G;C;0.0213415008038282;225
100..300;1;2521130;C;T;0.0301623996347188;290
100..300;1;2596694;C;T;0.0366300009191036;180
100..300;1;3022360;G;T;0.035087700933218;270
100..300;1;3752608;T;C;0.0145984999835491;265
100..300;1;3763492;A;G;0.0264550000429153;265
100..300;1;3836572;T;A;0.0631970018148422;190
100..300;1;3844915;T;C;0.0483870990574359;160
100..300;1;3883678;G;A;0.0700000002980232;210
100..300;1;6051661;T;C;0.0287957992404699;250
100..300;1;6124032;G;A;0.0271083991974592;205
100..300;1;6128486;A;G;0.0317460000514984;115
100..300;1;6136809;G;A;0.0449437983334064;230
100..300;1;6136883;G;A;0.0533333010971546;145
100..300;1;6144162;G;C;0.027522899210453;140
100..300;1;6151123;A;G;0.0562249012291431;160
100..300;1;6599445;A;G;0.0456140004098415;195
100..300;1;7623970;A;G;0.0410959012806415;100
100..300;1;8335500;T;G;0.0208816993981599;290
100..300;1;8365840;C;T;0.0246913991868495;160
100..300;1;8951527;G;T;0.0235690008848905;200
100..300;1;8951663;T;G;0.0519481003284454;165
100..300;1;9263851;A;G;0.0248755998909473;275
100..300;1;9264512;C;T;0.0155843999236822;270
100..300;1;9264611;G;A;0.0257610995322465;295
100..300;1;9735980;T;C;0.0242215003818273;185
100..300;1;10130826;T;A;0.0564103014767169;135
100..300;1;10258594;G;C;0.0255474001169204;180
100..300;1;10375266;A;C;0.0236220005899667;160
100..300;1;10400428;C;T;0.0185758993029594;200
100..300;1;10413139;T;C;0.0183150004595518;185
100..300;1;10506158;G;A;0.0622407011687755;165
100..300;1;10645053;A;G;0.050000000745058;195
100..300;1;10648085;G;A;0.0189273990690708;220
100..300;1;10653708;C;T;0.0449827015399932;195
100..300;1;10660544;A;G;0.0319635011255741;150
100..300;1;11046878;A;G;0.0317460000514984;190
100..300;1;11711931;G;A;0.0221401993185281;175
100..300;1;11775499;T;C;0.0254236999899148;150
100..300;1;11778977;A;G;0.0290456004440784;165
100..300;1;11779866;T;C;0.0349650010466575;185
100..300;1;11788011;C;G;0.0322581008076667;225
100..300;1;11794419;G;T;0.027607399970293;200
100..300;1;11794839;A;G;0.0262171998620033;175
100..300;1;11803000;A;G;0.01609200052917;295
100..300;1;12022869;G;A;0.0576271004974842;195
100..300;1;12244637;G;A;0.0446926988661289;125
100..300;1;12578936;T;C;0.0536585003137588;145
100..300;1;13390590;A;C;0.0377358011901378;260
100..300;1;15219581;A;G;0.0254776999354362;215
100..300;1;15329448;A;G;0.0325203016400337;155
100..300;1;15341780;A;G;0.0191571004688739;175
100..300;1;15487341;C;T;0.0355191007256507;245
100..300;1;15731994;T;C;0.0221401993185281;175
100..300;1;15770398;T;C;0.0360359996557235;160
100..300;1;16028095;T;A;0.0294118002057075;180
100..300;1;16030002;G;C;0.0433437004685401;210
100..300;1;16030027;G;A;0.0352564007043838;215
100..300;1;16030036;A;G;0.0314465016126632;215
100..300;1;16030038;C;T;0.0317460000514984;210
100..300;1;16052230;T;A;0.02990029938519;210
100..300;1;16148628;T;C;0.0317847989499568;280
100..300;1;16148631;T;C;0.0314770005643367;280
100..300;1;16398835;A;G;0.0368421003222465;125
100..300;1;16409637;C;T;0.0240000002086162;170
100..300;1;16486571;T;C;0.0247349999845027;180
100..300;1;16956078;A;G;0.0288462005555629;260
100..300;1;17229013;T;G;0.0548780001699924;215
100..300;1;19173066;C;T;0.0388350002467632;150
100..300;1;19345272;A;T;0.0277778003364801;140
100..300;1;19814790;T;C;0.0246575009077787;245
100..300;1;19897659;A;G;0.0315315015614032;145
100..300;1;20175177;A;G;0.0229885000735521;170
100..300;1;20330331;G;A;0.0332102999091148;165
100..300;1;20336445;G;A;0.037542700767517;185
100..300;1;20354225;A;G;0.0351759009063243;135
100..300;1;20500723;T;C;0.0380434989929199;130
100..300;1;20664780;A;G;0.0620154999196529;170
100..300;1;20686070;T;C;0.0212766006588935;210
100..300;1;21411461;C;T;0.051282100379467;105
100..300;1;21473431;A;G;0.0298165008425712;285
100..300;1;21619037;T;C;0.0344827994704246;240
100..300;1;21703628;G;A;0.09375;105
100..300;1;21782877;A;G;0.0270269997417926;175
100..300;1;21887634;G;A;0.0397727005183696;235
100..300;1;22509184;G;A;0.0332102999091148;180
100..300;1;22526222;C;G;0.0273972991853952;145
100..300;1;22589260;C;T;0.0393120013177394;270
100..300;1;22593601;G;C;0.0328767001628875;245
100..300;1;22597292;A;G;0.0443350002169609;135
100..300;1;22600821;G;A;0.0394737012684345;220
100..300;1;22882432;A;G;0.0254236999899148;145
100..300;1;23441703;A;G;0.0353982001543045;150
100..300;1;23793137;T;C;0.0206896997988224;180
100..300;1;24061927;G;A;0.0282486006617546;115
100..300;1;24066181;C;T;0.0301623996347188;290
100..300;1;24068321;G;A;0.0170316006988286;265
100..300;1;24082675;T;C;0.0270269997417926;170
100..300;1;24354425;T;C;0.032846700400114;170
100..300;1;24379839;A;C;0.0443038009107112;110
100..300;1;24442126;A;G;0.0354839004576206;200
100..300;1;25228228;A;G;0.0225563999265432;175
100..300;1;26275079;G;A;0.0306122004985809;135
100..300;1;26354172;T;C;0.0183486007153987;290
100..300;1;26354328;T;C;0.0353535003960132;270
100..300;1;26519704;T;C;0.0233235992491245;230
100..300;1;26952062;A;G;0.0191387999802827;295
100..300;1;27382648;G;A;0.0223881006240844;180
100..300;1;27882794;G;A;0.0279188007116317;270
100..300;1;27882851;C;T;0.0356164015829563;255
100..300;1;27882855;G;A;0.035911601036787;255
100..300;1;28228915;A;G;0.0267175994813442;170
100..300;1;28237741;G;A;0.0303029995411634;115
100..300;1;30716054;G;A;0.0214796997606754;275
100..300;1;30874552;T;C;0.0322581008076667;205
100..300;1;30878666;A;G;0.0221238993108272;150
100..300;1;30953968;G;A;0.052631601691246;140
100..300;1;31423761;T;C;0.0261627994477748;225
100..300;1;31691408;T;G;0.02033899910748;195
100..300;1;31692773;C;T;0.0601718984544277;230
100..300;1;31698605;G;T;0.0959595963358879;130
100..300;1;31699894;T;G;0.0313315987586975;260
100..300;1;31728046;C;T;0.0565111003816127;270
100..300;1;31731046;G;C;0.0375722981989383;250
100..300;1;31741980;G;T;0.0274509992450475;180
100..300;1;31756312;A;G;0.0260585993528366;215
100..300;1;32091885;G;A;0.0340313985943794;255
100..300;1;32207307;G;T;0.0369127988815307;200
100..300;1;32214950;T;C;0.0329217985272407;170
100..300;1;32229218;G;A;0.0285714007914066;135
100..300;1;32247598;G;A;0.0242423992604017;225
100..300;1;32944092;A;G;0.0261438004672527;200
100..300;1;33559328;C;T;0.0472441017627716;165
100..300;1;33559430;G;A;0.0346154011785984;170
100..300;1;35901980;T;C;0.032846700400114;180
100..300;1;36319669;T;C;0.0324674993753433;115
100..300;1;37557715;T;C;0.0407523997128009;195
100..300;1;37721775;G;A;0.0361991003155708;145
100..300;1;37721781;A;G;0.0321100987493991;145
100..300;1;37723025;C;T;0.044871799647808;100
100..300;1;37723068;T;C;0.0418410003185272;165
100..300;1;37723096;T;C;0.0395683012902736;185
100..300;1;37723115;G;A;0.0464285984635353;185
100..300;1;37997832;T;C;0.034722201526165;190
100..300;1;38709824;T;C;0.0301724001765251;155
100..300;1;38859391;C;T;0.0476190000772476;110
100..300;1;38864727;A;G;0.0355030000209808;115
100..300;1;38873777;T;C;0.0252525005489587;135
100..300;1;38874610;T;C;0.0371900983154773;165
100..300;1;39387318;C;T;0.0268198996782302;185
100..300;1;39523127;A;G;0.0251256003975868;245
100..300;1;41510674;C;T;0.0278884004801511;170
100..300;1;41510858;T;C;0.0523255988955497;240
100..300;1;41524790;A;G;0.0553359985351562;155
100..300;1;41580076;C;T;0.0166205000132322;250
100..300;1;41581537;G;C;0.0308123007416725;250
100..300;1;43605020;G;A;0.0677082985639572;140
100..300;1;43824858;G;A;0.0285714007914066;140
100..300;1;44739926;C;T;0.0217390991747379;205
100..300;1;44760412;A;G;0.0236485991626977;195
100..300;1;44775613;G;C;0.0284697990864515;185
100..300;1;44780570;A;T;0.024024000391364;245
100..300;1;44803661;G;A;0.0280000008642673;160
100..300;1;44804352;C;G;0.0245398990809917;215
100..300;1;44826236;A;G;0.0306512992829084;160
100..300;1;44827194;A;G;0.0318471007049083;225
100..300;1;44827846;G;A;0.0969163030385971;165
100..300;1;44841834;A;G;0.0446926988661289;125
100..300;1;44958837;C;G;0.052631601691246;120
100..300;1;44978366;A;G;0.026315800845623;195
100..300;1;44988221;C;A;0.0260223001241683;195
100..300;1;45003504;T;A;0.0241545997560024;135
100..300;1;45003914;A;G;0.0364582985639572;130
100..300;1;45628355;G;A;0.0489509999752044;190
100..300;1;45629600;C;T;0.0476190000772476;155
100..300;1;45729703;C;T;0.061403501778841;145
100..300;1;46194623;C;T;0.0394737012684345;205
100..300;1;46341925;A;G;0.0440770983695983;245
100..300;1;46405089;A;C;0.0323740988969802;180
100..300;1;46511045;T;C;0.0543477982282638;245
100..300;1;46614993;T;C;0.0368097983300685;205
100..300;1;46615007;A;G;0.046647198498249;220
100..300;1;46615069;T;C;0.0396040007472038;195
100..300;1;46815187;A;G;0.0330033004283905;205
100..300;1;46815212;T;C;0.0404412001371383;185
100..300;1;46817100;T;C;0.0709220021963119;175
100..300;1;47142179;T;A;0.0297871995717287;145
100..300;1;47143817;C;T;0.0424929000437259;220
100..300;1;47994235;T;C;0.0597403012216091;260
100..300;1;48232079;T;C;0.024024000391364;225
100..300;1;49045752;G;A;0.0595237985253334;110
100..300;1;51288232;A;G;0.0583942010998725;185
100..300;1;52525966;T;C;0.0536722987890243;240
100..300;1;52904685;T;G;0.0415224991738796;190
100..300;1;52995795;A;G;0.0299251992255449;270
100..300;1;53594343;C;G;0.0265152007341384;185
100..300;1;53594575;C;T;0.0238806009292602;230
100..300;1;54701169;T;C;0.0341297015547752;185
100..300;1;54716627;A;T;0.0246913991868495;215
100..300;1;56536941;A;G;0.0361445993185043;110
100..300;1;56536955;T;C;0.0357142984867095;130
100..300;1;58048418;G;A;0.0327868983149528;215
100..300;1;58506159;A;G;0.0261780004948377;125
100..300;1;58534040;A;G;0.050000000745058;125
100..300;1;58576509;T;G;0.0155039001256227;270
100..300;1;58576716;G;C;0.0230768993496894;265
100..300;1;61766458;C;T;0.0636942982673645;100
100..300;1;61990342;A;G;0.0295566990971565;140
100..300;1;62266749;C;T;0.0364371985197067;150
100..300;1;63843422;A;G;0.0370370000600814;130
100..300;1;66676992;C;T;0.0317460000514984;120
100..300;1;67278569;C;T;0.0343137010931968;130
100..300;1;74199809;A;G;0.0276679992675781;165
100..300;1;75732751;C;T;0.0578946992754936;130
100..300;1;75744107;C;T;0.0262467004358768;250
100..300;1;75744604;T;C;0.0250895991921424;185
100..300;1;75744792;T;C;0.0354610010981559;100
100..300;1;75761337;G;A;0.0289855003356933;145
100..300;1;76700455;G;A;0.0204677991569042;240
100..300;1;77293893;G;A;0.0606060996651649;145
100..300;1;77926761;A;G;0.0504586994647979;145
100..300;1;78492806;T;C;0.0322581008076667;185
100..300;1;81427141;T;C;0.0314961001276969;180
100..300;1;81721749;T;C;0.0260869991034269;160
100..300;1;81722517;G;C;0.03125;150
100..300;1;86022231;A;C;0.0268817003816366;115
100..300;1;86428558;T;C;0.0365854017436504;115
100..300;1;88807604;A;G;0.04736839979887;125
100..300;1;91319330;A;G;0.0944444015622139;115
100..300;1;91394244;G;A;0.1049719974398613;125
100..300;1;91720100;T;C;0.0290908999741077;190
100..300;1;94001103;G;A;0.0330188982188701;130
100..300;1;94005598;T;C;0.035087700933218;125
100..300;1;94008289;C;T;0.0204777996987104;185
100..300;1;94008308;T;C;0.0237153992056846;155
100..300;1;94008772;C;T;0.0387097001075744;100
100..300;1;94047009;T;C;0.0412621013820171;275
100..300;1;98695628;A;C;0.0343137010931968;125
100..300;1;98953091;C;G;0.0445545017719268;140
100..300;1;101772262;T;C;0.138727992773056;110
100..300;1;107057296;T;C;0.023054800927639;240
100..300;1;107505351;T;C;0.0423729009926319;165
100..300;1;107537323;A;G;0.0265487004071474;145
100..300;1;108722407;T;G;0.0204677991569042;225
100..300;1;108937356;T;G;0.0407240018248558;155
100..300;1;109295231;A;G;0.0471014007925987;180
100..300;1;111241360;A;C;0.0271738991141319;120
100..300;1;111755960;G;A;0.0405405014753341;200
100..300;1;111766709;C;T;0.0372340008616447;125
100..300;1;112694059;T;C;0.0389610007405281;145
100..300;1;112696760;A;G;0.0265487004071474;225
100..300;1;112698430;C;T;0.0230263005942106;195
100..300;1;112700356;T;G;0.0199999995529651;170
100..300;1;114137918;T;C;0.0271003004163503;250
100..300;1;115058907;G;C;0.0520000010728836;165
100..300;1;115663802;A;G;0.0252809002995491;250
100..300;1;115705205;C;T;0.0209205001592636;155
100..300;1;115791113;C;T;0.0496894009411335;100
100..300;1;116714075;C;A;0.080645203590393;130
100..300;1;116768525;A;C;0.0372671000659465;210
100..300;1;117101436;G;A;0.0202702991664409;190
100..300;1;117994519;C;T;0.0320512987673282;100
100..300;1;119085233;T;C;0.0411522984504699;175
100..300;1;119085331;C;T;0.0368851982057094;180
100..300;1;119126639;A;C;0.052631601691246;115
100..300;1;119422310;C;T;0.0348100997507572;220
100..300;1;119438989;T;C;0.0434782989323139;120
100..300;1;119445799;T;C;0.0239234007894992;150
100..300;1;119446065;A;G;0.0357142984867095;125
100..300;1;119605239;A;G;0.0360359996557235;135
100..300;1;119894128;C;T;0.0297296997159719;265
100..300;1;119895095;A;G;0.022580599412322;215
100..300;1;119915381;T;A;0.0338983014225959;160
100..300;1;145899155;A;G;0.0547945015132427;155
100..300;1;145927267;A;T;0.0653595030307769;115
100..300;1;149900352;C;G;0.0196720995008945;220
100..300;1;150473343;G;A;0.0404624007642269;120
100..300;1;150512511;A;G;0.0306905005127191;265
100..300;1;150553930;T;C;0.0379747003316879;230
100..300;1;150559900;A;G;0.0245232004672288;245
100..300;1;150755063;A;G;0.0295081995427608;195
100..300;1;150836413;G;C;0.0340556986629962;220
100..300;1;150968905;T;C;0.0303029995411634;160
100..300;1;150987874;C;A;0.0208333004266023;190
100..300;1;151132600;A;G;0.032345000654459;235
100..300;1;151524900;A;G;0.0493827015161514;100
100..300;1;152110849;T;A;0.0208877008408308;255
100..300;1;152350656;T;G;0.0532318986952304;175
100..300;1;152358764;A;G;0.0233462993055582;160
100..300;1;152409586;T;C;0.0328947007656097;115
100..300;1;152719598;C;G;0.0292397998273372;235
100..300;1;152719996;C;A;0.0489914007484912;240
100..300;1;152720112;G;A;0.0240550003945827;195
100..300;1;152737689;T;G;0.0698413029313087;225
100..300;1;152759960;C;G;0.074498601257801;250
100..300;1;152760825;A;T;0.0533333010971546;270
100..300;1;153003019;A;G;0.0325580984354019;150
100..300;1;153418150;A;G;0.0258064996451139;200
100..300;1;153458959;G;T;0.0271738991141319;240
100..300;1;153615864;T;C;0.0254545006901025;185
100..300;1;154414549;C;T;0.0288462005555629;150
100..300;1;154572175;T;G;0.0228310991078615;135
100..300;1;154965759;C;G;0.0233462993055582;185
100..300;1;154966186;C;T;0.0443548001348972;175
100..300;1;155177242;A;G;0.0348837003111839;110
100..300;1;155321462;T;C;0.025000000372529;175
100..300;1;156134501;A;G;0.0204777996987104;180
100..300;1;156137743;T;C;0.0377358011901378;145
100..300;1;156158429;C;T;0.0185873992741107;175
100..300;1;156232382;G;A;0.0310881007462739;125
100..300;1;156294857;T;C;0.0249432995915412;280
100..300;1;156377340;A;G;0.0332325994968414;220
100..300;1;156530336;C;T;0.0426829010248184;115
100..300;1;156548587;A;G;0.0640000030398368;175
100..300;1;156815190;C;T;0.0480226017534732;230
100..300;1;156815825;A;G;0.0609756000339984;220
100..300;1;156815987;A;G;0.0476190000772476;210
100..300;1;156876441;A;G;0.0192307997494936;200
100..300;1;156903935;A;G;0.039801001548767;270
100..300;1;156908945;C;T;0.0394737012684345;110
100..300;1;156909740;T;C;0.0327868983149528;115
100..300;1;156909788;T;C;0.0298507008701562;170
100..300;1;156913204;C;G;0.0308641996234655;205
100..300;1;156913423;A;C;0.0343137010931968;275
100..300;1;156920880;C;T;0.0287356004118919;235
100..300;1;156932489;G;T;0.0189394000917673;160
100..300;1;156939903;A;G;0.032863799482584;140
100..300;1;156969275;A;G;0.0284359995275735;135
100..300;1;157587911;A;G;0.0517240986227989;120
100..300;1;157589332;T;C;0.0271083991974592;215
100..300;1;157630127;G;A;0.0458333007991313;160
100..300;1;157630147;A;T;0.0338983014225959;155
100..300;1;158578998;G;A;0.0256409998983144;185
100..300;1;158674315;A;T;0.0426829010248184;105
100..300;1;158765805;T;C;0.0829493030905723;145
100..300;1;158765901;C;T;0.0376712009310722;190
100..300;1;158765950;G;A;0.0395136997103691;210
100..300;1;158766102;G;A;0.0698413029313087;220
100..300;1;158766655;T;C;0.0714285969734191;200
100..300;1;159016687;C;G;0.0273972991853952;195
100..300;1;159032587;A;C;0.0252707991749048;180
100..300;1;159032599;A;T;0.037542700767517;195
100..300;1;159440550;A;T;0.0214285999536514;190
100..300;1;159535311;A;G;0.0506667010486125;255
100..300;1;159806576;A;G;0.0273972991853952;180
100..300;1;159809120;A;G;0.0341207012534141;255
100..300;1;159815623;T;C;0.0418847985565662;135
100..300;1;159815635;G;A;0.0457143001258373;120
100..300;1;159884461;C;T;0.0358744002878665;140
100..300;1;160130411;G;C;0.0377358011901378;155
100..300;1;160166560;A;G;0.039682500064373;245
100..300;1;160425147;C;A;0.0218978002667427;190
100..300;1;160425213;A;G;0.021680200472474;240
100..300;1;160816880;G;A;0.034722201526165;105
100..300;1;161000299;T;C;0.0213415008038282;215
100..300;1;161193843;T;C;0.0313725993037223;185
100..300;1;161198214;T;C;0.0225988999009132;250
100..300;1;161510859;G;A;0.0387930981814861;145
100..300;1;161711990;G;A;0.0370370000600814;225
100..300;1;161727359;T;G;0.0185185000300407;290
100..300;1;162365466;T;C;0.0337838008999824;205
100..300;1;162374312;T;C;0.0367893017828464;200
100..300;1;162397281;T;C;0.0427807010710239;120
100..300;1;164357216;C;G;0.0335570015013217;200
100..300;1;164357352;G;T;0.0497511997818946;135
100..300;1;165679472;T;C;0.0541872009634971;130
100..300;1;166747404;C;A;0.0625;105
100..300;1;166747856;C;G;0.0445859991014003;120
100..300;1;167126528;A;G;0.0151134002953767;290
100..300;1;167823118;A;G;0.0275861993432045;180
100..300;1;167845792;G;A;0.0326531007885932;170
100..300;1;167870340;A;G;0.0288066007196903;155
100..300;1;167880176;G;A;0.020491799339652;150
100..300;1;169542640;G;T;0.0218340996652841;155
100..300;1;169542801;C;T;0.0340426005423069;160
100..300;1;169544345;T;G;0.0297871995717287;155
100..300;1;169546488;T;C;0.0319635011255741;140
100..300;1;170166528;T;C;0.0379747003316879;155
100..300;1;170166619;C;T;0.0447761006653308;215
100..300;1;170166624;C;T;0.0416667014360427;215
100..300;1;170369796;G;C;0.0539215989410877;145
100..300;1;170958474;G;A;0.0547945015132427;155
100..300;1;170989947;T;C;0.0276497993618249;140
100..300;1;170996540;C;T;0.0578946992754936;120
100..300;1;171258077;C;T;0.026011599227786;230
100..300;1;171334697;A;G;0.043010801076889;125
100..300;1;171339693;G;A;0.0399999991059303;210
100..300;1;171636247;C;T;0.0243902001529932;280
100..300;1;171786042;A;G;0.03913040086627;160
100..300;1;171794409;T;C;0.0283019002526998;135
100..300;1;173909694;C;T;0.0202019996941089;270
100..300;1;173909724;C;T;0.0425000004470348;280
100..300;1;177954305;G;T;0.0256409998983144;175
100..300;1;178747028;A;G;0.0585585981607437;160
100..300;1;179085885;T;C;0.0270269997417926;155
100..300;1;179652089;A;G;0.0414937995374202;155
100..300;1;179662107;A;G;0.0596025995910167;100
100..300;1;179663401;G;A;0.0269057992845773;150
100..300;1;180196564;C;A;0.0314961001276969;260
100..300;1;181052347;T;C;0.0330329984426498;220
100..300;1;181055268;A;G;0.046594999730587;185
100..300;1;182057887;T;C;0.024024000391364;230
100..300;1;182575446;T;C;0.0404412001371383;180
100..300;1;185551468;A;G;0.0790698006749153;135
100..300;1;186057342;C;T;0.1144580021500587;105
100..300;1;186061909;T;C;0.0728477016091346;100
100..300;1;186977737;G;A;0.027624299749732;120
100..300;1;190764921;A;G;0.0523255988955497;105
100..300;1;193020464;A;G;0.052631601691246;100
100..300;1;193181089;G;A;0.0483870990574359;130
100..300;1;196673103;A;G;0.032490998506546;175
100..300;1;196951018;T;C;0.0376568995416164;160
100..300;1;197927598;C;T;0.0247933994978666;160
100..300;1;200407567;T;C;0.057915098965168;190
100..300;1;200864089;C;T;0.035087700933218;185
100..300;1;201197255;A;G;0.070175401866436;175
100..300;1;201206980;A;G;0.0255590993911027;215
100..300;1;201207840;G;A;0.0186170004308223;270
100..300;1;201208118;C;T;0.0232558008283376;205
100..300;1;201208410;T;G;0.0300299990922212;230
100..300;1;201212792;T;G;0.0308989007025957;250
100..300;1;201283738;T;C;0.0299145001918077;160
100..300;1;201313445;G;A;0.0184211004525423;260
100..300;1;201361940;G;A;0.049822099506855;180
100..300;1;201365667;T;C;0.019718300551176;220
100..300;1;201372047;C;CAGAAG;0.0613332986831665;250
100..300;1;201386541;C;T;0.026315800845623;225
100..300;1;202562613;T;C;0.0396040007472038;130
100..300;1;202605656;A;G;0.0515872985124588;170
100..300;1;203183673;C;T;0.0547112002968788;210
100..300;1;203799200;C;T;0.0410448014736175;195
100..300;1;203800404;A;G;0.0276497993618249;145
100..300;1;204126092;T;C;0.0209580995142459;220
100..300;1;204162058;G;T;0.0220819991081953;210
100..300;1;204190659;C;G;0.0390071012079715;180
100..300;1;204192819;T;C;0.0284359995275735;135
100..300;1;204618112;A;G;0.0291776992380619;265
100..300;1;204954892;T;C;0.0207100994884967;210
100..300;1;204975408;G;A;0.0456621013581752;140
100..300;1;204976686;T;C;0.0218182001262903;170
100..300;1;204976806;G;A;0.0217390991747379;185
100..300;1;204979531;G;A;0.067375898361206;180
100..300;1;205059695;AG;A;0.0381355993449687;150
100..300;1;205303798;T;C;0.0303866993635892;240
100..300;1;205303855;G;C;0.0264550000429153;250
100..300;1;205420525;T;C;0.0304878000169992;110
100..300;1;205992708;A;G;0.0303029995411634;100
100..300;1;206476722;G;A;0.0385964997112751;200
100..300;1;206477764;A;G;0.0288184005767107;205
100..300;1;206584745;T;A;0.0684211030602455;135
100..300;1;207126725;A;G;0.02928869985044;150
100..300;1;207480019;G;A;0.0372671000659465;100
100..300;1;207609362;G;A;0.0366300009191036;180
100..300;1;209611861;A;G;0.0308641996234655;220
100..300;1;209638541;G;T;0.0189394000917673;165
100..300;1;210861363;C;T;0.0287769995629787;105
100..300;1;214657249;G;A;0.025000000372529;190
100..300;1;216175422;T;C;0.0703518018126487;125
100..300;1;220314315;T;C;0.0322581008076667;110
100..300;1;221739466;C;T;0.0362694002687931;265
100..300;1;222540161;G;C;0.0211479999125003;220
100..300;1;223005219;C;A;0.0490196011960506;210
100..300;1;223111186;G;A;0.0185185000300407;190
100..300;1;223761612;C;G;0.0431655012071132;180
100..300;1;223766378;C;A;0.0411522984504699;155
100..300;1;223772257;A;G;0.0190114006400108;175
100..300;1;223802264;T;C;0.0297030005604028;125
100..300;1;223863737;T;C;0.0657894983887672;170
100..300;1;223863759;G;A;0.0314684994518756;210
100..300;1;223864224;C;T;0.0284899994730949;245
100..300;1;224574664;G;C;0.045016098767519;205
100..300;1;225345982;G;A;0.0357142984867095;130
100..300;1;225346517;C;T;0.0324674993753433;110
100..300;1;225398572;T;G;0.0111940000206232;175
100..300;1;225517743;A;G;0.0306604001671075;285
100..300;1;225844528;T;C;0.0216607004404068;175
100..300;1;225877491;C;G;0.0274914000183343;190
100..300;1;226164797;G;T;0.043715801090002;120
100..300;1;226367601;G;A;0.0921659022569656;135
100..300;1;226402257;A;G;0.0417909994721412;220
100..300;1;226961502;A;G;0.0268456004559993;190
100..300;1;227434310;G;A;0.0283911991864442;200
100..300;1;228097290;T;C;0.0261193998157978;200
100..300;1;228214807;T;C;0.0456431992352008;160
100..300;1;228276602;T;G;0.0222222004085779;235
100..300;1;228283678;C;G;0.0260416995733976;255
100..300;1;228315976;G;A;0.0265251994132995;255
100..300;1;228321726;G;A;0.0241286996752023;250
100..300;1;228337926;A;C;0.0338983014225959;120
100..300;1;228374649;C;T;0.0389971993863582;245
100..300;1;229531657;G;C;0.052631601691246;200
100..300;1;230219692;T;C;0.0359999984502792;160
100..300;1;230249191;C;T;0.0537189990282058;170
100..300;1;230710048;G;A;0.0367347002029418;170
100..300;1;231241060;C;G;0.0221401993185281;190
100..300;1;232399211;C;T;0.0278884004801511;160
100..300;1;232428551;A;T;0.034682098776102;110
100..300;1;232439175;C;T;0.0399999991059303;185
100..300;1;232445690;A;G;0.0465116016566753;210
100..300;1;232462241;A;T;0.0890052020549774;125
100..300;1;232950710;C;T;0.0316455997526645;205
100..300;1;232986045;A;G;0.0170454997569322;230
100..300;1;232986381;T;C;0.0208954997360706;235
100..300;1;232998340;T;C;0.0315456986427307;205
100..300;1;233362280;T;C;0.0439560003578662;120
100..300;1;233905571;T;C;0.0213523004204034;200
100..300;1;234446905;C;T;0.0493420995771884;190
100..300;1;234448485;T;C;0.0621117986738681;100
100..300;1;235160983;C;T;0.017543900758028;270
100..300;1;235161230;A;T;0.027522899210453;145
100..300;1;235777150;T;C;0.0388889014720916;120
100..300;1;235781994;C;T;0.0309734996408224;150
100..300;1;235809135;C;T;0.0711110979318618;150
100..300;1;235809567;C;T;0.0219780001789331;205
100..300;1;235981651;G;A;0.025000000372529;165
100..300;1;235991065;T;G;0.0287356004118919;115
100..300;1;237454457;T;C;0.0528634004294872;150
100..300;1;240093522;A;C;0.027624299749732;120
100..300;1;240329434;A;G;0.033653799444437;135
100..300;1;241592046;T;C;0.0359476990997791;195
100..300;1;241860596;G;A;0.0297030005604028;195
100..300;1;241870961;G;A;0.0295566990971565;135
100..300;1;241872136;A;G;0.0537189990282058;155
100..300;1;243415810;A;G;0.0240963995456695;160
100..300;1;244560790;A;G;0.0288066007196903;160
100..300;1;244572556;G;A;0.055214699357748;215
100..300;1;244583848;A;G;0.0319635011255741;135
100..300;1;247257119;T;C;0.0378006994724273;205
100..300;1;247588859;C;T;0.0215517003089189;165
100..300;1;247672648;C;T;0.0480769015848636;135
100..300;1;247712306;G;C;0.02990029938519;200
100..300;1;247723647;C;T;0.0467626005411148;195
100..300;1;247840994;G;A;0.039647601544857;145
100..300;1;247875992;A;G;0.0379747003316879;205
100..300;1;247876149;T;C;0.0235601998865604;260
100..300;1;248038987;C;T;0.0474776998162269;225
100..300;1;248204004;A;T;0.0572917014360427;125
100..300;1;248323998;T;C;0.1072660014033317;190
100..300;1;248348762;G;T;0.0366492010653018;135
100..300;1;248348792;T;C;0.0381355993449687;160
100..300;1;248349335;T;C;0.0434782989323139;185
100..300;1;248349447;A;G;0.0735293999314308;190
100..300;1;248349465;T;G;0.0833332985639572;175
100..300;1;248682055;T;G;0.0332481004297733;265
100..300;10;3149631;T;C;0.0199203006923198;160
100..300;10;5094459;G;C;0.0391061007976532;115
100..300;10;5099417;T;C;0.0466925986111164;160
100..300;10;5107511;A;G;0.0287356004118919;110
100..300;10;5761405;G;A;0.0235849004238843;140
100..300;10;6021545;A;G;0.0277778003364801;175
100..300;10;6024237;G;C;0.0256409998983144;185
100..300;10;8161512;T;G;0.0357142984867095;170
100..300;10;8161641;A;C;0.0197627991437912;185
100..300;10;8161722;A;T;0.0346320010721683;165
100..300;10;8620212;A;G;0.0382165983319282;115
100..300;10;11257772;T;A;0.0391459017992019;175
100..300;10;11755501;A;G;0.0347825996577739;150
100..300;10;12250349;T;G;0.0206186007708311;180
100..300;10;13058204;C;T;0.0280374009162187;140
100..300;10;13058441;C;A;0.0279070008546113;140
100..300;10;13172753;C;G;0.052631601691246;165
100..300;10;13183119;A;G;0.0225224997848272;150
100..300;10;13188934;T;C;0.0278884004801511;165
100..300;10;13192356;T;A;0.0629921033978462;180
100..300;10;14901177;G;C;0.0309734996408224;150
100..300;10;14932906;C;T;0.0282685998827219;185
100..300;10;14934728;C;G;0.0471698008477687;140
100..300;10;15008801;C;T;0.0333333015441894;105
100..300;10;15064442;G;A;0.0232558008283376;135
100..300;10;15684089;T;C;0.0283400993794202;160
100..300;10;16520601;A;G;0.0213776994496583;260
100..300;10;17594310;A;G;0.0380434989929199;115
100..300;10;17714597;C;T;0.0267379991710186;120
100..300;10;19387624;G;A;0.0617978014051914;120
100..300;10;19387632;A;G;0.0765027031302452;120
100..300;10;23002023;T;C;0.0386266000568866;155
100..300;10;23119349;T;C;0.0585937984287738;170
100..300;10;24433017;C;A;0.0608365014195442;175
100..300;10;25023760;G;A;0.1027029976248741;135
100..300;10;25024889;T;C;0.0643564015626907;150
100..300;10;26173861;A;G;0.0763052031397819;175
100..300;10;26216893;A;G;0.0476190000772476;115
100..300;10;27112127;T;C;0.0357142984867095;130
100..300;10;27149035;C;T;0.0414507985115051;120
100..300;10;27247771;T;TTAGA;0.0497511997818946;155
100..300;10;27413240;T;C;0.0220993999391794;250
100..300;10;29458292;A;G;0.0233332999050617;200
100..300;10;29480718;A;G;0.0338542014360427;250
100..300;10;29532160;T;C;0.0441767014563083;160
100..300;10;29532594;C;T;0.0607286989688873;170
100..300;10;29533230;C;T;0.0375334993004798;260
100..300;10;29550584;G;A;0.0601092986762523;125
100..300;10;29550858;G;A;0.0436046011745929;245
100..300;10;29551109;G;A;0.0364742018282413;230
100..300;10;29551235;G;A;0.0489795990288257;165
100..300;10;29554904;T;C;0.0397727005183696;240
100..300;10;30027279;C;T;0.0334347002208232;230
100..300;10;30027943;C;T;0.0224438998848199;280
100..300;10;30845285;G;A;0.0178117007017135;270
100..300;10;32583192;T;C;0.0331492014229297;115
100..300;10;32848623;C;T;0.0294118002057075;105
100..300;10;33180253;G;A;0.0318841002881526;220
100..300;10;33186354;T;C;0.0438596010208129;245
100..300;10;33213312;T;C;0.039801001548767;140
100..300;10;33221735;A;G;0.0743801966309547;145
100..300;10;33221840;A;G;0.0559441000223159;175
100..300;10;36523323;T;C;0.0217984002083539;240
100..300;10;36523951;G;A;0.0351438000798225;215
100..300;10;42785641;C;T;0.0252707991749048;185
100..300;10;43387894;A;T;0.0509553998708725;105
100..300;10;43605076;G;C;0.0345912016928195;230
100..300;10;43616358;A;G;0.1040719971060752;155
100..300;10;43616797;A;G;0.0404039993882179;205
100..300;10;44890598;C;T;0.0272374004125595;175
100..300;10;45463408;C;G;0.0197739992290735;245
100..300;10;45463433;C;A;0.0197739992290735;240
100..300;10;48232303;T;C;0.0352941006422042;115
100..300;10;48451601;G;A;0.0207468997687101;160
100..300;10;48455141;A;G;0.0291262008249759;200
100..300;10;48634610;T;C;0.0591397993266582;120
100..300;10;48760447;A;G;0.0281690005213022;140
100..300;10;48790779;T;C;0.0335820987820625;170
100..300;10;48805357;C;T;0.0167223997414112;200
100..300;10;48826788;A;G;0.0330033004283905;205
100..300;10;48964066;T;C;0.0288462005555629;140
100..300;10;48976904;T;C;0.0322581008076667;220
100..300;10;48978370;T;C;0.0266159996390342;175
100..300;10;49616573;A;G;0.0196077991276979;160
100..300;10;50679198;A;G;0.0232558008283376;260
100..300;10;55599937;T;C;0.0361445993185043;100
100..300;10;59654253;T;G;0.0204082001000642;220
100..300;10;59654418;A;G;0.0211267992854118;195
100..300;10;60071893;G;C;0.043902400881052;160
100..300;10;62198353;C;T;0.0451612994074821;105
100..300;10;62218221;T;C;0.0573248006403446;100
100..300;10;62399574;T;G;0.0293160006403923;215
100..300;10;66379281;A;G;0.0224718991667032;165
100..300;10;68174501;G;C;0.0603674985468387;255
100..300;10;68199485;A;C;0.0301003009080886;195
100..300;10;68341660;C;G;0.0408162996172905;125
100..300;10;68414950;A;T;0.0307691991329193;125
100..300;10;68572915;A;T;0.0290908999741077;200
100..300;10;68573105;T;C;0.0425532013177871;200
100..300;10;68645480;A;G;0.0488599017262458;210
100..300;10;68885620;C;A;0.0284697990864515;195
100..300;10;68885941;T;C;0.0236967001110315;295
100..300;10;69133035;T;C;0.0541872009634971;125
100..300;10;69186084;T;C;0.0311111006885767;145
100..300;10;69232908;T;C;0.0461537986993789;180
100..300;10;69250619;T;C;0.0521326996386051;135
100..300;10;70255023;A;G;0.023972600698471;180
100..300;10;70566644;A;G;0.0454544983804225;195
100..300;10;70758074;A;G;0.0229007992893457;185
100..300;10;70758253;G;A;0.040650401264429;165
100..300;10;71675131;C;G;0.0262295007705688;190
100..300;10;71773420;G;A;0.0330188982188701;135
100..300;10;71791212;A;G;0.0307691991329193;205
100..300;10;71799095;G;A;0.0393257997930049;125
100..300;10;71799129;A;G;0.0445344001054763;175
100..300;10;71799195;T;C;0.0606935992836952;225
100..300;10;71802987;A;G;0.0387811996042728;220
100..300;10;71815086;A;G;0.0415647998452186;265
100..300;10;71819125;C;T;0.0291262008249759;135
100..300;10;71819460;T;C;0.026315800845623;145
100..300;10;77184832;A;G;0.0270269997417926;150
100..300;10;77781211;C;T;0.0237287990748882;200
100..300;10;77806874;A;G;0.0165484994649887;275
100..300;10;79684078;A;G;0.0324073992669582;140
100..300;10;79946568;G;A;0.0210526008158922;190
100..300;10;80081936;T;G;0.0289016999304294;125
100..300;10;80363037;A;G;0.0528302006423473;170
100..300;10;84219183;A;G;0.0471975989639759;215
100..300;10;84219235;T;C;0.0458716005086898;205
100..300;10;84222045;G;T;0.0202702991664409;200
100..300;10;84391385;G;C;0.0244897995144128;165
100..300;10;86138972;A;G;0.0300428997725248;155
100..300;10;86706708;T;C;0.0229007992893457;170
100..300;10;86942633;A;G;0.0535713993012905;110
100..300;10;86945549;G;T;0.0207468997687101;170
100..300;10;86962641;T;A;0.0297030005604028;130
100..300;10;88673588;A;T;0.0399999991059303;125
100..300;10;88913267;A;G;0.0294118002057075;170
100..300;10;89462530;C;A;0.0401460006833076;185
100..300;10;89593209;A;G;0.0253164991736412;155
100..300;10;89762791;G;A;0.0585106015205383;120
100..300;10;89978799;A;C;0.023166000843048;175
100..300;10;91054274;T;C;0.0256409998983144;135
100..300;10;93062929;T;C;0.0385852009057998;175
100..300;10;93209573;T;C;0.0484847985208034;110
100..300;10;94344908;G;T;0.0457143001258373;110
100..300;10;94733301;T;C;0.0256409998983144;125
100..300;10;95067273;T;C;0.0327455997467041;275
100..300;10;95067421;C;T;0.049549501389265;170
100..300;10;95184154;G;A;0.0496454015374183;100
100..300;10;95315130;C;T;0.0376343987882137;115
100..300;10;95356462;T;C;0.0259434003382921;285
100..300;10;95687616;T;A;0.0344827994704246;130
100..300;10;96609779;G;A;0.0376712009310722;185
100..300;10;97469742;T;C;0.0520000010728836;160
100..300;10;97633477;A;G;0.0183150004595518;175
100..300;10;97679603;A;G;0.0576923005282878;140
100..300;10;98261123;T;C;0.0363636016845703;155
100..300;10;98431163;A;G;0.0211640000343322;235
100..300;10;99368605;A;C;0.0456621013581752;140
100..300;10;99387935;A;G;0.0238908007740974;195
100..300;10;99691502;C;T;0.0421052984893322;120
100..300;10;99830862;T;C;0.0359711982309818;100
100..300;10;99850808;A;G;0.0210970006883144;155
100..300;10;99851537;A;G;0.0213674996048212;150
100..300;10;100746313;C;G;0.0502959005534648;220
100..300;10;100983737;A;G;0.018750000745058;215
100..300;10;100990864;T;C;0.0243902001529932;135
100..300;10;100990866;C;T;0.0231481008231639;140
100..300;10;101006817;G;A;0.0239808000624179;290
100..300;10;101489279;G;A;0.039801001548767;125
100..300;10;102425196;G;C;0.0284090992063283;110
100..300;10;102470028;T;C;0.0416667014360427;175
100..300;10;102471297;G;A;0.0524590015411376;200
100..300;10;102472959;A;G;0.0303029995411634;120
100..300;10;102504350;T;C;0.0398406013846397;160
100..300;10;103054405;C;T;0.0319149009883403;185
100..300;10;103076290;C;T;0.0335570015013217;105
100..300;10;103089711;A;G;0.0354610010981559;185
100..300;10;103409825;G;A;0.0322581008076667;120
100..300;10;103434329;T;C;0.0387323983013629;190
100..300;10;103441808;A;G;0.0314135998487472;120
100..300;10;103441820;T;C;0.0281690005213022;140
100..300;10;106579358;C;G;0.0294118002057075;205
100..300;10;109877877;C;A;0.0394737012684345;155
100..300;10;113165732;T;C;0.0572081990540027;290
100..300;10;113634189;T;C;0.04147469997406;135
100..300;10;113650081;T;C;0.0240384992212057;140
100..300;10;113651839;A;C;0.027131799608469;165
100..300;10;113654142;C;T;0.0532543994486331;115
100..300;10;113729393;G;C;0.0313480012118816;200
100..300;10;113729408;A;G;0.0502959005534648;210
100..300;10;114272760;G;A;0.030927799642086;150
100..300;10;114959739;C;T;0.0370370000600814;115
100..300;10;115727253;T;G;0.0394088998436927;135
100..300;10;116469251;C;T;0.058823499828577;120
100..300;10;116471793;G;A;0.0323886983096599;160
100..300;10;116609094;C;T;0.0229885000735521;175
100..300;10;117374457;C;G;0.0218749996274709;215
100..300;10;121580593;G;A;0.0430621989071369;145
100..300;10;121790176;G;T;0.0404039993882179;125
100..300;10;122085600;A;G;0.036939300596714;250
100..300;10;122143618;A;G;0.0178571008145809;210
100..300;10;122211015;C;T;0.0277778003364801;285
100..300;10;122211054;T;C;0.027989799156785;285
100..300;10;122211207;A;T;0.0428211987018585;275
100..300;10;122454735;A;G;0.0252525005489587;135
100..300;10;122456894;G;A;0.0389610007405281;145
100..300;10;122983342;A;G;0.0247349999845027;185
100..300;10;123842505;T;C;0.0807453021407127;110
100..300;10;124489924;G;GA;0.0470587983727455;180
100..300;10;124490356;C;A;0.0481012985110282;270
100..300;10;124981787;A;G;0.0279070008546113;140
100..300;10;125026585;G;A;0.0453400984406471;270
100..300;10;125027060;T;C;0.0363127999007701;260
100..300;10;125841756;C;T;0.0289855003356933;135
100..300;10;125988805;G;A;0.020491799339652;165
100..300;10;127176357;T;C;0.0472727008163929;180
100..300;10;127444291;A;G;0.0261780004948377;125
100..300;10;128103483;T;C;0.0259739998728036;210
100..300;10;131973082;C;T;0.0240963995456695;160
100..300;10;132645884;G;A;0.0235690008848905;180
100..300;10;132833484;T;C;0.0268657002598047;225
100..300;10;132869351;T;C;0.0268657002598047;210
100..300;10;132899672;A;G;0.0350000001490116;130
100..300;10;132924881;G;C;0.030434800311923;155
100..300;10;133218872;G;A;0.0253164991736412;165
100..300;10;133456284;A;G;0.0227272994816303;150
100..300;10;133457333;T;TC;0.0349344983696937;150
100..300;10;133466248;T;C;0.0325580984354019;135
100..300;10;133555086;C;T;0.0182482004165649;170
100..300;10;133555331;T;C;0.0555556006729602;125
100..300;10;133556028;C;T;0.0267175994813442;165
100..300;10;133556839;A;G;0.0377358011901378;135
100..300;10;133557129;T;C;0.0426357015967369;160
100..300;10;133557135;A;C;0.0431373007595539;160
100..300;10;133559366;G;C;0.0268817003816366;120
100..300;11;198062;G;C;0.0236220005899667;170
100..300;11;212408;T;C;0.0338164009153842;135
100..300;11;233067;T;C;0.0359711982309818;185
100..300;11;233212;A;C;0.027343800291419;175
100..300;11;624674;T;C;0.0311005003750324;285
100..300;11;721570;T;C;0.0230768993496894;175
100..300;11;801092;A;G;0.017543900758028;230
100..300;11;823729;T;C;0.0199005007743835;285
100..300;11;1102586;T;C;0.0227272994816303;195
100..300;11;1161529;T;G;0.0185758993029594;210
100..300;11;1163029;G;C;0.0293255001306533;215
100..300;11;1176525;A;G;0.0222772005945444;260
100..300;11;1176540;T;C;0.0318181999027729;280
100..300;11;1176552;T;C;0.030434800311923;295
100..300;11;1176633;T;C;0.0262467004358768;235
100..300;11;1177269;C;T;0.0230179000645875;255
100..300;11;1181383;C;T;0.0334447994828224;195
100..300;11;1182279;G;A;0.0240641999989748;250
100..300;11;1182438;C;T;0.0585241988301277;270
100..300;11;1194472;G;A;0.0367347002029418;175
100..300;11;1195858;C;T;0.0418604984879493;150
100..300;11;1196002;C;T;0.0833332985639572;185
100..300;11;1196902;A;G;0.06751050055027;160
100..300;11;1197482;T;C;0.0304878000169992;205
100..300;11;1197925;G;C;0.0283400993794202;160
100..300;11;1225711;G;A;0.0393701009452343;255
100..300;11;1227730;A;G;0.0240963995456695;160
100..300;11;1242293;A;G;0.0255753993988037;270
100..300;11;1486565;A;G;0.0289855003356933;130
100..300;11;2167008;T;C;0.0214285999536514;180
100..300;11;2561911;G;A;0.0274509992450475;175
100..300;11;2633443;A;G;0.0758621022105217;100
100..300;11;2662187;T;C;0.0256409998983144;210
100..300;11;2667296;A;G;0.0429448001086711;115
100..300;11;2669063;C;A;0.0358974002301692;140
100..300;11;2673812;T;C;0.0582959987223148;145
100..300;11;2678630;G;A;0.0736195966601371;105
100..300;11;2684113;T;A;0.0515463985502719;130
100..300;11;2687789;G;A;0.0304182991385459;180
100..300;11;2695821;T;A;0.0358566008508205;165
100..300;11;2696450;T;C;0.0643275007605552;120
100..300;11;2698444;A;AC;0.0370370000600814;110
100..300;11;2847958;T;C;0.0182231999933719;295
100..300;11;2929328;G;A;0.049668900668621;190
100..300;11;3002069;G;C;0.0251045990735292;150
100..300;11;3228599;A;G;0.0398551002144813;200
100..300;11;3371581;A;G;0.0359281003475189;105
100..300;11;3403658;A;G;0.0277778003364801;185
100..300;11;3415262;G;A;0.0342466011643409;285
100..300;11;3638763;T;G;0.0324674993753433;210
100..300;11;4211488;T;C;0.0679012015461921;110
100..300;11;4475616;T;C;0.0545454993844032;105
100..300;11;4640055;G;A;0.0390878990292549;210
100..300;11;4653345;A;G;0.025000000372529;165
100..300;11;5323362;C;A;0.0544218011200428;105
100..300;11;5343512;T;C;0.0949720963835716;115
100..300;11;5454276;A;G;0.0399999991059303;150
100..300;11;5571518;C;T;0.058823499828577;245
100..300;11;5571579;T;C;0.0462427996098995;230
100..300;11;5571969;A;G;0.0872483029961586;205
100..300;11;5571977;A;G;0.0821918025612831;205
100..300;11;5572080;G;A;0.0511811003088951;175
100..300;11;5581208;A;T;0.0672854036092758;295
100..300;11;5581385;G;A;0.0395778007805347;270
100..300;11;5581449;C;T;0.0483383983373642;225
100..300;11;5581560;G;A;0.0881458967924118;235
100..300;11;5581698;C;G;0.0482955016195774;250
100..300;11;5581738;A;G;0.0541311018168926;245
100..300;11;5737156;T;C;0.0352941006422042;175
100..300;11;5755365;G;T;0.0297030005604028;205
100..300;11;5788581;T;G;0.0267558991909027;205
100..300;11;5788760;A;G;0.0346534997224807;140
100..300;11;6026826;C;T;0.0352112986147403;190
100..300;11;6045978;A;C;0.0535713993012905;110
100..300;11;6108607;T;C;0.051630400121212;245
100..300;11;6392136;T;C;0.0208333004266023;250
100..300;11;6509048;T;C;0.0557769015431404;170
100..300;11;6511289;T;C;0.0318181999027729;150
100..300;11;6533711;A;C;0.0188679005950689;180
100..300;11;6540040;G;A;0.0504586994647979;140
100..300;11;6563777;A;G;0.0471698008477687;145
100..300;11;6609785;T;C;0.0472102984786033;165
100..300;11;6622745;T;C;0.0287206005305051;265
100..300;11;6623369;T;C;0.0163042992353439;260
100..300;11;6623570;C;A;0.0257235001772642;215
100..300;11;6768698;A;C;0.0825083032250404;205
100..300;11;6785596;T;G;0.0553845986723899;220
100..300;11;6870154;A;G;0.0569106005132198;270
100..300;11;6877264;C;T;0.051162801682949;160
100..300;11;7314193;G;C;0.0449437983334064;110
100..300;11;7635578;A;G;0.0214591994881629;155
100..300;11;7706325;C;T;0.0471203997731208;125
100..300;11;7928477;G;A;0.035911601036787;250
100..300;11;7960547;A;G;0.0191387999802827;295
100..300;11;8110754;T;C;0.0371900983154773;165
100..300;11;8138310;T;C;0.0237153992056846;165
100..300;11;8413530;T;C;0.0270269997417926;125
100..300;11;8413531;C;A;0.0265957005321979;125
100..300;11;8625216;C;G;0.0421052984893322;130
100..300;11;8685686;T;C;0.0331754013895988;135
100..300;11;8921395;T;C;0.0395778007805347;235
100..300;11;8925632;A;G;0.0284090992063283;250
100..300;11;8937823;A;G;0.0250627007335424;295
100..300;11;9094677;T;G;0.0393701009452343;175
100..300;11;9094811;A;G;0.0228758007287979;200
100..300;11;9998332;A;G;0.0220587998628616;185
100..300;11;10534039;G;C;0.0353535003960132;130
100..300;11;10559810;T;C;0.0670391023159027;120
100..300;11;10626155;A;G;0.0537312999367713;230
100..300;11;10764628;T;C;0.0190839990973472;175
100..300;11;12162299;T;C;0.0273972991853952;235
100..300;11;12204399;G;T;0.0184048991650342;205
100..300;11;13356910;T;C;0.0412371009588241;140
100..300;11;13610563;C;T;0.0384614989161491;110
100..300;11;16484260;C;T;0.021857900545001;240
100..300;11;17097140;C;T;0.0590405985713005;175
100..300;11;17428382;T;C;0.0240641999989748;245
100..300;11;17430945;A;G;0.0860214978456497;130
100..300;11;17531558;A;G;0.0784313976764679;110
100..300;11;17645892;C;G;0.0358305983245372;205
100..300;11;18137446;C;T;0.0156657993793487;280
100..300;11;18173801;T;C;0.0232018996030092;290
100..300;11;18197131;A;G;0.0585366003215312;140
100..300;11;18197166;CT;C;0.057142898440361;190
100..300;11;18209742;A;C;0.0434782989323139;145
100..300;11;18609980;C;T;0.0399999991059303;160
100..300;11;18742479;C;G;0.0426357015967369;175
100..300;11;19880086;A;G;0.0440678000450134;195
100..300;11;21613736;G;C;0.0335195995867252;120
100..300;11;21613749;G;T;0.0319149009883403;120
100..300;11;22859456;T;C;0.0714285969734191;110
100..300;11;23404921;T;A;0.0358566008508205;175
100..300;11;23405684;C;T;0.0291262008249759;210
100..300;11;26565443;C;T;0.0502793006598949;120
100..300;11;26565586;C;T;0.1543619930744171;105
100..300;11;27125723;A;G;0.0479452013969421;185
100..300;11;27368134;T;C;0.0382513999938964;130
100..300;11;27699390;T;C;0.0251397006213665;225
100..300;11;29725946;G;A;0.0368421003222465;130
100..300;11;29726250;T;C;0.0217390991747379;155
100..300;11;31793331;A;G;0.0265487004071474;160
100..300;11;33076282;A;G;0.0470084995031356;170
100..300;11;33559760;A;G;0.0469483993947505;135
100..300;11;33618558;C;A;0.0343348011374473;155
100..300;11;33645787;G;A;0.0329670011997222;185
100..300;11;33668106;A;G;0.0433332994580268;210
100..300;11;34461361;T;C;0.026315800845623;145
100..300;11;35032270;T;A;0.0466101989150047;155
100..300;11;35204608;G;A;0.0481927990913391;100
100..300;11;36574050;G;A;0.0290322992950677;215
100..300;11;43523281;C;A;0.0277778003364801;120
100..300;11;44067802;A;G;0.0270269997417926;215
100..300;11;44130027;A;T;0.0331492014229297;120
100..300;11;44275396;T;C;0.0215827003121376;185
100..300;11;44618718;G;A;0.0196560006588697;255
100..300;11;47448803;T;C;0.026936000213027;200
100..300;11;48144715;C;G;0.030434800311923;150
100..300;11;48264704;T;C;0.057142898440361;145
100..300;11;48365634;G;A;0.08695650100708;130
100..300;11;48991502;T;C;0.0758123025298118;190
100..300;11;49059064;C;T;0.0716511011123657;225
100..300;11;55367959;T;C;0.0437499992549419;210
100..300;11;55554735;G;A;0.0260223001241683;200
100..300;11;55572176;T;C;0.0394737012684345;165
100..300;11;55572322;T;C;0.0328947007656097;215
100..300;11;55820438;G;A;0.0211082007735967;240
100..300;11;55838826;T;G;0.025925900787115;180
100..300;11;55839342;T;C;0.0266667008399963;215
100..300;11;56232590;A;G;0.0401234999299049;225
100..300;11;56290721;A;G;0.0380710996687412;265
100..300;11;56346099;G;A;0.0208333004266023;185
100..300;11;56417412;A;G;0.0580204986035823;190
100..300;11;56543021;T;C;0.0324073992669582;150
100..300;11;56664358;G;A;0.0412979014217853;235
100..300;11;56989546;A;G;0.0216607004404068;180
100..300;11;57236870;T;G;0.0216048993170261;215
100..300;11;57576551;T;G;0.03125;215
100..300;11;58179792;G;C;0.0204777996987104;210
100..300;11;58191303;T;C;0.0209790002554655;190
100..300;11;58203723;A;G;0.0393939018249511;235
100..300;11;58203729;A;G;0.0390390008687973;235
100..300;11;58215112;C;T;0.055248599499464;255
100..300;11;58215148;G;A;0.0529248006641864;250
100..300;11;58215254;T;G;0.021390400826931;255
100..300;11;58215424;T;G;0.0558510981500148;265
100..300;11;58358832;T;A;0.03125;135
100..300;11;58724448;T;A;0.0427807010710239;115
100..300;11;59457292;C;A;0.0349461995065212;250
100..300;11;59492373;T;C;0.0254236999899148;235
100..300;11;60046700;A;G;0.0318471007049083;100
100..300;11;60069624;T;C;0.030927799642086;120
100..300;11;60763791;G;A;0.0278884004801511;160
100..300;11;61343874;G;C;0.0303029995411634;190
100..300;11;61771548;G;C;0.0203488003462553;235
100..300;11;62169472;T;C;0.0394737012684345;260
100..300;11;62296397;T;C;0.0238095000386238;165
100..300;11;62331301;A;G;0.0235293991863727;165
100..300;11;62666426;A;G;0.0288066007196903;165
100..300;11;62666701;A;G;0.0361445993185043;225
100..300;11;62885307;T;C;0.0397351011633873;195
100..300;11;62909748;A;G;0.0205761007964611;160
100..300;11;62910834;T;G;0.0301370006054639;260
100..300;11;62984439;A;C;0.0234375;170
100..300;11;62984710;C;T;0.0372671000659465;105
100..300;11;63297351;C;T;0.0243902001529932;155
100..300;11;63304838;T;C;0.0338983014225959;160
100..300;11;64117815;T;C;0.0370370000600814;240
100..300;11;64219241;A;C;0.0268817003816366;125
100..300;11;64219867;T;C;0.0306122004985809;265
100..300;11;64255798;T;C;0.0278638005256652;205
100..300;11;64259167;A;G;0.0303029995411634;285
100..300;11;64271703;A;G;0.0168674997985363;265
100..300;11;64751590;C;T;0.0217390991747379;190
100..300;11;64792426;C;T;0.0308219008147716;195
100..300;11;65021722;C;T;0.0401606000959873;160
100..300;11;65089011;A;G;0.0244897995144128;160
100..300;11;65204815;C;G;0.03125;230
100..300;11;65214382;T;G;0.0313901007175445;145
100..300;11;65236838;T;C;0.0196628998965024;235
100..300;11;65411339;T;C;0.0281690005213022;185
100..300;11;65552241;A;G;0.0294118002057075;170
100..300;11;65571473;G;T;0.0398772992193698;220
100..300;11;65583603;A;G;0.0314010009169578;285
100..300;11;65728100;T;C;0.0308369994163513;155
100..300;11;65779862;A;G;0.0225000008940696;255
100..300;11;66025983;T;C;0.0258620996028184;245
100..300;11;66026326;A;G;0.0240963995456695;230
100..300;11;66059233;A;G;0.0213332995772361;250
100..300;11;66061986;A;G;0.0375940017402172;175
100..300;11;66316311;A;G;0.0625;220
100..300;11;66341562;C;T;0.0565216988325119;150
100..300;11;66438698;T;C;0.0246305000036954;135
100..300;11;66510683;C;T;0.0259739998728036;250
100..300;11;67586108;T;C;0.03913040086627;150
100..300;11;67647021;T;C;0.0459770001471042;235
100..300;11;67801137;G;T;0.0368851982057094;160
100..300;11;68015477;T;G;0.0490797981619834;110
100..300;11;68022775;T;C;0.0625;170
100..300;11;69055363;T;C;0.0405405014753341;195
100..300;11;69063896;A;G;0.0314961001276969;165
100..300;11;69083998;T;G;0.0296052992343902;195
100..300;11;69086544;G;A;0.0204677991569042;230
100..300;11;69087895;A;G;0.0337079018354415;225
100..300;11;70167400;T;C;0.0303029995411634;110
100..300;11;70187920;A;G;0.0183246005326509;245
100..300;11;70333566;T;C;0.0397727005183696;110
100..300;11;70339219;T;C;0.0188088007271289;205
100..300;11;71435791;T;C;0.0265699997544288;280
100..300;11;72230168;G;A;0.0254629999399185;270
100..300;11;72577555;A;G;0.0282776001840829;255
100..300;11;72577606;T;TG;0.0593219995498657;165
100..300;11;72579585;A;G;0.0267062000930309;205
100..300;11;72704284;A;G;0.0361010991036891;190
100..300;11;73235263;A;T;0.0360359996557235;155
100..300;11;73970045;T;C;0.0379747003316879;210
100..300;11;73970090;A;G;0.0293039996176958;180
100..300;11;74074281;C;T;0.0242717992514371;135
100..300;11;74457366;G;A;0.0306748002767562;220
100..300;11;77142737;C;T;0.0334927998483181;140
100..300;11;77243743;TA;T;0.0293160006403923;200
100..300;11;77243767;C;T;0.0226629003882408;230
100..300;11;77243788;A;G;0.0249307006597518;230
100..300;11;77701601;A;G;0.0441767014563083;180
100..300;11;78079609;C;G;0.0189702007919549;250
100..300;11;78114274;C;T;0.0408162996172905;130
100..300;11;78726137;A;G;0.0401338003575801;185
100..300;11;82914772;A;G;0.0352941006422042;110
100..300;11;83166001;A;G;0.0496894009411335;110
100..300;11;83285943;C;A;0.027149299159646;160
100..300;11;85919368;T;C;0.0242915004491806;155
100..300;11;86412514;G;A;0.0371517017483711;200
100..300;11;86556672;A;C;0.0210970006883144;150
100..300;11;88175178;G;C;0.0552764013409614;135
100..300;11;90135587;A;G;0.0380951985716819;135
100..300;11;90282710;G;A;0.0402843989431858;270
100..300;11;92353828;T;C;0.0480000004172325;180
100..300;11;92355011;T;C;0.0390878990292549;215
100..300;11;92890711;A;G;0.0230768993496894;180
100..300;11;93352371;G;T;0.0265957005321979;125
100..300;11;93396317;C;G;0.0641025975346565;100
100..300;11;93667630;T;C;0.0599999986588954;100
100..300;11;94589186;T;A;0.0421686992049217;110
100..300;11;94589187;A;G;0.0421686992049217;110
100..300;11;94800207;T;C;0.0229007992893457;175
100..300;11;95831095;G;A;0.0511364005506038;120
100..300;11;95847762;A;G;0.0372092984616756;135
100..300;11;100976338;A;G;0.0388889014720916;120
100..300;11;100992365;G;A;0.0670391023159027;120
100..300;11;100992623;A;C;0.0373443998396396;160
100..300;11;101476362;G;A;0.0331754013895988;145
100..300;11;101489019;A;G;0.0378151014447212;150
100..300;11;101915283;A;G;0.0253164991736412;155
100..300;11;102695089;A;C;0.0598802007734775;105
100..300;11;108222481;T;A;0.037288099527359;200
100..300;11;108509585;C;T;0.05327869951725;165
100..300;11;110773809;C;T;0.0728155001997947;130
100..300;11;110788295;G;A;0.0272109005600214;200
100..300;11;111911560;T;C;0.0232558008283376;175
100..300;11;111926180;G;A;0.0226243995130062;155
100..300;11;113323446;C;A;0.0584416016936302;100
100..300;11;113396099;A;G;0.0216450002044439;145
100..300;11;113411573;G;T;0.0502513013780117;135
100..300;11;113989703;G;A;0.035598699003458;205
100..300;11;116820918;A;C;0.0194646995514631;265
100..300;11;117381773;C;T;0.0476190000772476;245
100..300;11;117395596;G;C;0.0747331008315086;185
100..300;11;117465006;C;T;0.0285714007914066;190
100..300;11;117903431;G;C;0.0379309989511966;190
100..300;11;117993348;G;A;0.0231787990778684;210
100..300;11;117994131;G;A;0.0353982001543045;150
100..300;11;118167098;T;G;0.039547998458147;115
100..300;11;118264079;AGCCC;A;0.0483870990574359;120
100..300;11;118339245;C;A;0.0379147008061409;145
100..300;11;118600708;C;T;0.0274724997580051;120
100..300;11;118898895;T;C;0.017543900758028;275
100..300;11;119092106;A;C;0.0353982001543045;150
100..300;11;119314967;C;T;0.0309858992695808;235
100..300;11;119345794;T;C;0.0330881997942924;175
100..300;11;122867553;G;A;0.0426829010248184;110
100..300;11;123458932;G;A;0.0506329014897346;110
100..300;11;123460054;A;G;0.0303029995411634;115
100..300;11;123906791;T;C;0.0594796016812324;180
100..300;11;123907029;C;T;0.0693430975079536;190
100..300;11;123943116;A;G;0.0615384988486766;220
100..300;11;123943233;C;G;0.0479233004152774;220
100..300;11;123943782;G;A;0.1168830022215843;155
100..300;11;123976685;C;G;0.0355556011199951;145
100..300;11;123994598;A;G;0.0424836985766887;225
100..300;11;124009874;C;T;0.05726870149374;150
100..300;11;124023695;G;A;0.061624601483345;250
100..300;11;124481513;T;A;0.0437499992549419;105
100..300;11;124896307;T;C;0.0199999995529651;195
100..300;11;124897790;T;G;0.03125;150
100..300;11;125582418;G;A;0.0299999993294477;130
100..300;11;125747715;G;A;0.0503145009279251;100
100..300;11;126521402;G;T;0.0847458019852638;185
100..300;11;129442765;T;C;0.0218068994581699;215
100..300;11;129876812;T;G;0.0255814008414745;265
100..300;11;130032984;C;G;0.0311111006885767;155
100..300;11;130880747;C;A;0.0229007992893457;170
100..300;11;130907991;A;G;0.0413534007966518;175
100..300;11;130911780;T;C;0.0379747003316879;105
100..300;11;130914593;G;A;0.0253164991736412;220
100..300;11;130914721;C;T;0.0414365008473396;240
100..300;11;130914752;C;G;0.0396600998938083;230
100..300;11;130914799;T;C;0.0304878000169992;220
100..300;11;130914812;T;C;0.0340135991573333;210
100..300;11;130915409;C;T;0.0323740988969802;200
100..300;11;131180999;C;G;0.0466320998966693;125
100..300;11;131661106;C;T;0.064935103058815;100
100..300;11;132034967;T;A;0.0259067006409168;125
100..300;11;133909136;A;G;0.0297618992626667;230
100..300;12;139036;G;C;0.0813954025506973;110
100..300;12;202783;G;A;0.0414365008473396;230
100..300;12;438517;C;T;0.0256409998983144;130
100..300;12;548238;A;G;0.0264705996960401;225
100..300;12;553672;C;T;0.0317002981901168;235
100..300;12;881746;C;A;0.0322581008076667;170
100..300;12;883063;T;C;0.0787037014961242;140
100..300;12;889199;T;G;0.0283400993794202;160
100..300;12;1831348;A;G;0.026393000036478;235
100..300;12;2585472;T;C;0.0456431992352008;155
100..300;12;3640708;C;T;0.0399999991059303;115
100..300;12;3673481;T;A;0.0289855003356933;185
100..300;12;3673535;T;C;0.0238908007740974;190
100..300;12;3841016;T;G;0.0463320016860961;180
100..300;12;3841018;T;C;0.0470587983727455;175
100..300;12;3842028;T;C;0.023166000843048;175
100..300;12;4444217;G;A;0.0310881007462739;115
100..300;12;4627876;A;G;0.0757576003670692;135
100..300;12;5044528;T;C;0.015625;290
100..300;12;5732567;C;A;0.0245398990809917;205
100..300;12;5967474;G;A;0.0235293991863727;115
100..300;12;5981834;G;A;0.0243056006729602;185
100..300;12;5985618;C;T;0.0345821008086204;230
100..300;12;5985679;A;G;0.0642570033669471;160
100..300;12;6029429;T;C;0.0324674993753433;205
100..300;12;6330843;C;T;0.0219436008483171;215
100..300;12;6341779;C;T;0.0235293991863727;160
100..300;12;6451407;T;G;0.0184211004525423;250
100..300;12;6453119;T;C;0.0238095000386238;225
100..300;12;6453127;T;C;0.03125;230
100..300;12;6453587;G;A;0.036939300596714;245
100..300;12;6453644;G;A;0.0381232015788555;215
100..300;12;6537154;C;T;0.027343800291419;180
100..300;12;8044828;G;C;0.0398551002144813;195
100..300;12;8834689;A;G;0.0290456004440784;155
100..300;12;9833319;T;G;0.0331126004457473;100
100..300;12;10112395;C;G;0.0306122004985809;135
100..300;12;10160476;C;T;0.0854270979762077;130
100..300;12;10702026;A;G;0.0358422994613647;175
100..300;12;10806432;T;C;0.0248227007687091;195
100..300;12;10809516;G;A;0.0316091999411582;225
100..300;12;10986336;C;T;0.0454544983804225;185
100..300;12;11186008;A;G;0.0476190000772476;110
100..300;12;11186175;C;A;0.0399999991059303;140
100..300;12;11186377;T;C;0.0654205977916717;150
100..300;12;11870089;G;C;0.0642857030034065;195
100..300;12;11870839;A;C;0.0692640990018844;160
100..300;12;11870909;A;C;0.0503875985741615;175
100..300;12;11871007;T;C;0.0447761006653308;180
100..300;12;11884244;A;G;0.0221401993185281;190
100..300;12;11884384;G;C;0.0306512992829084;190
100..300;12;12094660;G;A;0.0209205001592636;165
100..300;12;12094682;C;T;0.018656700849533;190
100..300;12;12477412;A;G;0.0422164015471935;265
100..300;12;12827392;A;T;0.0523810014128685;135
100..300;12;12949671;A;G;0.027548199519515;250
100..300;12;13213665;T;C;0.0468084998428821;160
100..300;12;13865843;C;G;0.0329217985272407;170
100..300;12;14806457;C;T;0.0232558008283376;215
100..300;12;14823129;G;A;0.0284553002566099;175
100..300;12;14823244;A;T;0.0217390991747379;235
100..300;12;14823483;C;CTA;0.0383142009377479;180
100..300;12;16272722;T;A;0.025000000372529;130
100..300;12;16400156;C;T;0.0391459017992019;195
100..300;12;18290875;A;C;0.0496894009411335;105
100..300;12;18496123;T;C;0.0427807010710239;120
100..300;12;18503291;A;G;0.0368097983300685;110
100..300;12;19456569;G;A;0.0414200983941555;125
100..300;12;19456995;A;G;0.0672646015882492;160
100..300;12;19457018;G;A;0.0544747002422809;175
100..300;12;19457019;C;A;0.054263599216938;175
100..300;12;20449893;A;C;0.0260585993528366;210
100..300;12;20875274;C;G;0.0329670011997222;125
100..300;12;24832719;A;G;0.0294118002057075;115
100..300;12;24901957;A;G;0.057065200060606;255
100..300;12;24997578;C;T;0.0466320998966693;130
100..300;12;25023935;A;G;0.0335570015013217;100
100..300;12;25146987;A;G;0.0295857992023229;105
100..300;12;26224299;C;T;0.0471203997731208;125
100..300;12;26656479;G;T;0.0260585993528366;195
100..300;12;27470725;A;T;0.0292683001607656;135
100..300;12;27692876;T;C;0.030927799642086;125
100..300;12;27920239;A;T;0.0366972014307975;150
100..300;12;30715068;T;C;0.0306407008320093;225
100..300;12;30728875;C;T;0.0350317992269992;215
100..300;12;30753424;A;G;0.0318724997341632;170
100..300;12;31983004;G;A;0.0344827994704246;140
100..300;12;31984578;G;C;0.0544553995132446;135
100..300;12;32602325;A;G;0.0337838008999824;105
100..300;12;38202865;A;G;0.0765027031302452;120
100..300;12;40251455;A;C;0.0357142984867095;130
100..300;12;40429552;C;G;0.0384614989161491;100
100..300;12;40479224;A;G;0.0519481003284454;165
100..300;12;40479853;A;G;0.0441175997257232;195
100..300;12;40479961;A;G;0.0324674993753433;210
100..300;12;40480006;A;C;0.0234375;180
100..300;12;42459282;A;C;0.0410959012806415;100
100..300;12;43375425;C;A;0.0478468984365463;135
100..300;12;43375473;C;T;0.0364582985639572;125
100..300;12;43660428;G;A;0.0490797981619834;125
100..300;12;47077656;A;G;0.0299625005573034;180
100..300;12;47791665;T;C;0.018691599369049;210
100..300;12;47844974;G;A;0.0653595030307769;210
100..300;12;47879112;G;A;0.0298507008701562;175
100..300;12;47981785;G;A;0.0497238002717494;115
100..300;12;47982508;A;G;0.0329670011997222;180
100..300;12;48133403;T;C;0.0298012997955083;190
100..300;12;48169067;T;C;0.0332226008176803;205
100..300;12;48169205;A;C;0.0307017993181943;170
100..300;12;48203092;CA;C;0.0391566008329391;240
100..300;12;48330001;T;C;0.0253967996686697;220
100..300;12;48494811;T;C;0.0421052984893322;125
100..300;12;48525876;C;T;0.0537084005773067;270
100..300;12;48525877;A;G;0.0534350983798503;275
100..300;12;48526013;T;C;0.0441175997257232;235
100..300;12;48560257;G;A;0.0634920969605445;215
100..300;12;48560442;C;G;0.0372671000659465;220
100..300;12;48783330;G;T;0.0357142984867095;185
100..300;12;49033325;A;G;0.0194444004446268;260
100..300;12;50073861;T;G;0.0315533988177776;290
100..300;12;50109486;T;C;0.0434782989323139;145
100..300;12;50350798;T;A;0.020771499723196;235
100..300;12;50674626;A;G;0.0270269997417926;120
100..300;12;50843019;C;T;0.0253967996686697;205
100..300;12;50961020;T;C;0.023054800927639;215
100..300;12;51049161;A;G;0.0236485991626977;190
100..300;12;51125004;G;C;0.0185185000300407;185
100..300;12;52241457;A;G;0.0265957005321979;130
100..300;12;52248733;T;C;0.027131799608469;175
100..300;12;52433824;T;C;0.0161290001124143;250
100..300;12;52469307;T;G;0.0212766006588935;230
100..300;12;52573333;T;C;0.0199999995529651;195
100..300;12;52573652;A;G;0.0229885000735521;235
100..300;12;52601458;A;G;0.0333333015441894;120
100..300;12;52777217;A;G;0.0211267992854118;280
100..300;12;52808399;G;C;0.0462184995412826;160
100..300;12;52811973;C;T;0.0285714007914066;140
100..300;12;52823917;A;C;0.023166000843048;160
100..300;12;53058346;G;A;0.0248619001358747;235
100..300;12;53058741;C;T;0.0202428996562957;175
100..300;12;53060409;A;G;0.0149625996127724;265
100..300;12;53123768;A;G;0.018691599369049;210
100..300;12;53315126;G;A;0.0504201985895633;160
100..300;12;53945268;A;C;0.0537634007632732;130
100..300;12;53985894;G;A;0.0216215997934341;250
100..300;12;54517642;T;C;0.0304569005966186;135
100..300;12;54802939;T;C;0.0370370000600814;175
100..300;12;55320622;CA;C;0.0434782989323139;115
100..300;12;55575165;A;G;0.0340908989310264;185
100..300;12;55637154;T;C;0.0470218993723392;220
100..300;12;55637489;A;G;0.0253164991736412;170
100..300;12;55655138;T;C;0.0399999991059303;205
100..300;12;55683815;T;A;0.0277778003364801;125
100..300;12;55683956;T;C;0.0189273990690708;220
100..300;12;55688241;C;G;0.0212766006588935;225
100..300;12;55726805;T;C;0.0266667008399963;155
100..300;12;55958525;A;T;0.0190475992858409;215
100..300;12;56471554;G;A;0.0410959012806415;185
100..300;12;56716008;G;A;0.0176321994513273;270
100..300;12;56716147;T;A;0.0230768993496894;275
100..300;12;56720316;G;A;0.0241378992795944;210
100..300;12;56739356;G;T;0.0378151014447212;155
100..300;12;57243810;A;G;0.0322581008076667;160
100..300;12;57256057;T;C;0.033994298428297;225
100..300;12;57621711;A;G;0.0421455986797809;170
100..300;12;57732451;A;C;0.0445344001054763;155
100..300;12;61879443;C;G;0.0729926973581314;175
100..300;12;61880351;T;G;0.0656566023826599;140
100..300;12;63150429;G;A;0.0256409998983144;165
100..300;12;63668272;A;G;0.0205882005393505;240
100..300;12;63871944;T;C;0.0265957005321979;125
100..300;12;64830394;G;A;0.0451976992189884;125
100..300;12;65120486;C;T;0.0370370000600814;170
100..300;12;66302630;T;C;0.0299625005573034;175
100..300;12;68223439;T;C;0.0472102984786033;145
100..300;12;68690761;G;A;0.0445545017719268;130
100..300;12;68721918;A;G;0.0414507985115051;125
100..300;12;69957904;A;C;0.0511364005506038;115
100..300;12;70559497;C;T;0.0301370006054639;235
100..300;12;70590115;C;A;0.0498533993959426;225
100..300;12;70590239;T;C;0.0409356988966465;120
100..300;12;70596274;C;T;0.0787037014961242;150
100..300;12;74292636;C;T;0.0505050010979175;135
100..300;12;75207663;A;G;0.0352112986147403;180
100..300;12;75298975;T;A;0.0264900997281074;100
100..300;12;88080353;T;C;0.020661199465394;160
100..300;12;89523260;A;G;0.0233332999050617;215
100..300;12;89635124;C;T;0.044871799647808;105
100..300;12;92428084;C;CT;0.0414200983941555;115
100..300;12;94521827;C;T;0.0292397998273372;115
100..300;12;99246381;C;G;0.0233462993055582;185
100..300;12;99655061;A;T;0.0714285969734191;100
100..300;12;100578871;T;A;0.08695650100708;105
100..300;12;100579931;T;C;0.0955881997942924;105
100..300;12;100739970;C;A;0.054298598319292;135
100..300;12;101158297;A;G;0.0418847985565662;115
100..300;12;101166550;A;C;0.0241545997560024;125
100..300;12;101193740;T;C;0.0319489017128944;195
100..300;12;101338877;T;C;0.0452830009162426;165
100..300;12;101632148;G;C;0.057142898440361;135
100..300;12;101653096;A;AC;0.0387097001075744;105
100..300;12;101675299;G;A;0.0318181999027729;140
100..300;12;101685640;A;G;0.0268817003816366;115
100..300;12;101723811;T;C;0.0379747003316879;105
100..300;12;101764985;C;T;0.0303029995411634;230
100..300;12;102840474;C;T;0.0334927998483181;130
100..300;12;103706839;T;C;0.0226629003882408;235
100..300;12;103777964;T;C;0.0329114012420177;250
100..300;12;104251606;G;C;0.0381943993270397;185
100..300;12;105039745;A;T;0.0370370000600814;135
100..300;12;105040689;T;C;0.030927799642086;135
100..300;12;105820515;A;G;0.0621117986738681;105
100..300;12;106195880;G;C;0.0311111006885767;150
100..300;12;106978499;T;C;0.0308880005031824;180
100..300;12;107642126;C;T;0.0641025975346565;145
100..300;12;107657629;A;G;0.0178117007017135;255
100..300;12;107746255;C;T;0.0335570015013217;105
100..300;12;107756981;A;C;0.0290697999298572;115
100..300;12;108292231;G;C;0.0471975989639759;235
100..300;12;108592255;T;C;0.0357142984867095;190
100..300;12;109191652;T;C;0.0267558991909027;205
100..300;12;109201716;A;G;0.0425532013177871;150
100..300;12;109233933;A;C;0.027343800291419;170
100..300;12;109415544;G;A;0.0284553002566099;155
100..300;12;109533676;G;C;0.0278884004801511;180
100..300;12;109573424;T;G;0.0226243995130062;295
100..300;12;109573425;T;C;0.0226243995130062;295
100..300;12;109576074;A;G;0.0343008004128932;240
100..300;12;111162330;T;G;0.030927799642086;130
100..300;12;112875665;T;C;0.0375587008893489;135
100..300;12;112881795;T;C;0.0541667006909847;160
100..300;12;112887824;C;T;0.0285714007914066;110
100..300;12;114679532;A;G;0.0208333004266023;185
100..300;12;115970733;G;A;0.0190839990973472;165
100..300;12;115991884;G;A;0.0366972014307975;220
100..300;12;116008640;T;C;0.0316091999411582;240
100..300;12;117028062;A;G;0.070739597082138;205
100..300;12;117280881;C;G;0.0304569005966186;130
100..300;12;120151356;G;A;0.0282258000224828;170
100..300;12;120216281;C;G;0.0226131007075309;250
100..300;12;120446525;T;C;0.0267558991909027;210
100..300;12;120496604;T;C;0.0315456986427307;215
100..300;12;120529118;G;A;0.0211479999125003;225
100..300;12;121004438;T;C;0.0371900983154773;170
100..300;12;121016345;T;C;0.03125;195
100..300;12;121177300;A;G;0.0625;175
100..300;12;121184760;A;G;0.0318181999027729;155
100..300;12;121222984;C;T;0.0575539991259574;185
100..300;12;121228843;G;A;0.0255682002753019;230
100..300;12;122976737;A;G;0.0317460000514984;180
100..300;12;123265188;A;G;0.0423280000686645;130
100..300;12;123341012;T;C;0.0232558008283376;170
100..300;12;123619502;G;A;0.027522899210453;215
100..300;12;123659848;G;A;0.0230768993496894;245
100..300;12;123692742;C;T;0.0384614989161491;100
100..300;12;123696502;T;C;0.0298507008701562;130
100..300;12;124347928;A;G;0.0294118002057075;180
100..300;12;124372114;A;T;0.0187793001532554;285
100..300;12;124817558;A;G;0.0382774993777275;135
100..300;12;124935829;G;A;0.0483870990574359;125
100..300;12;124954070;C;A;0.0506911985576152;140
100..300;12;124956813;C;T;0.0254452992230653;260
100..300;12;124964924;A;G;0.0685921013355255;185
100..300;12;125350254;A;G;0.0217390991747379;185
100..300;12;126726499;C;T;0.0216215997934341;250
100..300;12;128544041;T;C;0.0255753993988037;260
100..300;12;128669441;A;G;0.0204082001000642;155
100..300;12;128794319;G;A;0.0451388992369174;180
100..300;12;128875953;A;G;0.0190114006400108;165
100..300;12;129075012;T;C;0.0238095000386238;220
100..300;12;130346361;T;C;0.0598291009664535;155
100..300;12;131799508;A;G;0.049261100590229;130
100..300;12;131845121;T;C;0.0255318991839885;150
100..300;12;132023844;G;A;0.0169491991400718;235
100..300;12;132037988;T;C;0.0445104017853736;220
100..300;12;132139773;C;G;0.0231023002415895;210
100..300;12;132140150;G;C;0.0211479999125003;205
100..300;12;132141339;T;C;0.0207851994782686;295
100..300;12;132199225;T;C;0.0320512987673282;195
100..300;12;132625629;A;G;0.026315800845623;125
100..300;12;132632300;T;C;0.0403586998581886;150
100..300;12;132643245;C;T;0.0540541000664234;150
100..300;12;132643940;C;T;0.032727301120758;180
100..300;12;132659414;T;C;0.0536913014948368;195
100..300;12;132754873;C;G;0.0242130998522043;280
100..300;12;132786420;A;G;0.025925900787115;185
100..300;12;132851656;A;G;0.0459770001471042;230
100..300;12;133063073;A;G;0.0219780001789331;180
100..300;12;133234294;T;C;0.0404412001371383;175
100..300;13;19126502;T;C;0.0466667003929615;100
100..300;13;19173851;T;C;0.0198413003236055;175
100..300;13;19366648;G;A;0.0397351011633873;100
100..300;13;19382831;C;G;0.0363636016845703;275
100..300;13;19382860;C;T;0.0359897017478942;270
100..300;13;19564790;G;A;0.036745399236679;240
100..300;13;19650247;G;A;0.0350000001490116;135
100..300;13;19838881;C;T;0.0289473999291658;250
100..300;13;19851771;A;C;0.0297398008406162;175
100..300;13;19851808;C;T;0.0389105007052421;175
100..300;13;20142272;T;C;0.0288066007196903;155
100..300;13;20512460;A;G;0.0391061007976532;120
100..300;13;21287727;A;G;0.0592105016112327;100
100..300;13;23134284;A;G;0.0352941006422042;120
100..300;13;23354532;T;C;0.0471203997731208;135
100..300;13;23941368;T;C;0.0335570015013217;190
100..300;13;24223648;A;G;0.0172413997352123;240
100..300;13;24223775;T;C;0.0300299990922212;235
100..300;13;24449798;T;C;0.0467289984226226;135
100..300;13;24455080;T;C;0.0229885000735521;165
100..300;13;24459089;G;A;0.0359281003475189;110
100..300;13;24459255;C;G;0.0572917014360427;130
100..300;13;24486175;G;A;0.0337079018354415;170
100..300;13;24494670;T;A;0.0256409998983144;130
100..300;13;24698732;T;C;0.070270299911499;240
100..300;13;25267878;G;C;0.039886001497507;225
100..300;13;25551513;A;G;0.026315800845623;125
100..300;13;25570758;T;C;0.0226243995130062;140
100..300;13;26213977;G;A;0.0570175014436244;155
100..300;13;26676686;C;T;0.0232558008283376;135
100..300;13;26680030;C;T;0.0251256003975868;145
100..300;13;27273029;T;C;0.0487805008888244;120
100..300;13;27569092;G;A;0.0281690005213022;140
100..300;13;28037245;G;T;0.0460993014276027;175
100..300;13;32135016;C;A;0.0314135998487472;135
100..300;13;32173517;A;C;0.0338983014225959;120
100..300;13;32202479;A;T;0.0291971005499362;170
100..300;13;32310634;C;T;0.0364371985197067;160
100..300;13;32311517;C;T;0.0516128987073898;215
100..300;13;32337751;G;A;0.0326796993613243;110
100..300;13;32355095;G;A;0.0297398008406162;180
100..300;13;32362509;C;T;0.0569947995245456;130
100..300;13;33054001;G;T;0.0565216988325119;170
100..300;13;33054056;C;G;0.0354330986738204;175
100..300;13;33054102;A;G;0.0260223001241683;190
100..300;13;33126237;G;T;0.0199203006923198;165
100..300;13;33129519;C;T;0.0383275002241134;200
100..300;13;33129928;C;T;0.0471463985741138;275
100..300;13;35822894;G;C;0.0342466011643409;100
100..300;13;35827701;G;A;0.055172398686409;185
100..300;13;35827772;C;T;0.0924855023622512;120
100..300;13;38976527;T;G;0.0416667014360427;145
100..300;13;39012206;C;G;0.0360359996557235;140
100..300;13;39013029;G;A;0.0334347002208232;225
100..300;13;39013540;G;A;0.035087700933218;200
100..300;13;39013728;C;A;0.027343800291419;180
100..300;13;39013752;C;T;0.0262008998543024;160
100..300;13;39655820;A;T;0.0206186007708311;190
100..300;13;40621274;A;G;0.0693641975522041;110
100..300;13;40799118;A;G;0.0444444008171558;240
100..300;13;40805136;T;C;0.0248227007687091;170
100..300;13;40941235;T;C;0.0276817008852958;190
100..300;13;42070444;T;A;0.0244897995144128;175
100..300;13;42127581;G;A;0.0372671000659465;100
100..300;13;42155305;T;C;0.0231481008231639;140
100..300;13;42895075;A;G;0.0641025975346565;105
100..300;13;43029735;T;C;0.0574713014066219;110
100..300;13;44434011;C;T;0.0470587983727455;160
100..300;13;44575309;C;T;0.0275688990950584;275
100..300;13;45436541;T;C;0.0314135998487472;255
100..300;13;46098735;T;A;0.0227272994816303;205
100..300;13;46098739;A;C;0.025000000372529;215
100..300;13;46098786;C;G;0.0284090992063283;225
100..300;13;46257136;T;A;0.0317918993532657;220
100..300;13;46834899;A;G;0.0229358002543449;145
100..300;13;48317100;G;A;0.0528634004294872;150
100..300;13;49464073;T;C;0.0323886983096599;150
100..300;13;49506691;T;G;0.0252100992947816;150
100..300;13;49549513;A;G;0.0379463993012905;285
100..300;13;49549552;T;G;0.0417581982910633;295
100..300;13;49551486;T;C;0.0508475005626678;120
100..300;13;49559963;C;T;0.0324483998119831;210
100..300;13;49560014;G;A;0.0460123009979724;210
100..300;13;49567226;A;G;0.0514018982648849;140
100..300;13;51799678;C;G;0.0691824033856391;110
100..300;13;51865994;G;A;0.0295081995427608;205
100..300;13;51934843;T;C;0.0271902997046709;220
100..300;13;51974004;C;A;0.0259739998728036;225
100..300;13;52029105;G;A;0.0345679000020027;280
100..300;13;52135802;C;A;0.0373831987380981;135
100..300;13;53028942;C;T;0.0309858992695808;240
100..300;13;53408998;C;G;0.0590717010200023;170
100..300;13;53409016;A;G;0.0528634004294872;160
100..300;13;53409021;T;C;0.0524016991257667;155
100..300;13;53409132;A;C;0.03125;115
100..300;13;58528741;C;T;0.0283688008785247;200
100..300;13;59666695;T;C;0.0489296987652778;220
100..300;13;59666827;T;C;0.0305677000433206;160
100..300;13;60637743;G;T;0.0463320016860961;170
100..300;13;70924120;A;G;0.0333333015441894;165
100..300;13;70924211;T;G;0.0569947995245456;135
100..300;13;75326374;A;G;0.0204777996987104;190
100..300;13;76259548;G;A;0.0389610007405281;145
100..300;13;77000848;G;A;0.0437499992549419;115
100..300;13;89361587;C;G;0.0437499992549419;115
100..300;13;89992074;A;G;0.0368097983300685;110
100..300;13;90230483;A;G;0.034722201526165;105
100..300;13;94382495;A;G;0.0403226017951965;160
100..300;13;94711792;G;C;0.0316455997526645;210
100..300;13;94758442;G;C;0.0338345989584922;185
100..300;13;95587551;A;G;0.0419161990284919;120
100..300;13;98390136;C;T;0.0201613008975982;170
100..300;13;98395734;A;G;0.0454544983804225;230
100..300;13;98395772;C;T;0.0281249992549419;220
100..300;13;98640887;T;G;0.0341297015547752;205
100..300;13;98884963;T;G;0.0483870990574359;120
100..300;13;98902308;T;C;0.0335195995867252;125
100..300;13;98914181;A;G;0.0913978964090347;130
100..300;13;98923314;A;G;0.0217390991747379;145
100..300;13;100635086;T;C;0.0490196011960506;205
100..300;13;100636738;T;C;0.0437956005334854;180
100..300;13;100670368;C;G;0.0404857993125915;155
100..300;13;101067948;G;T;0.055214699357748;110
100..300;13;105489886;T;C;0.0386740006506443;120
100..300;13;109783567;A;G;0.0280702002346515;185
100..300;13;110198495;G;A;0.0359711982309818;180
100..300;13;110206722;C;G;0.0598802007734775;115
100..300;13;110450371;T;C;0.0280898995697498;240
100..300;13;110469273;T;C;0.0516716986894607;205
100..300;13;110480209;T;C;0.0410959012806415;100
100..300;13;110937240;C;G;0.0625;185
100..300;13;110937681;G;A;0.0547263994812965;135
100..300;13;110938918;A;G;0.0460123009979724;230
100..300;13;113066162;T;C;0.0289255995303392;155
100..300;13;113799443;C;T;0.0273037999868392;190
100..300;14;19975867;G;T;0.0275590997189283;175
100..300;14;19976034;C;A;0.035087700933218;150
100..300;14;19976282;A;C;0.0344827994704246;125
100..300;14;19976429;C;T;0.0513833984732627;165
100..300;14;19976448;G;C;0.0555556006729602;155
100..300;14;20060523;C;T;0.0305677000433206;160
100..300;14;20197631;A;T;0.0459363982081413;195
100..300;14;20197681;A;G;0.0501567013561725;225
100..300;14;20224436;C;G;0.0456140004098415;195
100..300;14;20383654;C;G;0.0379147008061409;155
100..300;14;21087322;A;G;0.0342205017805099;170
100..300;14;21162664;T;C;0.0229007992893457;175
100..300;14;21499294;A;G;0.0448429994285106;145
100..300;14;21525364;G;A;0.029339900240302;275
100..300;14;21570079;T;G;0.0272109005600214;195
100..300;14;21602747;T;G;0.0237389001995325;225
100..300;14;21665635;G;A;0.0245613995939493;200
100..300;14;22105548;A;T;0.0689655020833015;130
100..300;14;22478914;T;C;0.0416667014360427;125
100..300;14;22545118;G;C;0.0271738991141319;120
100..300;14;22634064;G;A;0.0331325009465217;220
100..300;14;22634135;T;C;0.0240641999989748;250
100..300;14;22634450;T;C;0.0229885000735521;225
100..300;14;22771119;A;T;0.0208333004266023;230
100..300;14;22829926;T;G;0.0315788984298706;185
100..300;14;22842737;A;G;0.0298507008701562;100
100..300;14;23138037;A;C;0.0583333000540733;165
100..300;14;23307890;A;G;0.0262171998620033;180
100..300;14;23423679;G;A;0.0282051004469394;250
100..300;14;23563818;A;G;0.0351562015712261;160
100..300;14;23750320;A;G;0.0408162996172905;135
100..300;14;24054385;A;G;0.0304569005966186;140
100..300;14;24074599;C;G;0.0208333004266023;185
100..300;14;24409279;A;G;0.0297398008406162;195
100..300;14;24428000;G;C;0.0463918000459671;130
100..300;14;24432227;T;C;0.0216866992413997;295
100..300;14;24634203;C;T;0.0232558008283376;225
100..300;14;24634208;A;G;0.0229225996881723;230
100..300;14;25267262;C;G;0.0661479011178016;170
100..300;14;28264641;A;G;0.0261438004672527;205
100..300;14;28264750;A;G;0.0332102999091148;195
100..300;14;30906116;T;A;0.0797545984387397;105
100..300;14;30912145;C;T;0.0361991003155708;145
100..300;14;30956251;T;A;0.0303029995411634;105
100..300;14;31129221;C;T;0.051020398736;130
100..300;14;31150186;C;T;0.0280000008642673;165
100..300;14;34629893;G;A;0.0445205010473728;185
100..300;14;34740374;C;G;0.0432691983878612;140
100..300;14;34794777;C;T;0.0399999991059303;175
100..300;14;39234120;G;A;0.0265487004071474;150
100..300;14;39348824;G;A;0.0212766006588935;245
100..300;14;39386051;C;T;0.0470587983727455;120
100..300;14;47144161;T;G;0.0389610007405281;150
100..300;14;50739427;T;A;0.0511181987822055;205
100..300;14;51720254;G;A;0.0260585993528366;215
100..300;14;52015199;T;C;0.0344827994704246;250
100..300;14;52054028;T;G;0.0243161004036664;220
100..300;14;54991270;C;G;0.0455926991999149;210
100..300;14;55766542;T;C;0.0299401003867387;230
100..300;14;55766589;T;C;0.0208954997360706;235
100..300;14;56585793;T;G;0.0399999991059303;135
100..300;14;58004727;G;C;0.0248962994664907;160
100..300;14;58138132;C;A;0.0410959012806415;150
100..300;14;58371950;G;A;0.0612245015799999;120
100..300;14;58371983;T;C;0.0654762014746666;105
100..300;14;59565278;A;G;0.0317460000514984;130
100..300;14;60509419;A;G;0.0315315015614032;150
100..300;14;61831964;G;C;0.0267856996506452;155
100..300;14;61996048;C;T;0.0402299016714096;125
100..300;14;62283828;T;C;0.0568181984126567;115
100..300;14;62708242;T;C;0.0456988997757434;245
100..300;14;64210033;T;C;0.0197043996304273;270
100..300;14;64442127;A;G;0.0410095006227493;205
100..300;14;64564816;T;C;0.0443038009107112;100
100..300;14;64601612;C;CTG;0.0421940982341766;145
100..300;14;64601623;T;TTCTC;0.0431034006178379;145
100..300;14;64779905;C;T;0.0232558008283376;200
100..300;14;64786514;C;T;0.0238095000386238;220
100..300;14;64795408;T;C;0.0260869991034269;155
100..300;14;64796582;T;C;0.0485075004398822;175
100..300;14;64796629;T;C;0.0304878000169992;215
100..300;14;65468187;C;A;0.0299999993294477;135
100..300;14;67569162;G;A;0.0257353000342845;170
100..300;14;67782782;T;C;0.0287356004118919;120
100..300;14;68887943;G;T;0.0390878990292549;210
100..300;14;69054957;A;G;0.0175000000745058;275
100..300;14;69229075;A;G;0.0416667014360427;115
100..300;14;69237836;T;G;0.052419401705265;175
100..300;14;69796931;T;C;0.0192307997494936;215
100..300;14;70013498;A;T;0.0303029995411634;145
100..300;14;70167829;T;C;0.0528053008019924;200
100..300;14;70595239;C;T;0.0505618005990982;120
100..300;14;70595626;G;A;0.0238095000386238;145
100..300;14;70595718;T;C;0.0281125009059906;155
100..300;14;72662275;C;T;0.051282100379467;125
100..300;14;72753312;G;A;0.0420712009072303;200
100..300;14;72938087;A;G;0.0374331995844841;120
100..300;14;72946031;T;C;0.0394088998436927;130
100..300;14;72955642;G;T;0.0318301990628242;240
100..300;14;72958607;T;C;0.0207611992955207;195
100..300;14;73595264;C;T;0.0357142984867095;245
100..300;14;73619711;A;G;0.026936000213027;195
100..300;14;73729878;A;G;0.0343915000557899;260
100..300;14;74057166;G;A;0.0243902001529932;205
100..300;14;74057246;A;G;0.0282776001840829;255
100..300;14;74245180;T;C;0.0248755998909473;130
100..300;14;74526097;G;A;0.0384614989161491;160
100..300;14;74781799;A;G;0.0226131007075309;275
100..300;14;75280166;A;G;0.0382352992892265;240
100..300;14;75280555;C;T;0.0285714007914066;145
100..300;14;75579348;T;C;0.0301507990807294;280
100..300;14;76828587;A;G;0.0249377004802227;285
100..300;14;76837991;A;G;0.0393257997930049;115
100..300;14;77251895;T;C;0.0276679992675781;155
100..300;14;77326864;A;G;0.0233332999050617;195
100..300;14;77330298;A;G;0.0297398008406162;175
100..300;14;77377922;A;G;0.0445026010274887;255
100..300;14;77378249;A;T;0.0291262008249759;290
100..300;14;77673986;A;G;0.021390400826931;255
100..300;14;77674012;A;T;0.0223463997244834;245
100..300;14;77683351;G;C;0.0509258992969989;150
100..300;14;77718223;A;C;0.0278552006930112;250
100..300;14;77718318;G;T;0.0335052013397216;265
100..300;14;85622971;A;G;0.0235987994819879;230
100..300;14;88385844;A;G;0.0320000015199184;160
100..300;14;89932563;A;G;0.0406977012753486;105
100..300;14;90279078;C;T;0.0329217985272407;150
100..300;14;91297293;T;C;0.0368851982057094;155
100..300;14;92454027;T;C;0.0519878007471561;220
100..300;14;92932824;A;G;0.0301724001765251;160
100..300;14;94283955;A;G;0.0248755998909473;140
100..300;14;94306092;A;G;0.0303029995411634;215
100..300;14;94366459;A;G;0.0669746026396751;285
100..300;14;94446462;A;G;0.0345679000020027;255
100..300;14;94446559;G;T;0.0232558008283376;195
100..300;14;95407315;C;A;0.0481282994151115;135
100..300;14;95439984;A;G;0.058823499828577;225
100..300;14;95452288;C;T;0.0543477982282638;170
100..300;14;95922836;G;A;0.0366972014307975;145
100..300;14;96086522;C;G;0.0449437983334064;125
100..300;14;96305722;A;T;0.0394737012684345;190
100..300;14;96833516;G;A;0.0346154011785984;180
100..300;14;98716289;C;T;0.0173912998288869;215
100..300;14;98973311;A;G;0.0636942982673645;205
100..300;14;99174568;A;G;0.0289016999304294;110
100..300;14;99909370;T;C;0.0339622981846332;175
100..300;14;100334994;T;C;0.0456140004098415;185
100..300;14;100550487;G;A;0.0319149009883403;120
100..300;14;102348705;T;C;0.0275861993432045;185
100..300;14;102434864;G;A;0.0322581008076667;215
100..300;14;102875712;C;T;0.0314135998487472;125
100..300;14;102974136;C;G;0.0273556001484394;200
100..300;14;103100448;T;C;0.0338542014360427;265
100..300;14;103100498;G;C;0.024024000391364;230
100..300;14;104712857;C;T;0.0476190000772476;215
100..300;14;104714228;C;T;0.0508982017636299;230
100..300;14;105150705;T;C;0.0163042992353439;255
100..300;14;105221745;T;C;0.0277778003364801;190
100..300;15;22943162;C;T;0.0241378992795944;190
100..300;15;24508923;A;G;0.0641710981726646;120
100..300;15;25679947;G;C;0.0386473014950752;145
100..300;15;25681039;A;G;0.0318471007049083;210
100..300;15;25708295;T;C;0.0340908989310264;110
100..300;15;25971227;C;G;0.0338164009153842;125
100..300;15;26939288;T;C;0.0441175997257232;130
100..300;15;26939335;T;C;0.0196850001811981;160
100..300;15;26939370;A;G;0.0202428996562957;155
100..300;15;26943312;T;C;0.0213523004204034;190
100..300;15;27327045;A;G;0.0340135991573333;110
100..300;15;27328788;T;C;0.033195000141859;155
100..300;15;27328821;C;T;0.0234898999333381;200
100..300;15;28141480;T;C;0.0306604001671075;290
100..300;15;30005534;T;C;0.0612245015799999;165
100..300;15;30005618;C;G;0.119718000292778;110
100..300;15;31050541;T;C;0.0340313985943794;250
100..300;15;32898822;G;A;0.0221238993108272;140
100..300;15;33823080;T;C;0.0241545997560024;140
100..300;15;34752856;A;G;0.0375940017402172;275
100..300;15;39021201;G;C;0.0476190000772476;110
100..300;15;40272854;A;G;0.0563380010426044;140
100..300;15;40303364;T;C;0.0266159996390342;170
100..300;15;40364523;T;C;0.0360359996557235;145
100..300;15;40557209;T;C;0.0211267992854118;185
100..300;15;40900342;T;C;0.0235293991863727;235
100..300;15;41016167;C;A;0.0293039996176958;175
100..300;15;41699117;T;A;0.0450000017881393;130
100..300;15;41734566;T;C;0.0717948973178863;125
100..300;15;41749514;A;G;0.0445205010473728;205
100..300;15;41841899;T;C;0.0430621989071369;140
100..300;15;41842173;C;G;0.0450000017881393;140
100..300;15;41843790;T;C;0.0621468983590602;220
100..300;15;41845084;A;G;0.046025101095438;170
100..300;15;41846258;A;G;0.0217390991747379;235
100..300;15;41846840;A;G;0.0305677000433206;150
100..300;15;41847444;T;C;0.0231481008231639;275
100..300;15;41856602;T;C;0.0273037999868392;195
100..300;15;41857398;G;C;0.026011599227786;225
100..300;15;41858690;A;G;0.0188679005950689;205
100..300;15;41866175;A;G;0.0426357015967369;180
100..300;15;41876202;T;C;0.0351906009018421;220
100..300;15;42070100;G;T;0.0335195995867252;125
100..300;15;42081612;C;G;0.027624299749732;230
100..300;15;42878595;G;A;0.0277778003364801;200
100..300;15;42878625;T;C;0.0349650010466575;180
100..300;15;43239213;C;G;0.0359711982309818;180
100..300;15;43369604;C;T;0.0518134981393814;135
100..300;15;43432448;G;T;0.0585585981607437;150
100..300;15;43456106;G;A;0.0521739013493061;170
100..300;15;43469998;T;C;0.0226537007838487;205
100..300;15;43475576;C;G;0.0519481003284454;150
100..300;15;43492277;T;C;0.0277778003364801;100
100..300;15;43523801;T;C;0.0348837003111839;185
100..300;15;43524719;A;G;0.0443685986101627;200
100..300;15;43525206;A;G;0.0365169011056423;245
100..300;15;43525208;C;T;0.0569800995290279;245
100..300;15;43600649;C;G;0.0299145001918077;155
100..300;15;43600695;G;A;0.0437499992549419;110
100..300;15;43801729;C;T;0.0515463985502719;190
100..300;15;43809812;C;A;0.021680200472474;245
100..300;15;43905851;G;A;0.0652920976281166;180
100..300;15;45136514;T;C;0.0484847985208034;220
100..300;15;47765874;A;G;0.0980392023921012;170
100..300;15;50182703;T;C;0.0303029995411634;185
100..300;15;50263347;A;G;0.0641892030835151;200
100..300;15;51218505;A;T;0.0285714007914066;170
100..300;15;51218671;C;A;0.0340135991573333;105
100..300;15;51236915;C;T;0.0212766006588935;145
100..300;15;51383428;T;C;0.04060909897089;120
100..300;15;51465629;C;T;0.0553191006183624;150
100..300;15;51499362;G;A;0.02928869985044;165
100..300;15;51502975;A;G;0.0303029995411634;135
100..300;15;51622465;A;G;0.0195439998060464;205
100..300;15;51954468;A;G;0.0246913991868495;155
100..300;15;54321483;T;C;0.076554998755455;125
100..300;15;55916337;A;G;0.0270269997417926;130
100..300;15;56071433;A;G;0.0462962985038757;145
100..300;15;56071500;G;A;0.0384614989161491;145
100..300;15;57247056;C;G;0.0428570993244648;100
100..300;15;57963929;T;C;0.0431373007595539;170
100..300;15;58279202;T;A;0.0284090992063283;110
100..300;15;59224676;T;C;0.0277778003364801;115
100..300;15;59678099;A;C;0.0344827994704246;100
100..300;15;62260361;A;G;0.0569106005132198;160
100..300;15;62819540;C;T;0.0196720995008945;200
100..300;15;62838918;A;T;0.0262171998620033;180
100..300;15;63600712;A;G;0.0389610007405281;150
100..300;15;63626108;C;G;0.0305084995925426;185
100..300;15;63630553;A;T;0.0272109005600214;190
100..300;15;63640314;C;G;0.0777027010917663;190
100..300;15;63645010;G;C;0.070270299911499;120
100..300;15;63656169;T;C;0.0219780001789331;190
100..300;15;63660954;G;A;0.1145830005407333;120
100..300;15;63661830;T;C;0.0561797991394996;235
100..300;15;63678257;C;T;0.0305084995925426;195
100..300;15;63692573;C;T;0.0425532013177871;120
100..300;15;63696158;G;C;0.0384614989161491;150
100..300;15;63703224;T;C;0.0653266012668609;130
100..300;15;64216564;A;G;0.0310881007462739;125
100..300;15;64675455;T;C;0.0171920005232095;235
100..300;15;64821294;A;G;0.0411522984504699;165
100..300;15;64864886;TC;T;0.0387097001075744;115
100..300;15;64934241;G;A;0.0414507985115051;125
100..300;15;65003167;T;C;0.0233332999050617;200
100..300;15;65055067;A;G;0.0182767994701862;275
100..300;15;65078012;T;C;0.0215384997427463;225
100..300;15;65329706;A;C;0.0325203016400337;175
100..300;15;65624189;T;A;0.055214699357748;220
100..300;15;66329008;G;A;0.0308880005031824;170
100..300;15;66337056;C;T;0.0363636016845703;145
100..300;15;66349079;C;T;0.0459770001471042;115
100..300;15;68321440;T;G;0.0189394000917673;170
100..300;15;69035886;T;C;0.0319489017128944;205
100..300;15;70859747;T;C;0.0233462993055582;175
100..300;15;70891939;T;G;0.0481282994151115;250
100..300;15;70892156;G;A;0.0283400993794202;170
100..300;15;71256656;T;C;0.049261100590229;135
100..300;15;71660560;A;G;0.0255318991839885;150
100..300;15;71748435;T;C;0.0882352963089943;135
100..300;15;73740442;G;A;0.0399999991059303;195
100..300;15;73985454;C;T;0.0294118002057075;160
100..300;15;74330337;A;G;0.0239234007894992;140
100..300;15;74361805;C;T;0.0368550010025501;270
100..300;15;76202194;A;C;0.0247933994978666;160
100..300;15;77986142;A;G;0.0219436008483171;225
100..300;15;78098567;T;C;0.0199203006923198;165
100..300;15;78105804;A;G;0.0318907015025615;270
100..300;15;79236371;G;A;0.0302012991160154;195
100..300;15;79456231;A;G;0.0384614989161491;225
100..300;15;79457785;G;A;0.0167597997933626;255
100..300;15;80158047;A;G;0.0599999986588954;125
100..300;15;81300461;G;A;0.0215054005384445;245
100..300;15;81305928;G;T;0.0321428999304771;195
100..300;15;81306075;A;G;0.0239234007894992;280
100..300;15;82138804;T;C;0.0368664003908634;145
100..300;15;82151813;T;G;0.0236220005899667;185
100..300;15;82573126;G;A;0.0268198996782302;170
100..300;15;82833313;C;A;0.0179487001150846;265
100..300;15;82833314;G;C;0.0179487001150846;260
100..300;15;83982433;A;C;0.0230263005942106;210
100..300;15;84113665;C;A;0.0322581008076667;100
100..300;15;84643606;C;T;0.0395136997103691;205
100..300;15;85582073;T;C;0.0185873992741107;185
100..300;15;85741111;T;C;0.0323886983096599;150
100..300;15;88069284;A;G;0.0291971005499362;100
100..300;15;88874007;G;A;0.025229400023818;285
100..300;15;88878096;G;A;0.0445026010274887;250
100..300;15;88878174;A;G;0.017543900758028;265
100..300;15;88879055;T;C;0.0385674983263015;250
100..300;15;88881350;G;A;0.0373831987380981;155
100..300;15;88887275;T;C;0.0280111990869045;240
100..300;15;88893013;C;T;0.0285714007914066;200
100..300;15;88893064;A;G;0.0298507008701562;215
100..300;15;89211723;A;G;0.0260416995733976;125
100..300;15;89292997;C;G;0.0427807010710239;125
100..300;15;89315371;C;T;0.0363636016845703;140
100..300;15;89317555;C;A;0.0314135998487472;120
100..300;15;89319110;G;A;0.0305677000433206;165
100..300;15;89625462;A;T;0.0666666999459266;250
100..300;15;89627006;T;C;0.0332325994968414;210
100..300;15;89652777;T;C;0.047468401491642;220
100..300;15;89667032;G;A;0.0171920005232095;220
100..300;15;89804552;T;C;0.0472727008163929;185
100..300;15;89804561;A;C;0.0477940998971462;180
100..300;15;89804583;A;G;0.0355730988085269;165
100..300;15;90067575;A;C;0.0386100001633167;180
100..300;15;90232411;A;G;0.0313725993037223;160
100..300;15;90241828;T;C;0.0186170004308223;255
100..300;15;90295118;T;C;0.0436241999268531;220
100..300;15;90360270;A;G;0.0390390008687973;235
100..300;15;90491327;G;C;0.0226243995130062;150
100..300;15;90540121;A;G;0.0222222004085779;145
100..300;15;90885060;T;C;0.0470587983727455;125
100..300;15;90885359;G;T;0.062330599874258;250
100..300;15;90885406;A;G;0.0735293999314308;235
100..300;15;90887387;A;G;0.058823499828577;105
100..300;15;92281628;C;T;0.0604651011526584;145
100..300;15;92281744;T;C;0.0376343987882137;130
100..300;15;92795989;C;T;0.0236220005899667;260
100..300;15;93024634;C;A;0.0236686002463102;235
100..300;15;93045059;A;G;0.0465116016566753;175
100..300;15;93052380;T;C;0.0166205000132322;240
100..300;15;94541859;C;T;0.0364582985639572;120
100..300;15;99258729;A;G;0.0625;125
100..300;15;99334110;C;T;0.0229358002543449;145
100..300;15;99729430;C;G;0.0551471002399921;190
100..300;15;100109043;A;G;0.0208333004266023;190
100..300;15;100152640;G;A;0.0252100992947816;145
100..300;15;100152748;A;G;0.0602409988641738;155
100..300;15;100924710;C;T;0.0244754999876022;190
100..300;16;61249;T;C;0.0341615006327629;205
100..300;16;254515;T;C;0.0205128006637096;255
100..300;16;263407;G;A;0.0305677000433206;155
100..300;16;272935;T;C;0.0557490997016429;185
100..300;16;274052;G;A;0.0420168004930019;245
100..300;16;284580;C;G;0.0338983014225959;165
100..300;16;284732;T;C;0.0244647990912199;210
100..300;16;286916;T;C;0.0217390991747379;170
100..300;16;376432;C;T;0.0398670993745327;210
100..300;16;377479;C;T;0.0398772992193698;210
100..300;16;377516;C;T;0.0379008986055851;215
100..300;16;377657;A;G;0.0191571004688739;190
100..300;16;377784;A;G;0.0480226017534732;230
100..300;16;377820;T;C;0.0428134985268116;210
100..300;16;377866;C;T;0.0373831987380981;145
100..300;16;565048;A;G;0.0272109005600214;190
100..300;16;565326;C;T;0.0271738991141319;130
100..300;16;576346;C;A;0.0514139011502265;275
100..300;16;583125;C;T;0.0601718984544277;240
100..300;16;583353;C;T;0.0519802011549472;265
100..300;16;583354;A;G;0.0522387996315956;265
100..300;16;627629;C;T;0.0180504992604255;180
100..300;16;631280;T;G;0.0185873992741107;165
100..300;16;631284;T;C;0.0474453009665012;170
100..300;16;631325;G;A;0.0479233004152774;195
100..300;16;651656;T;C;0.0215054005384445;185
100..300;16;655360;C;T;0.02033899910748;180
100..300;16;655844;C;T;0.016746399924159;280
100..300;16;658275;A;C;0.0315456986427307;205
100..300;16;659001;A;C;0.0229225996881723;230
100..300;16;661905;G;A;0.0392749011516571;240
100..300;16;665990;A;G;0.0251256003975868;255
100..300;16;667523;T;G;0.0281690005213022;270
100..300;16;670986;A;G;0.0317847989499568;280
100..300;16;672331;T;C;0.0346534997224807;265
100..300;16;682287;G;GC;0.0621762014925479;135
100..300;16;687269;T;C;0.0284697990864515;200
100..300;16;725947;C;G;0.0269460994750261;235
100..300;16;725954;A;C;0.0264705996960401;240
100..300;16;725955;A;C;0.0264705996960401;240
100..300;16;770944;A;T;0.0388350002467632;125
100..300;16;789084;C;A;0.02928869985044;165
100..300;16;790378;G;A;0.0330881997942924;195
100..300;16;790409;C;T;0.0320000015199184;180
100..300;16;790636;G;C;0.0247677993029356;210
100..300;16;791966;T;C;0.0280898995697498;125
100..300;16;792450;T;C;0.0297030005604028;210
100..300;16;792706;A;G;0.0197627991437912;180
100..300;16;792826;G;A;0.0284553002566099;170
100..300;16;879711;T;C;0.0357142984867095;195
100..300;16;934113;A;C;0.033057801425457;235
100..300;16;1215600;A;G;0.0264900997281074;200
100..300;16;1341870;G;C;0.0441989004611969;125
100..300;16;1453878;A;T;0.0246913991868495;205
100..300;16;1456129;T;C;0.0276497993618249;295
100..300;16;1486371;A;G;0.0277778003364801;265
100..300;16;1487450;G;C;0.033057801425457;255
100..300;16;1656434;T;C;0.0413222983479499;170
100..300;16;1765945;T;C;0.0307017993181943;155
100..300;16;1786795;A;C;0.0277778003364801;210
100..300;16;1788639;C;T;0.0230947006493806;295
100..300;16;1792208;G;A;0.0173912998288869;225
100..300;16;1978401;C;A;0.0253520999103784;245
100..300;16;1998795;T;C;0.0601852014660835;140
100..300;16;1998825;G;C;0.0531401000916957;140
100..300;16;1999639;G;A;0.0381355993449687;165
100..300;16;1999727;T;C;0.0204082001000642;205
100..300;16;1999848;C;T;0.0264900997281074;225
100..300;16;2295708;A;G;0.0306905005127191;250
100..300;16;2529049;A;G;0.020771499723196;210
100..300;16;2771572;T;C;0.0184048991650342;210
100..300;16;2820949;A;G;0.0336133986711502;160
100..300;16;2933482;G;C;0.0287957992404699;255
100..300;16;2992911;A;C;0.0243161004036664;220
100..300;16;3090615;C;T;0.0277778003364801;140
100..300;16;3484892;A;G;0.0317073017358779;275
100..300;16;3589229;A;G;0.0192837007343769;245
100..300;16;4779683;T;C;0.0184502005577087;170
100..300;16;5078816;A;G;0.0209973994642496;245
100..300;16;10769107;G;A;0.0282685998827219;185
100..300;16;10907886;A;G;0.046875;190
100..300;16;11553636;C;T;0.0287356004118919;220
100..300;16;11556469;A;G;0.0751880034804344;185
100..300;16;11758498;C;A;0.0265487004071474;140
100..300;16;11875867;C;G;0.0723270028829574;210
100..300;16;12069112;G;A;0.0208333004266023;190
100..300;16;12526556;T;G;0.0352941006422042;110
100..300;16;12908502;C;T;0.0954357013106346;155
100..300;16;12908530;T;C;0.0892193019390106;165
100..300;16;13920383;A;G;0.0606060996651649;150
100..300;16;13948101;C;T;0.0336390994489192;235
100..300;16;14240669;T;C;0.0548522993922233;160
100..300;16;15586785;T;C;0.0333333015441894;240
100..300;16;16134385;A;G;0.0392749011516571;220
100..300;16;16157742;T;C;0.0238095000386238;220
100..300;16;16187150;G;A;0.0226629003882408;225
100..300;16;17200491;A;G;0.0265487004071474;150
100..300;16;19037931;T;A;0.0350317992269992;210
100..300;16;19223170;T;C;0.0279329996556043;120
100..300;16;19536794;A;G;0.0330188982188701;155
100..300;16;19714953;T;C;0.0275688990950584;280
100..300;16;20341296;A;C;0.0251256003975868;130
100..300;16;20431331;A;G;0.0652173981070518;120
100..300;16;20997368;C;T;0.0449101999402046;215
100..300;16;21140592;T;G;0.0196077991276979;200
100..300;16;21174063;A;G;0.0248447004705667;205
100..300;16;21965441;A;G;0.0338983014225959;110
100..300;16;22132997;T;C;0.024813899770379;260
100..300;16;22251193;A;C;0.0548522993922233;145
100..300;16;22815018;G;A;0.0294118002057075;195
100..300;16;23710959;A;G;0.0366300009191036;175
100..300;16;24884040;T;C;0.0321285016834735;160
100..300;16;25244185;T;C;0.0357142984867095;210
100..300;16;25246714;G;A;0.0612245015799999;135
100..300;16;25251957;A;G;0.0480000004172325;150
100..300;16;25257047;G;A;0.0233235992491245;230
100..300;16;25454404;T;C;0.0377358011901378;105
100..300;16;27749719;T;C;0.0232558008283376;225
100..300;16;27761500;T;C;0.0518731996417045;225
100..300;16;27777669;A;G;0.0316455997526645;205
100..300;16;28591670;G;A;0.0410095006227493;200
100..300;16;28591691;G;A;0.0412371009588241;180
100..300;16;28593365;G;A;0.0395256988704204;180
100..300;16;28845498;T;C;0.0289016999304294;115
100..300;16;28986676;A;G;0.0181159004569053;190
100..300;16;29897112;G;C;0.0466925986111164;170
100..300;16;30086309;T;C;0.0389293991029262;270
100..300;16;30089080;T;C;0.0258064996451139;205
100..300;16;30499250;T;C;0.0189394000917673;195
100..300;16;31085174;C;G;0.0261438004672527;295
100..300;16;31143577;T;C;0.0283911991864442;225
100..300;16;31325398;A;G;0.026315800845623;175
100..300;16;31373233;C;T;0.0397351011633873;100
100..300;16;31568951;T;C;0.0241378992795944;205
100..300;16;48130866;C;T;0.0268817003816366;120
100..300;16;49396623;A;G;0.03125;195
100..300;16;50608290;C;G;0.0279719997197389;180
100..300;16;50675812;A;G;0.0268657002598047;210
100..300;16;50699948;G;C;0.0375587008893489;145
100..300;16;50711672;G;T;0.0302115008234977;225
100..300;16;51138766;A;G;0.0308219008147716;195
100..300;16;52439351;G;A;0.0610169991850853;200
100..300;16;52935001;G;A;0.034682098776102;125
100..300;16;53229052;T;C;0.0335195995867252;110
100..300;16;53602088;A;G;0.026315800845623;115
100..300;16;53649037;T;C;0.0322581008076667;195
100..300;16;55327581;T;C;0.0989011004567146;210
100..300;16;55329326;A;G;0.0596025995910167;110
100..300;16;55846568;C;A;0.0254452992230653;255
100..300;16;55846622;C;G;0.0447761006653308;235
100..300;16;56633330;A;T;0.0365534983575344;260
100..300;16;56644113;A;G;0.0159236006438732;200
100..300;16;56658058;T;A;0.0431373007595539;160
100..300;16;56677646;T;C;0.0522387996315956;250
100..300;16;56687861;T;A;0.0318181999027729;150
100..300;16;57026812;A;G;0.0222222004085779;215
100..300;16;57127916;A;G;0.0181159004569053;175
100..300;16;57249818;A;G;0.0268198996782302;165
100..300;16;57363537;T;C;0.0187266003340482;175
100..300;16;57436652;C;G;0.0331754013895988;135
100..300;16;57469301;T;C;0.0318471007049083;110
100..300;16;57661692;T;C;0.0245098005980253;130
100..300;16;57698100;A;G;0.0191693007946014;205
100..300;16;57998122;A;G;0.0529248006641864;250
100..300;16;58280529;C;T;0.0227272994816303;225
100..300;16;58280694;T;C;0.0230768993496894;190
100..300;16;58495711;T;C;0.0390878990292549;200
100..300;16;58541585;A;G;0.0355730988085269;170
100..300;16;59754458;C;T;0.0393257997930049;125
100..300;16;67006432;A;G;0.0327381007373333;225
100..300;16;68698146;C;A;0.0207253992557525;245
100..300;16;69109674;G;A;0.0235601998865604;255
100..300;16;69143365;T;C;0.0183726996183395;255
100..300;16;69270145;G;A;0.0452830009162426;175
100..300;16;69322709;G;C;0.0280898995697498;115
100..300;16;69343567;G;A;0.0247677993029356;215
100..300;16;69343596;C;T;0.0399999991059303;200
100..300;16;69347866;T;C;0.0192307997494936;240
100..300;16;69982670;A;G;0.021857900545001;240
100..300;16;70692892;A;C;0.0193370003253221;225
100..300;16;71449594;G;C;0.027131799608469;185
100..300;16;71475876;T;C;0.0257235001772642;210
100..300;16;71626407;A;G;0.0369127988815307;190
100..300;16;71734597;C;T;0.0333333015441894;120
100..300;16;71949873;C;G;0.0201341994106769;190
100..300;16;71953096;A;G;0.0328947007656097;100
100..300;16;71970053;C;G;0.0243902001529932;215
100..300;16;71993292;A;T;0.0232558008283376;170
100..300;16;71999902;T;G;0.0231883991509675;230
100..300;16;72150667;T;C;0.0432098992168903;210
100..300;16;73941295;G;A;0.0592592991888523;175
100..300;16;74465691;A;G;0.0446096993982791;170
100..300;16;74887763;T;A;0.0282258000224828;155
100..300;16;75235636;T;C;0.0340632982552051;275
100..300;16;75236823;A;C;0.0541515983641147;190
100..300;16;75714908;C;T;0.029484000056982;285
100..300;16;76448850;G;C;0.0199203006923198;170
100..300;16;77735937;A;G;0.0169491991400718;230
100..300;16;78574199;C;T;0.0641710981726646;250
100..300;16;80126848;C;G;0.03125;100
100..300;16;81061486;G;A;0.0748791992664337;285
100..300;16;81108652;C;T;0.0394737012684345;145
100..300;16;81159828;C;G;0.055214699357748;105
100..300;16;81160923;T;C;0.0625;115
100..300;16;81268089;T;A;0.0338983014225959;160
100..300;16;81270154;C;T;0.0486485995352268;125
100..300;16;81476117;C;T;0.0361445993185043;235
100..300;16;81786071;T;A;0.0322581008076667;200
100..300;16;81859103;A;T;0.0493827015161514;100
100..300;16;81908423;G;C;0.0364371985197067;165
100..300;16;82148776;G;T;0.0259739998728036;195
100..300;16;82858432;G;A;0.035087700933218;155
100..300;16;83981020;T;C;0.0323886983096599;165
100..300;16;84174729;T;G;0.0181818008422851;255
100..300;16;84178965;A;C;0.024024000391364;225
100..300;16;84179508;T;C;0.0216215997934341;255
100..300;16;84179828;T;A;0.0328283011913299;270
100..300;16;84181784;C;T;0.0317460000514984;230
100..300;16;84195830;A;G;0.0332226008176803;215
100..300;16;84195974;T;C;0.0275688990950584;270
100..300;16;84452071;A;T;0.0217390991747379;215
100..300;16;84459475;A;G;0.0484847985208034;125
100..300;16;84845858;G;A;0.0317460000514984;245
100..300;16;86532276;C;G;0.0176321994513273;270
100..300;16;86542131;T;C;0.0196720995008945;195
100..300;16;87052881;A;G;0.0545454993844032;150
100..300;16;87644538;C;T;0.0477528013288974;240
100..300;16;87644559;A;G;0.0212201997637748;260
100..300;16;87701921;A;G;0.0163934007287025;290
100..300;16;87748790;A;C;0.0308369994163513;150
100..300;16;87761974;C;G;0.0159574002027511;250
100..300;16;88428959;A;G;0.0283505003899335;265
100..300;16;88712624;C;G;0.0404412001371383;180
100..300;16;88811640;A;G;0.0428015999495983;155
100..300;16;89100730;C;G;0.0192307997494936;205
100..300;16;89198687;T;C;0.0254236999899148;250
100..300;16;89227322;T;C;0.0245901998132467;250
100..300;16;89228419;G;A;0.0344827994704246;180
100..300;16;89280475;G;C;0.0175000000745058;280
100..300;16;89911245;A;G;0.0291667003184556;150
100..300;16;90095932;T;C;0.0349650010466575;210
100..300;17;1280318;C;T;0.0308483000844717;255
100..300;17;1801002;A;C;0.0259067006409168;135
100..300;17;2299649;C;T;0.0214285999536514;295
100..300;17;2299873;G;T;0.0369458012282848;280
100..300;17;2333110;C;T;0.0273972991853952;145
100..300;17;2361819;A;C;0.0370370000600814;115
100..300;17;2363505;A;G;0.0253622997552156;185
100..300;17;2363518;C;T;0.0243056006729602;195
100..300;17;2692670;A;G;0.0342857018113136;230
100..300;17;2696892;A;G;0.0232558008283376;180
100..300;17;2980294;A;C;0.0476190000772476;170
100..300;17;2981251;G;A;0.0330881997942924;180
100..300;17;3116431;C;T;0.0376568995416164;170
100..300;17;3116477;TC;T;0.0284899994730949;240
100..300;17;3116525;A;G;0.0256409998983144;275
100..300;17;3116587;T;C;0.0313252992928028;285
100..300;17;3116848;T;C;0.02033899910748;205
100..300;17;3154330;T;A;0.0342104993760585;260
100..300;17;3154337;G;C;0.0365534983575344;260
100..300;17;3154496;T;C;0.0330329984426498;220
100..300;17;3278090;T;C;0.0561404004693031;195
100..300;17;3660669;G;C;0.0357142984867095;140
100..300;17;3690982;T;TG;0.0486891008913517;180
100..300;17;3732351;G;A;0.0283019002526998;200
100..300;17;3732474;C;A;0.0366300009191036;190
100..300;17;3753865;T;C;0.0384614989161491;230
100..300;17;4453080;T;G;0.0425532013177871;255
100..300;17;4742317;T;C;0.0264550000429153;125
100..300;17;4818081;G;A;0.027522899210453;140
100..300;17;4818838;T;C;0.0256409998983144;180
100..300;17;4892979;C;T;0.0243902001529932;220
100..300;17;4892991;T;C;0.0252809002995491;240
100..300;17;4900416;A;G;0.0178117007017135;235
100..300;17;4933086;T;C;0.0214067008346319;225
100..300;17;4972333;G;A;0.0220993999391794;240
100..300;17;5020802;G;C;0.0205479003489017;195
100..300;17;5583844;G;C;0.0664739981293678;225
100..300;17;6538056;A;G;0.030927799642086;120
100..300;17;6610009;A;G;0.0300428997725248;150
100..300;17;6620978;A;T;0.0335570015013217;100
100..300;17;6703999;T;C;0.0376811996102333;220
100..300;17;6800802;T;C;0.0427349992096424;150
100..300;17;7001615;G;A;0.0376568995416164;160
100..300;17;7075860;G;A;0.0288714002817869;255
100..300;17;7076786;A;G;0.02006690017879;210
100..300;17;7078078;G;A;0.0355871990323066;185
100..300;17;7114101;A;G;0.0384614989161491;185
100..300;17;7176997;T;C;0.0199999995529651;295
100..300;17;7230290;A;G;0.0219436008483171;210
100..300;17;7321602;G;C;0.0249307006597518;245
100..300;17;7383007;A;T;0.0364742018282413;210
100..300;17;7415616;T;C;0.0228013005107641;215
100..300;17;7463332;G;C;0.0324073992669582;285
100..300;17;7496547;A;G;0.0619194991886615;210
100..300;17;7508451;T;C;0.047393400222063;140
100..300;17;7564960;T;C;0.0618556998670101;145
100..300;17;7630399;C;T;0.041958000510931;100
100..300;17;7802026;C;G;0.0351759009063243;135
100..300;17;8012602;A;G;0.026315800845623;130
100..300;17;8013961;A;T;0.0230179000645875;240
100..300;17;8080651;C;G;0.0264550000429153;120
100..300;17;8081161;A;G;0.0419354997575283;205
100..300;17;8096639;A;G;0.0235690008848905;200
100..300;17;8263180;A;G;0.0199005007743835;255
100..300;17;8758323;T;C;0.0214476995170116;250
100..300;17;8797798;A;G;0.0293039996176958;195
100..300;17;8835258;G;A;0.04782610014081;145
100..300;17;9771584;T;C;0.0320987999439239;265
100..300;17;9771605;G;A;0.0303796995431184;265
100..300;17;9821774;A;G;0.0413534007966518;190
100..300;17;9821776;T;C;0.0408921986818313;190
100..300;17;9861214;G;A;0.0621468983590602;125
100..300;17;10328100;T;C;0.0261193998157978;185
100..300;17;10795417;T;G;0.1029409989714622;140
100..300;17;10795437;A;T;0.1099480018019676;135
100..300;17;11629398;C;T;0.0327868983149528;130
100..300;17;11629518;G;A;0.0208333004266023;190
100..300;17;11834621;A;G;0.0388889014720916;120
100..300;17;11834624;T;C;0.0380434989929199;125
100..300;17;11854239;G;C;0.0254957992583513;240
100..300;17;11932004;T;C;0.0303029995411634;155
100..300;17;11932014;A;G;0.0384614989161491;175
100..300;17;12753100;C;T;0.0238095000386238;225
100..300;17;15230858;G;T;0.0205882005393505;220
100..300;17;15593416;G;A;0.0259365998208522;220
100..300;17;16158820;C;G;0.0265152007341384;170
100..300;17;16933111;A;G;0.0261627994477748;215
100..300;17;17158927;G;C;0.0270269997417926;245
100..300;17;17165791;A;G;0.0515463985502719;250
100..300;17;18138193;T;C;0.0293160006403923;195
100..300;17;18153853;T;A;0.0477816015481948;180
100..300;17;18155207;T;C;0.0445104017853736;225
100..300;17;18156180;T;C;0.0697674006223678;145
100..300;17;18238579;T;C;0.0245232004672288;240
100..300;17;18316428;A;G;0.0333333015441894;240
100..300;17;18317360;T;C;0.0252365991473197;235
100..300;17;18322863;T;G;0.0224089995026588;245
100..300;17;18328782;A;G;0.0275861993432045;190
100..300;17;18971407;G;C;0.0349344983696937;160
100..300;17;18976955;A;C;0.035911601036787;235
100..300;17;19313263;T;C;0.0262171998620033;170
100..300;17;19705460;A;G;0.0578778013586998;210
100..300;17;19713923;T;G;0.0471463985741138;260
100..300;17;19739639;C;G;0.022580599412322;205
100..300;17;20754485;C;T;0.0227272994816303;115
100..300;17;27082786;A;G;0.0293039996176958;185
100..300;17;27083059;T;C;0.0320512987673282;210
100..300;17;27083289;G;A;0.0228137001395225;180
100..300;17;27083613;C;T;0.0301724001765251;160
100..300;17;27083661;G;C;0.0270269997417926;135
100..300;17;27430075;T;C;0.0286624003201723;200
100..300;17;27588547;A;G;0.0283019002526998;125
100..300;17;27664068;A;G;0.03125;135
100..300;17;28227749;T;C;0.0266159996390342;180
100..300;17;28529243;G;A;0.0314465016126632;105
100..300;17;28620634;A;G;0.0273972991853952;100
100..300;17;28725340;T;C;0.0279502999037504;210
100..300;17;28959833;C;T;0.0178571008145809;185
100..300;17;29253738;T;C;0.0192307997494936;215
100..300;17;30451799;C;T;0.0240550003945827;185
100..300;17;31517640;G;C;0.0352423004806041;160
100..300;17;31517891;G;A;0.0467836000025272;120
100..300;17;31901637;A;G;0.0308880005031824;175
100..300;17;32112305;A;G;0.0363035984337329;220
100..300;17;32150662;A;C;0.0462184995412826;165
100..300;17;32206951;G;A;0.0267175994813442;170
100..300;17;32365377;T;G;0.0178571008145809;185
100..300;17;32369277;A;G;0.018691599369049;210
100..300;17;34256250;C;T;0.033057801425457;150
100..300;17;34626239;A;G;0.0363636016845703;105
100..300;17;34959645;G;A;0.0228137001395225;160
100..300;17;35118530;A;G;0.0553745999932289;200
100..300;17;35186572;C;A;0.0563380010426044;100
100..300;17;35363600;T;G;0.0474307984113693;185
100..300;17;35441180;A;G;0.0401890985667705;280
100..300;17;35490181;T;C;0.0267062000930309;230
100..300;17;35554612;C;T;0.0352941006422042;155
100..300;17;35745012;A;G;0.0204604007303714;280
100..300;17;36507785;A;G;0.0434782989323139;140
100..300;17;36989342;C;T;0.0484329983592033;225
100..300;17;38322567;T;G;0.0443787015974521;210
100..300;17;38738586;A;G;0.039351899176836;295
100..300;17;38770478;G;T;0.019718300551176;235
100..300;17;38770514;A;G;0.0197368003427982;205
100..300;17;39162776;G;T;0.0363636016845703;205
100..300;17;39162812;T;C;0.0362537987530231;210
100..300;17;39162850;C;T;0.0251045990735292;155
100..300;17;39699581;A;C;0.0338983014225959;125
100..300;17;39989901;C;T;0.0282685998827219;185
100..300;17;40019613;A;G;0.0226415004581213;175
100..300;17;40300899;A;G;0.0253622997552156;175
100..300;17;40344662;C;T;0.0416667014360427;145
100..300;17;40344676;C;G;0.0272726994007825;150
100..300;17;40488873;G;A;0.026315800845623;235
100..300;17;40799709;A;G;0.0454544983804225;290
100..300;17;40834751;C;T;0.0557185001671314;230
100..300;17;40978837;A;G;0.0360576994717121;280
100..300;17;40983096;G;A;0.0561223998665809;120
100..300;17;41437470;T;C;0.0293333008885383;235
100..300;17;41438134;T;C;0.0386473014950752;280
100..300;17;41449108;T;G;0.0446926988661289;110
100..300;17;41465816;T;G;0.0231959000229835;255
100..300;17;41477097;C;G;0.0398670993745327;200
100..300;17;41478373;G;A;0.0557276010513305;210
100..300;17;41478942;A;G;0.0235293991863727;215
100..300;17;41480992;G;A;0.0241691991686821;220
100..300;17;41487394;A;G;0.0813648030161857;245
100..300;17;41489769;G;A;0.0508905984461307;270
100..300;17;41505114;C;G;0.0203562006354331;275
100..300;17;41727420;A;G;0.0574713014066219;165
100..300;17;41727813;A;C;0.0216607004404068;175
100..300;17;41865245;A;G;0.0282258000224828;155
100..300;17;41973846;A;G;0.0338461995124816;220
100..300;17;42103794;T;C;0.0284359995275735;150
100..300;17;43071077;C;T;0.017340999096632;230
100..300;17;43079499;T;C;0.0396341010928154;225
100..300;17;43091983;C;T;0.0226415004581213;180
100..300;17;43092418;C;T;0.0404039993882179;195
100..300;17;43092919;A;G;0.0418410003185272;175
100..300;17;43138657;C;G;0.0336133986711502;170
100..300;17;43178007;C;T;0.046875;115
100..300;17;43200626;T;C;0.0229885000735521;120
100..300;17;43209941;G;A;0.0327868983149528;125
100..300;17;43223574;G;A;0.0205761007964611;160
100..300;17;43814069;A;G;0.0273972991853952;150
100..300;17;43814105;G;A;0.0309734996408224;160
100..300;17;43848758;T;C;0.0235849004238843;290
100..300;17;43917426;T;C;0.0528169013559818;185
100..300;17;44078374;T;C;0.0199999995529651;230
100..300;17;44210151;T;C;0.0314465016126632;205
100..300;17;45099436;T;C;0.0266159996390342;170
100..300;17;45112954;C;T;0.0181818008422851;180
100..300;17;45115454;G;A;0.0232558008283376;295
100..300;17;45149847;C;T;0.0266667008399963;265
100..300;17;45990016;C;T;0.0307691991329193;290
100..300;17;47292411;G;A;0.0273556001484394;215
100..300;17;47292423;A;G;0.0337423011660575;220
100..300;17;47813341;T;C;0.0371428988873958;225
100..300;17;47827054;T;C;0.0307691991329193;170
100..300;17;47916678;T;C;0.0216345991939306;285
100..300;17;47916788;A;G;0.0226629003882408;250
100..300;17;47925378;T;G;0.0254545006901025;180
100..300;17;48530455;T;C;0.0307691991329193;265
100..300;17;48530668;A;G;0.0239521004259586;230
100..300;17;49969599;G;A;0.0214285999536514;265
100..300;17;49993514;T;C;0.0252707991749048;160
100..300;17;50189930;C;G;0.0279502999037504;215
100..300;17;50278899;C;G;0.0308788996189832;275
100..300;17;50353671;A;G;0.0311615001410245;235
100..300;17;50353836;T;C;0.0410095006227493;225
100..300;17;50354963;C;G;0.030927799642086;260
100..300;17;50378624;T;A;0.0311111006885767;150
100..300;17;50378832;C;T;0.0517928004264831;170
100..300;17;50538910;T;C;0.0306407008320093;230
100..300;17;50635344;A;G;0.050000000745058;140
100..300;17;50676062;T;C;0.0270269997417926;170
100..300;17;50683744;T;C;0.0227272994816303;170
100..300;17;50836029;A;G;0.0482573993504047;240
100..300;17;50970703;G;A;0.0505050010979175;130
100..300;17;53823368;T;C;0.018716599792242;260
100..300;17;55404443;T;C;0.0625;100
100..300;17;56795078;C;T;0.035087700933218;155
100..300;17;56834978;A;G;0.0202312003821134;240
100..300;17;56950489;C;T;0.0491227991878986;210
100..300;17;56950809;T;C;0.0228013005107641;215
100..300;17;57105956;A;G;0.0230768993496894;265
100..300;17;57739471;C;T;0.0643777027726173;155
100..300;17;57879707;A;G;0.0273972991853952;190
100..300;17;58280472;A;G;0.0384614989161491;110
100..300;17;58599007;C;T;0.0496614016592502;295
100..300;17;59874612;A;G;0.0288184005767107;220
100..300;17;61467502;A;G;0.0458716005086898;145
100..300;17;62137028;A;G;0.0259067006409168;255
100..300;17;62140530;T;C;0.0478087998926639;235
100..300;17;62746863;G;A;0.0599078014492988;145
100..300;17;62841241;A;T;0.0580913014709949;160
100..300;17;63440208;T;C;0.0288462005555629;200
100..300;17;63811101;A;G;0.0246305000036954;135
100..300;17;63910342;T;C;0.0225000008940696;280
100..300;17;63941743;T;G;0.0214285999536514;280
100..300;17;64044120;C;T;0.0461165010929107;265
100..300;17;65536399;A;G;0.017994899302721;255
100..300;17;65549504;C;T;0.0424241982400417;110
100..300;17;66688960;A;G;0.0736842006444931;120
100..300;17;66884958;G;A;0.0387597009539604;185
100..300;17;67215926;T;C;0.0378377996385097;115
100..300;17;68256954;A;T;0.0377358011901378;175
100..300;17;68273941;G;A;0.0382978990674018;155
100..300;17;68420216;T;C;0.0248755998909473;135
100..300;17;68537514;G;A;0.055970199406147;190
100..300;17;68542098;T;G;0.0630137026309967;230
100..300;17;68543706;T;C;0.026315800845623;130
100..300;17;68600322;T;C;0.041176501661539;105
100..300;17;68876661;C;G;0.0363035984337329;200
100..300;17;73196524;A;G;0.0374331995844841;125
100..300;17;73196734;G;A;0.0378377996385097;130
100..300;17;73200670;G;A;0.0358566008508205;160
100..300;17;73201300;T;C;0.0331325009465217;235
100..300;17;73201609;A;G;0.0507462993264198;230
100..300;17;73209715;G;A;0.044728398323059;205
100..300;17;73236548;C;T;0.0449437983334064;245
100..300;17;73236668;C;T;0.0337423011660575;230
100..300;17;73236742;C;G;0.0235987994819879;240
100..300;17;73242294;A;G;0.0501671992242336;200
100..300;17;73430517;T;G;0.0204082001000642;170
100..300;17;73430531;A;G;0.0316900983452796;190
100..300;17;74281740;G;A;0.0272726994007825;240
100..300;17;74301041;G;A;0.0402299016714096;110
100..300;17;74310152;A;G;0.0168350003659725;190
100..300;17;74328510;GC;G;0.0402684994041919;100
100..300;17;74372411;C;T;0.0563910007476806;180
100..300;17;74473819;G;A;0.0466200001537799;290
100..300;17;74473827;A;G;0.0287081003189086;285
100..300;17;74842510;A;C;0.0388692989945411;185
100..300;17;74941700;A;G;0.0386740006506443;230
100..300;17;75596531;T;C;0.0404624007642269;110
100..300;17;75602823;G;C;0.0359281003475189;115
100..300;17;75613031;A;G;0.0427631996572017;205
100..300;17;75615742;C;T;0.0343137010931968;135
100..300;17;75619807;G;A;0.0285714007914066;240
100..300;17;75619853;C;T;0.0261096991598606;255
100..300;17;75619882;C;T;0.0212201997637748;245
100..300;17;75621024;C;A;0.0268456004559993;100
100..300;17;75629206;A;G;0.021671799942851;220
100..300;17;76010055;T;C;0.0271902997046709;225
100..300;17;76088931;A;G;0.0591397993266582;125
100..300;17;76274177;A;C;0.0165484994649887;275
100..300;17;76291123;G;C;0.0381943993270397;185
100..300;17;76291308;C;T;0.0303029995411634;185
100..300;17;76291513;A;G;0.0231883991509675;220
100..300;17;76293419;A;G;0.0396040007472038;205
100..300;17;76293624;G;A;0.0205479003489017;200
100..300;17;76293827;G;A;0.0188679005950689;185
100..300;17;76294016;A;T;0.031055899336934;110
100..300;17;76307751;C;G;0.0280000008642673;165
100..300;17;76385601;T;C;0.0481927990913391;100
100..300;17;76688319;C;T;0.0190930999815464;290
100..300;17;77405108;A;G;0.0202019996941089;180
100..300;17;77482399;T;C;0.0174129009246826;275
100..300;17;78050595;A;C;0.0289473999291658;260
100..300;17;78064873;C;A;0.0361445993185043;165
100..300;17;78423903;A;G;0.0410256013274192;130
100..300;17;78437817;A;G;0.0223641991615295;205
100..300;17;78507445;A;G;0.020661199465394;165
100..300;17;78821008;T;C;0.0343348011374473;150
100..300;17;78870935;T;C;0.0235987994819879;215
100..300;17;79044046;C;T;0.0250695999711751;245
100..300;17;79044103;C;G;0.0294118002057075;180
100..300;17;79047920;T;C;0.0313315987586975;260
100..300;17;79077484;A;G;0.0298507008701562;175
100..300;17;79952692;A;G;0.0226629003882408;225
100..300;17;80105844;T;C;0.0270269997417926;220
100..300;17;80113310;G;A;0.0250783991068601;215
100..300;17;80317214;G;A;0.0217390991747379;175
100..300;17;80319389;T;A;0.0227272994816303;205
100..300;17;80383800;G;A;0.0187793001532554;270
100..300;17;80707826;T;C;0.035087700933218;120
100..300;17;80846574;A;G;0.0448275990784168;190
100..300;17;80891830;G;A;0.0288462005555629;130
100..300;17;80923932;T;C;0.0409207008779048;255
100..300;17;80923933;A;T;0.0409207008779048;255
100..300;17;81115790;G;A;0.0179641004651784;225
100..300;17;81252464;C;T;0.039886001497507;245
100..300;17;81447281;G;A;0.0248447004705667;225
100..300;17;81458959;T;C;0.0320512987673282;220
100..300;17;81670337;G;C;0.0178041998296976;225
100..300;17;81695037;G;A;0.0253164991736412;215
100..300;17;81696850;C;T;0.0291544999927282;245
100..300;17;81696901;C;T;0.0180411990731954;260
100..300;17;81701105;T;G;0.0282131992280483;210
100..300;17;81701232;C;G;0.0289389006793499;205
100..300;17;81720188;A;G;0.0311418995261192;205
100..300;17;82025503;T;C;0.0226415004581213;165
100..300;17;82028280;T;C;0.0335570015013217;200
100..300;17;82036724;T;C;0.0172911006957292;230
100..300;17;82037614;CTT;C;0.0478723011910915;115
100..300;17;82081605;A;G;0.0338983014225959;160
100..300;17;82093307;G;A;0.0324323996901512;235
100..300;17;82127757;G;A;0.0404412001371383;190
100..300;17;82127827;T;G;0.0599999986588954;225
100..300;17;82128510;T;C;0.0179855991154909;175
100..300;17;82128513;T;C;0.0213523004204034;180
100..300;17;82128519;C;T;0.0272109005600214;190
100..300;17;82398311;A;G;0.0397351011633873;200
100..300;17;82436654;T;G;0.0326086990535259;120
100..300;17;82659676;A;G;0.02928869985044;150
100..300;17;82965660;T;C;0.0629139021039009;205
100..300;17;83035056;C;A;0.0745342001318931;110
100..300;17;83048753;T;C;0.0245398990809917;225
100..300;17;83085299;T;G;0.0285714007914066;275
100..300;18;346821;T;C;0.0255590993911027;220
100..300;18;2700879;G;A;0.0319149009883403;130
100..300;18;2920290;A;G;0.0412844009697437;145
100..300;18;3168818;A;G;0.0264317002147436;140
100..300;18;3173966;A;G;0.0535713993012905;115
100..300;18;3174020;T;C;0.0666666999459266;110
100..300;18;3176065;T;C;0.0502513013780117;125
100..300;18;5416161;C;T;0.0366972014307975;235
100..300;18;6980524;C;T;0.0542168989777565;105
100..300;18;6985508;A;G;0.052631601691246;120
100..300;18;6986260;A;G;0.0182767994701862;245
100..300;18;6993674;C;T;0.0212766006588935;180
100..300;18;7011339;T;C;0.0208333004266023;160
100..300;18;7015715;C;T;0.0251256003975868;130
100..300;18;7231867;T;C;0.0288184005767107;245
100..300;18;8783837;C;T;0.027522899210453;225
100..300;18;9888072;G;A;0.0241691991686821;230
100..300;18;10151891;T;C;0.0373443998396396;150
100..300;18;10468456;T;C;0.070175401866436;115
100..300;18;10691248;A;G;0.0398406013846397;155
100..300;18;10705419;A;G;0.0230179000645875;260
100..300;18;10759842;A;C;0.0410095006227493;215
100..300;18;12308794;C;G;0.0325580984354019;130
100..300;18;12427119;G;A;0.026315800845623;185
100..300;18;22416048;A;G;0.0373134016990661;290
100..300;18;24125476;T;C;0.0262171998620033;175
100..300;18;26862428;A;C;0.0582277998328208;275
100..300;18;31207561;G;A;0.0298507008701562;125
100..300;18;31458573;T;C;0.0462184995412826;150
100..300;18;31908841;G;A;0.0283019002526998;145
100..300;18;32018884;T;C;0.0272374004125595;165
100..300;18;32196578;C;T;0.0704697966575622;195
100..300;18;33224794;C;A;0.0440252013504505;105
100..300;18;35663649;T;C;0.0300428997725248;165
100..300;18;36122199;A;G;0.0311418995261192;190
100..300;18;36251226;A;C;0.0393257997930049;115
100..300;18;37067213;C;T;0.0213415008038282;220
100..300;18;37067359;T;G;0.0363035984337329;200
100..300;18;37067360;A;T;0.05190309882164;195
100..300;18;37302969;A;G;0.0359711982309818;175
100..300;18;44708512;T;A;0.0625;100
100..300;18;46483635;A;G;0.0272726994007825;220
100..300;18;49491450;G;A;0.0696863979101181;185
100..300;18;50276984;T;C;0.0374150015413761;205
100..300;18;50806833;G;C;0.0444444008171558;125
100..300;18;50819654;T;G;0.0424028001725673;195
100..300;18;51051412;C;G;0.0611111000180244;110
100..300;18;55403683;A;G;0.0655737966299057;125
100..300;18;56638333;T;C;0.0289389006793499;210
100..300;18;58481816;G;A;0.0285714007914066;135
100..300;18;59225715;C;T;0.0404039993882179;135
100..300;18;59435894;A;G;0.0452488996088504;155
100..300;18;59447971;C;T;0.0290908999741077;175
100..300;18;61507526;A;C;0.0229358002543449;150
100..300;18;62101142;G;A;0.0695187002420425;120
100..300;18;62106804;T;C;0.034682098776102;110
100..300;18;62113191;G;A;0.0311283990740776;165
100..300;18;62442484;T;C;0.0516432002186775;285
100..300;18;62443051;C;T;0.0547112002968788;235
100..300;18;63532717;C;G;0.0294118002057075;105
100..300;18;63933150;T;C;0.0305343996733427;170
100..300;18;67511270;C;T;0.0225988999009132;245
100..300;18;67512592;A;G;0.0305809993296861;230
100..300;18;70088101;G;T;0.0323740988969802;175
100..300;18;70325043;A;G;0.0481100007891655;200
100..300;18;74390053;T;C;0.0425532013177871;225
100..300;18;74390067;G;A;0.0519878007471561;230
100..300;18;74390239;G;A;0.0269057992845773;160
100..300;18;74436547;C;T;0.0214724000543355;205
100..300;18;74518940;TC;T;0.0506329014897346;110
100..300;18;74556356;GTGC;G;0.1061450019478797;130
100..300;18;77436046;G;A;0.0350000001490116;140
100..300;18;77436072;C;A;0.0265957005321979;125
100..300;18;77436580;C;T;0.0377358011901378;150
100..300;18;77436826;T;C;0.0259067006409168;135
100..300;18;79110397;A;G;0.0344827994704246;160
100..300;18;79337360;T;A;0.0158370994031429;295
100..300;18;79968135;T;G;0.0576132014393806;160
100..300;18;80133156;A;T;0.0234375;160
100..300;18;80137309;A;G;0.039886001497507;235
100..300;19;367089;A;G;0.0180722996592521;210
100..300;19;504830;G;C;0.0314606986939907;295
100..300;19;544140;A;G;0.018750000745058;210
100..300;19;632915;A;G;0.0216048993170261;210
100..300;19;690761;T;A;0.0283911991864442;220
100..300;19;690762;G;T;0.0348100997507572;220
100..300;19;731077;C;G;0.0493827015161514;165
100..300;19;731078;T;G;0.0493827015161514;165
100..300;19;731144;G;A;0.0546875;245
100..300;19;746712;T;C;0.023054800927639;225
100..300;19;757241;A;G;0.0214724000543355;225
100..300;19;804327;T;C;0.0233332999050617;195
100..300;19;804612;T;C;0.0229508001357316;180
100..300;19;855966;A;C;0.0162161998450756;265
100..300;19;860852;C;G;0.0585366003215312;135
100..300;19;1003440;A;G;0.0180179998278617;195
100..300;19;1017406;G;A;0.0240000002086162;160
100..300;19;1032475;T;G;0.0486111007630825;200
100..300;19;1043104;A;G;0.0278746001422405;190
100..300;19;1079960;A;G;0.0229007992893457;180
100..300;19;1113702;A;G;0.0202019996941089;200
100..300;19;1533973;G;C;0.0303866993635892;225
100..300;19;1534043;C;T;0.0377358011901378;175
100..300;19;1535085;A;G;0.0248755998909473;270
100..300;19;1918135;A;G;0.0286624003201723;210
100..300;19;2421859;T;C;0.0351759009063243;140
100..300;19;2732988;C;T;0.0296609997749328;155
100..300;19;2767194;T;G;0.0221401993185281;175
100..300;19;2833804;G;A;0.0239521004259586;235
100..300;19;2833866;A;G;0.0455926991999149;230
100..300;19;2834810;C;T;0.0432900004088878;155
100..300;19;3028873;C;G;0.0327868983149528;205
100..300;19;3062859;C;T;0.0255474001169204;175
100..300;19;3148821;T;G;0.0333333015441894;110
100..300;19;3813908;C;A;0.0259739998728036;205
100..300;19;4175107;T;C;0.0238095000386238;195
100..300;19;4251072;C;T;0.0235690008848905;185
100..300;19;4254378;T;C;0.0219780001789331;175
100..300;19;4292600;T;C;0.0388350002467632;150
100..300;19;4454003;A;G;0.0197368003427982;195
100..300;19;4945902;C;A;0.0391644984483718;245
100..300;19;4945905;T;C;0.0393701009452343;245
100..300;19;5560801;C;G;0.0264550000429153;130
100..300;19;5684764;A;G;0.0295857992023229;105
100..300;19;5696135;A;G;0.0319149009883403;190
100..300;19;5783894;A;G;0.0224718991667032;175
100..300;19;5832198;A;G;0.0340632982552051;290
100..300;19;5892943;C;T;0.0480769015848636;150
100..300;19;6669923;A;G;0.0194175001233816;270
100..300;19;6731293;A;G;0.0202312003821134;225
100..300;19;6913800;G;A;0.0200803000479936;160
100..300;19;6919613;C;A;0.0424929000437259;220
100..300;19;6919742;G;A;0.0283019002526998;145
100..300;19;7696926;G;A;0.0210084002465009;170
100..300;19;7928074;C;T;0.0398406013846397;165
100..300;19;7932759;A;G;0.0361991003155708;150
100..300;19;7933848;T;A;0.0326796993613243;105
100..300;19;7935116;T;C;0.0258620996028184;165
100..300;19;7967796;T;C;0.0365854017436504;225
100..300;19;8111756;T;C;0.0227272994816303;140
100..300;19;8136382;T;G;0.0320000015199184;180
100..300;19;8146113;T;C;0.0318181999027729;145
100..300;19;8146121;A;G;0.0251045990735292;155
100..300;19;8548249;A;G;0.0185758993029594;215
100..300;19;8586678;G;A;0.0348100997507572;210
100..300;19;8677192;T;C;0.0430463999509811;210
100..300;19;8677305;A;C;0.0303029995411634;245
100..300;19;8698023;G;T;0.0192307997494936;180
100..300;19;8698550;A;G;0.0208333004266023;250
100..300;19;8729197;A;G;0.0205761007964611;175
100..300;19;8939050;A;G;0.0447154007852077;165
100..300;19;8946306;A;G;0.0196077991276979;180
100..300;19;8953002;G;T;0.0527950003743171;230
100..300;19;8953259;A;G;0.0303950998932123;225
100..300;19;8954956;C;T;0.0264026001095771;215
100..300;19;8961637;G;A;0.0285714007914066;150
100..300;19;8962066;C;T;0.0399999991059303;180
100..300;19;8964274;T;G;0.0362116992473602;245
100..300;19;8964541;A;T;0.0192307997494936;185
100..300;19;8964670;A;T;0.0619047991931438;150
100..300;19;8965061;C;T;0.0464285984635353;200
100..300;19;8965293;T;C;0.0375000014901161;210
100..300;19;8965602;A;G;0.0204082001000642;165
100..300;19;8966182;T;C;0.0395136997103691;225
100..300;19;8966253;G;T;0.0493420995771884;210
100..300;19;8966274;A;C;0.0371621996164321;200
100..300;19;8966315;T;C;0.0272109005600214;200
100..300;19;8966384;T;C;0.0271186009049415;215
100..300;19;8966588;G;T;0.0398670993745327;205
100..300;19;8966760;A;G;0.0231481008231639;160
100..300;19;8967127;C;T;0.0327868983149528;165
100..300;19;9115009;C;T;0.0496083982288837;260
100..300;19;9115341;G;C;0.0365854017436504;230
100..300;19;9115516;G;A;0.0214476995170116;250
100..300;19;9126210;G;A;0.0272480007261037;260
100..300;19;9126759;G;A;0.0272953007370233;275
100..300;19;9126866;C;T;0.0193905998021364;240
100..300;19;9529645;A;G;0.0511364005506038;125
100..300;19;9683302;T;C;0.0344827994704246;150
100..300;19;9969560;T;C;0.0257731992751359;140
100..300;19;10111179;T;C;0.0314135998487472;145
100..300;19;10284116;A;G;0.0207100994884967;230
100..300;19;10308454;T;C;0.0214724000543355;230
100..300;19;10315746;C;A;0.0360359996557235;150
100..300;19;10315952;C;T;0.0434782989323139;215
100..300;19;10489766;C;G;0.0284899994730949;230
100..300;19;10557997;G;A;0.0352941006422042;185
100..300;19;10560988;C;T;0.0260416995733976;125
100..300;19;10581324;C;T;0.0213415008038282;205
100..300;19;10829116;C;T;0.058823499828577;190
100..300;19;10850348;G;C;0.0246913991868495;220
100..300;19;11060163;C;T;0.0283688008785247;185
100..300;19;11131368;A;G;0.0326633006334304;265
100..300;19;11221894;A;T;0.0301003009080886;190
100..300;19;11222920;C;T;0.0354610010981559;200
100..300;19;11239664;G;C;0.0338983014225959;170
100..300;19;11239812;T;C;0.0243902001529932;270
100..300;19;11397501;A;G;0.0278746001422405;185
100..300;19;11487425;A;G;0.0176991000771522;235
100..300;19;12847883;C;T;0.0426540002226829;135
100..300;19;12874762;G;A;0.020050099119544;255
100..300;19;12878746;A;G;0.0267639998346567;260
100..300;19;13757855;A;G;0.0539772994816303;220
100..300;19;13772285;G;A;0.0260869991034269;155
100..300;19;13972949;C;T;0.0394088998436927;140
100..300;19;14051864;C;A;0.0370370000600814;160
100..300;19;14718937;T;C;0.0310344994068145;195
100..300;19;14799628;A;G;0.0183726996183395;260
100..300;19;14852340;T;C;0.0265957005321979;135
100..300;19;14864615;G;A;0.0235601998865604;235
100..300;19;14880627;G;T;0.0513595007359981;225
100..300;19;14880647;T;C;0.0317918993532657;240
100..300;19;14917281;G;A;0.0329670011997222;120
100..300;19;14917284;C;T;0.0374331995844841;125
100..300;19;14927469;C;T;0.0633803009986877;185
100..300;19;15088040;T;A;0.0222929995507001;210
100..300;19;15111617;G;A;0.0470587983727455;165
100..300;19;15119182;G;A;0.0246153995394706;210
100..300;19;15119408;G;C;0.0232558008283376;190
100..300;19;15611659;A;G;0.0371747016906738;185
100..300;19;15611669;C;T;0.0333333015441894;205
100..300;19;15611689;T;C;0.0365169011056423;240
100..300;19;15612073;G;A;0.033653799444437;150
100..300;19;15615778;A;C;0.0320365987718105;285
100..300;19;15619692;T;C;0.0384614989161491;205
100..300;19;15629544;T;C;0.0276497993618249;150
100..300;19;15647117;C;T;0.0592334009706974;195
100..300;19;15649205;G;A;0.0289016999304294;215
100..300;19;15649243;A;G;0.0227272994816303;215
100..300;19;15652881;A;G;0.0326409004628658;220
100..300;19;15652911;A;G;0.0228570997714996;220
100..300;19;15658569;C;G;0.0294118002057075;195
100..300;19;15658815;G;A;0.061151098459959;180
100..300;19;15664165;T;G;0.0784313976764679;175
100..300;19;15664357;G;T;0.03125;150
100..300;19;15742062;A;G;0.0213776994496583;285
100..300;19;17082741;G;A;0.0349205993115901;200
100..300;19;17255504;T;C;0.0292397998273372;220
100..300;19;17276367;G;A;0.0284697990864515;180
100..300;19;17278895;A;G;0.0272374004125595;180
100..300;19;17286435;T;C;0.0172840002924203;270
100..300;19;17808215;T;A;0.0366300009191036;190
100..300;19;17811986;A;G;0.044871799647808;210
100..300;19;17830485;C;T;0.0370370000600814;105
100..300;19;17841376;T;G;0.0245098005980253;145
100..300;19;18010345;A;G;0.0242915004491806;170
100..300;19;18048706;C;T;0.0238095000386238;190
100..300;19;18069603;G;C;0.0441557988524436;250
100..300;19;18069641;G;A;0.0489129982888698;240
100..300;19;18075765;A;G;0.0280000008642673;165
100..300;19;18075808;C;T;0.0359711982309818;180
100..300;19;18077598;T;C;0.0402477011084556;205
100..300;19;18086825;A;G;0.0523690991103649;265
100..300;19;18107634;G;A;0.0402930006384849;180
100..300;19;18175134;A;G;0.0182927008718252;210
100..300;19;18177259;G;A;0.0272726994007825;210
100..300;19;18264798;A;G;0.0305809993296861;235
100..300;19;18265005;A;G;0.0202428996562957;185
100..300;19;18265036;A;G;0.0262171998620033;190
100..300;19;18265072;C;G;0.0346020981669425;195
100..300;19;18265707;T;C;0.0409207008779048;280
100..300;19;18266951;G;A;0.03125;255
100..300;19;18386327;A;G;0.015625;270
100..300;19;18786630;C;T;0.0259067006409168;120
100..300;19;18903439;T;C;0.0432900004088878;155
100..300;19;18907053;A;G;0.0266667008399963;195
100..300;19;18994450;A;G;0.0333333015441894;135
100..300;19;19133224;T;C;0.0419354997575283;195
100..300;19;19196988;T;C;0.0346154011785984;175
100..300;19;19248691;G;C;0.0307691991329193;140
100..300;19;19276934;C;A;0.0340908989310264;175
100..300;19;19535463;C;T;0.0501671992242336;205
100..300;19;21150004;T;C;0.0520832985639572;135
100..300;19;21361769;A;G;0.0279070008546113;140
100..300;19;21405116;T;G;0.0350000001490116;130
100..300;19;21536599;C;T;0.0449437983334064;185
100..300;19;22138132;A;C;0.0326531007885932;175
100..300;19;22138454;C;T;0.0315788984298706;200
100..300;19;22193066;T;C;0.0403226017951965;165
100..300;19;22601267;A;G;0.0502513013780117;140
100..300;19;22603324;A;T;0.0277778003364801;125
100..300;19;22610236;G;A;0.0621117986738681;110
100..300;19;22610281;G;A;0.0555556006729602;125
100..300;19;22769309;G;A;0.0361445993185043;165
100..300;19;23145630;G;A;0.0620689988136291;105
100..300;19;23385152;T;C;0.026315800845623;170
100..300;19;29611949;G;A;0.0382978990674018;160
100..300;19;32482171;T;C;0.0436136983335018;205
100..300;19;32802701;T;C;0.0394737012684345;155
100..300;19;32810265;T;C;0.0493827015161514;110
100..300;19;32881908;A;G;0.0185185000300407;210
100..300;19;32923514;G;A;0.0351562015712261;165
100..300;19;32976507;T;C;0.0315788984298706;245
100..300;19;32976609;C;T;0.0406249985098838;215
100..300;19;33125171;T;C;0.0198299996554851;225
100..300;19;33126602;A;G;0.0229508001357316;200
100..300;19;33126677;T;C;0.0314961001276969;235
100..300;19;33624642;C;T;0.0318181999027729;140
100..300;19;34093232;G;A;0.0406249985098838;215
100..300;19;34684844;G;C;0.0294118002057075;145
100..300;19;34943544;G;A;0.0621468983590602;125
100..300;19;34958505;A;G;0.0257009007036685;290
100..300;19;34958856;C;G;0.0238806009292602;235
100..300;19;35151403;G;T;0.0395136997103691;225
100..300;19;35228354;A;G;0.0269460994750261;235
100..300;19;35250553;C;T;0.0381232015788555;235
100..300;19;35279153;A;G;0.0249377004802227;285
100..300;19;35279161;T;C;0.0199005007743835;275
100..300;19;35279271;G;A;0.0472441017627716;175
100..300;19;35352468;A;G;0.0403586998581886;155
100..300;19;35383161;G;A;0.0338164009153842;140
100..300;19;35513269;A;C;0.0294118002057075;280
100..300;19;35542558;T;C;0.0458333007991313;165
100..300;19;35547319;C;T;0.0340908989310264;240
100..300;19;35716200;A;G;0.0205655992031097;260
100..300;19;35768513;A;G;0.0416667014360427;165
100..300;19;35777869;T;C;0.0239521004259586;230
100..300;19;35779013;C;T;0.0329670011997222;120
100..300;19;35780237;T;C;0.0582011006772518;135
100..300;19;35785501;G;T;0.025000000372529;130
100..300;19;35787568;G;C;0.0523415990173816;240
100..300;19;35812019;C;T;0.0791667029261589;165
100..300;19;35812762;C;G;0.0477612018585205;225
100..300;19;35831368;T;C;0.0612245015799999;140
100..300;19;36058788;T;C;0.0233332999050617;200
100..300;19;36084743;A;G;0.0463320016860961;165
100..300;19;36111195;T;C;0.0209790002554655;190
100..300;19;36627537;T;C;0.0445859991014003;105
100..300;19;36656428;G;T;0.0311111006885767;145
100..300;19;36719627;G;A;0.0193050000816583;190
100..300;19;38082499;T;G;0.0338345989584922;190
100..300;19;38218912;T;C;0.0392156988382339;140
100..300;19;39100315;A;G;0.0419846996665;175
100..300;19;39247938;A;G;0.0338983014225959;110
100..300;19;39423668;T;C;0.0395683012902736;200
100..300;19;39435869;C;A;0.0188171993941068;255
100..300;19;39435881;A;G;0.018716599792242;260
100..300;19;39464893;A;G;0.0198299996554851;230
100..300;19;39480792;C;G;0.0264900997281074;185
100..300;19;39485824;G;C;0.0261780004948377;130
100..300;19;39500597;G;C;0.0337552987039089;135
100..300;19;39504071;C;T;0.0228310991078615;155
100..300;19;39924363;G;C;0.0316741988062858;155
100..300;19;39927676;A;G;0.026011599227786;240
100..300;19;40380316;A;G;0.0183486007153987;215
100..300;19;40395104;C;G;0.0180411990731954;280
100..300;19;40395697;G;A;0.0328767001628875;250
100..300;19;40395707;G;A;0.0329670011997222;250
100..300;19;40398695;A;G;0.038560401648283;270
100..300;19;40423037;G;A;0.0279719997197389;200
100..300;19;40423456;C;T;0.0625;190
100..300;19;40441541;G;A;0.0286737997084856;200
100..300;19;40441844;A;G;0.0310078002512455;275
100..300;19;40577538;T;C;0.0148147996515035;285
100..300;19;40590283;G;A;0.036745399236679;250
100..300;19;40605163;A;G;0.057065200060606;245
100..300;19;40611963;G;A;0.0210084002465009;160
100..300;19;40622404;T;C;0.0351759009063243;130
100..300;19;40623937;T;C;0.0393701009452343;175
100..300;19;40822291;T;C;0.0470587983727455;210
100..300;19;40908576;A;G;0.019480500370264;205
100..300;19;41116284;A;G;0.030927799642086;255
100..300;19;41709949;G;A;0.0264317002147436;290
100..300;19;41709953;C;T;0.0267856996506452;290
100..300;19;42287842;C;T;0.027522899210453;230
100..300;19;43195265;G;A;0.0416667014360427;180
100..300;19;43212386;G;A;0.0465116016566753;165
100..300;19;43269447;C;T;0.0790816023945808;240
100..300;19;43406497;T;G;0.0316900983452796;185
100..300;19;43553432;C;G;0.0241545997560024;140
100..300;19;43578639;C;T;0.0293039996176958;165
100..300;19;43614201;A;G;0.0303796995431184;270
100..300;19;43626301;A;G;0.0257511008530855;155
100..300;19;43652320;C;T;0.0316900983452796;180
100..300;19;43848487;A;G;0.0290697999298572;125
100..300;19;43873517;A;G;0.0726256966590881;125
100..300;19;43914528;C;G;0.0386740006506443;130
100..300;19;43914672;T;C;0.0361991003155708;170
100..300;19;44106690;T;C;0.0372092984616756;155
100..300;19;44387622;T;C;0.0262295007705688;220
100..300;19;44388006;T;C;0.0241691991686821;230
100..300;19;44392323;G;C;0.0426829010248184;105
100..300;19;44477615;C;T;0.0273972991853952;105
100..300;19;44520547;C;G;0.0533333010971546;200
100..300;19;44524136;C;T;0.0190475992858409;285
100..300;19;44524198;A;G;0.0334261991083622;240
100..300;19;45238753;G;C;0.0364742018282413;230
100..300;19;45408744;C;A;0.025510199368;280
100..300;19;45409085;G;A;0.0243242997676134;255
100..300;19;45409148;A;G;0.0271902997046709;235
100..300;19;45687763;G;A;0.0298507008701562;180
100..300;19;45761705;T;C;0.0220126006752252;220
100..300;19;45995095;G;C;0.0264026001095771;195
100..300;19;46160633;G;A;0.0333333015441894;190
100..300;19;46470724;A;G;0.0285714007914066;250
100..300;19;46470976;A;G;0.0293160006403923;200
100..300;19;46471049;C;A;0.0386740006506443;120
100..300;19;46634202;T;C;0.0370370000600814;140
100..300;19;46775681;A;G;0.0246305000036954;135
100..300;19;47309908;A;G;0.0248447004705667;205
100..300;19;47539719;T;C;0.0295081995427608;190
100..300;19;47545258;C;T;0.0197739992290735;240
100..300;19;47745650;C;G;0.0227272994816303;200
100..300;19;47756530;T;C;0.0253622997552156;190
100..300;19;48067815;G;T;0.0458333007991313;155
100..300;19;48297494;A;C;0.0239234007894992;145
100..300;19;48298169;C;T;0.0410448014736175;185
100..300;19;48592808;T;C;0.050000000745058;140
100..300;19;48613102;C;T;0.021680200472474;255
100..300;19;48613181;G;A;0.0236220005899667;255
100..300;19;48713350;A;G;0.0328358002007007;220
100..300;19;48874062;G;A;0.0197043996304273;290
100..300;19;48874616;A;G;0.0253520999103784;250
100..300;19;48874661;T;G;0.0286532994359731;250
100..300;19;48875910;T;C;0.0202019996941089;260
100..300;19;48875925;C;G;0.0183246005326509;255
100..300;19;48905747;C;T;0.0223881006240844;180
100..300;19;48918709;C;T;0.0219780001789331;170
100..300;19;48919180;T;A;0.0240384992212057;140
100..300;19;48961106;T;C;0.0308641996234655;115
100..300;19;48966729;T;C;0.0247933994978666;155
100..300;19;49030123;T;G;0.0374331995844841;135
100..300;19;49056261;G;C;0.0244897995144128;170
100..300;19;49056436;C;T;0.034722201526165;200
100..300;19;49118335;C;G;0.0160857997834682;250
100..300;19;49155110;T;C;0.0188679005950689;285
100..300;19;49155133;C;T;0.0224438998848199;270
100..300;19;49374858;A;G;0.0167130995541811;240
100..300;19;49374939;A;G;0.0295698996633291;245
100..300;19;49745244;C;T;0.0364146009087562;230
100..300;19;49747144;T;C;0.0240963995456695;160
100..300;19;49901622;T;C;0.0210526008158922;125
100..300;19;50249640;A;G;0.0248227007687091;190
100..300;19;50250613;T;C;0.0277078002691268;260
100..300;19;50260629;T;C;0.0314961001276969;165
100..300;19;50359511;T;C;0.0307691991329193;190
100..300;19;50758694;T;G;0.0289855003356933;190
100..300;19;50758799;C;T;0.0549019984900951;175
100..300;19;51000268;C;T;0.0279070008546113;155
100..300;19;51003764;G;T;0.0583942010998725;170
100..300;19;51014966;A;G;0.0393257997930049;110
100..300;19;51185559;G;T;0.027989799156785;250
100..300;19;51185586;C;G;0.0399999991059303;280
100..300;19;51225221;T;C;0.0234898999333381;195
100..300;19;51367941;A;G;0.0463575981557369;295
100..300;19;51497405;A;G;0.0231362003833055;240
100..300;19;51701689;A;G;0.0276679992675781;165
100..300;19;51746963;G;A;0.0195439998060464;200
100..300;19;51824531;T;C;0.0296736005693674;240
100..300;19;51945416;C;G;0.0216607004404068;185
100..300;19;52017119;T;C;0.0432691983878612;150
100..300;19;52018043;A;G;0.0294118002057075;150
100..300;19;52033949;T;C;0.0438596010208129;165
100..300;19;52034323;G;T;0.0433604009449481;245
100..300;19;52035175;G;A;0.0355030000209808;125
100..300;19;52067530;G;A;0.0363636016845703;150
100..300;19;52406707;A;G;0.0246153995394706;230
100..300;19;52582560;C;T;0.0393701009452343;290
100..300;19;52800452;G;T;0.0376343987882137;265
100..300;19;52841448;G;A;0.0264550000429153;260
100..300;19;52841857;G;A;0.0285036005079746;295
100..300;19;53109467;C;T;0.0220263991504907;165
100..300;19;53224656;C;CAT;0.0432431995868682;125
100..300;19;53289789;A;G;0.0241545997560024;280
100..300;19;53290321;G;A;0.0637681037187576;235
100..300;19;53490416;A;G;0.0304878000169992;240
100..300;19;53616908;A;T;0.0341879986226558;165
100..300;19;54012161;C;G;0.0218182001262903;185
100..300;19;54537051;T;C;0.051282100379467;105
100..300;19;54543645;A;G;0.0357142984867095;135
100..300;19;55141929;C;A;0.0466101989150047;155
100..300;19;55196507;T;C;0.0319635011255741;155
100..300;19;55197189;G;A;0.0268657002598047;230
100..300;19;55197205;A;G;0.0274724997580051;245
100..300;19;55227378;A;G;0.0218749996274709;215
100..300;19;55358892;A;G;0.0234603993594646;240
100..300;19;55810151;C;T;0.0540541000664234;100
100..300;19;55861524;T;C;0.0282258000224828;155
100..300;19;56003968;T;C;0.02191779948771;250
100..300;19;56027874;T;C;0.0291005000472068;275
100..300;19;56191879;A;G;0.0231213998049497;225
100..300;19;56442216;C;T;0.0577616989612579;195
100..300;19;56550678;T;C;0.027343800291419;175
100..300;19;56550703;C;T;0.0266667008399963;155
100..300;19;56550704;C;T;0.0448429994285106;150
100..300;19;56553820;C;T;0.0294118002057075;140
100..300;19;57131414;A;C;0.0252707991749048;195
100..300;19;57326650;G;C;0.0220587998628616;165
100..300;19;57398459;T;G;0.0216048993170261;210
100..300;19;57445460;G;T;0.0886076018214225;105
100..300;19;57475736;T;C;0.019370499998331;255
100..300;19;57506385;A;C;0.0341297015547752;205
100..300;19;57506386;G;A;0.0342466011643409;205
100..300;19;57506390;C;G;0.0330033004283905;215
100..300;19;57513074;A;G;0.0463918000459671;120
100..300;19;57639970;T;TG;0.0553191006183624;160
100..300;19;57841438;C;T;0.0222772005945444;275
100..300;19;58067210;T;C;0.0545906014740467;290
100..300;19;58294717;C;T;0.0416667014360427;195
100..300;19;58415848;T;C;0.018691599369049;265
100..300;19;58416932;T;A;0.0217390991747379;255
100..300;19;58416942;T;C;0.0206717997789382;265
100..300;19;58434836;T;C;0.0429042987525463;210
100..300;19;58435466;C;T;0.0219298005104064;150
100..300;19;58511799;A;G;0.0207611992955207;190
100..300;19;58563286;C;T;0.0304182991385459;190
100..300;2;243504;T;C;0.0270269997417926;145
100..300;2;1173095;A;C;0.0375587008893489;145
100..300;2;1477583;A;G;0.039547998458147;105
100..300;2;3580793;A;C;0.0285714007914066;115
100..300;2;3606252;A;C;0.017543900758028;225
100..300;2;3778797;C;T;0.0476190000772476;145
100..300;2;9356162;C;T;0.0236967001110315;155
100..300;2;9388407;C;G;0.0260662995278835;285
100..300;2;9954863;G;A;0.0374532006680965;175
100..300;2;9986202;A;G;0.0370370000600814;200
100..300;2;9986288;G;A;0.076530598104;130
100..300;2;10772593;A;G;0.0330881997942924;170
100..300;2;10819258;G;A;0.0266667008399963;100
100..300;2;10819335;T;G;0.0414507985115051;125
100..300;2;10819349;C;G;0.0355030000209808;105
100..300;2;10820826;A;G;0.0483270995318889;180
100..300;2;11102484;T;C;0.0349344983696937;160
100..300;2;11211739;C;T;0.0337552987039089;155
100..300;2;11249781;T;C;0.0257731992751359;125
100..300;2;11588728;A;G;0.0301507990807294;130
100..300;2;11611040;T;C;0.0409356988966465;115
100..300;2;11618390;G;C;0.0183486007153987;220
100..300;2;11634198;A;G;0.0182371009141206;210
100..300;2;11802956;T;C;0.0204777996987104;195
100..300;2;15628722;A;AT;0.057142898440361;130
100..300;2;17284591;T;G;0.0584794990718364;120
100..300;2;17284745;C;T;0.0285714007914066;145
100..300;2;17284808;G;A;0.0774194002151489;105
100..300;2;17385367;G;A;0.082524299621582;145
100..300;2;17385589;T;C;0.0331754013895988;155
100..300;2;17515852;A;T;0.0518518984317779;100
100..300;2;18555347;G;A;0.0379747003316879;175
100..300;2;20619004;T;C;0.0264026001095771;200
100..300;2;20685561;A;C;0.032863799482584;135
100..300;2;21002628;G;A;0.0344827994704246;105
100..300;2;21022941;A;G;0.025925900787115;175
100..300;2;23703363;T;C;0.0672646015882492;155
100..300;2;23872415;C;A;0.0436892993748188;140
100..300;2;24841324;A;G;0.0606060996651649;145
100..300;2;26141157;G;T;0.0441175997257232;130
100..300;2;26232259;A;G;0.0445859991014003;100
100..300;2;26280007;C;T;0.0568181984126567;115
100..300;2;26282990;G;A;0.0613208003342151;150
100..300;2;26311030;T;C;0.0324189998209476;280
100..300;2;26940176;C;T;0.0270269997417926;170
100..300;2;26941938;A;G;0.0443350002169609;140
100..300;2;26946974;A;C;0.0189394000917673;165
100..300;2;27056145;G;A;0.0413792990148067;100
100..300;2;27092384;A;G;0.0264900997281074;190
100..300;2;27137019;T;C;0.0185185000300407;250
100..300;2;27233506;A;G;0.0245901998132467;175
100..300;2;27236496;C;T;0.0228570997714996;135
100..300;2;27255363;G;A;0.038560401648283;255
100..300;2;27256909;A;C;0.0604396015405654;120
100..300;2;27258784;C;A;0.0418005995452404;205
100..300;2;27638944;C;A;0.0341879986226558;155
100..300;2;28601936;A;G;0.0258900001645088;195
100..300;2;28632091;T;C;0.0452128015458583;255
100..300;2;28642894;C;T;0.0289389006793499;210
100..300;2;29051864;T;G;0.0359281003475189;225
100..300;2;29133701;C;G;0.0370370000600814;115
100..300;2;29193615;C;T;0.0244647990912199;230
100..300;2;29223336;A;G;0.0235849004238843;135
100..300;2;29232333;T;A;0.0246305000036954;130
100..300;2;30459604;T;A;0.0234741996973752;140
100..300;2;31197277;T;C;0.0326086990535259;120
100..300;2;31339546;T;C;0.0231959000229835;245
100..300;2;32575355;G;C;0.0297030005604028;140
100..300;2;32758413;A;G;0.027131799608469;170
100..300;2;33263352;A;G;0.0284359995275735;135
100..300;2;38075034;A;C;0.0261780004948377;115
100..300;2;38285568;C;T;0.0420560985803604;135
100..300;2;38309484;G;T;0.03125;125
100..300;2;38822999;C;A;0.0267558991909027;205
100..300;2;38855202;C;T;0.0244754999876022;185
100..300;2;39615000;C;G;0.0515463985502719;125
100..300;2;46759577;G;C;0.0350194983184337;175
100..300;2;46993483;A;G;0.026393000036478;220
100..300;2;47024371;C;G;0.0311111006885767;135
100..300;2;47803553;A;T;0.0379404015839099;250
100..300;2;48580657;C;A;0.03913040086627;155
100..300;2;48581013;C;G;0.0227272994816303;210
100..300;2;48581759;T;C;0.0273972991853952;200
100..300;2;52571655;C;G;0.0429042987525463;205
100..300;2;52572436;T;A;0.0269542001187801;240
100..300;2;53808371;C;G;0.0282258000224828;155
100..300;2;53923100;G;A;0.039647601544857;150
100..300;2;54255852;T;C;0.0490463003516197;260
100..300;2;54267311;A;G;0.0337079018354415;115
100..300;2;55254186;A;T;0.0245098005980253;135
100..300;2;55881747;C;T;0.0666666999459266;100
100..300;2;58460948;A;G;0.0714285969734191;195
100..300;2;58460955;G;C;0.0695971027016639;190
100..300;2;58461772;A;G;0.0394366011023521;240
100..300;2;63622357;C;T;0.0435897000133991;265
100..300;2;64100458;C;T;0.0686694979667663;145
100..300;2;68024002;A;G;0.0481927990913391;105
100..300;2;68655336;C;T;0.0331633016467094;275
100..300;2;69514477;T;C;0.0440528988838195;155
100..300;2;69935402;G;T;0.0530035011470317;180
100..300;2;70943677;T;C;0.0257879998534917;225
100..300;2;70963254;T;C;0.0451612994074821;205
100..300;2;70985000;T;C;0.0418604984879493;290
100..300;2;71077608;A;G;0.0333333015441894;210
100..300;2;71124357;A;G;0.0333333015441894;245
100..300;2;71190004;T;C;0.0412371009588241;135
100..300;2;71481990;A;G;0.0493273995816707;145
100..300;2;73081250;T;C;0.0228758007287979;215
100..300;2;73214257;G;C;0.0557769015431404;155
100..300;2;73264386;T;C;0.0234986990690231;250
100..300;2;73489683;A;G;0.020661199465394;160
100..300;2;73489976;C;G;0.0262295007705688;215
100..300;2;74255765;C;T;0.0615384988486766;130
100..300;2;74262191;A;G;0.0276497993618249;140
100..300;2;74498017;C;T;0.0303866993635892;245
100..300;2;74673461;T;G;0.0355329997837543;125
100..300;2;74754838;G;A;0.0621468983590602;115
100..300;2;75198602;G;A;0.0296052992343902;215
100..300;2;75680225;C;T;0.0457516014575958;100
100..300;2;84669504;A;G;0.0342857018113136;125
100..300;2;85326661;T;C;0.0209580995142459;250
100..300;2;85398164;C;G;0.0552764013409614;135
100..300;2;85435513;T;C;0.0299625005573034;190
100..300;2;85542588;G;C;0.0369004011154174;185
100..300;2;85553413;T;C;0.0257879998534917;225
100..300;2;85579143;T;C;0.0264026001095771;205
100..300;2;85581614;G;A;0.0250627007335424;255
100..300;2;85667185;T;G;0.0297871995717287;145
100..300;2;85697606;T;C;0.0616438016295433;190
100..300;2;85698544;A;G;0.056716401129961;215
100..300;2;85698557;G;T;0.0586510002613067;225
100..300;2;86751970;A;G;0.0364582985639572;125
100..300;2;88088038;C;A;0.0220263991504907;150
100..300;2;88103041;A;G;0.034682098776102;115
100..300;2;88108440;C;T;0.0359281003475189;215
100..300;2;88110465;A;G;0.0230768993496894;165
100..300;2;88112086;T;A;0.027624299749732;120
100..300;2;88529261;C;T;0.0280374009162187;285
100..300;2;95799803;C;A;0.0274509992450475;165
100..300;2;96013823;C;T;0.0224438998848199;270
100..300;2;96132566;T;C;0.0212766006588935;155
100..300;2;96138368;A;G;0.0333333015441894;170
100..300;2;96277695;C;G;0.0209580995142459;220
100..300;2;98236710;A;G;0.0653845965862274;170
100..300;2;98533483;A;G;0.0744680985808372;115
100..300;2;99601618;A;G;0.0371747016906738;180
100..300;2;101011463;T;C;0.0439560003578662;185
100..300;2;101022366;T;C;0.0533333010971546;205
100..300;2;101068666;T;C;0.0441989004611969;115
100..300;2;101860991;T;C;0.0590717010200023;155
100..300;2;102226007;C;T;0.0729167014360427;130
100..300;2;102384942;T;C;0.0326086990535259;115
100..300;2;102478945;A;G;0.0433526001870632;230
100..300;2;105405031;G;C;0.0544553995132446;125
100..300;2;106834133;T;C;0.0404624007642269;115
100..300;2;108002058;T;C;0.0384614989161491;105
100..300;2;108247194;C;A;0.0914286002516746;115
100..300;2;111092938;T;C;0.0262171998620033;175
100..300;2;111898795;T;A;0.0374331995844841;125
100..300;2;111898815;A;G;0.0295857992023229;110
100..300;2;112028314;T;C;0.0234375;180
100..300;2;112028472;A;G;0.0256409998983144;215
100..300;2;112028780;A;G;0.0308219008147716;205
100..300;2;112494303;A;G;0.0261193998157978;180
100..300;2;112647131;A;G;0.0418251007795333;180
100..300;2;112722037;A;G;0.0728745013475418;150
100..300;2;112762552;A;G;0.0342857018113136;115
100..300;2;112779646;A;C;0.0397727005183696;125
100..300;2;112832813;A;G;0.0270269997417926;135
100..300;2;113074364;A;G;0.0196850001811981;165
100..300;2;113074368;C;T;0.0201613008975982;165
100..300;2;117825524;A;G;0.0253164991736412;155
100..300;2;119247993;T;C;0.0489129982888698;245
100..300;2;121239544;A;G;0.0280898995697498;115
100..300;2;121490256;G;A;0.0299401003867387;100
100..300;2;127068957;G;A;0.0253164991736412;215
100..300;2;127612342;T;C;0.0207468997687101;155
100..300;2;127631215;A;G;0.0214285999536514;180
100..300;2;127631287;C;G;0.0235293991863727;275
100..300;2;127635714;C;T;0.0429448001086711;115
100..300;2;127706542;A;G;0.0308369994163513;150
100..300;2;128182225;T;C;0.0469207987189292;220
100..300;2;131140151;T;G;0.04147469997406;140
100..300;2;132417191;T;C;0.0328767001628875;245
100..300;2;132560316;G;C;0.0742048993706703;190
100..300;2;132732028;G;A;0.0619047991931438;150
100..300;2;137663426;G;A;0.078313298523426;110
100..300;2;140373126;T;C;0.0299401003867387;110
100..300;2;148483494;A;C;0.0340556986629962;220
100..300;2;151457871;A;G;0.0339806005358696;125
100..300;2;151525940;G;C;0.0478468984365463;135
100..300;2;151531039;C;T;0.0443548001348972;160
100..300;2;151565562;G;C;0.0368421003222465;125
100..300;2;151565573;G;A;0.0388889014720916;120
100..300;2;151633705;G;A;0.0485174991190433;245
100..300;2;152676746;A;G;0.0234741996973752;145
100..300;2;158703536;A;C;0.0613497011363506;110
100..300;2;158807087;C;T;0.046204600483179;195
100..300;2;158815740;A;G;0.0252100992947816;155
100..300;2;159227962;C;A;0.0222222004085779;155
100..300;2;159230142;T;C;0.0353357009589672;200
100..300;2;159230143;G;A;0.0395683012902736;195
100..300;2;161839904;T;C;0.039682500064373;160
100..300;2;165679408;T;C;0.0377358011901378;185
100..300;2;166441621;A;G;0.0509258992969989;145
100..300;2;168850918;T;C;0.0332541987299919;285
100..300;2;168908036;G;C;0.0333333015441894;215
100..300;2;169168573;G;A;0.0365297012031078;145
100..300;2;169213838;C;T;0.0279329996556043;120
100..300;2;169510589;A;G;0.0370370000600814;200
100..300;2;169701587;G;A;0.0518134981393814;130
100..300;2;172475080;A;G;0.0421940982341766;155
100..300;2;172479746;G;A;0.0622222013771534;140
100..300;2;172487375;T;C;0.0224718991667032;175
100..300;2;172595912;C;T;0.0238095000386238;160
100..300;2;172797626;G;A;0.0261438004672527;100
100..300;2;173263785;T;C;0.0393257997930049;115
100..300;2;174310361;T;C;0.0417909994721412;250
100..300;2;174436269;A;G;0.0524691008031368;215
100..300;2;176100358;A;G;0.0188171993941068;250
100..300;2;176242364;C;G;0.0760233998298645;120
100..300;2;177875895;C;A;0.0458015017211437;165
100..300;2;177997733;C;A;0.0316900983452796;195
100..300;2;178575302;A;G;0.0264026001095771;210
100..300;2;178576659;A;G;0.0311526004225015;230
100..300;2;178856319;A;G;0.0388350002467632;135
100..300;2;178918743;T;C;0.0395683012902736;185
100..300;2;179121826;C;T;0.0252525005489587;130
100..300;2;179443301;T;C;0.0273037999868392;195
100..300;2;179945475;T;C;0.0380434989929199;130
100..300;2;185796946;G;A;0.0696202963590622;105
100..300;2;186505946;C;G;0.0282258000224828;160
100..300;2;187002015;A;G;0.033195000141859;175
100..300;2;187826093;A;G;0.0327868983149528;130
100..300;2;189039507;G;T;0.0193050000816583;165
100..300;2;189580468;C;G;0.0240641999989748;250
100..300;2;191836667;G;A;0.0181159004569053;190
100..300;2;193277046;A;G;0.0682730972766876;175
100..300;2;200941282;G;A;0.0301507990807294;130
100..300;2;201138287;C;T;0.0304569005966186;145
100..300;2;201203710;T;C;0.0326086990535259;120
100..300;2;201340026;G;A;0.0366492010653018;125
100..300;2;203867991;G;A;0.0321285016834735;165
100..300;2;203959601;C;A;0.0339806005358696;140
100..300;2;206420046;G;A;0.0441175997257232;195
100..300;2;210477778;A;G;0.0347825996577739;150
100..300;2;213422259;T;C;0.0409207008779048;245
100..300;2;213930019;C;A;0.0214285999536514;170
100..300;2;214767531;T;C;0.0277778003364801;135
100..300;2;214809500;A;G;0.0285714007914066;235
100..300;2;216043956;T;C;0.0290456004440784;150
100..300;2;216610710;G;GT;0.0301507990807294;285
100..300;2;217427418;C;T;0.0833332985639572;100
100..300;2;217427435;G;C;0.0886076018214225;100
100..300;2;217808125;A;G;0.0487805008888244;180
100..300;2;217830379;A;G;0.0307167004793882;195
100..300;2;217880962;A;G;0.0352941006422042;220
100..300;2;218275565;C;G;0.0192307997494936;230
100..300;2;218278506;A;G;0.030188700184226;170
100..300;2;218279366;A;G;0.0370370000600814;135
100..300;2;218357123;A;G;0.0174129009246826;270
100..300;2;218385280;C;G;0.0200803000479936;165
100..300;2;218640742;A;G;0.0305084995925426;190
100..300;2;218827078;A;G;0.0256409998983144;160
100..300;2;218841704;G;A;0.0296803992241621;295
100..300;2;219027511;A;T;0.0705521032214164;235
100..300;2;219040574;T;C;0.0313390009105205;235
100..300;2;219216753;T;C;0.0256409998983144;225
100..300;2;219243495;G;A;0.0283400993794202;160
100..300;2;219420154;T;C;0.0283285994082689;230
100..300;2;219444963;A;G;0.0227790009230375;295
100..300;2;219557964;T;C;0.0388889014720916;240
100..300;2;219572359;T;C;0.0469799004495143;105
100..300;2;219574956;T;C;0.0338027998805046;245
100..300;2;219608633;A;G;0.020050099119544;255
100..300;2;221442814;T;G;0.0700637027621269;110
100..300;2;224837848;A;G;0.027343800291419;160
100..300;2;226795828;T;C;0.0281249992549419;225
100..300;2;227010486;G;A;0.0292208008468151;205
100..300;2;227587234;C;T;0.026315800845623;190
100..300;2;228018313;C;A;0.0199999995529651;210
100..300;2;228019005;C;T;0.0229358002543449;160
100..300;2;230172900;G;A;0.0233644992113113;135
100..300;2;230177560;G;A;0.0453074015676975;200
100..300;2;230212395;T;C;0.0211267992854118;180
100..300;2;230212961;A;G;0.025000000372529;235
100..300;2;230292797;G;A;0.0361445993185043;155
100..300;2;230469048;G;A;0.0643275007605552;100
100..300;2;230573673;A;G;0.0285714007914066;175
100..300;2;230573706;C;T;0.0283400993794202;180
100..300;2;231000375;C;T;0.0191571004688739;170
100..300;2;232087546;T;C;0.0226629003882408;235
100..300;2;232263269;C;T;0.0520000010728836;170
100..300;2;233034416;A;C;0.0348027981817722;295
100..300;2;233274722;G;A;0.0252100992947816;150
100..300;2;233327103;C;G;0.0324674993753433;100
100..300;2;233460175;C;T;0.065743900835514;195
100..300;2;233462705;A;G;0.0290322992950677;200
100..300;2;233485841;A;G;0.0424929000437259;240
100..300;2;233818764;A;C;0.0274509992450475;160
100..300;2;233823665;A;G;0.0269230995327234;160
100..300;2;233828726;A;C;0.0169491991400718;230
100..300;2;233939179;C;A;0.0301204994320869;115
100..300;2;233945896;C;G;0.0384614989161491;120
100..300;2;233945908;G;A;0.0487805008888244;135
100..300;2;233955144;A;G;0.0285714007914066;110
100..300;2;237336280;T;C;0.0307167004793882;205
100..300;2;237340465;C;T;0.0289855003356933;145
100..300;2;237341074;A;G;0.0589970014989376;225
100..300;2;237344509;T;C;0.0344827994704246;200
100..300;2;237735264;A;G;0.05338079854846;175
100..300;2;237760159;G;A;0.0709459036588668;195
100..300;2;237764060;G;C;0.0411311015486717;255
100..300;2;237824373;A;G;0.0957446992397308;120
100..300;2;238125402;C;A;0.0358744002878665;145
100..300;2;238127629;T;C;0.0272726994007825;205
100..300;2;238132265;T;C;0.0184332001954317;280
100..300;2;238435771;T;C;0.0355030000209808;225
100..300;2;238436022;A;T;0.0384614989161491;145
100..300;2;239139704;T;C;0.0246913991868495;220
100..300;2;240557353;A;C;0.0252100992947816;155
100..300;2;240618980;A;G;0.0451388992369174;180
100..300;2;240630675;T;C;0.0276382006704807;270
100..300;2;240630710;T;C;0.0257731992751359;260
100..300;2;240630832;C;A;0.041269801557064;210
100..300;2;240741385;A;G;0.0399999991059303;145
100..300;2;240965418;A;G;0.0344827994704246;185
100..300;2;240989811;G;A;0.0333333015441894;140
100..300;2;241090011;A;G;0.0366300009191036;170
100..300;2;241097382;G;A;0.0284553002566099;165
100..300;2;241112362;A;G;0.0344827994704246;195
100..300;2;241233983;A;G;0.0394088998436927;135
100..300;2;241266896;T;C;0.0314135998487472;130
100..300;2;241671323;C;T;0.0195531006902456;230
100..300;20;96130;T;C;0.0337552987039089;165
100..300;20;391328;C;T;0.0338983014225959;160
100..300;20;396582;T;C;0.0230179000645875;270
100..300;20;765454;A;G;0.0234986990690231;270
100..300;20;1242851;A;G;0.0364582985639572;130
100..300;20;1305289;A;G;0.0391197986900806;270
100..300;20;1312463;A;G;0.0359999984502792;170
100..300;20;1312603;T;C;0.0318020991981029;190
100..300;20;1370065;C;T;0.0295359008014202;155
100..300;20;1477265;A;C;0.026385199278593;250
100..300;20;1915454;T;C;0.0309858992695808;245
100..300;20;2075712;A;T;0.0344827994704246;105
100..300;20;2155259;G;A;0.0265487004071474;140
100..300;20;2340459;C;G;0.0370370000600814;160
100..300;20;2484338;C;T;0.0213415008038282;230
100..300;20;2612360;G;A;0.0447761006653308;135
100..300;20;2641352;C;T;0.0306122004985809;145
100..300;20;2758937;C;T;0.0248447004705667;205
100..300;20;2836175;T;C;0.0277778003364801;270
100..300;20;2860127;T;C;0.0418604984879493;135
100..300;20;3228437;A;G;0.0310344994068145;200
100..300;20;3228725;A;G;0.023166000843048;185
100..300;20;3361996;C;T;0.0536397993564605;175
100..300;20;4060116;C;T;0.0353982001543045;155
100..300;20;5106293;T;A;0.0534978993237018;155
100..300;20;5118870;A;G;0.0591715984046459;110
100..300;20;5119563;C;G;0.0304878000169992;115
100..300;20;5302670;C;G;0.041958000510931;200
100..300;20;6778468;T;A;0.0317460000514984;180
100..300;20;9387455;G;A;0.0335195995867252;125
100..300;20;10049540;A;T;0.0186334997415542;230
100..300;20;10349488;A;G;0.0265487004071474;155
100..300;20;10622678;G;A;0.0288066007196903;175
100..300;20;10623102;A;G;0.0357142984867095;215
100..300;20;13288601;T;C;0.0315788984298706;180
100..300;20;13625256;T;A;0.0478723011910915;120
100..300;20;13714960;G;T;0.0235293991863727;170
100..300;20;13785296;C;CCCGCGGGG;0.0288462005555629;150
100..300;20;15619559;T;C;0.0387930981814861;145
100..300;20;16367284;A;C;0.0430379994213581;265
100..300;20;17725019;A;G;0.0378377996385097;120
100..300;20;17735771;G;C;0.0481100007891655;180
100..300;20;18315217;A;G;0.0243902001529932;245
100..300;20;18315829;T;C;0.0224089995026588;245
100..300;20;18316549;C;T;0.0317002981901168;235
100..300;20;18504799;A;G;0.0176991000771522;235
100..300;20;18814070;T;C;0.0320512987673282;225
100..300;20;18814110;T;C;0.0314465016126632;230
100..300;20;19280979;A;G;0.0247933994978666;160
100..300;20;19585027;A;G;0.0364237986505031;200
100..300;20;19974829;T;C;0.0149999996647238;265
100..300;20;20164128;A;G;0.025925900787115;170
100..300;20;20277314;T;C;0.0266271997243165;225
100..300;20;24983922;C;T;0.0279070008546113;150
100..300;20;25078806;T;C;0.0338027998805046;230
100..300;20;25206577;A;G;0.0436892993748188;135
100..300;20;25213313;A;G;0.0373562984168529;220
100..300;20;25280295;G;A;0.0776699036359787;200
100..300;20;25282153;C;T;0.0348258987069129;130
100..300;20;25295661;A;G;0.0408162996172905;190
100..300;20;25302308;G;A;0.0688406005501747;170
100..300;20;25453503;T;C;0.035087700933218;190
100..300;20;25458400;A;G;0.0251256003975868;130
100..300;20;25476252;G;A;0.0287356004118919;240
100..300;20;25476386;C;T;0.0179028008133173;270
100..300;20;25479128;G;T;0.0198020003736019;210
100..300;20;25686006;T;C;0.0278884004801511;155
100..300;20;31826818;T;C;0.0401338003575801;205
100..300;20;32780142;T;C;0.0546623989939689;195
100..300;20;32798541;C;T;0.0177305005490779;180
100..300;20;32800148;G;C;0.0304569005966186;125
100..300;20;32800830;C;T;0.02928869985044;160
100..300;20;32961317;T;C;0.0461537986993789;215
100..300;20;32996372;A;G;0.0502793006598949;115
100..300;20;33002880;A;C;0.0318471007049083;210
100..300;20;33039485;G;A;0.0387930981814861;155
100..300;20;33047578;A;G;0.0257731992751359;120
100..300;20;33056714;C;T;0.0392156988382339;140
100..300;20;33064486;A;G;0.0760869979858398;180
100..300;20;33066893;G;A;0.0288808997720479;180
100..300;20;33068826;G;C;0.0636942982673645;200
100..300;20;33086040;G;A;0.0593219995498657;155
100..300;20;33088998;C;A;0.0536585003137588;135
100..300;20;33676869;T;C;0.0179104004055261;220
100..300;20;33965289;T;C;0.0509553998708725;105
100..300;20;34123168;A;G;0.0782608985900878;145
100..300;20;34516787;C;G;0.0221129991114139;265
100..300;20;34986962;C;T;0.0504201985895633;155
100..300;20;34998390;T;C;0.0393257997930049;120
100..300;20;34999395;C;G;0.0535713993012905;190
100..300;20;35001304;A;G;0.0549999997019767;140
100..300;20;35004445;T;C;0.0373443998396396;170
100..300;20;35115804;T;C;0.0804598033428192;235
100..300;20;35269741;T;C;0.0291262008249759;140
100..300;20;35280121;A;G;0.0260869991034269;155
100..300;20;35286917;T;C;0.0153845995664596;265
100..300;20;37137934;G;A;0.0311111006885767;150
100..300;20;38342716;T;A;0.033670000731945;190
100..300;20;38360727;G;A;0.0371900983154773;150
100..300;20;38368988;T;C;0.0408162996172905;135
100..300;20;38369011;T;C;0.0285714007914066;155
100..300;20;43536082;C;T;0.0447154007852077;170
100..300;20;43566349;A;T;0.0287769995629787;185
100..300;20;43702906;T;G;0.0298507008701562;135
100..300;20;44337223;T;C;0.0324674993753433;205
100..300;20;44428408;T;C;0.0439560003578662;175
100..300;20;45610102;G;T;0.0187970008701086;170
100..300;20;45641343;C;T;0.0421686992049217;110
100..300;20;45946019;T;C;0.0313901007175445;155
100..300;20;45953796;T;G;0.0242587998509407;225
100..300;20;46566265;G;C;0.0427631996572017;210
100..300;20;47639749;G;A;0.0228758007287979;210
100..300;20;48627912;A;G;0.0604026988148689;190
100..300;20;48629539;G;C;0.0432431995868682;250
100..300;20;48629589;A;G;0.0256409998983144;195
100..300;20;48639762;T;C;0.0399999991059303;145
100..300;20;48642225;T;C;0.0197627991437912;165
100..300;20;48644398;G;A;0.0306122004985809;125
100..300;20;48644479;C;T;0.0714285969734191;130
100..300;20;48650942;G;A;0.0436241999268531;205
100..300;20;48651402;A;G;0.0456431992352008;160
100..300;20;48657188;T;C;0.0361991003155708;140
100..300;20;48676285;G;C;0.0348258987069129;130
100..300;20;48734558;A;G;0.0259067006409168;115
100..300;20;49957443;C;CTG;0.0502091981470584;160
100..300;20;49984272;A;G;0.0364963002502918;270
100..300;20;50579747;T;C;0.0346419997513294;295
100..300;20;50619977;T;C;0.0434782989323139;135
100..300;20;50960127;G;T;0.0342466011643409;195
100..300;20;51131405;T;A;0.050000000745058;110
100..300;20;51790446;A;G;0.0267379991710186;250
100..300;20;51790623;C;T;0.0168674997985363;290
100..300;20;51791427;T;C;0.0289855003356933;240
100..300;20;54157275;A;G;0.0330881997942924;200
100..300;20;56451939;A;G;0.0377907007932662;230
100..300;20;57562128;T;C;0.0265957005321979;240
100..300;20;57563592;A;G;0.0205479003489017;185
100..300;20;57610247;A;G;0.0254629999399185;290
100..300;20;58218668;A;G;0.0394088998436927;250
100..300;20;58693811;A;C;0.0426829010248184;205
100..300;20;58715291;G;C;0.0628743022680282;235
100..300;20;59996070;T;G;0.0239234007894992;145
100..300;20;61352949;G;A;0.0420168004930019;155
100..300;20;61352974;A;G;0.0443350002169609;135
100..300;20;62197985;C;G;0.0242717992514371;135
100..300;20;62273292;T;C;0.044642899185419;145
100..300;20;62289334;T;C;0.0228137001395225;165
100..300;20;62310086;A;C;0.0203562006354331;260
100..300;20;62324150;T;C;0.0417826995253562;230
100..300;20;62345568;G;A;0.0414937995374202;155
100..300;20;62345831;A;G;0.0351438000798225;210
100..300;20;62352356;A;G;0.0384614989161491;205
100..300;20;62388438;T;C;0.0345679000020027;275
100..300;20;62896954;G;A;0.0248962994664907;165
100..300;20;62905586;A;G;0.0254545006901025;185
100..300;20;63239375;C;G;0.0308641996234655;230
100..300;20;63247657;T;G;0.0294118002057075;170
100..300;20;63349639;C;T;0.0313725993037223;175
100..300;20;63560205;A;G;0.017595300450921;235
100..300;20;63561666;T;C;0.0461095012724399;225
100..300;20;63562092;A;G;0.0348258987069129;135
100..300;20;63564319;T;C;0.0390244014561176;140
100..300;20;63564680;T;C;0.0215384997427463;215
100..300;20;63564829;C;G;0.0421052984893322;190
100..300;20;63569223;A;G;0.0492307990789413;220
100..300;20;63590413;T;C;0.0515151992440223;225
100..300;20;63700637;G;T;0.0322581008076667;145
100..300;20;63742630;A;G;0.0198413003236055;175
100..300;20;63790269;G;A;0.0247252993285655;255
100..300;20;63790727;C;T;0.0301507990807294;140
100..300;20;63945638;A;G;0.0507812015712261;170
100..300;20;63963816;G;A;0.0257879998534917;235
100..300;20;63964194;T;C;0.033950600773096;215
100..300;20;63967462;T;C;0.0242587998509407;240
100..300;21;14967968;T;C;0.0727273002266883;155
100..300;21;17518892;G;A;0.0213523004204034;190
100..300;21;17796901;C;G;0.0882352963089943;145
100..300;21;18294584;A;T;0.0333333015441894;105
100..300;21;18341504;T;C;0.0498084016144275;170
100..300;21;19244974;T;G;0.0550458990037441;160
100..300;21;19245707;C;T;0.0786516964435577;120
100..300;21;19246126;T;TA;0.0636942982673645;120
100..300;21;26966104;G;C;0.0199999995529651;200
100..300;21;28878322;A;G;0.0243902001529932;155
100..300;21;28960589;T;C;0.0601852014660835;140
100..300;21;28969569;G;A;0.0595237985253334;165
100..300;21;29092595;T;C;0.0422535017132759;145
100..300;21;29591128;G;A;0.0362902991473674;155
100..300;21;30440510;T;C;0.0303029995411634;220
100..300;21;31672065;A;G;0.0343643017113208;210
100..300;21;31696649;C;T;0.0302012991160154;195
100..300;21;31702320;G;A;0.0212766006588935;160
100..300;21;32383454;A;G;0.0324073992669582;135
100..300;21;32726890;T;C;0.0268456004559993;190
100..300;21;33027093;G;A;0.0287957992404699;270
100..300;21;33241945;C;T;0.0342678986489772;215
100..300;21;33241950;G;T;0.0332325994968414;220
100..300;21;36369631;C;T;0.0254545006901025;195
100..300;21;36461453;A;G;0.0231023002415895;210
100..300;21;36486624;G;A;0.0486726015806198;145
100..300;21;36486653;G;C;0.0604396015405654;120
100..300;21;36486659;C;A;0.0628570988774299;115
100..300;21;36936611;A;G;0.0321542993187904;220
100..300;21;37087293;A;G;0.0216048993170261;220
100..300;21;38299554;A;G;0.0561223998665809;270
100..300;21;39202379;G;A;0.0338983014225959;160
100..300;21;39765576;A;G;0.0313725993037223;165
100..300;21;41506199;C;A;0.0454544983804225;110
100..300;21;41749197;G;C;0.0325580984354019;140
100..300;21;41756639;G;T;0.0248619001358747;255
100..300;21;41756672;G;A;0.0186170004308223;260
100..300;21;41801395;A;G;0.0214796997606754;290
100..300;21;41918839;C;A;0.051020398736;125
100..300;21;42119183;A;G;0.03125;185
100..300;21;42259403;T;C;0.0283400993794202;165
100..300;21;42259444;T;C;0.0291667003184556;160
100..300;21;42366403;T;C;0.0483870990574359;120
100..300;21;42385528;T;C;0.0229358002543449;135
100..300;21;42418534;A;G;0.0268456004559993;195
100..300;21;44288394;T;C;0.0488721989095211;180
100..300;21;44305832;G;A;0.0488888993859291;145
100..300;21;44813921;A;C;0.0258824005722999;280
100..300;21;44851537;T;C;0.0413222983479499;235
100..300;21;44851545;C;T;0.039886001497507;230
100..300;21;44910759;A;C;0.0244897995144128;150
100..300;21;45512414;A;G;0.0654762014746666;125
100..300;21;46003475;A;G;0.0352941006422042;165
100..300;21;46003593;A;G;0.0463575981557369;205
100..300;21;46003722;T;C;0.0557490997016429;210
100..300;21;46132189;T;G;0.0283911991864442;215
100..300;21;46182805;A;G;0.0216048993170261;225
100..300;21;46215713;G;C;0.0478468984365463;270
100..300;21;46215799;A;G;0.0459363982081413;195
100..300;21;46221880;T;C;0.0211479999125003;210
100..300;21;46222695;A;G;0.0215054005384445;180
100..300;21;46277736;G;A;0.0479452013969421;100
100..300;21;46283735;A;G;0.0336390994489192;205
100..300;21;46284982;A;G;0.0411311015486717;275
100..300;21;46346225;C;T;0.0633483976125717;135
100..300;21;46353189;A;C;0.0257143005728721;220
100..300;21;46391357;T;C;0.0375940017402172;175
100..300;21;46416739;T;C;0.0307691991329193;265
100..300;21;46430491;T;C;0.067010298371315;130
100..300;21;46430570;C;G;0.0464395992457866;205
100..300;21;46431839;G;A;0.0507936999201774;220
100..300;21;46443844;C;A;0.0277778003364801;260
100..300;21;46541798;A;G;0.0357142984867095;210
100..300;21;46546897;C;G;0.0226243995130062;150
100..300;21;46550668;A;G;0.045016098767519;200
100..300;22;16697711;A;G;0.026315800845623;250
100..300;22;16784014;G;A;0.0387323983013629;200
100..300;22;16784304;A;G;0.0273037999868392;200
100..300;22;16857817;T;G;0.0425532013177871;160
100..300;22;16858151;A;G;0.0636363998055458;155
100..300;22;16858352;A;G;0.0620154999196529;180
100..300;22;16858862;A;G;0.0363636016845703;185
100..300;22;16859187;G;A;0.0566801987588405;170
100..300;22;16859529;C;T;0.0533333010971546;105
100..300;22;16859749;T;C;0.0639268979430198;145
100..300;22;16859779;T;C;0.0642570033669471;170
100..300;22;17817828;A;G;0.0205655992031097;255
100..300;22;17818113;A;G;0.0350000001490116;265
100..300;22;17887150;G;A;0.0450000017881393;130
100..300;22;17906782;C;G;0.0452830009162426;180
100..300;22;18990791;A;G;0.0320000015199184;165
100..300;22;19039100;G;A;0.0395683012902736;185
100..300;22;19041269;T;C;0.0358566008508205;180
100..300;22;19060900;G;A;0.0458333007991313;150
100..300;22;19060936;A;G;0.0358974002301692;130
100..300;22;19065893;T;G;0.0264151003211736;165
100..300;22;19125502;T;C;0.0346534997224807;135
100..300;22;19125515;A;G;0.0410959012806415;145
100..300;22;19196584;C;T;0.0285714007914066;190
100..300;22;19788842;A;G;0.0257731992751359;255
100..300;22;20583314;T;C;0.0324323996901512;125
100..300;22;20626150;G;A;0.0434782989323139;130
100..300;22;21963982;C;T;0.0350317992269992;205
100..300;22;23096004;T;C;0.0299401003867387;235
100..300;22;23145346;T;C;0.0392156988382339;135
100..300;22;23181443;A;C;0.0327868983149528;125
100..300;22;23192948;G;A;0.0301724001765251;170
100..300;22;23196400;A;G;0.0219298005104064;155
100..300;22;23197253;A;G;0.0397351011633873;100
100..300;22;23198227;G;T;0.020661199465394;170
100..300;22;23198612;G;A;0.0338345989584922;185
100..300;22;23198726;T;C;0.0387597009539604;185
100..300;22;23199301;T;C;0.0258303005248308;190
100..300;22;23315477;T;C;0.0515463985502719;125
100..300;22;24495387;T;A;0.0292683001607656;135
100..300;22;24728176;T;C;0.0375587008893489;155
100..300;22;24748945;T;C;0.0248755998909473;145
100..300;22;25357354;A;G;0.0468319989740848;230
100..300;22;25437629;T;C;0.0357142984867095;105
100..300;22;25826487;T;C;0.0329670011997222;120
100..300;22;26292865;T;G;0.0301204994320869;230
100..300;22;26466075;A;G;0.0301204994320869;115
100..300;22;26672739;A;C;0.0266667008399963;210
100..300;22;26673594;T;C;0.0421940982341766;155
100..300;22;26674341;T;C;0.0351759009063243;140
100..300;22;29260400;T;G;0.0458936989307403;275
100..300;22;29356632;A;G;0.0265957005321979;135
100..300;22;29359899;C;T;0.0418118014931678;185
100..300;22;30294009;A;G;0.0262467004358768;245
100..300;22;30386742;A;G;0.0246479008346796;190
100..300;22;30427126;G;T;0.0196077991276979;205
100..300;22;30468623;G;A;0.0324323996901512;240
100..300;22;30468805;T;C;0.0259067006409168;130
100..300;22;30617432;T;C;0.026393000036478;220
100..300;22;30622988;C;T;0.0388692989945411;190
100..300;22;30636894;A;G;0.0254452992230653;265
100..300;22;31341450;A;G;0.0299145001918077;160
100..300;22;31442099;A;G;0.0506329014897346;165
100..300;22;31550296;C;T;0.027131799608469;160
100..300;22;31580313;C;T;0.0256409998983144;145
100..300;22;31602626;A;G;0.0352423004806041;150
100..300;22;31611167;A;G;0.0213332995772361;250
100..300;22;31712489;T;C;0.0266159996390342;190
100..300;22;31712838;A;T;0.0406779982149601;205
100..300;22;31833991;A;G;0.0279719997197389;195
100..300;22;32229223;T;C;0.0465116016566753;165
100..300;22;32269802;T;C;0.0272374004125595;185
100..300;22;32271520;A;G;0.0472102984786033;165
100..300;22;32272384;A;G;0.0422077998518943;215
100..300;22;32399654;T;C;0.026315800845623;170
100..300;22;32415965;G;A;0.0267379991710186;125
100..300;22;32419411;A;G;0.0368097983300685;115
100..300;22;33277139;T;C;0.0192307997494936;200
100..300;22;35067186;C;T;0.0294118002057075;175
100..300;22;35551538;A;C;0.0463918000459671;125
100..300;22;36160650;T;C;0.0648649036884307;135
100..300;22;36292132;A;G;0.0322581008076667;200
100..300;22;36304129;G;A;0.033670000731945;195
100..300;22;36991464;A;C;0.02928869985044;150
100..300;22;37002154;T;C;0.0235293991863727;180
100..300;22;37073551;A;G;0.0386100001633167;160
100..300;22;37182767;A;G;0.0225000008940696;265
100..300;22;37185445;A;C;0.0482456013560295;150
100..300;22;37206982;A;G;0.0170316006988286;280
100..300;22;37207351;T;C;0.0270269997417926;215
100..300;22;37241613;C;G;0.0304569005966186;250
100..300;22;37374026;T;G;0.0477707013487815;215
100..300;22;37374317;G;A;0.0471975989639759;235
100..300;22;37877742;C;T;0.0232558008283376;230
100..300;22;37971233;A;G;0.0380228012800216;170
100..300;22;39512414;T;C;0.0202312003821134;230
100..300;22;39670112;T;C;0.0462725013494491;250
100..300;22;39887423;G;A;0.0548780001699924;120
100..300;22;40418632;T;C;0.0338983014225959;225
100..300;22;41224821;T;C;0.0227272994816303;180
100..300;22;41972853;A;G;0.0346666984260082;255
100..300;22;42020052;G;A;0.0233644992113113;135
100..300;22;42397839;T;C;0.0259739998728036;145
100..300;22;42397867;G;A;0.0318020991981029;175
100..300;22;43051885;T;C;0.023166000843048;170
100..300;22;43183043;C;T;0.020304599776864;255
100..300;22;43203985;T;C;0.0485830008983612;165
100..300;22;43886396;G;A;0.0221129991114139;260
100..300;22;43886427;A;G;0.0182291995733976;245
100..300;22;43889787;A;G;0.054298598319292;155
100..300;22;43891182;G;A;0.0641399025917053;230
100..300;22;44732352;C;T;0.0313480012118816;200
100..300;22;44859750;C;T;0.0249109994620084;175
100..300;22;44862453;G;C;0.0231213998049497;235
100..300;22;44883123;A;G;0.0181268993765115;215
100..300;22;46248280;A;G;0.0199999995529651;160
100..300;22;46256840;A;G;0.0278746001422405;210
100..300;22;46260028;C;T;0.0534591004252433;230
100..300;22;46260051;C;T;0.0399999991059303;240
100..300;22;46260349;G;T;0.0246913991868495;225
100..300;22;46260582;G;A;0.0212766006588935;195
100..300;22;46260710;A;G;0.0228758007287979;200
100..300;22;46261364;G;A;0.0319489017128944;220
100..300;22;46261901;G;A;0.026315800845623;185
100..300;22;46268534;G;C;0.0411522984504699;160
100..300;22;49884187;C;T;0.0208333004266023;230
100..300;22;49884235;G;A;0.0225351992994546;250
100..300;22;49884790;G;A;0.0207100994884967;235
100..300;22;49884920;G;A;0.0223641991615295;215
100..300;22;49884994;T;C;0.0246153995394706;220
100..300;22;49886488;C;T;0.0180504992604255;195
100..300;22;50041679;T;C;0.035369798541069;195
100..300;22;50218683;T;C;0.0415334999561309;225
100..300;22;50258233;T;C;0.0280374009162187;135
100..300;22;50280822;G;A;0.0379747003316879;210
100..300;22;50287124;C;T;0.0246913991868495;155
100..300;22;50439767;A;G;0.0286343991756439;295
100..300;22;50505699;A;G;0.0470084995031356;155
100..300;22;50522253;T;C;0.0240963995456695;165
100..300;22;50577409;C;T;0.0205278992652893;215
100..300;3;1227996;A;G;0.0718953981995582;110
100..300;3;3098273;C;T;0.0448429994285106;150
100..300;3;4316526;G;A;0.0452674999833107;175
100..300;3;4362133;A;T;0.0270269997417926;120
100..300;3;4362134;C;T;0.0320856012403965;120
100..300;3;4362153;G;A;0.0380951985716819;135
100..300;3;4700567;G;A;0.0653845965862274;165
100..300;3;4983086;C;T;0.0411622002720832;295
100..300;3;8999310;A;G;0.0219298005104064;150
100..300;3;9473370;C;T;0.0294118002057075;245
100..300;3;9741397;T;C;0.0230414997786283;145
100..300;3;9878454;C;G;0.033195000141859;160
100..300;3;10177824;C;T;0.0390625;175
100..300;3;10934059;T;C;0.0284090992063283;110
100..300;3;11034714;G;C;0.0327868983149528;130
100..300;3;11807400;C;G;0.0391061007976532;125
100..300;3;11844977;A;G;0.0378377996385097;120
100..300;3;12257846;T;G;0.0542168989777565;105
100..300;3;12434058;T;C;0.0229885000735521;165
100..300;3;12501699;A;G;0.0196850001811981;170
100..300;3;12503330;A;G;0.0267558991909027;205
100..300;3;14490278;C;A;0.0301204994320869;120
100..300;3;14493539;G;C;0.0365449003875255;205
100..300;3;14541920;G;A;0.051020398736;130
100..300;3;14897964;A;G;0.0190114006400108;170
100..300;3;15039189;A;G;0.0193798001855611;175
100..300;3;16271057;T;C;0.0436680987477302;150
100..300;3;16728589;T;C;0.0659340992569923;115
100..300;3;17012007;G;A;0.0304569005966186;135
100..300;3;19905613;C;A;0.0654762014746666;110
100..300;3;19933647;T;C;0.0631579011678695;190
100..300;3;19933668;G;A;0.0381679013371467;185
100..300;3;20012456;G;C;0.0421052984893322;130
100..300;3;23807344;C;A;0.0182767994701862;250
100..300;3;24127490;T;C;0.0359281003475189;120
100..300;3;24165115;C;G;0.0403226017951965;165
100..300;3;27290686;C;T;0.0427349992096424;145
100..300;3;32260018;T;C;0.0246913991868495;160
100..300;3;32491754;C;T;0.0262008998543024;150
100..300;3;32621039;C;T;0.0277778003364801;195
100..300;3;32621311;A;C;0.0313390009105205;245
100..300;3;32621315;C;T;0.0311615001410245;245
100..300;3;32621427;T;C;0.0377907007932662;235
100..300;3;32621446;C;T;0.0451976992189884;245
100..300;3;32621468;G;A;0.0502793006598949;255
100..300;3;32621548;C;T;0.0471975989639759;230
100..300;3;32621609;C;G;0.0252809002995491;250
100..300;3;32628865;A;G;0.0192307997494936;165
100..300;3;33132676;A;G;0.0210084002465009;150
100..300;3;33153792;A;G;0.0426666997373104;250
100..300;3;33153817;G;A;0.0339806005358696;275
100..300;3;36993455;A;G;0.0188171993941068;265
100..300;3;38316326;T;C;0.0209205001592636;155
100..300;3;38316470;G;C;0.0278746001422405;190
100..300;3;38581377;A;G;0.0373443998396396;165
100..300;3;38725184;G;A;0.0205761007964611;150
100..300;3;39184636;T;C;0.0274314004927873;285
100..300;3;40233970;T;C;0.0364371985197067;150
100..300;3;40250345;T;C;0.0230414997786283;160
100..300;3;42209837;T;C;0.0276679992675781;185
100..300;3;42210006;C;G;0.0393442995846271;215
100..300;3;42619075;A;G;0.0467836000025272;115
100..300;3;42732983;A;G;0.0254545006901025;180
100..300;3;42739784;T;G;0.0404857993125915;150
100..300;3;42739824;A;G;0.0359281003475189;115
100..300;3;42758273;A;G;0.026315800845623;270
100..300;3;43056273;A;G;0.0392156988382339;165
100..300;3;44243092;A;G;0.0628931000828743;115
100..300;3;44813071;G;A;0.0650888010859489;110
100..300;3;44843155;A;C;0.0614753998816013;155
100..300;3;45112216;A;G;0.0172413997352123;240
100..300;3;45796394;C;G;0.025000000372529;130
100..300;3;46551497;G;A;0.0363636016845703;140
100..300;3;46579270;G;T;0.0222929995507001;215
100..300;3;46671967;G;C;0.0635837987065315;230
100..300;3;46688267;G;C;0.046875;125
100..300;3;46714447;T;C;0.0232558008283376;150
100..300;3;46717520;G;T;0.0317918993532657;225
100..300;3;46733832;G;A;0.0234603993594646;225
100..300;3;46733893;G;A;0.0355556011199951;150
100..300;3;46734118;G;A;0.0398551002144813;175
100..300;3;46736391;G;C;0.0206186007708311;190
100..300;3;46736395;C;T;0.0217390991747379;180
100..300;3;46846708;C;T;0.0371900983154773;155
100..300;3;46995266;G;C;0.0352941006422042;180
100..300;3;47002132;A;G;0.0283688008785247;190
100..300;3;47409921;T;C;0.0431034006178379;170
100..300;3;48372784;T;C;0.0388059988617897;205
100..300;3;48566583;G;C;0.0293160006403923;195
100..300;3;48621034;A;C;0.0273224003612995;125
100..300;3;48632014;T;C;0.0449437983334064;170
100..300;3;48633394;T;G;0.0544871985912323;210
100..300;3;48640578;C;G;0.082524299621582;140
100..300;3;48643620;T;C;0.0401786006987094;135
100..300;3;48645225;T;C;0.0482758991420269;100
100..300;3;48653883;C;T;0.0381943993270397;195
100..300;3;48660221;G;C;0.0423528999090194;295
100..300;3;48662086;T;C;0.0566571988165378;265
100..300;3;48688274;T;C;0.0408162996172905;130
100..300;3;49026677;G;A;0.0224214997142553;150
100..300;3;49030471;C;T;0.0505618005990982;120
100..300;3;49103683;A;G;0.0725388973951339;260
100..300;3;49119040;G;C;0.0302012991160154;180
100..300;3;49175597;C;T;0.0464134998619556;155
100..300;3;49178533;T;C;0.0437709987163543;190
100..300;3;49256817;A;C;0.0653595030307769;215
100..300;3;49276545;T;C;0.0253807008266448;255
100..300;3;49284594;A;T;0.0445859991014003;110
100..300;3;49324936;T;C;0.0569619983434677;205
100..300;3;49335612;G;A;0.0396040007472038;135
100..300;3;49417897;T;C;0.0443212985992431;235
100..300;3;49532767;T;C;0.0484261997044086;280
100..300;3;49651777;A;G;0.04060909897089;260
100..300;3;49653063;T;C;0.0278552006930112;245
100..300;3;49664550;A;G;0.0810810998082161;150
100..300;3;49676792;C;T;0.0416667014360427;165
100..300;3;49684099;A;G;0.0274724997580051;220
100..300;3;49712543;A;G;0.0521326996386051;265
100..300;3;50066484;A;G;0.0666666999459266;150
100..300;3;51778936;T;C;0.0244754999876022;195
100..300;3;51948499;A;G;0.0451976992189884;120
100..300;3;52380096;T;C;0.0362902991473674;160
100..300;3;52506757;C;T;0.0465838015079498;205
100..300;3;52514802;T;C;0.0233462993055582;170
100..300;3;53229263;G;A;0.057251900434494;180
100..300;3;53233139;A;G;0.0416667014360427;140
100..300;3;53811209;A;G;0.027548199519515;245
100..300;3;54626445;A;G;0.0326086990535259;180
100..300;3;56296340;T;C;0.0228013005107641;200
100..300;3;56617139;G;A;0.034682098776102;115
100..300;3;57508411;C;A;0.0340908989310264;115
100..300;3;58096161;C;T;0.0528634004294872;150
100..300;3;58105076;A;G;0.0376568995416164;160
100..300;3;58126761;T;C;0.0259067006409168;130
100..300;3;58132828;A;G;0.0269230995327234;160
100..300;3;58168600;T;C;0.0214285999536514;185
100..300;3;58193301;C;T;0.0244564991444349;245
100..300;3;58205539;T;C;0.043010801076889;120
100..300;3;58530656;A;G;0.0330188982188701;150
100..300;3;58640148;A;C;0.0285714007914066;225
100..300;3;59502614;C;T;0.0583333000540733;155
100..300;3;63995959;T;C;0.0388350002467632;285
100..300;3;63996406;A;G;0.0362116992473602;245
100..300;3;64023832;C;T;0.0362902991473674;155
100..300;3;64157183;T;C;0.0316741988062858;150
100..300;3;64602142;A;G;0.0206896997988224;190
100..300;3;66236632;A;G;0.02033899910748;190
100..300;3;69005190;C;T;0.0242717992514371;130
100..300;3;69033557;G;C;0.0255318991839885;155
100..300;3;69033722;T;G;0.0322581008076667;110
100..300;3;69122345;G;GAGA;0.03913040086627;155
100..300;3;71774431;T;C;0.0288066007196903;155
100..300;3;74136598;A;T;0.03125;135
100..300;3;74299911;C;T;0.0291262008249759;130
100..300;3;78614806;A;G;0.0416667014360427;130
100..300;3;88318608;T;C;0.0280374009162187;155
100..300;3;88466201;G;C;0.0264151003211736;180
100..300;3;89472575;C;T;0.0215517003089189;140
100..300;3;97874536;A;G;0.0241934992372989;170
100..300;3;97959130;A;G;0.0242587998509407;225
100..300;3;98065331;A;C;0.0382513999938964;120
100..300;3;98498334;A;T;0.0259067006409168;135
100..300;3;98548445;T;C;0.0508475005626678;115
100..300;3;100167818;A;G;0.0349344983696937;150
100..300;3;100754661;T;C;0.0359281003475189;115
100..300;3;100839572;C;T;0.0340908989310264;120
100..300;3;100842016;A;G;0.0514286011457443;115
100..300;3;100898836;T;C;0.0413792990148067;185
100..300;3;101366569;A;G;0.0471380017697811;200
100..300;3;101513077;C;T;0.0454544983804225;225
100..300;3;108389078;A;C;0.0272726994007825;140
100..300;3;108398847;A;G;0.0493827015161514;110
100..300;3;108428696;A;C;0.0267558991909027;200
100..300;3;109005136;T;C;0.0370370000600814;115
100..300;3;109308310;T;C;0.0387097001075744;120
100..300;3;111969731;T;C;0.0640394017100334;130
100..300;3;112827459;A;C;0.0363636016845703;180
100..300;3;113457275;A;G;0.0234603993594646;230
100..300;3;113493194;A;G;0.0397351011633873;105
100..300;3;113960742;A;C;0.0189394000917673;165
100..300;3;114232449;G;C;0.0507245995104312;105
100..300;3;114299594;C;T;0.0227272994816303;140
100..300;3;118902817;A;C;0.0273972991853952;150
100..300;3;119792490;G;T;0.0273972991853952;105
100..300;3;120416036;C;T;0.060869600623846;140
100..300;3;121432965;C;G;0.0309734996408224;150
100..300;3;121467575;A;G;0.0358566008508205;160
100..300;3;121467604;C;T;0.0240963995456695;155
100..300;3;121510113;A;G;0.0239521004259586;225
100..300;3;121993958;C;G;0.046594999730587;200
100..300;3;122284910;T;G;0.0405405014753341;265
100..300;3;122635190;G;A;0.0923912972211837;125
100..300;3;122635869;T;C;0.0561797991394996;120
100..300;3;122660756;A;G;0.040650401264429;170
100..300;3;122661767;A;C;0.0344827994704246;165
100..300;3;122662041;T;C;0.1021279990673065;170
100..300;3;122662076;C;G;0.1115880012512207;165
100..300;3;122961294;G;A;0.0984849035739898;175
100..300;3;123915199;A;G;0.0265487004071474;150
100..300;3;123947055;G;T;0.0979591980576515;165
100..300;3;124796649;T;C;0.0222772005945444;265
100..300;3;125084037;G;A;0.0366972014307975;140
100..300;3;125084044;T;C;0.0325580984354019;135
100..300;3;125135792;T;A;0.0410256013274192;120
100..300;3;125916672;G;C;0.0272374004125595;140
100..300;3;126131538;G;A;0.0213523004204034;185
100..300;3;126461977;A;G;0.0381679013371467;185
100..300;3;126733094;T;G;0.0372340008616447;125
100..300;3;126767242;A;G;0.0445205010473728;200
100..300;3;126989610;C;T;0.0411392003297805;220
100..300;3;127007862;G;A;0.0226243995130062;140
100..300;3;127012030;A;G;0.025000000372529;280
100..300;3;127671514;T;C;0.0337423011660575;210
100..300;3;127680112;A;G;0.0218749996274709;215
100..300;3;128895342;C;A;0.0241691991686821;210
100..300;3;128908178;G;A;0.0321285016834735;165
100..300;3;128909090;T;C;0.0506329014897346;205
100..300;3;129032827;A;G;0.0274390000849962;205
100..300;3;130440791;A;G;0.041176501661539;115
100..300;3;131029889;G;A;0.0538921989500522;110
100..300;3;132502295;T;C;0.058823499828577;100
100..300;3;133623144;C;T;0.0337079018354415;115
100..300;3;133746439;G;A;0.0264151003211736;175
100..300;3;133755484;A;G;0.062745101749897;160
100..300;3;133775510;T;C;0.0287356004118919;225
100..300;3;134175917;G;T;0.0357142984867095;155
100..300;3;134222476;T;C;0.0393257997930049;110
100..300;3;134350819;A;G;0.0451388992369174;175
100..300;3;136001698;G;A;0.0337079018354415;185
100..300;3;136001831;C;T;0.0323886983096599;170
100..300;3;136003422;G;A;0.0386473014950752;135
100..300;3;136854598;G;A;0.05726870149374;155
100..300;3;138468726;T;C;0.0664556995034217;220
100..300;3;138472390;A;G;0.0189394000917673;175
100..300;3;138611020;A;G;0.0232558008283376;140
100..300;3;139538761;G;A;0.070175401866436;120
100..300;3;139539569;A;G;0.0235601998865604;250
100..300;3;142404999;T;C;0.0548522993922233;160
100..300;3;142459302;T;C;0.0467836000025272;115
100..300;3;142962407;A;G;0.018656700849533;190
100..300;3;148741608;T;C;0.0685921013355255;195
100..300;3;149009346;A;G;0.0308369994163513;135
100..300;3;149474889;A;G;0.0411984995007514;175
100..300;3;149741554;G;A;0.0324323996901512;120
100..300;3;149750743;G;T;0.0341463014483451;135
100..300;3;149761514;T;C;0.0727273002266883;105
100..300;3;149767506;C;T;0.0282131992280483;225
100..300;3;149770655;G;A;0.0273224003612995;120
100..300;3;152340660;G;A;0.0436507984995842;175
100..300;3;152836568;G;A;0.0448275990784168;200
100..300;3;156810612;A;G;0.061728399246931;270
100..300;3;158602914;A;C;0.0233644992113113;140
100..300;3;158710853;A;G;0.0197739992290735;230
100..300;3;168010266;T;C;0.0226243995130062;150
100..300;3;168024565;G;GTCC;0.0386740006506443;125
100..300;3;168029234;T;C;0.0386100001633167;165
100..300;3;169122674;C;T;0.030434800311923;150
100..300;3;169832971;A;G;0.0277778003364801;125
100..300;3;169840237;T;C;0.03125;225
100..300;3;170113480;C;T;0.0424528010189533;145
100..300;3;170708167;C;G;0.0750000029802322;115
100..300;3;172603907;T;C;0.0278638005256652;220
100..300;3;172648042;G;T;0.0417754985392093;250
100..300;3;174279363;A;G;0.0505050010979175;140
100..300;3;179259033;A;G;0.0237287990748882;205
100..300;3;179260290;G;T;0.0220385994762182;250
100..300;3;179260754;A;G;0.0291971005499362;285
100..300;3;179260901;G;A;0.0483270995318889;205
100..300;3;179260930;T;C;0.0379309989511966;210
100..300;3;180324779;G;A;0.0365854017436504;175
100..300;3;180951420;T;C;0.0466925986111164;175
100..300;3;183180132;G;A;0.0398772992193698;210
100..300;3;183494118;G;A;0.0685484036803245;160
100..300;3;183508326;T;G;0.0371428988873958;235
100..300;3;183762226;A;G;0.0207611992955207;190
100..300;3;184056974;A;C;0.034375000745058;195
100..300;3;184278280;T;C;0.0182371009141206;220
100..300;3;184328682;T;C;0.0330329984426498;215
100..300;3;184355450;A;G;0.0202898997813463;220
100..300;3;184575981;C;T;0.0652173981070518;180
100..300;3;184581280;A;G;0.0350404009222984;245
100..300;3;184581379;C;T;0.0411311015486717;260
100..300;3;186188328;C;T;0.0274390000849962;215
100..300;3;186722454;A;G;0.0317460000514984;165
100..300;3;186742138;C;T;0.0536397993564605;185
100..300;3;186854300;C;T;0.0271738991141319;250
100..300;3;187370824;T;C;0.0238095000386238;140
100..300;3;189995416;C;T;0.0303029995411634;125
100..300;3;190388453;C;T;0.0466320998966693;130
100..300;3;190645805;A;G;0.057142898440361;110
100..300;3;191329743;G;A;0.0280000008642673;155
100..300;3;191357084;G;C;0.0479042008519172;110
100..300;3;191375386;A;T;0.0353982001543045;160
100..300;3;191375521;G;A;0.039647601544857;145
100..300;3;193617202;A;G;0.027343800291419;165
100..300;3;193657175;C;T;0.0428570993244648;140
100..300;3;194653103;C;T;0.0320512987673282;225
100..300;3;194653104;A;G;0.0350317992269992;225
100..300;3;194666571;T;C;0.0696202963590622;105
100..300;3;194687573;T;G;0.0397554002702236;235
100..300;3;195752355;A;G;0.0537084005773067;245
100..300;3;195868079;A;G;0.0185758993029594;220
100..300;3;196661228;C;G;0.0251889005303382;270
100..300;3;196886201;C;A;0.0482456013560295;170
100..300;3;196947878;T;C;0.0249221008270978;230
100..300;3;197015419;C;T;0.0167130995541811;225
100..300;3;197015524;A;G;0.0352423004806041;145
100..300;3;197019758;C;T;0.0206186007708311;200
100..300;4;679989;C;T;0.0273037999868392;185
100..300;4;733906;C;A;0.0367893017828464;210
100..300;4;734150;G;C;0.0326086990535259;125
100..300;4;761341;T;C;0.0361991003155708;150
100..300;4;769289;A;G;0.0451976992189884;115
100..300;4;865136;A;G;0.0384614989161491;200
100..300;4;989824;T;C;0.0207100994884967;240
100..300;4;1978619;T;A;0.0355329997837543;130
100..300;4;2174006;G;A;0.0418251007795333;180
100..300;4;2179353;C;T;0.0210084002465009;150
100..300;4;2193282;A;G;0.0252525005489587;130
100..300;4;2341622;G;C;0.0216450002044439;155
100..300;4;3229934;A;G;0.0450449995696544;140
100..300;4;3317826;T;C;0.0286458004266023;265
100..300;4;4197907;T;A;0.061881199479103;275
100..300;4;4248182;T;C;0.0290697999298572;100
100..300;4;4302795;C;A;0.0675240978598594;215
100..300;4;4320943;T;C;0.0371900983154773;185
100..300;4;5331277;T;C;0.0283688008785247;185
100..300;4;5836786;G;C;0.0297618992626667;220
100..300;4;6291182;T;C;0.0444444008171558;145
100..300;4;6291188;G;A;0.0464134998619556;150
100..300;4;6291969;G;C;0.0370370000600814;210
100..300;4;6301295;T;C;0.0311005003750324;290
100..300;4;6301627;A;G;0.0322581008076667;295
100..300;4;6302228;A;G;0.0504731982946395;215
100..300;4;6302360;G;A;0.0327868983149528;245
100..300;4;7434759;A;C;0.0230179000645875;255
100..300;4;7729583;A;G;0.0408162996172905;165
100..300;4;7778855;T;C;0.0330188982188701;140
100..300;4;7819068;A;G;0.0270269997417926;115
100..300;4;7855503;T;C;0.0516128987073898;200
100..300;4;8019690;G;A;0.0237153992056846;165
100..300;4;8088301;T;C;0.03125;100
100..300;4;8218302;A;G;0.0308880005031824;160
100..300;4;8581015;T;C;0.0209059007465839;185
100..300;4;9908299;A;G;0.0247349999845027;185
100..300;4;10571786;A;C;0.0240384992212057;130
100..300;4;13599713;A;G;0.0695971027016639;195
100..300;4;13615388;T;C;0.0409835986793041;160
100..300;4;15992396;A;G;0.0321100987493991;140
100..300;4;20850621;G;A;0.0419161990284919;110
100..300;4;23814039;T;C;0.033950600773096;225
100..300;4;24834997;T;C;0.0288462005555629;140
100..300;4;25417661;C;T;0.0398406013846397;160
100..300;4;26489489;G;A;0.0301204994320869;120
100..300;4;26489495;T;A;0.0314465016126632;115
100..300;4;27017771;A;G;0.0247933994978666;245
100..300;4;36150962;T;G;0.0252525005489587;130
100..300;4;36284155;A;G;0.0289855003356933;145
100..300;4;36308443;A;G;0.0643777027726173;160
100..300;4;36316348;C;T;0.0357142984867095;145
100..300;4;37960565;C;G;0.0552325993776321;240
100..300;4;38773268;C;T;0.0336133986711502;155
100..300;4;38773419;G;A;0.0505050010979175;145
100..300;4;38774301;T;G;0.0320856012403965;130
100..300;4;38774486;G;T;0.0534759014844894;130
100..300;4;38774559;A;C;0.0308641996234655;115
100..300;4;38774870;G;T;0.0769231021404266;130
100..300;4;38775552;T;A;0.03125;140
100..300;4;38783012;T;G;0.0280000008642673;160
100..300;4;38798089;C;T;0.0215517003089189;170
100..300;4;38798593;G;C;0.0377358011901378;150
100..300;4;38827542;C;A;0.026315800845623;165
100..300;4;38828211;C;T;0.0259739998728036;155
100..300;4;38828729;G;A;0.0570341981947422;185
100..300;4;38878328;A;G;0.0362694002687931;255
100..300;4;38878425;C;T;0.0487805008888244;135
100..300;4;39115291;C;T;0.0747663974761962;210
100..300;4;39121077;T;C;0.0280374009162187;140
100..300;4;39300409;C;T;0.0590717010200023;155
100..300;4;39605051;G;A;0.0413534007966518;165
100..300;4;41013806;A;G;0.0222772005945444;280
100..300;4;52745501;C;T;0.0410095006227493;220
100..300;4;52745534;C;G;0.0534978993237018;165
100..300;4;53145359;G;A;0.0397727005183696;120
100..300;4;54231424;T;C;0.0478723011910915;140
100..300;4;54240528;C;T;0.0261780004948377;140
100..300;4;54275333;T;C;0.0318471007049083;110
100..300;4;54275365;T;A;0.0405405014753341;105
100..300;4;54277119;A;G;0.0436892993748188;140
100..300;4;54277410;A;G;0.0314465016126632;215
100..300;4;54285873;T;C;0.0285714007914066;160
100..300;4;55609171;A;G;0.0401786006987094;150
100..300;4;56338611;C;A;0.0440252013504505;220
100..300;4;56345186;C;T;0.0234741996973752;145
100..300;4;56356368;A;C;0.0342205017805099;175
100..300;4;56378148;A;C;0.0295566990971565;135
100..300;4;57020984;T;C;0.0420560985803604;140
100..300;4;67914681;G;A;0.0416667014360427;145
100..300;4;67919056;C;T;0.0202428996562957;175
100..300;4;69589530;T;C;0.0308483000844717;240
100..300;4;70249239;T;G;0.0934256017208099;195
100..300;4;70606447;C;T;0.0209790002554655;200
100..300;4;71752617;C;A;0.043010801076889;115
100..300;4;72567405;G;GA;0.0241934992372989;170
100..300;4;73576632;C;G;0.0290697999298572;110
100..300;4;75645445;C;T;0.0216450002044439;160
100..300;4;75936156;T;C;0.0274914000183343;180
100..300;4;75936235;T;C;0.0245098005980253;130
100..300;4;75936242;G;A;0.025510199368;125
100..300;4;76103983;T;C;0.0396040007472038;130
100..300;4;76132681;C;T;0.0321285016834735;155
100..300;4;76271715;A;G;0.0429448001086711;110
100..300;4;76278261;A;C;0.0582524016499519;210
100..300;4;76384193;G;A;0.0224718991667032;180
100..300;4;76739578;G;C;0.0317918993532657;240
100..300;4;76741156;T;C;0.07462690025568;135
100..300;4;78516001;T;C;0.0625;145
100..300;4;78526609;C;T;0.0688259005546569;160
100..300;4;78534560;G;C;0.0418847985565662;115
100..300;4;79984837;T;G;0.020661199465394;160
100..300;4;82129595;A;G;0.0340908989310264;120
100..300;4;82275383;A;G;0.020661199465394;170
100..300;4;82660911;T;G;0.0310078002512455;170
100..300;4;82661058;G;C;0.0921052992343902;150
100..300;4;83309466;C;T;0.0817610025405883;105
100..300;4;85994695;C;T;0.0293160006403923;205
100..300;4;85994770;A;G;0.0390390008687973;220
100..300;4;87662996;T;C;0.0202898997813463;240
100..300;4;87663008;A;G;0.0198299996554851;240
100..300;4;87892723;C;T;0.0355556011199951;165
100..300;4;87981540;C;T;0.0562249012291431;165
100..300;4;89114398;G;A;0.0218068994581699;230
100..300;4;94276369;T;C;0.0335820987820625;170
100..300;4;97972325;T;C;0.0462427996098995;105
100..300;4;99564087;C;G;0.0180179998278617;220
100..300;4;99564098;A;G;0.0194444004446268;235
100..300;4;99582002;A;C;0.0278746001422405;175
100..300;4;101829919;A;G;0.0212766006588935;165
100..300;4;101830119;T;C;0.0553191006183624;150
100..300;4;101918130;A;G;0.0548780001699924;105
100..300;4;102025190;G;A;0.0723683983087539;105
100..300;4;102025235;A;G;0.0536397993564605;180
100..300;4;102307577;T;C;0.0338164009153842;135
100..300;4;103043372;C;A;0.0299145001918077;150
100..300;4;103140836;G;C;0.0516128987073898;110
100..300;4;103161192;T;C;0.0760869979858398;115
100..300;4;105275794;G;A;0.0256409998983144;185
100..300;4;105938392;C;G;0.0421052984893322;120
100..300;4;107654833;A;G;0.0248227007687091;180
100..300;4;108165124;T;C;0.0288462005555629;135
100..300;4;108789485;T;C;0.052631601691246;160
100..300;4;108942214;T;C;0.0257731992751359;120
100..300;4;110400371;A;G;0.0363636016845703;115
100..300;4;110416592;A;T;0.0247524995356798;265
100..300;4;110945181;C;T;0.0280374009162187;140
100..300;4;112356901;T;C;0.0354839004576206;220
100..300;4;112357355;C;T;0.0367347002029418;170
100..300;4;112357450;T;C;0.0413792990148067;195
100..300;4;112456796;G;A;0.0671378001570701;195
100..300;4;116598211;C;T;0.0461537986993789;125
100..300;4;116598343;C;T;0.0384614989161491;195
100..300;4;116598397;T;C;0.0383386984467506;220
100..300;4;116598525;T;C;0.0378788001835346;265
100..300;4;116599152;C;T;0.0543209984898567;285
100..300;4;116599386;G;A;0.0577507987618446;225
100..300;4;116599575;C;T;0.0326086990535259;120
100..300;4;119026830;C;G;0.0426829010248184;230
100..300;4;119338058;G;A;0.0387930981814861;145
100..300;4;121036404;A;G;0.0247349999845027;190
100..300;4;121037536;C;T;0.0296295993030071;190
100..300;4;121879832;C;T;0.0823528990149498;110
100..300;4;122250504;A;T;0.0308641996234655;115
100..300;4;122271085;C;A;0.0331126004457473;105
100..300;4;122743049;A;G;0.0510510988533496;220
100..300;4;122743272;C;G;0.0214067008346319;225
100..300;4;122743302;T;C;0.0182371009141206;235
100..300;4;122743764;G;A;0.0270269997417926;135
100..300;4;125490999;A;G;0.0288808997720479;195
100..300;4;129003822;A;C;0.1158540025353431;100
100..300;4;129102604;T;A;0.0386473014950752;140
100..300;4;129136560;T;C;0.041958000510931;100
100..300;4;137448289;T;A;0.031055899336934;115
100..300;4;139602701;A;G;0.0545454993844032;100
100..300;4;140343717;G;A;0.0260416995733976;125
100..300;4;140461967;T;A;0.0645160973072052;120
100..300;4;142145901;A;G;0.0365297012031078;135
100..300;4;145655266;C;G;0.0401786006987094;150
100..300;4;146217015;G;A;0.0423077009618282;170
100..300;4;146217041;T;C;0.041269801557064;200
100..300;4;146217170;G;A;0.0362902991473674;160
100..300;4;146230442;G;A;0.0358305983245372;195
100..300;4;151014529;A;C;0.0267856996506452;210
100..300;4;151175028;C;T;0.0241691991686821;230
100..300;4;153593813;C;T;0.0483091995120048;130
100..300;4;153598612;G;A;0.0410959012806415;135
100..300;4;153703504;C;T;0.070270299911499;125
100..300;4;153710435;G;C;0.0799999982118606;135
100..300;4;153712582;C;G;0.0572917014360427;115
100..300;4;154567669;T;C;0.0518518984317779;175
100..300;4;154570607;A;G;0.0378151014447212;155
100..300;4;154604818;A;G;0.0568181984126567;125
100..300;4;155214524;T;C;0.0581394992768764;240
100..300;4;155214875;T;C;0.0328947007656097;200
100..300;4;155353225;C;T;0.050000000745058;145
100..300;4;155381191;T;A;0.0595237985253334;105
100..300;4;158277840;T;C;0.051282100379467;180
100..300;4;158278190;C;G;0.0281690005213022;150
100..300;4;159356124;T;C;0.0342466011643409;200
100..300;4;163514113;C;A;0.0370370000600814;115
100..300;4;163545672;T;C;0.030188700184226;165
100..300;4;164775888;T;G;0.0235849004238843;135
100..300;4;168427253;T;C;0.0307691991329193;180
100..300;4;168512182;T;C;0.0183486007153987;230
100..300;4;168512293;T;C;0.0235601998865604;245
100..300;4;176192685;T;C;0.0448979996144771;160
100..300;4;182893016;G;A;0.0363636016845703;145
100..300;4;183315715;A;G;0.043902400881052;130
100..300;4;183483878;C;T;0.0255474001169204;185
100..300;4;183679448;G;A;0.025000000372529;145
100..300;4;183697783;C;G;0.0303029995411634;165
100..300;4;184010665;A;G;0.0266667008399963;205
100..300;4;184694610;A;C;0.0348837003111839;155
100..300;4;184694614;G;T;0.0358566008508205;155
100..300;4;184716545;G;A;0.0192307997494936;210
100..300;4;184729000;A;G;0.0322581008076667;165
100..300;4;184764878;T;C;0.0561223998665809;125
100..300;4;185175891;T;C;0.015625;255
100..300;4;185378106;G;A;0.0394088998436927;130
100..300;4;186201150;T;C;0.0370370000600814;130
100..300;4;186201165;G;T;0.0384614989161491;160
100..300;4;186254568;A;T;0.0413792990148067;100
100..300;4;186596887;C;T;0.0438871011137962;225
100..300;4;186609868;G;A;0.0239234007894992;140
100..300;4;189172080;T;C;0.039301298558712;155
100..300;4;189941000;G;T;0.0250695999711751;235
100..300;4;189941027;T;C;0.0198020003736019;260
100..300;5;432790;A;C;0.0375000014901161;210
100..300;5;434607;C;G;0.0169903002679348;290
100..300;5;476238;T;C;0.0249221008270978;220
100..300;5;483449;G;A;0.03125;155
100..300;5;485144;T;G;0.0234375;165
100..300;5;639116;A;C;0.0257353000342845;185
100..300;5;640590;G;A;0.0413534007966518;180
100..300;5;640613;A;G;0.0269057992845773;150
100..300;5;665165;C;T;0.0497511997818946;260
100..300;5;665180;G;A;0.027522899210453;275
100..300;5;677947;G;A;0.0316026993095874;285
100..300;5;870504;G;A;0.0269057992845773;145
100..300;5;908473;G;A;0.0208333004266023;155
100..300;5;908481;G;A;0.0210970006883144;155
100..300;5;914549;C;T;0.0632911026477813;100
100..300;5;1225573;C;T;0.0245398990809917;210
100..300;5;1320607;T;C;0.0279719997197389;200
100..300;5;5262653;A;G;0.034682098776102;115
100..300;5;6377180;T;C;0.0254236999899148;145
100..300;5;7706909;A;C;0.0294118002057075;105
100..300;5;7835442;G;C;0.0299145001918077;150
100..300;5;10973615;A;G;0.0220385994762182;240
100..300;5;13844936;A;G;0.0377358011901378;210
100..300;5;13844998;G;A;0.0236967001110315;140
100..300;5;14768994;A;G;0.0298012997955083;185
100..300;5;16877592;G;C;0.0298507008701562;135
100..300;5;17353928;G;A;0.0241934992372989;165
100..300;5;17353932;C;T;0.0269230995327234;170
100..300;5;17374789;G;A;0.0382165983319282;100
100..300;5;17635014;A;G;0.0421052984893322;195
100..300;5;33461929;A;G;0.0331492014229297;120
100..300;5;33502927;T;A;0.0431034006178379;155
100..300;5;33502971;G;C;0.0399999991059303;170
100..300;5;33549282;A;G;0.0256409998983144;200
100..300;5;33649702;A;C;0.0375000014901161;105
100..300;5;33998663;A;C;0.0346534997224807;130
100..300;5;34807823;T;C;0.0865385010838508;135
100..300;5;34811032;G;T;0.0416667014360427;110
100..300;5;34998772;A;C;0.0213674996048212;165
100..300;5;35037010;T;C;0.0515463985502719;120
100..300;5;35641480;C;A;0.0666666999459266;110
100..300;5;35654609;T;C;0.0511945001780986;190
100..300;5;36142546;G;A;0.0273224003612995;115
100..300;5;36143290;T;C;0.0413222983479499;145
100..300;5;37153769;T;G;0.0200803000479936;165
100..300;5;37195926;T;C;0.0254776999354362;200
100..300;5;39719344;G;A;0.0335195995867252;125
100..300;5;39719451;C;T;0.0368097983300685;115
100..300;5;39719808;A;G;0.0288066007196903;165
100..300;5;40999798;A;T;0.0555556006729602;110
100..300;5;41008678;G;A;0.0458333007991313;155
100..300;5;41018350;T;A;0.0277778003364801;140
100..300;5;41048431;T;C;0.0388889014720916;120
100..300;5;41061613;T;C;0.0327868983149528;195
100..300;5;41199857;T;G;0.0381355993449687;155
100..300;5;42699942;G;A;0.0618556998670101;125
100..300;5;42719137;C;A;0.0524590015411376;210
100..300;5;42892701;T;C;0.0196077991276979;215
100..300;5;43232535;G;A;0.0355030000209808;115
100..300;5;43232920;A;G;0.02990029938519;205
100..300;5;55124971;C;A;0.0251256003975868;130
100..300;5;55883148;A;G;0.0198413003236055;170
100..300;5;55910616;A;G;0.052631601691246;150
100..300;5;56276075;G;A;0.0278884004801511;170
100..300;5;56276193;T;G;0.0229358002543449;150
100..300;5;56749254;C;T;0.0444444008171558;115
100..300;5;60744809;G;A;0.0267379991710186;125
100..300;5;64695646;C;G;0.0242717992514371;135
100..300;5;64977191;A;G;0.0337838008999824;100
100..300;5;67196584;G;C;0.0259067006409168;115
100..300;5;68227023;C;A;0.0307691991329193;135
100..300;5;69069020;G;C;0.0247677993029356;220
100..300;5;69123227;T;A;0.0285714007914066;145
100..300;5;71635139;G;A;0.0490797981619834;115
100..300;5;72196907;T;C;0.0281690005213022;205
100..300;5;72199079;A;G;0.0443685986101627;205
100..300;5;72725693;A;T;0.0338983014225959;175
100..300;5;72725707;A;C;0.0463320016860961;185
100..300;5;72726113;C;T;0.0348258987069129;140
100..300;5;73052445;G;A;0.0369127988815307;200
100..300;5;73123629;G;C;0.0274999998509883;270
100..300;5;73579082;C;A;0.0238095000386238;130
100..300;5;73776529;C;T;0.0227272994816303;175
100..300;5;73794436;C;T;0.0265152007341384;165
100..300;5;73868006;T;C;0.0267379991710186;135
100..300;5;73868140;A;C;0.0252100992947816;160
100..300;5;74738420;A;G;0.0740740969777107;100
100..300;5;75379425;C;T;0.0280374009162187;145
100..300;5;76377126;A;G;0.0289855003356933;140
100..300;5;76627460;T;C;0.0420168004930019;150
100..300;5;76631363;T;C;0.0545454993844032;100
100..300;5;76637140;C;G;0.0578035004436969;115
100..300;5;76652825;G;A;0.0547263994812965;125
100..300;5;76732299;T;A;0.0463575981557369;105
100..300;5;77291441;A;G;0.0371517017483711;225
100..300;5;77433171;C;T;0.0394088998436927;130
100..300;5;77784936;A;G;0.0447154007852077;175
100..300;5;77784944;G;A;0.046875;175
100..300;5;77784965;A;G;0.0557276010513305;220
100..300;5;78885654;T;C;0.0238908007740974;195
100..300;5;79439026;G;A;0.0382165983319282;105
100..300;5;79732903;G;A;0.1008770018815994;155
100..300;5;79733771;C;T;0.0516432002186775;155
100..300;5;80055912;T;C;0.0325580984354019;140
100..300;5;80079901;C;G;0.0262008998543024;150
100..300;5;80202874;A;G;0.0368097983300685;110
100..300;5;80501414;G;T;0.0658683031797409;115
100..300;5;80519839;C;T;0.0460123009979724;215
100..300;5;81335823;T;C;0.0323740988969802;175
100..300;5;90474182;A;G;0.0187970008701086;175
100..300;5;93268242;G;A;0.0257353000342845;195
100..300;5;94386331;A;G;0.0257731992751359;120
100..300;5;95834979;T;C;0.0332102999091148;185
100..300;5;95835015;T;C;0.0317460000514984;175
100..300;5;96393194;G;C;0.0338542014360427;260
100..300;5;96393270;C;G;0.0204082001000642;260
100..300;5;96783148;C;G;0.0258303005248308;180
100..300;5;96785820;T;C;0.0272726994007825;145
100..300;5;96788627;C;T;0.0213523004204034;190
100..300;5;98213432;A;G;0.0333333015441894;130
100..300;5;98576447;T;C;0.0577616989612579;185
100..300;5;103097705;A;G;0.0398772992193698;215
100..300;5;110948671;C;A;0.0535713993012905;125
100..300;5;111192719;T;A;0.0481927990913391;115
100..300;5;111192740;G;A;0.0294118002057075;120
100..300;5;113071088;GCCTCGCGCTGTCTT;G;0.0634920969605445;125
100..300;5;113071165;A;G;0.0374150015413761;190
100..300;5;113340327;G;C;0.0363636016845703;145
100..300;5;113434330;G;T;0.0314135998487472;255
100..300;5;113515266;A;G;0.0745342001318931;100
100..300;5;116001165;C;T;0.0379309989511966;180
100..300;5;119652611;T;C;0.0561797991394996;115
100..300;5;122077513;T;C;0.0364963002502918;180
100..300;5;122152274;A;G;0.02990029938519;215
100..300;5;126804830;C;T;0.0524590015411376;205
100..300;5;131495672;C;T;0.0466667003929615;100
100..300;5;132340627;T;C;0.0458333007991313;160
100..300;5;132370257;C;T;0.0308219008147716;175
100..300;5;132385482;G;A;0.0254545006901025;180
100..300;5;132589791;C;G;0.0523560009896755;120
100..300;5;132823442;T;C;0.0273037999868392;175
100..300;5;132862408;T;C;0.0320000015199184;165
100..300;5;132896623;A;G;0.0536397993564605;190
100..300;5;134566598;T;C;0.0290697999298572;125
100..300;5;135922416;A;G;0.0534759014844894;115
100..300;5;136429234;C;A;0.0280898995697498;130
100..300;5;138164976;A;G;0.0492753982543945;235
100..300;5;138398202;G;A;0.0352941006422042;170
100..300;5;138424359;A;G;0.0451976992189884;125
100..300;5;138430377;A;G;0.0426229014992713;210
100..300;5;139035427;A;G;0.0221238993108272;145
100..300;5;139121126;C;T;0.0276922993361949;210
100..300;5;140228801;G;C;0.0492423996329307;165
100..300;5;140802149;G;A;0.0420712009072303;215
100..300;5;140802307;C;T;0.0441175997257232;290
100..300;5;140821835;C;T;0.0507041998207569;255
100..300;5;140928161;G;C;0.0370370000600814;220
100..300;5;140967127;C;T;0.0317460000514984;135
100..300;5;140967468;T;C;0.0372671000659465;230
100..300;5;141122595;A;G;0.0458220988512039;260
100..300;5;141150948;A;G;0.0453171990811824;245
100..300;5;141183164;A;G;0.050000000745058;250
100..300;5;141187871;G;A;0.0597403012216091;260
100..300;5;141188452;C;T;0.0591900013387203;250
100..300;5;141241224;G;A;0.0517240986227989;280
100..300;5;141341387;C;T;0.0217390991747379;280
100..300;5;141395122;C;T;0.0270269997417926;255
100..300;5;141644569;G;T;0.0423729009926319;165
100..300;5;141655383;T;C;0.0252100992947816;215
100..300;5;141869398;G;T;0.0294118002057075;295
100..300;5;141930259;A;G;0.0329670011997222;120
100..300;5;141955933;T;C;0.0159574002027511;255
100..300;5;142771377;C;T;0.0387097001075744;115
100..300;5;143134121;G;A;0.0256409998983144;160
100..300;5;143281925;G;A;0.039547998458147;105
100..300;5;146013801;T;C;0.0327868983149528;165
100..300;5;146062640;C;G;0.0303029995411634;200
100..300;5;147906491;A;G;0.0603015013039112;125
100..300;5;148101392;G;A;0.0361445993185043;105
100..300;5;148101867;G;A;0.0394088998436927;130
100..300;5;148116744;A;G;0.0397351011633873;100
100..300;5;148120107;T;C;0.0348837003111839;110
100..300;5;148826812;T;C;0.051282100379467;110
100..300;5;148826877;A;G;0.0311526004225015;205
100..300;5;148826910;C;G;0.0280898995697498;235
100..300;5;149230713;A;C;0.0246305000036954;120
100..300;5;149240661;G;T;0.0342857018113136;110
100..300;5;149944343;G;T;0.0284697990864515;190
100..300;5;150127140;A;G;0.0245901998132467;170
100..300;5;150128912;T;C;0.051162801682949;140
100..300;5;150128981;G;C;0.0625;165
100..300;5;150129548;T;C;0.0537189990282058;165
100..300;5;150129707;G;A;0.051094900816679;200
100..300;5;150137672;A;G;0.0224718991667032;200
100..300;5;150142228;G;A;0.0391061007976532;130
100..300;5;150143064;A;T;0.026315800845623;130
100..300;5;150144213;C;T;0.0314135998487472;125
100..300;5;150146169;C;CTAT;0.0227272994816303;190
100..300;5;150153169;G;T;0.0381943993270397;205
100..300;5;150204634;A;G;0.0621762014925479;125
100..300;5;150396669;T;C;0.0363636016845703;260
100..300;5;150405095;G;A;0.0222929995507001;200
100..300;5;150446963;T;C;0.0560748018324375;140
100..300;5;151139427;A;G;0.0359999984502792;160
100..300;5;151296240;T;C;0.0280702002346515;190
100..300;5;151522036;C;G;0.0256409998983144;160
100..300;5;151522069;T;G;0.0392156988382339;135
100..300;5;152376455;T;G;0.0969387963414192;130
100..300;5;152392277;C;T;0.0187970008701086;175
100..300;5;152392291;A;G;0.0183824002742767;180
100..300;5;152395503;G;C;0.0536585003137588;135
100..300;5;152404622;A;G;0.027522899210453;230
100..300;5;154559889;C;A;0.0223047994077205;190
100..300;5;154966699;G;A;0.0257731992751359;135
100..300;5;156344569;C;T;0.0505415014922618;180
100..300;5;157646739;T;G;0.0251799002289772;180
100..300;5;157648838;A;G;0.0181159004569053;180
100..300;5;157675177;G;A;0.0448979996144771;155
100..300;5;157737881;C;T;0.078313298523426;110
100..300;5;157737954;C;T;0.0576132014393806;160
100..300;5;160349630;T;C;0.0357142984867095;275
100..300;5;160687891;T;C;0.0204082001000642;195
100..300;5;161685998;A;G;0.0304569005966186;130
100..300;5;168247467;A;G;0.0193547997623682;210
100..300;5;168516822;A;G;0.0265781003981828;190
100..300;5;168671230;G;A;0.0303029995411634;180
100..300;5;169689340;A;G;0.0235293991863727;160
100..300;5;169695799;A;C;0.0246913991868495;110
100..300;5;169702418;G;A;0.0401606000959873;155
100..300;5;169883209;C;A;0.0323624983429908;205
100..300;5;172096432;A;G;0.0528634004294872;155
100..300;5;172897894;T;A;0.0505050010979175;130
100..300;5;172914914;C;T;0.0297296997159719;265
100..300;5;173146764;C;T;0.0245613995939493;195
100..300;5;175510190;T;C;0.0215827003121376;175
100..300;5;175526740;A;G;0.0375940017402172;175
100..300;5;176384092;A;G;0.0461537986993789;265
100..300;5;176568834;A;G;0.0199999995529651;175
100..300;5;176571207;G;T;0.0262008998543024;140
100..300;5;176571245;C;T;0.0223047994077205;175
100..300;5;176574188;A;G;0.0574163012206554;130
100..300;5;176889454;T;C;0.0523810014128685;280
100..300;5;177089630;A;G;0.0246913991868495;255
100..300;5;177093242;A;G;0.0251397006213665;225
100..300;5;177307647;A;G;0.0277778003364801;255
100..300;5;177403626;A;G;0.0390071012079715;190
100..300;5;177504678;A;G;0.0272109005600214;205
100..300;5;177509645;T;C;0.0278552006930112;245
100..300;5;177971517;C;G;0.0285714007914066;235
100..300;5;177971535;A;G;0.0283285994082689;240
100..300;5;177971816;C;T;0.0157067999243736;270
100..300;5;178186295;T;C;0.0280898995697498;240
100..300;5;178187000;C;T;0.0231362003833055;275
100..300;5;178697572;T;G;0.0226415004581213;180
100..300;5;178883445;T;C;0.0495049990713596;225
100..300;5;178964859;A;G;0.0322581008076667;205
100..300;5;179128044;A;G;0.0348100997507572;205
100..300;5;179135966;A;G;0.0241934992372989;235
100..300;5;179207618;T;C;0.0405405014753341;235
100..300;5;179207671;T;C;0.0282486006617546;235
100..300;5;179263724;A;G;0.0434782989323139;135
100..300;5;179589663;T;A;0.052631601691246;100
100..300;5;179609356;A;G;0.0445545017719268;140
100..300;5;179618141;A;G;0.0393442995846271;200
100..300;5;179644865;G;A;0.0207791998982429;250
100..300;5;179722799;C;T;0.0421686992049217;115
100..300;5;179774463;A;G;0.0267639998346567;280
100..300;5;179774846;A;G;0.0340426005423069;165
100..300;5;179833099;C;G;0.0233918000012636;215
100..300;5;180127602;T;C;0.0493273995816707;145
100..300;5;180128407;C;T;0.0283019002526998;205
100..300;5;180553378;G;A;0.0409091003239154;140
100..300;5;180618911;A;G;0.0456852987408638;135
100..300;5;180791668;G;A;0.0338345989584922;185
100..300;6;2784337;A;G;0.0434782989323139;135
100..300;6;2836032;A;T;0.0343137010931968;160
100..300;6;2836036;T;A;0.0331754013895988;165
100..300;6;3289749;C;T;0.0262008998543024;145
100..300;6;5972531;T;C;0.0384614989161491;100
100..300;6;5972934;A;T;0.0242215003818273;200
100..300;6;6222149;G;T;0.0355030000209808;110
100..300;6;6269065;C;G;0.0352423004806041;150
100..300;6;6318562;A;C;0.0188679005950689;215
100..300;6;7229113;C;T;0.0438871011137962;210
100..300;6;7542020;A;G;0.0276382006704807;260
100..300;6;7584384;T;C;0.0235293991863727;175
100..300;6;7590391;T;C;0.0560000017285347;165
100..300;6;7988088;G;A;0.0404039993882179;140
100..300;6;8435221;C;T;0.0269230995327234;170
100..300;6;10398474;A;G;0.0480000004172325;250
100..300;6;10894148;A;G;0.0279329996556043;120
100..300;6;13591903;T;C;0.031055899336934;115
100..300;6;13599071;T;C;0.0274509992450475;160
100..300;6;15615406;A;G;0.0270269997417926;100
100..300;6;16145094;G;A;0.0220263991504907;165
100..300;6;16326380;A;C;0.0487805008888244;120
100..300;6;17764299;T;C;0.0358209013938903;240
100..300;6;18208184;A;G;0.0258303005248308;175
100..300;6;18364915;G;A;0.0450819991528987;180
100..300;6;22569960;C;T;0.0645160973072052;190
100..300;6;22570016;A;G;0.0666666999459266;175
100..300;6;24415152;A;G;0.041176501661539;110
100..300;6;24532184;A;G;0.0259739998728036;145
100..300;6;24809708;T;A;0.0321100987493991;140
100..300;6;24828262;T;C;0.0296609997749328;160
100..300;6;25726393;T;C;0.035598699003458;215
100..300;6;25914625;A;G;0.0429448001086711;210
100..300;6;25925759;A;G;0.0274914000183343;185
100..300;6;25983549;T;C;0.0261780004948377;265
100..300;6;26017447;G;A;0.0236220005899667;270
100..300;6;26365358;C;T;0.0300428997725248;145
100..300;6;26365367;C;T;0.0412844009697437;140
100..300;6;26370344;T;C;0.0319489017128944;210
100..300;6;26370377;C;T;0.0709045976400375;270
100..300;6;26370520;A;G;0.018691599369049;295
100..300;6;26372922;T;C;0.0192307997494936;210
100..300;6;26392287;C;G;0.0260585993528366;220
100..300;6;26405607;A;G;0.0403226017951965;240
100..300;6;26409662;C;G;0.0194553006440401;180
100..300;6;26423089;A;G;0.0296052992343902;200
100..300;6;26426259;A;G;0.0496894009411335;115
100..300;6;26431112;G;A;0.0508475005626678;125
100..300;6;26445981;T;C;0.0287769995629787;185
100..300;6;26463346;T;G;0.0301623996347188;280
100..300;6;26463347;T;G;0.0298165008425712;280
100..300;6;26463432;A;G;0.0167063996195793;275
100..300;6;26468098;A;G;0.0284237992018461;280
100..300;6;26504907;T;C;0.0714285969734191;100
100..300;6;27452269;C;G;0.0839999988675117;175
100..300;6;27523520;A;G;0.0229007992893457;165
100..300;6;27911422;A;C;0.0277778003364801;245
100..300;6;27912204;G;A;0.0207468997687101;165
100..300;6;28129415;A;G;0.0402010008692741;120
100..300;6;28153120;A;G;0.0248962994664907;165
100..300;6;28251883;A;G;0.0238095000386238;185
100..300;6;28272137;A;G;0.0242717992514371;285
100..300;6;28301047;G;A;0.0240963995456695;185
100..300;6;28329536;A;T;0.027989799156785;260
100..300;6;28398374;G;A;0.0379747003316879;160
100..300;6;28506441;G;C;0.0489129982888698;120
100..300;6;28515705;C;A;0.0210842993110418;215
100..300;6;28732312;C;T;0.0264317002147436;155
100..300;6;28732723;T;C;0.0294118002057075;135
100..300;6;29044290;T;C;0.0602409988641738;165
100..300;6;29044339;A;G;0.0407240018248558;150
100..300;6;29374998;A;G;0.0204082001000642;260
100..300;6;29607226;A;G;0.0185758993029594;215
100..300;6;29608616;G;A;0.0393939018249511;220
100..300;6;29613333;G;A;0.0314684994518756;190
100..300;6;29613336;G;A;0.0273037999868392;195
100..300;6;29726793;G;A;0.0321428999304771;190
100..300;6;29744398;G;C;0.0228137001395225;175
100..300;6;29750767;T;C;0.0306122004985809;130
100..300;6;29750974;CA;C;0.0452674999833107;165
100..300;6;29751013;A;G;0.039301298558712;155
100..300;6;29792219;C;T;0.0202312003821134;235
100..300;6;29792252;C;G;0.0181405991315841;295
100..300;6;29792900;G;A;0.0377358011901378;110
100..300;6;29793042;C;A;0.0217390991747379;230
100..300;6;29801503;T;C;0.0273972991853952;195
100..300;6;29801720;C;A;0.0450000017881393;130
100..300;6;29801730;T;A;0.0465116016566753;120
100..300;6;29803644;A;G;0.0246913991868495;165
100..300;6;29803844;G;C;0.0262008998543024;150
100..300;6;29827991;C;T;0.0289389006793499;215
100..300;6;29828529;A;G;0.0613717995584011;200
100..300;6;29828550;T;C;0.0383481010794639;240
100..300;6;29829862;T;C;0.0239129997789859;295
100..300;6;29829919;G;A;0.0494505986571311;235
100..300;6;29830363;G;A;0.0479452013969421;275
100..300;6;29890476;A;G;0.0493827015161514;130
100..300;6;29907831;C;G;0.0420560985803604;135
100..300;6;29926434;T;C;0.0345745012164115;260
100..300;6;29926826;G;A;0.0301507990807294;270
100..300;6;29928328;A;G;0.0294118002057075;230
100..300;6;29928331;T;A;0.0313589014112949;215
100..300;6;29928335;T;C;0.032727301120758;210
100..300;6;29928480;T;C;0.0220049005001783;275
100..300;6;29928514;C;T;0.0225000008940696;265
100..300;6;29943024;A;C;0.0364582985639572;245
100..300;6;30032743;A;C;0.0463575981557369;115
100..300;6;30032910;C;T;0.0386740006506443;120
100..300;6;30073259;A;G;0.0268657002598047;230
100..300;6;30198489;T;C;0.0283688008785247;270
100..300;6;30199109;T;C;0.0262529999017715;285
100..300;6;30259648;G;C;0.0220587998628616;275
100..300;6;30259750;T;C;0.0240963995456695;290
100..300;6;30547266;C;T;0.026894899085164;290
100..300;6;30643573;A;C;0.0342466011643409;290
100..300;6;30741178;T;C;0.0315788984298706;195
100..300;6;30891080;T;C;0.0313315987586975;250
100..300;6;30897052;C;T;0.0465116016566753;220
100..300;6;30909983;C;A;0.0258216001093387;285
100..300;6;30911142;C;T;0.0340556986629962;215
100..300;6;30920195;T;C;0.0247933994978666;240
100..300;6;30921612;C;T;0.0230947006493806;285
100..300;6;30923211;A;G;0.0204544998705387;295
100..300;6;30925350;A;G;0.0399999991059303;230
100..300;6;30926164;A;G;0.0178571008145809;255
100..300;6;30931747;C;T;0.0204082001000642;260
100..300;6;30931794;T;C;0.0235601998865604;250
100..300;6;31025536;T;C;0.0322581008076667;190
100..300;6;31025663;A;G;0.0274314004927873;280
100..300;6;31056824;A;C;0.02990029938519;215
100..300;6;31059616;C;A;0.0294118002057075;140
100..300;6;31059731;A;G;0.03125;110
100..300;6;31059739;A;G;0.0268456004559993;105
100..300;6;31145306;A;G;0.0353357009589672;215
100..300;6;31276069;T;G;0.0372092984616756;150
100..300;6;31276082;T;C;0.0558140017092227;155
100..300;6;31276085;T;G;0.0316741988062858;160
100..300;6;31276107;A;G;0.057142898440361;155
100..300;6;31276251;A;C;0.0342466011643409;110
100..300;6;31277303;A;G;0.0416667014360427;135
100..300;6;31278019;T;C;0.0671140998601913;115
100..300;6;31278044;G;A;0.0616438016295433;110
100..300;6;31278547;C;A;0.0408162996172905;175
100..300;6;31280485;A;G;0.0398670993745327;205
100..300;6;31281109;T;C;0.0238095000386238;225
100..300;6;31366645;C;T;0.0322581008076667;200
100..300;6;31539285;C;G;0.033670000731945;195
100..300;6;31546470;G;A;0.0279502999037504;210
100..300;6;31635993;G;A;0.0274999998509883;250
100..300;6;31760120;T;C;0.0537312999367713;235
100..300;6;31883457;G;A;0.017340999096632;220
100..300;6;32058086;T;C;0.0379147008061409;295
100..300;6;32157868;T;C;0.0361991003155708;290
100..300;6;32223843;T;C;0.0277778003364801;185
100..300;6;32293730;C;T;0.0605263002216815;270
100..300;6;32325478;C;G;0.0562914013862609;210
100..300;6;32332045;A;G;0.0247524995356798;130
100..300;6;32335915;A;T;0.0225079990923404;205
100..300;6;32394044;T;C;0.0300428997725248;145
100..300;6;32394862;A;G;0.0277778003364801;290
100..300;6;32394892;G;T;0.0194175001233816;280
100..300;6;32442438;C;T;0.0231213998049497;130
100..300;6;32661960;T;C;0.0928571000695228;175
100..300;6;32662091;G;A;0.1400000005960464;190
100..300;6;32814610;A;G;0.0191780999302864;250
100..300;6;32815309;G;A;0.0184048991650342;225
100..300;6;32816843;T;C;0.0474137999117374;155
100..300;6;32830099;G;A;0.0261780004948377;255
100..300;6;32837529;T;C;0.025000000372529;215
100..300;6;32843868;G;A;0.0321100987493991;275
100..300;6;32847125;T;C;0.0497075989842414;210
100..300;6;32847198;C;T;0.0362902991473674;155
100..300;6;32852191;A;G;0.0217918008565902;265
100..300;6;32938939;C;T;0.0253164991736412;275
100..300;6;32969266;A;G;0.0317460000514984;130
100..300;6;32969271;A;C;0.03125;130
100..300;6;32977848;T;C;0.0183824002742767;175
100..300;6;33007604;G;A;0.0469207987189292;240
100..300;6;33068658;G;T;0.0183246005326509;245
100..300;6;33069303;A;G;0.0181818008422851;240
100..300;6;33079655;C;A;0.0344827994704246;140
100..300;6;33079689;C;T;0.0341463014483451;135
100..300;6;33085249;G;C;0.0306122004985809;210
100..300;6;33085905;A;G;0.0367893017828464;200
100..300;6;33086205;C;G;0.0260869991034269;225
100..300;6;33103823;A;C;0.0270269997417926;195
100..300;6;33103931;A;G;0.0223047994077205;175
100..300;6;33103977;A;C;0.0199999995529651;170
100..300;6;33128113;T;A;0.0364371985197067;175
100..300;6;33170900;A;G;0.0325203016400337;240
100..300;6;33171551;T;C;0.0319149009883403;295
100..300;6;33185058;T;A;0.0421052984893322;190
100..300;6;33669130;T;C;0.0337079018354415;115
100..300;6;33670403;T;C;0.043257001787424;250
100..300;6;33673602;C;T;0.0378151014447212;150
100..300;6;35078666;C;G;0.0386473014950752;140
100..300;6;35120604;G;C;0.0418410003185272;160
100..300;6;35122320;C;T;0.0272726994007825;145
100..300;6;35140776;G;T;0.0368097983300685;100
100..300;6;35835415;A;C;0.0232558008283376;185
100..300;6;36217904;C;G;0.0458015017211437;160
100..300;6;36327087;G;A;0.0380434989929199;120
100..300;6;36373517;T;C;0.0310344994068145;185
100..300;6;36677919;G;A;0.0609756000339984;155
100..300;6;36684562;G;C;0.0375000014901161;115
100..300;6;36715518;A;G;0.0179210994392633;190
100..300;6;36856623;T;C;0.0276817008852958;185
100..300;6;36954908;C;A;0.0241691991686821;210
100..300;6;36963386;G;A;0.0368851982057094;175
100..300;6;37381257;A;G;0.0379747003316879;205
100..300;6;39311018;C;G;0.0320856012403965;130
100..300;6;39861039;A;G;0.0187353994697332;275
100..300;6;41786805;T;G;0.0223463997244834;240
100..300;6;42857169;A;G;0.0243161004036664;210
100..300;6;43305866;G;A;0.0679612010717392;135
100..300;6;43450953;A;G;0.0326633006334304;270
100..300;6;43450995;A;G;0.0313901007175445;290
100..300;6;44113834;A;G;0.0264550000429153;135
100..300;6;44180084;G;A;0.05726870149374;150
100..300;6;44250173;G;A;0.0607477016746997;150
100..300;6;44343117;A;G;0.0204082001000642;190
100..300;6;46161608;A;G;0.0355730988085269;175
100..300;6;46167752;C;T;0.0283285994082689;240
100..300;6;46168247;T;G;0.049549501389265;140
100..300;6;46652503;T;C;0.0231787990778684;205
100..300;6;46711566;G;A;0.0458716005086898;140
100..300;6;49728760;T;G;0.0348837003111839;105
100..300;6;49737466;T;TG;0.057142898440361;115
100..300;6;51721973;A;G;0.052631601691246;115
100..300;6;51748379;T;C;0.0439560003578662;200
100..300;6;51856040;C;T;0.0265957005321979;120
100..300;6;52984544;G;A;0.0215054005384445;175
100..300;6;53652237;A;G;0.0274509992450475;170
100..300;6;54321349;C;T;0.0324323996901512;115
100..300;6;54485378;A;G;0.0327102988958358;150
100..300;6;56432770;A;G;0.0208333004266023;235
100..300;6;56508738;T;C;0.0351759009063243;135
100..300;6;56598612;C;T;0.047393400222063;135
100..300;6;56605753;A;T;0.0592105016112327;105
100..300;6;56605892;A;G;0.0641025975346565;105
100..300;6;56606604;A;G;0.0406977012753486;120
100..300;6;56619960;T;C;0.0459363982081413;195
100..300;6;63984461;T;C;0.0363636016845703;100
100..300;6;64912570;G;A;0.058823499828577;125
100..300;6;65295995;T;C;0.094674602150917;110
100..300;6;65495052;A;G;0.0384614989161491;190
100..300;6;70180332;A;G;0.0261438004672527;210
100..300;6;70234554;C;T;0.0604838989675045;155
100..300;6;70859387;C;T;0.0836652964353561;165
100..300;6;71301876;G;GAGA;0.0444444008171558;180
100..300;6;72987585;A;G;0.0292683001607656;145
100..300;6;73292207;G;A;0.0460705012083053;245
100..300;6;73638419;C;T;0.0190114006400108;175
100..300;6;73787286;G;A;0.0192307997494936;180
100..300;6;73787429;A;G;0.0196850001811981;180
100..300;6;75314644;T;C;0.0383142009377479;195
100..300;6;75666836;A;G;0.054298598319292;135
100..300;6;78947674;A;G;0.0459770001471042;115
100..300;6;81751803;G;A;0.0233332999050617;215
100..300;6;81757390;C;T;0.0338164009153842;125
100..300;6;82223592;T;C;0.0252100992947816;150
100..300;6;84430595;A;C;0.0220587998628616;175
100..300;6;85288182;A;G;0.0601092986762523;125
100..300;6;85735754;C;T;0.0272726994007825;150
100..300;6;88143916;T;C;0.0183486007153987;225
100..300;6;89329951;C;G;0.0666666999459266;180
100..300;6;89630557;A;G;0.0267062000930309;215
100..300;6;89630727;T;C;0.0169013999402523;240
100..300;6;89662855;C;A;0.0241934992372989;230
100..300;6;89680724;A;C;0.0260223001241683;170
100..300;6;89692763;A;G;0.0352564007043838;205
100..300;6;89698870;G;A;0.0489129982888698;115
100..300;6;89932774;A;G;0.0198676008731126;210
100..300;6;89950600;C;T;0.0284090992063283;250
100..300;6;98179534;A;C;0.0355329997837543;130
100..300;6;98926524;A;G;0.0247524995356798;140
100..300;6;99371503;C;T;0.0682926997542381;125
100..300;6;99446210;G;C;0.027607399970293;230
100..300;6;99867151;G;A;0.0595237985253334;110
100..300;6;100718219;A;G;0.0290697999298572;110
100..300;6;106519310;C;A;0.0190475992858409;220
100..300;6;107070009;T;C;0.019718300551176;240
100..300;6;108785847;G;A;0.0332102999091148;190
100..300;6;108785883;T;C;0.0309597998857498;215
100..300;6;109196503;A;G;0.049261100590229;135
100..300;6;109198408;A;G;0.0421686992049217;110
100..300;6;109198420;T;C;0.0465116016566753;110
100..300;6;109199592;G;C;0.0196077991276979;170
100..300;6;109227101;T;C;0.0244897995144128;170
100..300;6;109227510;T;C;0.0410959012806415;140
100..300;6;109264859;T;C;0.0443548001348972;160
100..300;6;109286353;A;G;0.0432098992168903;110
100..300;6;110425059;T;C;0.0319149009883403;130
100..300;6;110438805;G;A;0.0254545006901025;170
100..300;6;112087407;C;T;0.0418251007795333;175
100..300;6;112356173;A;C;0.0301724001765251;170
100..300;6;116399324;T;C;0.0416667014360427;210
100..300;6;116765215;A;C;0.0210526008158922;195
100..300;6;116792862;A;G;0.0296609997749328;165
100..300;6;116793060;A;T;0.0533333010971546;155
100..300;6;117387808;T;C;0.0322581008076667;105
100..300;6;117404285;G;T;0.0824742019176483;130
100..300;6;117548123;T;G;0.0272726994007825;150
100..300;6;117548261;A;G;0.01609200052917;290
100..300;6;118566140;C;T;0.0280374009162187;215
100..300;6;118923859;T;C;0.0307691991329193;140
100..300;6;119348712;T;C;0.035087700933218;120
100..300;6;125252048;G;A;0.02990029938519;190
100..300;6;125957084;C;G;0.0482573993504047;230
100..300;6;128067654;T;G;0.0370370000600814;290
100..300;6;129486569;A;G;0.0705393999814987;155
100..300;6;129831375;C;A;0.0691824033856391;100
100..300;6;130440659;T;C;0.0251799002289772;200
100..300;6;130956280;C;G;0.0174129009246826;270
100..300;6;131674173;G;A;0.0337838008999824;100
100..300;6;132315681;G;C;0.0606060996651649;110
100..300;6;132570617;G;A;0.0279188007116317;275
100..300;6;132997785;A;G;0.0393257997930049;125
100..300;6;138908735;T;C;0.027343800291419;155
100..300;6;139247906;C;T;0.0252100992947816;160
100..300;6;143501975;A;G;0.0314135998487472;125
100..300;6;143502020;C;T;0.0409091003239154;135
100..300;6;143760472;T;C;0.0217390991747379;180
100..300;6;147314249;G;C;0.055214699357748;105
100..300;6;147314277;G;A;0.0677082985639572;125
100..300;6;147359223;G;A;0.1061450019478797;120
100..300;6;148544121;G;A;0.0634920969605445;275
100..300;6;149836209;A;G;0.0303950998932123;215
100..300;6;150043291;C;G;0.0362694002687931;140
100..300;6;150831121;G;A;0.0287769995629787;200
100..300;6;151573432;A;G;0.0456431992352008;175
100..300;6;152098960;A;G;0.0282486006617546;115
100..300;6;152132156;A;G;0.047393400222063;130
100..300;6;152143704;G;A;0.0446096993982791;180
100..300;6;152208125;A;G;0.0228013005107641;205
100..300;6;152451129;G;A;0.0202428996562957;160
100..300;6;152463486;C;T;0.0359281003475189;110
100..300;6;154039373;T;G;0.0248962994664907;180
100..300;6;154442267;A;G;0.0377358011901378;185
100..300;6;158237830;G;T;0.052631601691246;175
100..300;6;158763430;G;A;0.0480769015848636;200
100..300;6;158764531;A;T;0.0546074993908405;195
100..300;6;158767096;G;A;0.0270269997417926;130
100..300;6;158769768;G;C;0.0270269997417926;145
100..300;6;158770756;T;C;0.0301507990807294;135
100..300;6;158784636;A;G;0.0482315011322498;205
100..300;6;158841921;C;T;0.0552994981408119;155
100..300;6;159777363;A;G;0.0304054003208875;185
100..300;6;159778655;C;T;0.0298507008701562;130
100..300;6;159790604;A;G;0.0254452992230653;260
100..300;6;159907588;T;C;0.0373831987380981;145
100..300;6;160043257;A;G;0.0223213993012905;150
100..300;6;160155979;A;G;0.032863799482584;140
100..300;6;160585045;T;C;0.0506329014897346;100
100..300;6;160706469;G;A;0.0255590993911027;210
100..300;6;160718825;G;A;0.0666666999459266;130
100..300;6;160722576;C;T;0.0614525005221366;115
100..300;6;160731208;A;G;0.0363636016845703;145
100..300;6;160739051;A;G;0.0304569005966186;130
100..300;6;161136630;A;G;0.05857739970088;155
100..300;6;162568468;A;G;0.0364371985197067;155
100..300;6;163096003;A;T;0.0344827994704246;130
100..300;6;165300472;C;A;0.052419401705265;155
100..300;6;165301971;C;G;0.0213415008038282;235
100..300;6;165302184;G;A;0.0212766006588935;240
100..300;6;166326158;C;T;0.0359999984502792;160
100..300;6;166459522;T;C;0.0257353000342845;180
100..300;6;167297930;G;A;0.0292397998273372;110
100..300;6;167305948;A;G;0.0385964997112751;175
100..300;6;168063722;T;C;0.0228137001395225;170
100..300;6;168288977;A;G;0.0257069002836942;270
100..300;6;168667230;T;G;0.0445859991014003;110
100..300;6;169762419;C;A;0.0643275007605552;110
100..300;6;170017397;C;T;0.0216450002044439;155
100..300;6;170553212;C;G;0.0181159004569053;175
100..300;6;170569705;C;T;0.0676691979169845;170
100..300;6;170583012;C;T;0.0389610007405281;105
100..300;7;256773;A;G;0.0621117986738681;105
100..300;7;860398;A;G;0.0539215989410877;135
100..300;7;886080;A;G;0.0422535017132759;220
100..300;7;892323;A;G;0.0275590997189283;160
100..300;7;988812;T;C;0.0204677991569042;220
100..300;7;1057638;T;C;0.0319766998291015;240
100..300;7;1898365;A;G;0.0208333004266023;190
100..300;7;2712425;T;C;0.0258900001645088;215
100..300;7;2937133;A;G;0.0405062995851039;260
100..300;7;4077033;A;G;0.0325203016400337;160
100..300;7;4270733;T;C;0.0262295007705688;195
100..300;7;4762404;G;A;0.0321542993187904;210
100..300;7;4860710;A;G;0.0228570997714996;250
100..300;7;4996797;A;C;0.0293160006403923;195
100..300;7;5064644;A;G;0.0450000017881393;140
100..300;7;5064728;A;G;0.0714285969734191;145
100..300;7;5228093;G;A;0.0223213993012905;135
100..300;7;5228218;G;C;0.0539215989410877;130
100..300;7;5302782;C;T;0.082524299621582;140
100..300;7;5352071;G;C;0.0380951985716819;130
100..300;7;5357084;C;T;0.0343840010464191;240
100..300;7;5527965;T;C;0.023972600698471;220
100..300;7;6031484;G;A;0.0204082001000642;225
100..300;7;6153890;C;G;0.0234114006161689;195
100..300;7;6154121;A;G;0.0326796993613243;205
100..300;7;6154752;T;C;0.0183486007153987;200
100..300;7;6402039;C;T;0.0294118002057075;115
100..300;7;7373518;C;T;0.0231787990778684;210
100..300;7;12389115;A;G;0.0492958016693592;100
100..300;7;12423483;T;C;0.0324674993753433;100
100..300;7;12471686;A;G;0.0423280000686645;135
100..300;7;16464307;G;C;0.0368097983300685;100
100..300;7;16544845;G;A;0.0867346972227096;120
100..300;7;16783492;G;T;0.031055899336934;110
100..300;7;16864444;C;T;0.0284809991717338;215
100..300;7;16864813;C;T;0.0528302006423473;190
100..300;7;16865874;A;G;0.0265957005321979;130
100..300;7;21892426;T;C;0.055214699357748;120
100..300;7;22438588;T;G;0.0653060972690582;155
100..300;7;23273552;C;T;0.0511945001780986;185
100..300;7;23689297;A;G;0.0282258000224828;160
100..300;7;23689312;C;T;0.0265152007341384;165
100..300;7;23698272;G;A;0.052419401705265;155
100..300;7;24717332;T;C;0.0334347002208232;210
100..300;7;24871738;G;T;0.0566801987588405;165
100..300;7;25168355;C;T;0.0369127988815307;185
100..300;7;25168375;A;G;0.0316455997526645;200
100..300;7;25226781;A;G;0.0386100001633167;180
100..300;7;28279388;A;T;0.040345799177885;245
100..300;7;28279615;C;A;0.0375587008893489;150
100..300;7;29883956;C;T;0.0470587983727455;160
100..300;7;29884605;C;T;0.039801001548767;135
100..300;7;30755715;G;A;0.0369458012282848;270
100..300;7;31642839;T;C;0.0386904999613761;230
100..300;7;31643796;A;G;0.0285714007914066;200
100..300;7;31692475;G;C;0.0179210994392633;175
100..300;7;32559018;A;T;0.020661199465394;160
100..300;7;32869570;A;G;0.0289855003356933;145
100..300;7;34750392;T;C;0.025925900787115;185
100..300;7;34750737;A;G;0.0292397998273372;110
100..300;7;34751340;C;T;0.0295202992856502;195
100..300;7;34751589;A;G;0.0296052992343902;210
100..300;7;34751723;A;G;0.0322581008076667;205
100..300;7;34811781;G;C;0.0409356988966465;110
100..300;7;36399100;G;C;0.0342857018113136;120
100..300;7;37741197;A;C;0.0220587998628616;195
100..300;7;38317248;T;C;0.0238908007740974;195
100..300;7;38391829;G;A;0.0387323983013629;195
100..300;7;38391835;T;C;0.0272109005600214;200
100..300;7;38391880;A;C;0.0363035984337329;205
100..300;7;40274566;A;G;0.0240963995456695;165
100..300;7;41965989;A;G;0.0241934992372989;155
100..300;7;41965990;A;C;0.0243902001529932;155
100..300;7;42172590;C;T;0.0596025995910167;290
100..300;7;43248885;G;A;0.0373443998396396;155
100..300;7;43479738;C;T;0.0402299016714096;115
100..300;7;43866914;G;A;0.0218749996274709;215
100..300;7;44060774;T;C;0.0625;155
100..300;7;44108954;G;A;0.0326086990535259;120
100..300;7;44112925;AG;A;0.0722891986370086;175
100..300;7;44139027;G;A;0.0491071008145809;140
100..300;7;44220272;T;C;0.0191571004688739;175
100..300;7;44969726;A;G;0.0514018982648849;150
100..300;7;45086066;A;G;0.0289389006793499;200
100..300;7;45101315;T;C;0.0483091995120048;130
100..300;7;45186189;A;C;0.0272480007261037;235
100..300;7;45186223;A;G;0.0240000002086162;235
100..300;7;45872996;T;C;0.0687830969691276;120
100..300;7;47873982;A;G;0.0397351011633873;185
100..300;7;47874017;A;G;0.0450819991528987;155
100..300;7;47876079;G;A;0.0628931000828743;105
100..300;7;47994330;T;C;0.022580599412322;205
100..300;7;48389118;T;A;0.027149299159646;150
100..300;7;48466969;G;A;0.0250783991068601;210
100..300;7;48467045;G;A;0.0379147008061409;140
100..300;7;50134181;G;A;0.0380951985716819;135
100..300;7;50136085;T;C;0.0355030000209808;110
100..300;7;50528202;C;T;0.0232558008283376;140
100..300;7;51600444;A;G;0.0384614989161491;200
100..300;7;51600494;A;G;0.0351906009018421;225
100..300;7;51600578;T;C;0.0408162996172905;125
100..300;7;53035861;G;C;0.049738198518753;265
100..300;7;53035878;A;G;0.0610079988837242;265
100..300;7;54553999;A;G;0.0337552987039089;155
100..300;7;55201256;G;A;0.0244754999876022;185
100..300;7;55259906;G;A;0.0306122004985809;120
100..300;7;55645624;C;A;0.0327102988958358;155
100..300;7;55732178;G;C;0.0277778003364801;290
100..300;7;55939883;T;C;0.0409835986793041;245
100..300;7;56068501;T;C;0.0381355993449687;150
100..300;7;56081717;A;G;0.0184502005577087;180
100..300;7;56228860;T;G;0.0219298005104064;155
100..300;7;56228905;G;A;0.0216450002044439;155
100..300;7;56229035;G;A;0.0262008998543024;160
100..300;7;56229053;C;T;0.0294118002057075;160
100..300;7;56229231;T;C;0.0399999991059303;165
100..300;7;56229291;T;C;0.0362902991473674;165
100..300;7;57425167;A;G;0.0315788984298706;180
100..300;7;63113858;G;T;0.052631601691246;175
100..300;7;63893284;T;C;0.0353357009589672;190
100..300;7;63910319;C;T;0.0590717010200023;160
100..300;7;63938080;C;A;0.0519481003284454;100
100..300;7;64220023;T;C;0.0360576994717121;285
100..300;7;64266267;C;T;0.08695650100708;180
100..300;7;64266300;A;T;0.0735293999314308;190
100..300;7;64706424;T;G;0.0454544983804225;140
100..300;7;64864229;T;C;0.0280702002346515;190
100..300;7;64992360;A;G;0.0420712009072303;225
100..300;7;65964372;A;G;0.0419354997575283;205
100..300;7;66423583;A;C;0.0391566008329391;220
100..300;7;66824053;T;C;0.0501791983842849;180
100..300;7;73865031;T;C;0.0404039993882179;145
100..300;7;75985969;A;G;0.0243161004036664;225
100..300;7;76000956;C;T;0.0383142009377479;170
100..300;7;76030497;C;T;0.0317460000514984;175
100..300;7;77256452;G;A;0.0450449995696544;135
100..300;7;77571075;T;A;0.0555556006729602;100
100..300;7;77794257;A;G;0.0797341987490654;210
100..300;7;80096835;T;G;0.0288066007196903;160
100..300;7;80798179;A;C;0.0220587998628616;165
100..300;7;82038152;T;C;0.0486485995352268;110
100..300;7;82915671;G;A;0.0484581999480724;165
100..300;7;87182209;G;T;0.0476190000772476;180
100..300;7;87462869;A;G;0.0278884004801511;165
100..300;7;87509329;G;A;0.0326409004628658;215
100..300;7;87521774;C;T;0.0925109982490539;155
100..300;7;87522208;G;C;0.0359476990997791;210
100..300;7;87522342;T;C;0.0384614989161491;110
100..300;7;87550285;G;A;0.1070109978318214;175
100..300;7;87935182;G;C;0.0301724001765251;155
100..300;7;88282672;A;C;0.0562499985098838;115
100..300;7;89335845;G;T;0.04060909897089;135
100..300;7;90227330;T;C;0.0342466011643409;100
100..300;7;90385094;A;G;0.0243902001529932;135
100..300;7;93341535;T;C;0.0196077991276979;190
100..300;7;94413962;G;A;0.0270269997417926;145
100..300;7;94427037;T;C;0.0497238002717494;120
100..300;7;94665370;A;C;0.0394366011023521;250
100..300;7;95316772;T;A;0.0563380010426044;135
100..300;7;95372243;T;C;0.0689655020833015;125
100..300;7;98244682;A;G;0.0255318991839885;155
100..300;7;98304289;T;C;0.0290322992950677;195
100..300;7;99876804;G;A;0.0185758993029594;230
100..300;7;99903276;C;T;0.0353535003960132;130
100..300;7;99916794;C;A;0.0377358011901378;100
100..300;7;100097308;T;C;0.0241378992795944;180
100..300;7;100600019;A;G;0.0370370000600814;125
100..300;7;100822533;G;A;0.040345799177885;250
100..300;7;101089040;T;C;0.0412371009588241;215
100..300;7;101128436;A;G;0.0282051004469394;255
100..300;7;101163167;G;C;0.0467836000025272;105
100..300;7;101204117;A;G;0.0382978990674018;160
100..300;7;102111780;G;A;0.0217390991747379;150
100..300;7;102822189;C;T;0.0380710996687412;250
100..300;7;102841395;C;T;0.0388889014720916;115
100..300;7;104668963;G;A;0.0448178984224796;250
100..300;7;105551610;C;T;0.0314135998487472;125
100..300;7;105582834;G;C;0.0361445993185043;175
100..300;7;105974960;A;G;0.0243902001529932;215
100..300;7;105974980;C;G;0.0285714007914066;205
100..300;7;106018005;A;G;0.0408921986818313;175
100..300;7;106018014;G;C;0.0402930006384849;180
100..300;7;106022244;C;T;0.0518518984317779;180
100..300;7;107045003;T;G;0.0247349999845027;165
100..300;7;108994352;C;G;0.0346534997224807;140
100..300;7;112784595;A;G;0.0365297012031078;150
100..300;7;116506020;G;C;0.0277778003364801;160
100..300;7;116776273;T;C;0.031055899336934;105
100..300;7;122393325;G;A;0.0355030000209808;115
100..300;7;123169180;C;T;0.0318181999027729;145
100..300;7;123511965;T;C;0.0700637027621269;115
100..300;7;123511981;C;T;0.071823202073574;130
100..300;7;123616373;T;C;0.0389610007405281;105
100..300;7;123953710;C;T;0.0329670011997222;125
100..300;7;127582103;A;G;0.0392156988382339;210
100..300;7;127582467;A;G;0.041542999446392;235
100..300;7;127584139;G;A;0.0487805008888244;110
100..300;7;127584232;G;A;0.0214724000543355;220
100..300;7;128313185;A;G;0.0318471007049083;195
100..300;7;128675737;G;C;0.0507936999201774;205
100..300;7;128675828;A;C;0.0820896029472351;180
100..300;7;128677604;T;C;0.0457746013998985;205
100..300;7;128677828;C;T;0.0322581008076667;115
100..300;7;128682980;G;A;0.0304182991385459;170
100..300;7;128775760;A;G;0.0260223001241683;185
100..300;7;129001172;C;G;0.0221401993185281;180
100..300;7;129774728;A;G;0.0253807008266448;130
100..300;7;130185375;C;T;0.0281690005213022;145
100..300;7;130215997;T;C;0.0209790002554655;200
100..300;7;130381647;C;G;0.0503596998751163;180
100..300;7;132179832;C;T;0.0283019002526998;220
100..300;7;134296475;A;G;0.0404624007642269;105
100..300;7;134304791;G;A;0.0481927990913391;105
100..300;7;134993502;A;T;0.0252525005489587;135
100..300;7;135594567;C;A;0.0711110979318618;150
100..300;7;135643362;T;C;0.0328947007656097;105
100..300;7;135708128;C;T;0.0472102984786033;150
100..300;7;135721428;G;A;0.0245901998132467;160
100..300;7;138441295;T;A;0.0190114006400108;185
100..300;7;138580565;G;A;0.0382513999938964;120
100..300;7;138621037;C;T;0.0364582985639572;125
100..300;7;141664912;A;G;0.0392749011516571;220
100..300;7;141665328;C;T;0.0698689967393875;150
100..300;7;141778774;C;G;0.0188679005950689;190
100..300;7;141779000;A;G;0.0446096993982791;190
100..300;7;141837935;G;T;0.027624299749732;240
100..300;7;142052413;A;C;0.034843198955059;185
100..300;7;142255308;T;C;0.0246913991868495;160
100..300;7;142384603;T;G;0.0709220021963119;195
100..300;7;142384737;C;A;0.0798897966742515;245
100..300;7;142384825;T;C;0.0428134985268116;215
100..300;7;142400325;T;G;0.0285714007914066;145
100..300;7;142434344;G;A;0.061728399246931;105
100..300;7;142544396;G;A;0.0297030005604028;130
100..300;7;142544533;A;G;0.0207468997687101;155
100..300;7;142563803;A;G;0.0272726994007825;140
100..300;7;142563940;T;C;0.0833332985639572;135
100..300;7;142564042;T;C;0.0338983014225959;160
100..300;7;142581165;G;C;0.0322581008076667;145
100..300;7;142615809;G;C;0.0557769015431404;160
100..300;7;142619093;T;C;0.0601852014660835;145
100..300;7;142627134;T;A;0.0503875985741615;165
100..300;7;142863715;G;T;0.0509804002940654;170
100..300;7;143388917;T;C;0.0282685998827219;185
100..300;7;144667736;T;C;0.0244897995144128;155
100..300;7;144667825;T;G;0.0289389006793499;200
100..300;7;148229642;G;A;0.0299401003867387;105
100..300;7;148783898;T;C;0.0185185000300407;210
100..300;7;148790303;C;T;0.0234741996973752;135
100..300;7;149282232;T;C;0.018750000745058;215
100..300;7;149455966;C;G;0.0314961001276969;250
100..300;7;149814814;T;C;0.0219780001789331;190
100..300;7;149819701;A;G;0.0452488996088504;150
100..300;7;149821680;G;T;0.0216607004404068;190
100..300;7;149827824;A;G;0.0294118002057075;140
100..300;7;150692505;C;T;0.0347825996577739;230
100..300;7;150692768;G;A;0.0185758993029594;215
100..300;7;150742955;T;C;0.0446926988661289;240
100..300;7;151055521;G;T;0.0425532013177871;155
100..300;7;151066568;A;T;0.0262391008436679;230
100..300;7;151215664;T;G;0.0334727987647056;155
100..300;7;151215700;C;T;0.0372092984616756;135
100..300;7;151223805;A;G;0.0313480012118816;210
100..300;7;151235481;T;C;0.0165484994649887;280
100..300;7;151238344;C;G;0.0219436008483171;225
100..300;7;151987171;G;A;0.0454544983804225;110
100..300;7;152113391;G;A;0.0234375;170
100..300;7;152176768;T;C;0.0172911006957292;240
100..300;7;152445959;A;G;0.0262391008436679;230
100..300;7;155070881;C;G;0.0440252013504505;115
100..300;7;155737669;G;A;0.0292683001607656;130
100..300;7;155738260;C;T;0.0177215002477169;270
100..300;7;156676439;G;C;0.0369515009224414;280
100..300;7;156676485;T;C;0.0324999988079071;270
100..300;7;156676496;G;A;0.0393120013177394;270
100..300;7;156762136;C;T;0.0476190000772476;115
100..300;7;157181660;A;G;0.0308641996234655;110
100..300;7;158133657;G;T;0.0273224003612995;130
100..300;8;492389;A;G;0.0233644992113113;140
100..300;8;1548622;G;A;0.0539567992091178;180
100..300;8;2106405;C;G;0.0398551002144813;200
100..300;8;3214526;A;G;0.0253164991736412;170
100..300;8;3219437;C;T;0.0636942982673645;110
100..300;8;3632234;C;G;0.0358566008508205;155
100..300;8;6521263;A;C;0.0506329014897346;155
100..300;8;6823734;C;A;0.0322581008076667;130
100..300;8;8378000;C;G;0.0288462005555629;220
100..300;8;10532942;T;C;0.0687678977847099;220
100..300;8;11549084;C;T;0.052631601691246;200
100..300;8;11757066;G;A;0.0237389001995325;230
100..300;8;12728755;C;A;0.0705882012844085;115
100..300;8;13021334;A;C;0.0282685998827219;190
100..300;8;13031234;G;A;0.0177664998918771;265
100..300;8;13092806;T;G;0.0272726994007825;145
100..300;8;17538871;A;G;0.0552994981408119;140
100..300;8;17538906;C;G;0.060869600623846;140
100..300;8;17562030;A;G;0.0191571004688739;165
100..300;8;17642610;T;C;0.0358974002301692;130
100..300;8;17642714;C;T;0.0193370003253221;235
100..300;8;17645922;C;G;0.0361991003155708;155
100..300;8;17684490;C;T;0.0456140004098415;190
100..300;8;18400344;C;T;0.0381679013371467;185
100..300;8;18400484;T;C;0.0252525005489587;140
100..300;8;18871818;A;C;0.0327868983149528;210
100..300;8;19059480;C;A;0.0333333015441894;110
100..300;8;19319592;G;A;0.0208333004266023;155
100..300;8;20179316;G;C;0.0439560003578662;180
100..300;8;21990344;C;G;0.0194553006440401;160
100..300;8;22287558;T;C;0.025000000372529;130
100..300;8;22571195;G;A;0.0195439998060464;205
100..300;8;22669046;A;G;0.0381943993270397;180
100..300;8;22713394;G;GT;0.0386904999613761;230
100..300;8;22713422;C;T;0.0364077985286712;260
100..300;8;22713505;G;A;0.0383481010794639;235
100..300;8;22727205;C;T;0.0308641996234655;215
100..300;8;23103360;C;G;0.0253807008266448;135
100..300;8;23144577;T;C;0.0207100994884967;215
100..300;8;23202743;C;T;0.0370370000600814;185
100..300;8;23291465;T;G;0.0202312003821134;225
100..300;8;23341219;A;C;0.0368097983300685;120
100..300;8;23368046;A;G;0.0295202992856502;195
100..300;8;23434322;C;T;0.0485830008983612;165
100..300;8;24956691;T;G;0.0530303008854389;195
100..300;8;24956889;C;T;0.0597014985978603;150
100..300;8;25302369;A;G;0.0221519004553556;210
100..300;8;25372652;T;C;0.0604838989675045;145
100..300;8;25400926;T;C;0.0368421003222465;125
100..300;8;25423284;G;C;0.03125;165
100..300;8;25460308;T;A;0.0297766998410224;265
100..300;8;26508200;T;C;0.0284899994730949;245
100..300;8;26859125;C;T;0.0634920969605445;120
100..300;8;27236882;T;C;0.0307017993181943;150
100..300;8;27397611;C;T;0.0465116016566753;140
100..300;8;27397629;A;G;0.0393701009452343;165
100..300;8;27451068;C;A;0.023166000843048;175
100..300;8;27467305;C;T;0.0201613008975982;165
100..300;8;27500988;G;A;0.0296609997749328;150
100..300;8;27516406;C;T;0.0295359008014202;150
100..300;8;27536849;T;C;0.0384614989161491;135
100..300;8;27904718;C;T;0.0313480012118816;220
100..300;8;27909654;A;G;0.02928869985044;155
100..300;8;30237431;G;A;0.0246305000036954;135
100..300;8;30237736;C;G;0.0360824987292289;140
100..300;8;30843082;C;T;0.1500000059604644;105
100..300;8;31064419;A;G;0.0581394992768764;115
100..300;8;31220751;T;G;0.0225224997848272;160
100..300;8;33499309;A;T;0.0265487004071474;155
100..300;8;33499311;A;T;0.026315800845623;150
100..300;8;37095400;G;A;0.0476190000772476;175
100..300;8;38415024;G;C;0.0243056006729602;200
100..300;8;38415064;A;C;0.0342205017805099;180
100..300;8;38424140;A;G;0.0222222004085779;150
100..300;8;38429293;G;C;0.0214591994881629;160
100..300;8;38434629;C;A;0.0339806005358696;140
100..300;8;38441129;T;C;0.034682098776102;130
100..300;8;40013616;T;C;0.0254236999899148;150
100..300;8;40015534;A;G;0.0324073992669582;145
100..300;8;41661785;A;G;0.0397727005183696;120
100..300;8;41668396;T;C;0.0527703985571861;250
100..300;8;41690230;A;G;0.0202702991664409;190
100..300;8;42316862;A;G;0.0189702007919549;230
100..300;8;42401781;G;A;0.0285714007914066;100
100..300;8;54626835;T;A;0.0552764013409614;130
100..300;8;54629980;A;G;0.0449437983334064;120
100..300;8;55450876;T;C;0.0327102988958358;155
100..300;8;60938530;T;C;0.02006690017879;215
100..300;8;60938907;C;T;0.0276679992675781;165
100..300;8;61576775;T;C;0.0404039993882179;125
100..300;8;65378067;C;T;0.0222929995507001;215
100..300;8;65779776;T;C;0.0310881007462739;125
100..300;8;67422547;A;G;0.0227272994816303;180
100..300;8;69832577;A;G;0.0191256999969482;250
100..300;8;72069083;A;G;0.0376811996102333;220
100..300;8;72071806;G;C;0.050000000745058;120
100..300;8;72075403;A;G;0.0201341994106769;195
100..300;8;72937968;A;G;0.0335570015013217;195
100..300;8;73422712;A;AAAAC;0.0434782989323139;105
100..300;8;79571320;C;T;0.0348258987069129;135
100..300;8;80064579;A;C;0.0304569005966186;125
100..300;8;81444877;C;T;0.0303029995411634;130
100..300;8;86048614;C;T;0.026315800845623;190
100..300;8;86575970;C;T;0.0385852009057998;215
100..300;8;86576020;C;T;0.0364963002502918;195
100..300;8;86659053;G;C;0.0362902991473674;160
100..300;8;94668001;T;C;0.0436507984995842;170
100..300;8;97691089;G;A;0.0198676008731126;195
100..300;8;97865331;A;T;0.0210084002465009;160
100..300;8;97865337;A;T;0.0204082001000642;170
100..300;8;97931317;G;A;0.0341615006327629;225
100..300;8;98102916;G;A;0.0465116016566753;110
100..300;8;98883712;A;G;0.0225563999265432;255
100..300;8;99832530;C;T;0.0264705996960401;210
100..300;8;100140796;A;G;0.0557769015431404;170
100..300;8;100240956;A;G;0.0930233001708984;115
100..300;8;101689366;A;G;0.0294118002057075;285
100..300;8;101872131;C;T;0.0418604984879493;150
100..300;8;105802428;C;G;0.0319149009883403;205
100..300;8;106770107;A;G;0.0385757014155387;230
100..300;8;106770167;A;G;0.033195000141859;170
100..300;8;109436406;G;A;0.0374331995844841;120
100..300;8;109444782;G;A;0.0517928004264831;165
100..300;8;109448259;T;G;0.040345799177885;225
100..300;8;109452831;C;G;0.0299999993294477;135
100..300;8;109464764;G;A;0.0625;175
100..300;8;109464837;T;C;0.0338983014225959;165
100..300;8;109479611;G;C;0.0299401003867387;110
100..300;8;112265476;A;T;0.0267379991710186;115
100..300;8;116771675;C;A;0.032727301120758;185
100..300;8;116771736;T;C;0.0288808997720479;180
100..300;8;119557637;G;T;0.027149299159646;140
100..300;8;123126651;A;G;0.0233462993055582;175
100..300;8;123128394;C;T;0.0283688008785247;180
100..300;8;124023548;C;G;0.0250895991921424;185
100..300;8;124049654;A;G;0.0619468986988067;220
100..300;8;124451009;C;T;0.0269230995327234;170
100..300;8;124486306;T;C;0.0380951985716819;145
100..300;8;124487122;A;G;0.0398229993879795;155
100..300;8;124567749;T;C;0.023972600698471;205
100..300;8;125433302;A;C;0.0514018982648849;145
100..300;8;127735707;T;G;0.0444444008171558;180
100..300;8;131970577;G;A;0.0424528010189533;145
100..300;8;132095758;G;A;0.054298598319292;140
100..300;8;133220781;A;G;0.0524934008717536;260
100..300;8;133464770;C;G;0.0494505986571311;115
100..300;8;133475764;A;G;0.0240000002086162;165
100..300;8;134509727;A;G;0.0217390991747379;150
100..300;8;138594184;T;A;0.0320512987673282;105
100..300;8;138630731;C;T;0.0750987976789474;170
100..300;8;138679683;A;G;0.0219298005104064;145
100..300;8;139618747;G;A;0.040650401264429;240
100..300;8;140523729;T;C;0.0355556011199951;145
100..300;8;140879490;A;G;0.0421940982341766;150
100..300;8;141136609;C;T;0.0637118965387344;240
100..300;8;141160785;T;C;0.0757576003670692;130
100..300;8;141166408;C;T;0.0873361974954605;160
100..300;8;141447939;T;C;0.0203252006322145;160
100..300;8;142587893;G;A;0.0233462993055582;160
100..300;8;142682072;C;T;0.0199999995529651;235
100..300;8;142682129;A;C;0.0226415004581213;170
100..300;8;142874500;G;C;0.0337661989033222;260
100..300;8;143249912;C;T;0.0238908007740974;200
100..300;8;143606976;T;C;0.0245901998132467;235
100..300;8;143719133;A;G;0.0357142984867095;230
100..300;8;143719423;A;C;0.0341463014483451;260
100..300;8;143722129;C;T;0.0209973994642496;255
100..300;8;143729108;A;G;0.0186046995222568;290
100..300;8;143743120;C;T;0.0201613008975982;180
100..300;8;143744352;G;A;0.0398551002144813;185
100..300;8;144099354;G;C;0.0183908008038997;285
100..300;8;144318103;T;G;0.0181159004569053;185
100..300;8;144318358;A;G;0.0505050010979175;140
100..300;8;144354636;A;G;0.0291262008249759;125
100..300;8;144379425;A;C;0.0402930006384849;175
100..300;8;144396341;A;G;0.0269057992845773;145
100..300;8;144414342;C;T;0.0444444008171558;260
100..300;8;144415027;A;G;0.0246153995394706;225
100..300;8;144547957;T;TCTG;0.0316205993294715;175
100..300;8;144804257;T;C;0.058823499828577;105
100..300;9;370244;G;A;0.0274914000183343;185
100..300;9;377111;C;G;0.03913040086627;150
100..300;9;390512;T;C;0.0533333010971546;140
100..300;9;740901;T;C;0.0294118002057075;190
100..300;9;1056398;G;C;0.0267062000930309;235
100..300;9;1056959;C;G;0.0218182001262903;195
100..300;9;2029199;A;G;0.0372340008616447;125
100..300;9;2096774;A;G;0.0308641996234655;105
100..300;9;2876417;G;C;0.0256409998983144;165
100..300;9;4576680;C;T;0.0338027998805046;230
100..300;9;4576774;A;G;0.0271738991141319;135
100..300;9;4663252;C;A;0.03913040086627;165
100..300;9;5921881;A;G;0.0415224991738796;200
100..300;9;6012734;C;A;0.0577777996659278;160
100..300;9;6986464;C;G;0.026315800845623;160
100..300;9;7103816;T;C;0.057432398200035;185
100..300;9;14116328;G;C;0.0405405014753341;140
100..300;9;14722479;C;G;0.0386904999613761;225
100..300;9;14722618;A;G;0.0236967001110315;150
100..300;9;14747414;G;A;0.0355030000209808;110
100..300;9;14770660;T;G;0.0208333004266023;160
100..300;9;14775861;A;G;0.0462184995412826;165
100..300;9;14776142;T;C;0.0316091999411582;230
100..300;9;14801689;C;T;0.0288066007196903;160
100..300;9;14816831;C;G;0.0553359985351562;150
100..300;9;14859298;A;G;0.034722201526165;190
100..300;9;14859358;C;T;0.0549019984900951;170
100..300;9;15055132;T;G;0.0239043999463319;175
100..300;9;15055609;A;G;0.0532543994486331;235
100..300;9;15055923;G;C;0.0344827994704246;215
100..300;9;15185322;A;G;0.0273224003612995;115
100..300;9;18775812;A;C;0.0485714003443717;230
100..300;9;18777198;C;A;0.0495355986058712;230
100..300;9;18777370;C;T;0.0434782989323139;175
100..300;9;18777424;A;G;0.0381355993449687;165
100..300;9;18995152;A;C;0.0344827994704246;140
100..300;9;20776744;C;A;0.0464134998619556;150
100..300;9;20944630;A;G;0.0352941006422042;105
100..300;9;21077717;A;G;0.0887850001454353;150
100..300;9;21481557;G;T;0.0419846996665;185
100..300;9;21816759;A;G;0.0372092984616756;140
100..300;9;24545515;A;G;0.0433437004685401;205
100..300;9;25677700;C;A;0.0282258000224828;160
100..300;9;26978172;G;A;0.0390244014561176;125
100..300;9;26978261;G;A;0.0722891986370086;100
100..300;9;27205023;A;G;0.0370370000600814;140
100..300;9;32459452;G;T;0.0224214997142553;140
100..300;9;32480253;T;A;0.0270269997417926;170
100..300;9;32551711;G;A;0.0240550003945827;200
100..300;9;33469193;T;C;0.0293160006403923;210
100..300;9;33568689;A;T;0.0450000017881393;135
100..300;9;33613837;G;A;0.0333333015441894;175
100..300;9;33618360;G;A;0.0397727005183696;225
100..300;9;33618462;T;A;0.0277778003364801;185
100..300;9;33618499;A;G;0.0295566990971565;130
100..300;9;33676096;G;C;0.0451976992189884;240
100..300;9;34107506;T;C;0.0243902001529932;155
100..300;9;34723747;A;C;0.0463320016860961;190
100..300;9;35107768;A;C;0.0474137999117374;165
100..300;9;35555461;A;G;0.0163042992353439;270
100..300;9;35618526;A;G;0.0404857993125915;160
100..300;9;35749848;C;G;0.027522899210453;225
100..300;9;35910791;A;T;0.0483091995120048;280
100..300;9;36002939;G;C;0.0298507008701562;170
100..300;9;36013202;A;G;0.0874999985098838;105
100..300;9;36021855;G;A;0.0797545984387397;100
100..300;9;37489381;T;C;0.0279070008546113;135
100..300;9;37637220;T;A;0.0381232015788555;235
100..300;9;37948727;C;T;0.0310078002512455;175
100..300;9;68934931;A;G;0.0215517003089189;145
100..300;9;69151677;A;C;0.0389610007405281;100
100..300;9;71745180;T;C;0.0243056006729602;200
100..300;9;71745293;C;G;0.0295081995427608;210
100..300;9;72432145;G;C;0.0301204994320869;100
100..300;9;72541141;T;C;0.0386100001633167;165
100..300;9;73475764;G;T;0.0314684994518756;200
100..300;9;74800368;C;A;0.0647481977939605;180
100..300;9;74802056;T;C;0.0336390994489192;215
100..300;9;74821725;A;G;0.0793650969862937;120
100..300;9;74827700;T;C;0.0641710981726646;130
100..300;9;75137594;T;C;0.0380228012800216;160
100..300;9;75891229;A;G;0.0213523004204034;170
100..300;9;75891271;C;T;0.0271902997046709;205
100..300;9;76354143;A;C;0.035326100885868;235
100..300;9;76358515;A;G;0.0322581008076667;130
100..300;9;76692003;A;G;0.0285714007914066;100
100..300;9;76704005;G;A;0.0664452016353607;210
100..300;9;76706955;T;C;0.0248227007687091;205
100..300;9;76707152;T;G;0.0456274002790451;185
100..300;9;76709219;ATGACTGTTGCAG;A;0.0729482993483543;250
100..300;9;76709263;A;G;0.0591549016535282;245
100..300;9;76709825;C;T;0.0359476990997791;205
100..300;9;76710642;C;G;0.0376176014542579;215
100..300;9;77339629;C;T;0.0645160973072052;125
100..300;9;77369316;C;T;0.0810810998082161;115
100..300;9;78178337;A;G;0.0321542993187904;205
100..300;9;78178340;A;C;0.022435899823904;205
100..300;9;78179338;C;G;0.0507812015712261;175
100..300;9;81585614;C;T;0.0248619001358747;240
100..300;9;81917782;G;T;0.0369318015873432;250
100..300;9;81994247;C;G;0.0250783991068601;225
100..300;9;84676160;C;T;0.0476190000772476;120
100..300;9;84677413;T;C;0.0405405014753341;110
100..300;9;84678866;A;T;0.0240384992212057;140
100..300;9;84680237;A;G;0.0471203997731208;125
100..300;9;84682446;A;G;0.0308641996234655;105
100..300;9;84688251;C;G;0.0331492014229297;120
100..300;9;84688441;G;C;0.0353535003960132;130
100..300;9;84689350;T;A;0.0412371009588241;135
100..300;9;85167296;C;T;0.0635837987065315;115
100..300;9;86079264;T;G;0.0337079018354415;115
100..300;9;87084278;G;C;0.0364963002502918;180
100..300;9;87084875;C;G;0.0209205001592636;175
100..300;9;87728590;A;G;0.0220263991504907;160
100..300;9;87885490;C;A;0.0514905005693435;255
100..300;9;87886533;A;C;0.0382352992892265;245
100..300;9;87887543;A;T;0.0714285969734191;225
100..300;9;87887904;C;T;0.0560748018324375;220
100..300;9;87888092;G;A;0.0623441003262996;270
100..300;9;87888536;A;G;0.0297030005604028;275
100..300;9;88325143;A;G;0.030188700184226;180
100..300;9;89038062;A;G;0.0157067999243736;250
100..300;9;89339933;G;C;0.0386740006506443;115
100..300;9;89388764;T;C;0.033994298428297;230
100..300;9;89450455;C;T;0.0252365991473197;225
100..300;9;92522700;G;T;0.0397111997008323;175
100..300;9;92613166;A;G;0.0421686992049217;110
100..300;9;92658701;G;A;0.0515872985124588;160
100..300;9;92837543;A;G;0.0163550991564989;290
100..300;9;92837566;T;C;0.0172840002924203;280
100..300;9;94293045;A;G;0.0372493006289005;230
100..300;9;94459181;A;G;0.0210526008158922;185
100..300;9;94931697;G;C;0.0370370000600814;135
100..300;9;97428498;G;A;0.0478723011910915;125
100..300;9;97432124;C;T;0.0698689967393875;145
100..300;9;97625837;T;G;0.0886076018214225;105
100..300;9;97922437;C;A;0.0364237986505031;200
100..300;9;97922475;G;A;0.0387097001075744;200
100..300;9;98092483;G;C;0.0502091981470584;165
100..300;9;98293840;C;T;0.0296295993030071;185
100..300;9;98306298;A;G;0.034375000745058;220
100..300;9;98496521;A;G;0.0394737012684345;145
100..300;9;98578034;C;T;0.0668693035840988;215
100..300;9;99015983;T;G;0.0314286015927791;225
100..300;9;99035048;T;C;0.0305809993296861;210
100..300;9;99222654;G;C;0.0381355993449687;160
100..300;9;99306630;T;C;0.051282100379467;115
100..300;9;99833403;T;C;0.0717488974332809;140
100..300;9;100292669;C;T;0.0172413997352123;230
100..300;9;100585926;T;A;0.0327868983149528;205
100..300;9;101371346;T;C;0.0293039996176958;185
100..300;9;101476448;A;T;0.0204082001000642;200
100..300;9;101623429;T;C;0.0370370000600814;105
100..300;9;101686816;T;C;0.0371747016906738;180
100..300;9;104858586;T;C;0.027522899210453;215
100..300;9;104861748;T;C;0.0303029995411634;210
100..300;9;106925122;G;A;0.0330033004283905;210
100..300;9;106927471;T;C;0.0279329996556043;245
100..300;9;106929395;G;A;0.0189702007919549;255
100..300;9;107010864;T;A;0.0266159996390342;175
100..300;9;108123199;T;C;0.0524016991257667;145
100..300;9;108863349;G;C;0.0289473999291658;245
100..300;9;109194319;A;G;0.0381861999630928;280
100..300;9;110404417;A;T;0.0315456986427307;200
100..300;9;110407350;C;T;0.0486111007630825;195
100..300;9;110407351;A;G;0.0472972989082336;200
100..300;9;110434453;C;A;0.0557769015431404;155
100..300;9;110445970;G;T;0.0324073992669582;145
100..300;9;110875574;A;G;0.0228570997714996;240
100..300;9;111328121;A;G;0.0195531006902456;245
100..300;9;111597344;A;C;0.0420712009072303;200
100..300;9;111609213;T;C;0.0247677993029356;225
100..300;9;111609310;A;G;0.0169971995055675;245
100..300;9;111692264;C;T;0.0674156993627548;115
100..300;9;112041893;A;G;0.0323886983096599;160
100..300;9;112150337;C;A;0.0223047994077205;165
100..300;9;112998281;T;C;0.0256409998983144;135
100..300;9;113360674;G;A;0.0677966028451919;190
100..300;9;113373918;T;C;0.0179210994392633;205
100..300;9;114008496;T;C;0.0561797991394996;180
100..300;9;114008505;A;G;0.0679244995117187;175
100..300;9;114240237;T;C;0.0447761006653308;175
100..300;9;114403926;T;G;0.033057801425457;250
100..300;9;114424432;T;C;0.0694788992404937;275
100..300;9;115035318;C;T;0.0304569005966186;130
100..300;9;115042265;C;T;0.0254236999899148;150
100..300;9;116344602;A;C;0.051282100379467;170
100..300;9;120798555;T;C;0.0335195995867252;120
100..300;9;120799578;A;C;0.0199335999786853;205
100..300;9;121006922;T;C;0.0352941006422042;110
100..300;9;121017727;A;G;0.0394737012684345;150
100..300;9;121123999;G;A;0.0439560003578662;175
100..300;9;121989111;A;G;0.0281690005213022;100
100..300;9;122381513;A;C;0.02006690017879;205
100..300;9;122628848;T;C;0.0391704998910427;295
100..300;9;122629398;C;T;0.0551377981901168;290
100..300;9;123035214;T;C;0.0366666987538337;195
100..300;9;123372263;A;G;0.0398229993879795;285
100..300;9;124021154;C;G;0.0432098992168903;210
100..300;9;124212525;G;C;0.0259739998728036;100
100..300;9;124467839;T;C;0.0762711986899375;150
100..300;9;124468612;A;G;0.0268456004559993;190
100..300;9;124469495;G;C;0.0509553998708725;210
100..300;9;124493169;A;G;0.0590909011662006;140
100..300;9;124995031;T;C;0.0218340996652841;145
100..300;9;125150878;T;C;0.0801687985658645;180
100..300;9;125207551;T;C;0.0463918000459671;135
100..300;9;125213375;T;C;0.0584794990718364;110
100..300;9;126662440;G;A;0.0416667014360427;155
100..300;9;126707260;C;G;0.0377358011901378;100
100..300;9;126989960;T;C;0.0334927998483181;135
100..300;9;127174741;A;G;0.0438246987760067;155
100..300;9;127712732;C;T;0.0240000002086162;255
100..300;9;127713163;C;A;0.0404412001371383;180
100..300;9;127723339;A;G;0.0652173981070518;155
100..300;9;127724105;T;C;0.0380434989929199;125
100..300;9;127727279;G;A;0.0410095006227493;210
100..300;9;127731234;G;A;0.0642857030034065;205
100..300;9;127733354;G;C;0.0335916988551616;270
100..300;9;127824409;A;G;0.0229508001357316;205
100..300;9;127843106;T;C;0.0452830009162426;170
100..300;9;128222476;T;C;0.0531561002135276;200
100..300;9;128713304;C;G;0.0251572001725435;220
100..300;9;128753268;T;G;0.052631601691246;225
100..300;9;129059206;A;G;0.026315800845623;195
100..300;9;129084678;C;T;0.0599368996918201;200
100..300;9;129829230;G;A;0.0218978002667427;180
100..300;9;129834742;T;C;0.0290908999741077;175
100..300;9;129834783;C;A;0.0355329997837543;125
100..300;9;129875433;A;G;0.0222772005945444;270
100..300;9;130338307;C;T;0.0394431985914707;295
100..300;9;130338375;G;A;0.0159453004598617;285
100..300;9;130360514;A;C;0.058823499828577;135
100..300;9;130360540;T;C;0.060869600623846;140
100..300;9;130369761;T;C;0.027522899210453;210
100..300;9;130430524;A;G;0.0274914000183343;200
100..300;9;130885614;G;A;0.0236967001110315;140
100..300;9;130893782;A;G;0.0310344994068145;195
100..300;9;130911838;G;A;0.02191779948771;240
100..300;9;131038934;T;C;0.0293255001306533;220
100..300;9;131289981;C;G;0.0308641996234655;115
100..300;9;131482721;G;A;0.0351562015712261;190
100..300;9;132398131;T;C;0.0306748002767562;115
100..300;9;132401620;T;C;0.0291971005499362;195
100..300;9;132679179;A;G;0.0379309989511966;195
100..300;9;133475078;G;T;0.0542372986674308;195
100..300;9;133734024;T;C;0.0359281003475189;220
100..300;9;134026248;T;G;0.0560000017285347;175
100..300;9;134028745;A;C;0.0342205017805099;165
100..300;9;134909468;G;A;0.0453515015542507;295
100..300;9;134909570;C;T;0.0454544983804225;275
100..300;9;134909954;C;T;0.0366972014307975;210
100..300;9;134912514;G;A;0.0442176982760429;185
100..300;9;135547960;T;C;0.0492423996329307;170
100..300;9;135547963;C;T;0.0553359985351562;165
100..300;9;135549839;GC;G;0.0432431995868682;150
100..300;9;135624083;T;G;0.03913040086627;150
100..300;9;135765207;G;T;0.050000000745058;165
100..300;9;135792138;G;A;0.0326086990535259;110
100..300;9;135811630;C;G;0.0379747003316879;110
100..300;9;135850231;G;C;0.0374331995844841;130
100..300;9;136011699;A;G;0.0303029995411634;115
100..300;9;136291438;T;C;0.0422535017132759;240
100..300;9;136505847;A;C;0.0198676008731126;205
100..300;9;136513480;G;A;0.0235690008848905;195
100..300;9;136723174;A;G;0.0229885000735521;240
100..300;9;136763898;T;C;0.0371428988873958;235
100..300;9;136946144;A;G;0.0428570993244648;140
100..300;9;136984718;A;G;0.0188679005950689;230
100..300;9;137020441;T;C;0.0273224003612995;240
100..300;9;137156786;G;A;0.0229358002543449;150
100..300;9;137156924;A;G;0.0360656008124351;200
100..300;9;137188094;T;G;0.0188171993941068;250
100..300;9;137252821;T;C;0.0200893003493547;290
100..300;9;137426340;C;G;0.025000000372529;135
100..300;9;137463396;C;G;0.0430621989071369;145
100..300;9;137614623;C;A;0.0236967001110315;150
100..300;9;138120899;G;A;0.0227272994816303;210
≥300;1;2512975;A;G;0.0276008006185293;300
≥300;1;2562891;A;G;0.0303029995411634;320
≥300;1;3022005;T;C;0.0204082001000642;310
≥300;1;3022133;G;T;0.0367347002029418;335
≥300;1;6149303;C;T;0.0453607998788356;315
≥300;1;11838802;A;G;0.0233644992113113;300
≥300;1;13416600;T;C;0.0195122007280588;.
≥300;1;15807492;C;T;0.0336633995175361;325
≥300;1;15807577;T;C;0.0266075003892183;300
≥300;1;18700745;G;A;0.0191939007490873;345
≥300;1;22600748;A;G;0.0190677996724843;305
≥300;1;24066110;A;G;0.0221328008919954;330
≥300;1;45331833;G;C;0.0307017993181943;310
≥300;1;54225281;C;T;0.0226243995130062;305
≥300;1;152664367;T;A;0.0163598991930484;330
≥300;1;156908739;C;T;0.0163934007287025;310
≥300;1;161506414;T;C;0.0251572001725435;305
≥300;1;161506415;G;A;0.025586400181055;305
≥300;1;175123571;T;C;0.0334029011428356;325
≥300;1;204997300;G;C;0.0408997982740402;320
≥300;1;220884304;T;C;0.0207468997687101;325
≥300;1;220884320;A;G;0.0168066993355751;325
≥300;1;223864490;C;G;0.0553097017109394;315
≥300;1;228224526;C;T;0.0249042008072137;.
≥300;1;228224527;A;G;0.0206378996372222;.
≥300;1;228224607;A;G;0.0203761998564004;.
≥300;1;228264315;C;G;0.0200334005057811;.
≥300;1;245685698;T;C;0.033195000141859;340
≥300;1;245686142;T;C;0.0205128006637096;.
≥300;1;245687204;C;G;0.0412371009588241;.
≥300;1;245687211;G;C;0.0468432009220123;.
≥300;10;5525403;A;G;0.0242826007306575;300
≥300;10;27246671;C;T;0.0271966997534036;335
≥300;10;27250160;T;C;0.0180831998586654;.
≥300;10;27251532;T;C;0.0303029995411634;.
≥300;10;44293378;T;C;0.0449679009616375;300
≥300;10;44971756;C;T;0.0278884004801511;325
≥300;10;128108716;T;C;0.0264317002147436;305
≥300;10;130107832;T;C;0.0164947994053363;340
≥300;11;1176567;T;C;0.0292275995016098;300
≥300;11;1241677;C;T;0.0309050995856523;305
≥300;11;1241791;T;G;0.0246913991868495;320
≥300;11;1242546;T;C;0.0327613018453121;.
≥300;11;3413899;G;A;0.0424241982400417;320
≥300;11;3413910;A;G;0.041338600218296;325
≥300;11;3414981;A;G;0.0159680992364883;330
≥300;11;3415235;T;A;0.0165289007127285;305
≥300;11;18137908;C;T;0.0203326996415853;.
≥300;11;56276128;G;A;0.0291479993611574;300
≥300;11;61962564;A;G;0.0381166003644466;315
≥300;11;65641466;T;C;0.0156862996518611;330
≥300;11;68262705;A;C;0.0364026017487049;315
≥300;11;69296261;C;G;0.0303687993437051;310
≥300;11;69303648;T;C;0.0319828987121582;315
≥300;11;75587752;G;A;0.0210324991494417;.
≥300;11;113412755;G;A;0.0246045999228954;.
≥300;12;52434002;T;C;0.018691599369049;.
≥300;12;52795912;G;C;0.0163598991930484;345
≥300;12;122133746;T;C;0.0262097008526325;335
≥300;12;124948072;A;G;0.0163265001028776;330
≥300;12;132062617;A;G;0.0323528982698917;.
≥300;12;132606232;A;G;0.03887689858675;310
≥300;13;19177554;G;A;0.0205761007964611;325
≥300;13;75240208;A;C;0.0543260015547275;335
≥300;14;92652323;T;C;0.0308285001665353;.
≥300;14;94290113;A;T;0.0183908008038997;305
≥300;14;94290413;C;T;0.0206186007708311;335
≥300;14;94290457;C;T;0.0529531985521316;335
≥300;14;94382814;A;G;0.0184425991028547;.
≥300;14;100734308;C;T;0.01677150093019;320
≥300;14;104714369;G;A;0.0491452999413013;325
≥300;15;43525854;A;G;0.0347071997821331;340
≥300;15;43525881;A;G;0.0254236999899148;335
≥300;15;43989823;A;G;0.0321100987493991;305
≥300;16;1980126;A;G;0.0264900997281074;300
≥300;16;56626904;A;G;0.0297398008406162;.
≥300;16;56626929;T;C;0.035087700933218;.
≥300;16;89282969;C;G;0.0268456004559993;315
≥300;17;5034056;T;G;0.0256409998983144;310
≥300;17;9821962;T;C;0.0307017993181943;300
≥300;17;28534859;T;C;0.0437499992549419;335
≥300;17;36537477;G;A;0.0264765992760658;340
≥300;17;36602169;C;G;0.0245398990809917;340
≥300;17;38330121;C;T;0.0372340008616447;.
≥300;17;38330919;A;G;0.0323974005877971;325
≥300;17;40966761;A;G;0.0197368003427982;305
≥300;17;40978955;G;A;0.0338983014225959;320
≥300;17;40984020;G;A;0.0273109003901481;325
≥300;17;40999815;G;A;0.0304761994630098;.
≥300;17;40999832;C;T;0.0326796993613243;310
≥300;17;41424307;A;T;0.032846700400114;.
≥300;17;41424310;C;T;0.0274222996085882;.
≥300;17;41424408;C;T;0.0224299002438783;.
≥300;17;41487088;G;T;0.0282575003802776;.
≥300;17;46032108;A;G;0.0467836000025272;335
≥300;17;50166023;A;G;0.0177935995161533;.
≥300;17;76688370;A;G;0.0229885000735521;305
≥300;17;81547352;T;C;0.0147059001028537;320
≥300;17;81665333;T;C;0.0214133001863956;300
≥300;17;82056985;G;T;0.0189872998744249;305
≥300;17;82830589;C;T;0.0669455975294113;330
≥300;17;82830616;G;A;0.0671937018632888;345
≥300;18;22415790;C;T;0.0687204003334045;300
≥300;18;57436280;T;C;0.0217390991747379;.
≥300;18;62442327;T;C;0.066210001707077;305
≥300;18;78994444;T;C;0.0221565999090671;.
≥300;18;78994549;C;T;0.0176848992705345;.
≥300;19;3831711;T;C;0.0189075991511344;310
≥300;19;6415165;T;C;0.0363247990608215;325
≥300;19;11614598;A;G;0.0141093004494905;.
≥300;19;13286746;T;C;0.0226086992770433;.
≥300;19;14054466;A;G;0.0382022000849247;310
≥300;19;15087213;T;A;0.017977500334382;300
≥300;19;17656091;T;C;0.0228310991078615;300
≥300;19;34958169;A;G;0.0334821008145809;305
≥300;19;38082254;T;C;0.0158013999462127;300
≥300;19;38466199;T;C;0.0209790002554655;300
≥300;19;41709825;C;T;0.0194931998848915;.
≥300;19;41709853;G;A;0.0218253992497921;345
≥300;19;41709863;C;T;0.0223577003926038;340
≥300;19;42935542;A;G;0.0378485992550849;.
≥300;19;43195184;C;T;0.0415799990296363;315
≥300;19;43614036;C;A;0.0297871995717287;335
≥300;19;48874167;A;G;0.0296803992241621;300
≥300;19;48874179;C;G;0.0301623996347188;300
≥300;19;51498142;A;G;0.0155339995399117;330
≥300;19;52841923;T;C;0.020737299695611;300
≥300;19;53351144;C;G;0.0242826007306575;305
≥300;19;53490807;G;A;0.0385488010942935;325
≥300;19;54041932;T;C;0.019650699570775;325
≥300;19;54042277;C;T;0.0314606986939907;305
≥300;19;54108253;G;C;0.0242826007306575;320
≥300;19;54174203;A;G;0.03125;.
≥300;19;54279838;T;C;0.0349039994180202;.
≥300;19;54338192;T;C;0.0420712009072303;.
≥300;19;54338210;G;T;0.0467128008604049;.
≥300;19;54663046;C;T;0.0255906004458665;320
≥300;19;54666711;G;A;0.03505539894104;.
≥300;19;54885488;A;G;0.0381818003952503;.
≥300;19;54939094;A;C;0.0215716008096933;.
≥300;19;55056716;T;C;0.0187110006809234;325
≥300;19;55056717;T;G;0.0165289007127285;325
≥300;19;55202167;A;G;0.0606060996651649;300
≥300;19;55203941;T;C;0.0295982994139194;300
≥300;19;55203951;G;C;0.0341150984168052;305
≥300;19;55228445;A;G;0.0301075000315904;310
≥300;19;55541034;T;G;0.0259179007261991;320
≥300;19;56027610;C;G;0.0318471007049083;320
≥300;2;73700951;A;C;0.0297871995717287;325
≥300;2;94871823;T;C;0.0225734002888202;305
≥300;2;131626766;T;C;0.0321361012756824;.
≥300;2;131626808;A;G;0.0351851992309093;.
≥300;2;131627015;G;C;0.0195439998060464;.
≥300;2;167713948;C;T;0.0562499985098838;340
≥300;2;176100176;A;G;0.0338983014225959;305
≥300;2;218135587;T;C;0.0295359008014202;320
≥300;2;241851121;G;A;0.0267856996506452;305
≥300;20;298541;T;C;0.0270879995077848;310
≥300;20;1635491;A;G;0.0339622981846332;.
≥300;20;1915413;A;G;0.0279440991580486;330
≥300;20;1915414;C;T;0.0285714007914066;330
≥300;20;31845336;A;G;0.0337477996945381;.
≥300;20;38217336;T;C;0.0321931988000869;325
≥300;20;49905793;A;G;0.0198676008731126;305
≥300;20;49906048;A;G;0.0247933994978666;325
≥300;20;57652458;C;T;0.0193547997623682;310
≥300;20;61936802;T;C;0.0165138002485036;345
≥300;20;63203343;A;G;0.0288660004734992;330
≥300;21;41942186;T;C;0.0446809008717536;300
≥300;21;44550929;A;G;0.0583756007254123;.
≥300;21;44601579;A;G;0.0282486006617546;.
≥300;21;44601692;A;G;0.0333333015441894;.
≥300;21;46314928;G;A;0.0264317002147436;325
≥300;21;46314930;A;G;0.0267856996506452;320
≥300;22;17209519;A;G;0.0434782989323139;305
≥300;22;17818927;C;T;0.0158730000257492;310
≥300;22;24874488;C;G;0.0277136005461215;305
≥300;22;37375118;A;G;0.0208333004266023;300
≥300;3;38550915;G;A;0.034722201526165;305
≥300;3;39186173;A;G;0.0383795015513896;310
≥300;3;47410628;A;G;0.0373626016080379;305
≥300;3;48695047;C;T;0.070135697722435;300
≥300;3;125924996;C;T;0.0254776999354362;305
≥300;3;125924997;C;G;0.025052199140191;310
≥300;3;127022265;A;G;0.0163265001028776;325
≥300;4;2829656;G;T;0.050000000745058;300
≥300;4;8240772;A;G;0.0180994998663663;300
≥300;4;52744105;T;C;0.0219298005104064;315
≥300;4;153658827;A;G;0.0340908989310264;300
≥300;4;153659136;G;A;0.0254236999899148;315
≥300;5;1036785;T;C;0.0556701011955738;325
≥300;5;1036847;A;C;0.0212418008595705;.
≥300;5;1443084;A;G;0.0278884004801511;.
≥300;5;1466804;A;G;0.0171306002885103;300
≥300;5;17605218;T;C;0.0278232004493474;.
≥300;5;17605332;T;C;0.0215982999652624;310
≥300;5;77785395;A;C;0.0200445000082254;315
≥300;5;77785416;G;T;0.0166270993649959;305
≥300;5;77785855;T;C;0.0238095000386238;345
≥300;5;140787878;T;C;0.0514468997716903;.
≥300;5;140788485;G;A;0.0401854999363422;.
≥300;5;140788566;T;G;0.0520134009420871;.
≥300;5;140795037;A;G;0.0209523998200893;.
≥300;5;140795280;C;G;0.0445545017719268;.
≥300;5;140802516;T;G;0.0465465001761913;.
≥300;5;140803473;A;G;0.0555556006729602;.
≥300;5;140807517;G;A;0.0269840992987155;.
≥300;5;140807737;T;C;0.0373443998396396;330
≥300;5;140808798;G;T;0.0416667014360427;.
≥300;5;140808816;G;A;0.0454544983804225;.
≥300;5;140823847;T;C;0.0697674006223678;.
≥300;5;140829882;G;T;0.0399999991059303;.
≥300;5;140836141;G;C;0.0227272994816303;.
≥300;5;140843056;G;A;0.0329288989305496;.
≥300;5;141175025;C;T;0.0163934007287025;.
≥300;5;141201937;T;G;0.0470084995031356;.
≥300;5;141330894;C;T;0.0297030005604028;335
≥300;6;26199675;T;C;0.0271738991141319;.
≥300;6;26370429;G;A;0.0223577003926038;325
≥300;6;26370431;T;C;0.0220440998673439;325
≥300;6;26370479;C;T;0.0417536981403827;315
≥300;6;26468432;A;G;0.0222672000527381;320
≥300;6;26597105;G;A;0.0218688007444143;330
≥300;6;27865396;G;A;0.0207468997687101;335
≥300;6;27871968;C;T;0.0162933003157377;330
≥300;6;28923399;C;T;0.0181818008422851;325
≥300;6;29101239;A;G;0.0542299002408981;315
≥300;6;29101487;C;T;0.0348360985517501;320
≥300;6;29101522;T;C;0.0375000014901161;320
≥300;6;29556180;G;A;0.0218688007444143;340
≥300;6;29723526;A;G;0.036124799400568;.
≥300;6;29745652;T;C;0.0217390991747379;.
≥300;6;29745688;C;T;0.047801099717617;330
≥300;6;29792334;C;G;0.0180994998663663;305
≥300;6;29792411;A;G;0.0303029995411634;315
≥300;6;29827859;A;G;0.0297030005604028;320
≥300;6;29827880;A;G;0.0349515005946159;330
≥300;6;29828216;A;G;0.0157894995063543;.
≥300;6;29828592;T;A;0.020661199465394;340
≥300;6;29888526;T;C;0.0228013005107641;.
≥300;6;29888662;G;T;0.0405405014753341;.
≥300;6;29888668;T;C;0.0384088009595871;.
≥300;6;29926473;A;T;0.0135922003537416;340
≥300;6;29926612;C;A;0.0224438998848199;310
≥300;6;29926615;T;G;0.0176768004894256;305
≥300;6;29926746;A;G;0.0253622997552156;.
≥300;6;29926790;A;G;0.0210970006883144;315
≥300;6;29927228;T;C;0.0217390991747379;315
≥300;6;29927262;C;A;0.0186219997704029;.
≥300;6;29928224;A;C;0.015527999959886;.
≥300;6;29957504;G;C;0.0255402997136116;340
≥300;6;29972425;A;G;0.0327197983860969;320
≥300;6;30103553;T;C;0.0339367017149925;300
≥300;6;30110498;T;C;0.0223881006240844;.
≥300;6;30110553;T;C;0.031198700889945;.
≥300;6;30112719;A;G;0.0202206000685691;.
≥300;6;30685004;T;C;0.0165975000709295;.
≥300;6;30703873;G;A;0.0196429006755352;.
≥300;6;30889295;C;G;0.0130933001637458;.
≥300;6;30894646;T;C;0.0378485992550849;335
≥300;6;30897427;C;A;0.0219123996794223;325
≥300;6;30951614;A;G;0.03125;.
≥300;6;30952347;A;G;0.0267175994813442;.
≥300;6;30987096;A;G;0.0316369011998176;.
≥300;6;31056453;G;C;0.0179855991154909;.
≥300;6;31056724;T;C;0.0395683012902736;.
≥300;6;31111663;T;C;0.0396270006895065;310
≥300;6;31111867;A;G;0.0246575009077787;.
≥300;6;31112239;G;C;0.0387453995645046;.
≥300;6;31116393;C;A;0.0202019996941089;.
≥300;6;31116862;T;C;0.0310458000749349;.
≥300;6;31144960;A;C;0.0314961001276969;340
≥300;6;31148469;A;G;0.0507098995149135;315
≥300;6;31154705;A;G;0.0255973003804683;.
≥300;6;31154723;A;G;0.0264151003211736;.
≥300;6;31161533;T;C;0.0233918000012636;340
≥300;6;31170330;A;G;0.0245022997260093;.
≥300;6;31410610;C;T;0.0252950992435216;.
≥300;6;31410611;A;G;0.0251256003975868;.
≥300;6;31410648;G;A;0.0285714007914066;.
≥300;6;31410709;C;T;0.0236220005899667;.
≥300;6;31410733;A;G;0.0249584000557661;.
≥300;6;31411996;T;C;0.0197841990739107;.
≥300;6;31412154;A;G;0.0299213007092475;.
≥300;6;31558196;A;G;0.0150068001821637;.
≥300;6;31572916;C;G;0.0304259993135929;320
≥300;6;31630712;G;A;0.0205047000199556;.
≥300;6;31635190;A;G;0.0206378996372222;.
≥300;6;31636814;T;C;0.0349650010466575;.
≥300;6;31664357;A;C;0.0199999995529651;.
≥300;6;31761582;G;A;0.0281996000558137;300
≥300;6;31765689;C;T;0.0145455002784729;.
≥300;6;31972121;T;C;0.0216667000204324;.
≥300;6;32061428;A;G;0.016423400491476;.
≥300;6;32154695;A;C;0.025000000372529;.
≥300;6;32166733;A;G;0.0383795015513896;315
≥300;6;32179919;A;G;0.0228470992296934;.
≥300;6;32180254;G;A;0.0234043002128601;315
≥300;6;32184157;G;A;0.0223124008625745;330
≥300;6;32200994;T;G;0.0172413997352123;.
≥300;6;32202470;T;C;0.0349205993115901;.
≥300;6;32293475;G;T;0.0414937995374202;345
≥300;6;32850459;A;G;0.0270269997417926;.
≥300;6;32850997;C;T;0.0506329014897346;.
≥300;6;32853214;G;A;0.0165912993252277;.
≥300;6;32938809;T;C;0.0255474001169204;.
≥300;6;32938875;A;T;0.0236364006996154;345
≥300;6;33007480;T;C;0.0169204995036125;.
≥300;6;33068728;C;G;0.0291060004383325;315
≥300;6;33069076;C;A;0.0314342007040977;.
≥300;6;33069173;T;C;0.0210526008158922;.
≥300;6;33069194;T;C;0.0163042992353439;.
≥300;6;33069222;C;T;0.0176471006125211;.
≥300;6;33084966;C;T;0.0198238007724285;310
≥300;6;33084991;C;T;0.0197238996624946;345
≥300;6;33085026;A;G;0.0180504992604255;.
≥300;6;33085173;C;T;0.0279232002794742;.
≥300;6;33085181;T;C;0.0268817003816366;.
≥300;6;33085209;C;T;0.0300428997725248;305
≥300;6;33202118;G;C;0.0233100000768899;305
≥300;6;150021096;A;G;0.022172899916768;300
≥300;6;168287601;G;T;0.0238095000386238;.
≥300;7;1936796;T;C;0.0190475992858409;340
≥300;7;5394476;A;G;0.026104399934411;325
≥300;7;19145123;CTCT;C;0.027149299159646;315
≥300;7;23586070;G;A;0.0155641995370388;.
≥300;7;39339726;T;C;0.0352941006422042;.
≥300;7;74056384;A;G;0.0411984995007514;335
≥300;7;127582264;C;T;0.0318181999027729;300
≥300;7;131511158;G;T;0.0215982999652624;310
≥300;8;1565843;A;C;0.0330033004283905;.
≥300;8;1668474;A;G;0.0239410996437072;.
≥300;8;1909382;C;T;0.0141129000112414;315
≥300;8;142542011;A;C;0.0193133000284433;310
≥300;8;143560645;T;C;0.0266667008399963;340
≥300;8;143562235;A;G;0.0238611996173858;305
≥300;8;143792787;A;G;0.0257511008530855;300
≥300;8;143804639;T;C;0.0259179007261991;305
≥300;8;144263216;T;C;0.0265849009156227;320
≥300;9;7799606;A;C;0.033568900078535;.
≥300;9;7799653;T;G;0.0245283003896474;.
≥300;9;37974746;C;T;0.0392156988382339;305
≥300;9;81992843;A;T;0.0509553998708725;325
≥300;9;114403966;G;A;0.0326086990535259;305
≥300;9;122628962;A;G;0.0266075003892183;305
≥300;9;129638201;A;G;0.0265487004071474;300
≥300;9;134041883;A;G;0.023454200476408;310
