coverage;chromosome;position;alt_allele;ref_allele;vaf;Coverage
50..100;14;58638497;A;C;0.0630000010132789;65
100..300;10;33263768;G;A;0.0829999968409538;155
100..300;10;94842866;G;A;0.1270000040531158;205
100..300;11;1598260;A;G;0.0299999993294477;295
100..300;11;1598274;T;G;0.0320000015199184;255
100..300;15;24533864;G;A;0.025000000372529;165
100..300;16;3013464;T;C;0.0230000000447034;295
100..300;16;11927721;A;G;0.0209999997168779;195
100..300;19;18195018;C;T;0.0280000008642673;135
100..300;2;214767532;G;A;0.1969999969005584;140
100..300;2;233682324;G;T;0.1159999966621398;175
100..300;20;2432480;T;C;0.1389999985694885;120
100..300;5;41061614;G;A;0.0970000028610229;180
100..300;6;27146682;A;G;0.0179999992251396;220
100..300;6;32741424;A;G;0.0209999997168779;215
100..300;7;26185342;C;T;0.0289999991655349;130
100..300;7;92469470;T;A;0.0370000004768371;245
100..300;9;101623430;G;A;0.0799999982118606;110
≥300;16;56667339;T;C;0.0189999993890523;.
≥300;16;56670637;T;G;0.0120000001043081;.
≥300;22;21468303;T;C;0.0230000000447034;305
≥300;5;141123496;A;G;0.0109999999403953;.
