coverage;chromosome;position;alt_allele;ref_allele;vaf;Coverage
50..100;12;8359638;A;C;0.0299999993294477;85
50..100;12;8359639;G;A;0.0299999993294477;85
100..300;10;33263768;G;A;0.2269999980926513;135
100..300;10;94842866;G;A;0.2230000048875808;195
100..300;11;58203566;A;T;0.0219999998807907;250
100..300;19;54221873;G;A;0.1659999936819076;160
100..300;2;214767532;G;A;0.2199999988079071;160
100..300;2;233682324;G;T;0.2469999939203262;195
100..300;20;2432480;T;C;0.1860000044107437;125
100..300;22;19331421;A;C;0.0390000008046627;100
100..300;5;41061614;G;A;0.181999996304512;215
100..300;6;27146682;A;G;0.0320000015199184;180
100..300;6;32741424;A;G;0.0570000000298023;215
100..300;9;101623430;G;A;0.2419999986886978;100
100..300;9;127912324;G;C;0.0320000015199184;210
≥300;22;42150811;T;C;0.0149999996647238;310
≥300;22;42150820;T;C;0.0149999996647238;310
